image,Being-away,Coherence,Scope,Fascination,Average,safe,lively,beautiful,wealthy,boring,depressing,seg_road,seg_sidewalk,seg_building,seg_wall,seg_fence,seg_traffic light,seg_traffic sign,seg_vegetation,seg_terrain,seg_sky,seg_person,seg_rider,seg_car,Canny_Edges,Hue_Mean,Saturation_Mean,Lightness_Mean
201601_114.00555478492693_22.63003206862512.png,0.2864083887604602,0.3429057512574132,0.533507035086668,0.4178735234944908,0.395173675,1.424616679,2.163663672,2.033654711,1.479988221,2.523803284,2.043615786,0.388093948,0,0.090213776,0.012171745,0.008511543,0,1.14441E-05,0.212898254,0.011109352,0.235189438,9.35E-05,0,0.040799141,22.3948431,57.56522846,41.79680538,151.9662542
202102_113.9125654_22.754369999999998.png,0.2828652802106691,0.2346990059923238,0.0888035059488537,0.3332866369954885,0.234913607,1.902775094,1.235919574,1.268002534,2.107583288,2.634822018,2.639049452,0.304076195,0.001713753,0.209270477,0.01024437,0.088430405,0,0.00060463,0.052447319,0,0.278067589,0.011341095,0.032052994,0.006199837,24.11174297,69.88647079,40.36667442,159.1760731
201311_113.8327226_22.588928800000005.png,0.4964260122705439,0.2512867977929635,0.0949544704505697,0.0797593510951027,0.230606658,0.729135055,1.831649945,1.267467042,0.527617436,3.160790253,2.760386416,0.097266197,0,0.165742874,0.078306198,0.008568764,0,0,0.38524437,0,0.218954086,0.042948723,0,0,36.17843628,45.88441181,58.97609615,128.9146938
202211_113.85560042621323_22.806993254660956.png,0.5076917911960818,0.5649640134118066,0.1979544693577392,0.4089695555083554,0.419894957,1.739452134,2.418385084,1.874606628,1.229468913,3.704579568,4.032689598,0.358164787,0.00204277,0.014490128,0.008140564,0.100191116,0,0.001057625,0.369105339,0,0.133722305,0.00607872,0.00049305,0.003736496,22.37319946,64.79667759,46.63688183,108.9408655
201311_114.158799_22.6090681.png,0.0914472790451766,0.3483231239271775,0.7233472065266855,0.7747572644378573,0.484468718,0.715584254,1.227031097,0.928751005,1.046192284,3.580224326,2.847927213,0.460786819,0.003733635,0.121170998,0.004303932,0.010446548,0,0.000668526,0.154913902,0.001190186,0.226415634,0.002911568,0.001159668,0.007793427,19.82946396,58.33133507,58.24947357,162.1387634
202211_113.78291956179339_22.7216500714381.png,0.5053529461385853,0.4564468158555777,0.649429976670681,0.3255254119139145,0.484188788,1.168856167,1.852181933,1.66068039,0.684108742,3.962197893,4.178592043,0.314533234,0.005073547,0.006710052,0.002820015,0.072497368,0.000293732,0.001401901,0.268592834,0.035425186,0.23741436,0.000365257,0.022298813,0.023593903,25.25885582,45.29004002,42.87806892,131.6404295
201312_113.9201526_22.757344299999996.png,0.3996682651970905,0.5575754064886227,0.5326953261484294,0.1128979647444847,0.400709241,1.00677536,1.424264677,1.555125318,1.276978783,2.972712433,2.316671264,0.427649498,0,0.036662102,0.001480103,0.02902317,2.19E-05,0.001254082,0.084910393,0.025463104,0.366470337,0.003342628,0,0.021629333,21.2022543,53.02837467,57.36570549,154.9300823
202212_113.9694544_22.528250199999995.png,0.7172805081423018,0.5647383786593169,0.4240289465424486,0.6265603087762642,0.583152036,1.961785588,1.68437568,1.496959423,1.934776581,2.79276029,3.107615613,0.365935326,0.006023407,0.158025742,0,0.06155014,0,0.00217247,0.187520027,0,0.183600426,0.001189232,0,0.028108597,29.11336899,56.53990555,32.70944118,143.2890587
202103_114.0214167_22.529604399999997.png,0.0997886594299729,0.7637149792527929,0.0874016831383232,0.62135781083963,0.393065783,1.968318202,1.337910332,1.172282913,1.964131308,3.567825433,3.909570804,0.332494736,0,0.386006355,1.91E-06,0.094566345,0.000123024,0.001271248,0.108139992,0,0.046095848,0.017114639,0,0.013268471,33.35698128,53.29646111,50.46688557,94.1159935
202212_113.992758_22.535601.png,0.5085785490075856,0.5642461180606669,0.8417927455476936,0.7206853140277929,0.658825682,1.365686046,1.630071717,1.934611881,1.013416151,3.817567196,4.032455984,0.444962502,0.004329681,0.095991135,0.001039505,0.008399963,0.000185966,0.003296852,0.113075256,0.008341789,0.299071312,0.001068115,0,0.010089874,13.83782387,78.02913857,27.46285534,138.7569218
202211_113.8222678_22.6425994.png,0.096944143879756,0.334134674281183,0.5391421102817409,0.4092453404170117,0.344866567,1.170012655,1.073112824,1.426261568,1.125362206,4.008303884,3.974729867,0.350050926,0.005346298,0.100050926,0,0.008584023,0,0.028755188,0.053671837,0,0.399403572,0.013701439,0.001726151,0.036265373,12.90033817,103.3746681,33.61446285,141.2851667
201403_114.291943_22.670415299999995.png,0.1008467668926974,0.3447170619882139,0.3184593408054976,0.4166885070937198,0.295177919,0.989548138,0.362025076,0.267753678,0.958483938,3.35561528,3.591004963,0.414516449,0.002252579,0.328175545,0.000300407,0.01807785,2.86E-06,0,0.055348396,9.35E-05,0.163766861,0.016135216,0,0.000938416,34.53181744,37.19385529,22.60078716,189.1671066
201708_113.9089397_22.523997199999993.png,0.6906486720089138,0.6538974696385138,0.6422401622628646,0.61404816802573,0.650208618,3.295557738,4.520513029,3.603121048,2.725359927,1.832365444,2.112165184,0.024079323,0,0.029640198,0.048502922,0.033541679,0,3.53E-05,0.765086174,0,0,0.03098011,0,0.067834854,61.77532196,36.61640549,126.1971388,100.5357771
202211_114.3734899_22.7272945.png,0.2646493879788865,0.6689294653987927,0.6544900689350686,0.3126776541460152,0.475186644,1.299886341,1.505824752,1.89377001,1.183184273,3.412414114,3.235613508,0.30886364,0.004273415,0.039710045,0.016705513,0.02658844,0.000106812,0.004404068,0.085316658,0.001503944,0.403589249,0.00181675,0,0.093941689,13.33661556,97.18556404,34.38932896,140.9402952
201709_114.0871723_22.5609009.png,0.2849828760625439,0.7555421534605767,0.535632353904023,0.3377508403868547,0.478477056,1.041595687,0.658555527,0.665443812,1.141352958,4.11552949,3.95958347,0.433187485,0,0.174442291,0.004335403,0.027919769,0,0.003907204,0.037553787,0.002641678,0.29186821,0.002202034,0,0.019319534,14.70964909,62.07946014,45.04203033,115.7669907
201312_113.85777283738314_22.642709229323334.png,0.4951174776196243,0.4600124402359117,0.5329813847820266,0.3385578983368085,0.4566673,2.208224345,3.222801033,2.449283103,1.780068244,2.385041024,2.529768313,0.386390686,0.014728546,0.093362808,0.000888824,0.04062748,0,0.001000404,0.332669258,0.007961273,0.108882904,6.39E-05,0,0.012037277,31.71595573,58.04457664,60.05049324,106.7412004
202212_113.91085916435753_22.76927076485941.png,0.0935950341280004,0.3283737222906551,0.6579511466372598,0.8817929562086961,0.490428215,2.185508109,1.325848077,1.081789706,2.402341589,3.706249328,3.79674275,0.269790649,0,0.356455803,0,0.001438141,0,0.005080223,0.044766426,0,0.164580345,0.001395226,0.002519608,0.08204174,22.34012604,75.35415363,56.40008259,103.5005369
202212_113.9436688_22.539266799999996.png,0.5094279581378675,0.7829439158854511,0.904689195850176,0.6269321242658494,0.705998299,2.581867939,2.483335443,2.491705708,2.429255853,2.347741856,2.72993788,0.410028458,0.009868622,0.116731644,0.006299973,0.031732559,0,0.002052307,0.183743477,0.001135826,0.224956512,3.72E-05,0,0.00127697,16.05739117,94.92890549,35.11060429,120.5989189
202212_113.891474774064_22.785579979547432.png,0.3987261797294509,0.6705831873294316,0.3065526886159652,0.6262159719107934,0.500519507,2.590887261,1.6970938,1.578849499,2.558534035,2.716174915,3.536633175,0.168190956,0.001655579,0.476865768,4.77E-05,0.030407906,0,0.001028061,0.151460648,0,0.074557304,0.038357735,0,0.042663574,34.2249155,63.86804676,49.39189529,100.3801088
202212_113.9847278_22.5463916.png,0.787938544591857,0.3277273526904253,0.9026477192673084,0.841523718497915,0.714959334,3.018340157,4.073610212,3.900641124,2.40678352,1.136824063,1.501843018,0.242996216,0,0.0049963,0.020982742,0.030322075,0,0.005444527,0.28337574,0.140735626,0.212888718,0.002426147,0.000556946,0.041296005,33.13251972,74.00837994,66.40988731,133.2089987
202211_114.0336272_22.661090499999997.png,0.0938664341517051,0.7706591929869703,0.430919887354794,0.625247497222356,0.480173253,2.45662861,1.930832998,2.051374374,2.393201847,3.135549161,3.498264369,0.327365875,0.01702404,0.229170799,0.022141457,0.043812752,0,0.000936508,0.074670792,0.000246048,0.225476265,0.0002985,0,0.036577225,27.41738319,94.33923912,30.31927204,129.338254
202212_113.77643691902465_22.689496014406288.png,0.3985166968093103,0.4475442917645127,0.3053091427553958,0.2133226563464542,0.341173197,2.607973977,2.347573516,2.416419488,2.876940921,2.134945693,2.052274578,0.279250145,0.006339073,0.172582626,0.001255035,0.020855904,0,0.000219345,0.08955574,0.023320198,0.258047104,0.00107193,0.000421524,0.106770515,17.6427269,71.0709734,53.98836422,127.9380703
202211_113.94225220000001_22.753719199999995.png,0.6114062121793311,0.2226929052577323,0.651062136787453,0.409282152707644,0.473610852,1.506848797,2.260071308,2.418269184,1.054053022,3.958880439,3.816303531,0.437759399,0.008256912,0.01102066,0.000369072,0.014410019,0.000196457,0.002092361,0.166674614,0.002140999,0.338163376,0.000109673,0.005874634,0.00198555,14.93313789,70.64689255,17.06140041,180.9969625
201312_114.3210375_22.764714699999995.png,0.2898075197595199,0.2475751843724944,0.5318874848355668,0.121261736670989,0.297632981,0,0.720295782,0.563270221,0.124921811,3.736135347,3.126598639,0.358797073,0.00025177,0.045348167,0.066761971,0.019083023,0,0.000638008,0.164748192,0,0.340979576,0.000328064,0,0.003064156,23.60931873,40.67797089,45.80892086,193.1171789
201902_113.86370289163905_22.8024886393656.png,0.6044068595861116,0.5649032759764289,0.535160598923028,0.5172317698094074,0.555425626,0.957843402,0.926631449,0.528513739,1.192299627,3.506115885,3.245864895,0.415811539,0.003119469,0.135796547,0.012477875,2.00E-05,0,0.002012253,0.182581902,0.000264168,0.21155262,0.015266418,0,0.012807846,15.72398186,53.95968342,52.50089359,127.0795355
201312_114.297774_22.668009000000005.png,0.1069040664139839,0.3493832220317472,0.4330091821271277,0.3392828586596323,0.307144832,1.375704936,1.124599799,0.826476376,1.534290527,3.000924278,3.021058674,0.433382034,0.003931046,0.151885033,0,0.027231216,6.39E-05,0.000806808,0.125396729,4.57764E-05,0.24247551,0.010412216,0,0.001856804,23.89190197,52.12495232,47.56301117,160.894208
201404_113.85096169738534_22.63163394317757.png,0.1011222207863642,0.2438078597992545,0.2175457428941594,0.2486170462038877,0.202773217,0.350108129,1.644420417,1.449450054,0.003207706,3.80632218,3.368139665,0.228442192,0,0.005939484,0.119970322,0.024043083,0,0.006002426,0.227462769,0.019412994,0.334679604,0.000431061,0,0.033600807,25.02345085,37.42782688,36.77019691,174.3647718
202211_113.87349693118158_22.585965639453615.png,0.3968728943931906,0.3330393571274734,0.3080522447162697,0.5120363764806697,0.387500218,3.185323927,3.299440713,3.335250421,3.461907643,1.500299821,1.29204671,0.297044754,0,0.126643181,0.003097534,0.086890221,0,0.002099037,0.199369431,0.021087646,0.211133003,0.000190735,3.34E-05,3.8147E-06,26.27780914,101.0865192,94.24394703,115.8625956
201511_113.8926971_22.590370800000002.png,0.3991162682932075,0.5622327768895525,0.7363008490239729,0.5132449056543353,0.5527237,1.290063201,2.103091259,1.441135342,1.236127012,3.028635439,2.676334758,0.373630524,0.012932777,0.055452347,0.004770279,0.071353912,0,0.001072884,0.332636833,0,0.129610062,0.001216888,0,0.014168739,28.08395863,37.14253139,47.93560791,155.349596
202103_113.8352526_22.7190171.png,0.2819414520885193,0.4581574693063456,0.4331399673273378,0.1106310991907186,0.320967497,0.863443345,0.651549986,0.393690365,0.768611181,3.609397325,3.847805424,0.139548302,8.01086E-05,0.318206787,0.004642487,0.149312019,7.53E-05,0.000142097,0.275076866,0,0.069788933,0.003937721,0,0.001317024,29.772892,39.03560829,51.03756714,149.055665
202212_114.2643742_22.586968899999995.png,0.2584803227170388,0.3287018518655789,0.4228797274961656,0.0767542756558864,0.271704044,1.113125391,0.544190927,0.440670425,1.10781358,4.127908277,4.2310631,0.400241852,0.002291679,0.227732658,0.000304222,0.053420067,0,0.001508713,0.057662964,0.002046585,0.201807976,0.004997253,0.000211716,0.0095644,19.81925011,45.20072174,17.53392792,157.5808249
202211_114.2111792_22.658679700000004.png,0.5072001804293302,0.6689924348448036,0.5405809260840668,0.7193076728565614,0.609020304,3.165423452,3.069778369,2.976106659,3.202689587,1.25091751,1.67515283,0.352227211,0.005718231,0.103973389,0.024786949,0.018697739,0,0.001659393,0.270332336,0.003548622,0.183398247,0.000157356,0,0.024770737,22.60009289,76.3232069,28.64979935,174.9698477
202211_114.1035643_22.6872075.png,0.3995676039945904,0.6681803012781483,0.3055406412529107,0.3172649191549149,0.422638366,1.260208686,0.599674841,0.473395201,1.237856406,3.761262671,3.956755819,0.206642151,0.006458282,0.220591545,0.018358231,0.1459198,0,0.002323151,0.069962502,0,0.221563339,0.009331703,0.04364109,0.011885643,15.46085358,51.12369537,38.08847427,128.4993114
202211_113.95836790652298_22.69236529229209.png,0.2752240016739964,0.4538944571608588,0.5396788625705325,0.2192438988353622,0.372010305,1.241980495,1.644523942,1.300863108,0.897156505,4.339606958,4.590545731,0.314428329,7.72E-05,0.187205315,0,0.074359894,0,0.002175331,0.220650673,0.015413284,0.120349884,0.038039207,0,0.025701523,25.26177406,32.02615166,48.3331728,118.8162899
202212_113.79688929487973_22.680480331073678.png,0.3981679026831057,0.4473701709564159,0.3059013456879814,0.4040434986357563,0.388870729,1.559797838,1.391637942,1.25184962,1.862095236,2.71712381,2.432043115,0.116242409,0.000497818,0.327178001,0.021572113,0.029964447,0,0.00275898,0.090979576,0,0.288678169,0.000565529,0,0.000287056,24.65064526,68.1746912,36.11301136,184.3857803
201902_113.9180008_22.7323099.png,0.6043903195351928,0.3405534201084738,0.433724583085449,0.3364337029161219,0.428775506,0.399625336,0.662494043,0.961268841,0.337190537,4.390407894,4.291082654,0.170651436,3.91E-05,0.0753479,0.016373634,0.034540176,0.002020836,0,0.169631958,0.007879257,0.355379105,0.044839859,0,0.086625099,16.90027714,94.54866791,42.10238171,138.4861546
202212_113.8680685_22.5560727.png,0.0929595989459077,0.8595419186207104,0.6577473747945524,0.2120175652051114,0.455566614,0.364272601,0.745781465,1.006426669,0.34175621,4.508394998,4.169978467,0.353686333,0.004401207,0.026211739,0.03368187,0.018529892,0.00198555,0.004664421,0.073397636,0.000610352,0.425724983,0.001514435,0,0.041020393,13.78578186,72.29366779,23.80206203,149.3893843
202101_113.9271088_22.770787799999997.png,0.3959420027204253,0.658252220165942,0.4330356521884463,0.4128641150725194,0.475023498,1.405686549,1.719625267,1.714920698,1.710687362,2.700761136,2.098704325,0.400444031,0.001652718,0.027777672,0.000638962,0.009820938,0,0.00256443,0.109771729,6.68E-06,0.378481865,0.007814407,0.010982513,0.00283432,19.56925392,63.63055515,51.80203629,184.0893717
202211_114.1362693_22.6242506.png,0.3995330299292296,0.4479424199526534,0.5406308828646371,0.5079456286500681,0.47401299,2.305545044,2.853982412,2.381198657,1.948736479,2.534509858,2.793140949,0.332262039,0.004311562,0.033611298,0.00350666,8.39233E-05,0.00019455,0.005545616,0.309776306,0.01957798,0.227547646,0.01352787,0,0.029087067,16.34410858,84.87991524,51.00745392,110.8683863
201312_114.4840805_22.53794989999999.png,0.1029900418145259,0.6512311118812002,0.2185800930876159,0.1223339881954278,0.273783809,0.944688305,0.198669217,0.262944287,0.971891293,3.369847231,3.435344316,0.195284843,0.002041817,0.468795776,0.004534721,0.028949738,3.24E-05,0.00640583,0.035056114,0,0.221774101,0.001895905,0,0.014616966,22.22996235,53.48453331,48.22309017,168.6513042
202211_114.0909805_22.5517268.png,0.3991511690873919,0.9430731825463606,0.5397922558187565,0.6239888072055728,0.626501354,3.719395859,3.161224038,3.552200707,3.943229844,1.077793488,1.128195128,0.364538193,0.023834229,0.234199524,0.007518768,0.005360603,0,0.000669479,0.088323593,0.000155449,0.214388847,0.009822845,0.003290176,0.013502121,22.31386185,95.32758617,47.77897167,169.2464724
201709_114.06861678573122_22.721309304140785.png,0.6035594714329301,0.3415945046489422,0.0888072963937718,0.5159278773475499,0.387472287,0.611958115,0.407471237,0.176368053,0.697327985,3.791717536,3.691694296,0.351409912,0.0054245,0.24512291,0.035160065,0.008522034,0,0.002462387,0.147101402,0.000795364,0.176649094,0.009606361,9.54E-07,0.010821342,23.59424114,51.44273186,56.09591866,148.4179506
202211_113.77505982771899_22.723719831714774.png,0.5052991826284874,0.7650951742684344,0.0822234642194623,0.5151817708355552,0.466949898,1.599739696,0.891896464,0.662845503,1.516639149,3.58324902,4.053885678,0.200205803,0.001850128,0.315857887,0.066631317,0.004184723,0,0,0.133372307,0,0.092136383,0.009439468,0.015655518,0.127631187,23.40479851,32.93565178,59.21387291,113.9484758
202212_113.86139183326183_22.587593857146626.png,0.7146293588903242,0.3282266189181784,0.3066853978790256,0.3119620243725746,0.41537585,2.102851064,2.205287858,1.754472079,1.906817205,2.815248362,3.361600983,0.046210289,0.006763458,0.24903965,0,0.174210548,0,0.001426697,0.295031548,0,0.003503799,0.072322845,0.001738548,0.118261337,29.3516922,66.91476727,82.08952999,91.2510376
201709_113.9994241_22.667688899999998.png,0.2857960301480524,0.5637575035010575,0.3149224347574832,0.6142221576369299,0.444674532,1.682895123,1.440212879,1.208050586,1.519103801,3.761280324,4.147027351,0.307936668,0.014415741,0.146374702,0.040279388,0.010494232,0,0.007117271,0.169788361,0.013604164,0.207568169,0.00466156,0,0.07493782,20.83674431,81.10849476,42.04793835,97.69686317
201601_114.10914030735168_22.664945423098374.png,0.2863527534580158,0.343365988158909,0.53309832466214,0.1208636186973735,0.320920171,0.993951718,2.346831078,2.001533123,0.772909579,3.5981425,2.842398347,0.375991821,0,0.003605843,0.027489662,0.027634621,0,2.57E-05,0.22467041,0,0.333857536,0,0,0.006053925,15.31640053,81.50915051,57.45446205,112.9690504
202211_114.1204075_22.6482116.png,0.6113806922237218,0.2177994927096975,0.4318120169540509,0.3170755191298367,0.39451693,1.706971203,2.489582905,1.82890054,1.343552773,3.646713166,3.631570913,0.309960365,0.002913475,0.009444237,0.034739494,0.049078941,0,0.018044472,0.294326782,0,0.219438553,0.011806488,0.016093254,0.031400681,23.5541153,86.33029556,39.87383556,129.7326307
201902_113.8394141_22.7960351.png,0.6041173358892123,0.2366371728046899,0.8070354816964376,0.3370446521006297,0.496208661,2.905315404,2.703275656,3.110180608,3.150659823,1.090772996,1.018716798,0.146310806,0,0.133937836,0.1693573,0.030157089,0,0.002926826,0.056569099,0.031917572,0.331195831,0.003669739,0,0.093505859,12.64547825,92.60101223,41.94424534,131.1455374
202211_114.21723136608922_22.72370956084027.png,0.7116636044406272,0.5668737929335628,0.3051754449932944,0.507777098431419,0.522872485,3.419789894,2.864586429,2.742562216,3.459473177,1.662789357,2.344302197,0.157155037,0.025729179,0.282865524,0.021878242,0.100534439,0,0,0.2438097,0,0.033410072,0.002367973,0,0.130588531,37.92014122,90.07375145,74.99611855,104.9202299
202003_114.1991135_22.709366499999998.png,0.5014694677950452,0.2353697341187734,0.8089565279261873,0.5177569228128631,0.515888163,0.420647672,1.318127442,1.528487755,0.396377367,3.228999854,2.559579644,0.2441082,1.72E-05,0.046909332,0.06158638,0.004132271,0,0.00026226,0.126576424,0.000614166,0.43786335,0,0,0.071802139,11.54286861,71.59736633,39.15419102,141.579915
202212_113.87765440000001_22.775584799999997.png,0.6151816071262657,0.6696342106106548,0.6573928385934691,0.6255248747428338,0.641933383,2.297160208,2.055745715,2.039947852,2.736623081,2.765837177,2.293176724,0.32592392,0.00224781,0.073467255,0.032050133,0.052073479,0.000603676,0.001708984,0.073805809,0.019349098,0.379085541,0.007072449,0,0.020722389,18.37934017,77.14887047,69.79988098,112.4701538
202211_114.0544058_22.6444327.png,0.2722537311635944,0.3336318819541213,0.7578533301808386,0.5079816120626863,0.467930139,1.495964242,1.582047504,1.731196033,1.521181234,3.260486489,3.119071912,0.294218063,0.002500534,0.077181816,0.008167267,0.005822182,0.000201225,0.001953125,0.088924408,0.004774094,0.380147934,0.001907349,0.064990044,0.021914482,8.495979309,96.3631258,31.53609276,122.6194696
202211_113.86285746284707_22.779830557045134.png,0.5074921794679805,0.5648763514766936,0.3083911258001591,0.4090764513913932,0.447459027,2.163447176,1.650084664,1.473940786,2.467129411,2.875560804,2.846149569,0.150476456,0,0.28571701,0.001266479,0.003331184,0,0,0.05223465,0,0.251213074,0.024344444,0.00232029,0.163507462,24.48406219,79.7505846,68.18030167,109.9027319
202212_113.9144565_22.508373499999998.png,0.2620448816883323,0.565554788850487,0.3063413248828469,0.6268942436329599,0.44020881,1.948552631,1.633392813,1.29808289,1.829416458,3.244390095,3.841452629,0.303828239,0.007058144,0.182229042,0.009091377,0.054978371,0,0.000376701,0.273628235,0.001890182,0.114033699,0.019584656,0.003960609,0.009133339,23.89457703,54.97149849,51.17550087,88.29925919
202211_114.0746631_22.6338718.png,0.0934632359977171,0.9061794480291392,0.6524110440085502,0.5085147816559372,0.540142127,2.589306848,2.328162148,2.236414876,2.994471775,2.555615045,2.248019713,0.36192894,0.014430046,0.297235489,0,0.000860214,0,0.000746727,0.089449883,3.8147E-06,0.157624245,0.007216454,0.025525093,0.003865242,19.62251186,81.99967861,41.84584999,159.8554296
201601_113.96020570251964_22.5625587290877.png,0.6889788369069003,0.6529091706212917,0.533805737857808,0.1193860466353909,0.498769948,0.354344381,1.361384428,1.539676529,0.0343488,4.316051809,3.926606209,0.380274773,4.39E-05,0.002236366,0.031283379,0.005113602,0,0.00538063,0.153235435,0.001867294,0.369256973,0.00225544,0,0.040393829,10.34225464,92.72517776,35.16406727,121.4096317
201708_113.9439892_22.5486754.png,0.2862424144814839,0.6545828269636123,0.3152566114868918,0.6139850632371522,0.467516729,2.023282391,2.24705815,1.693610688,1.935261155,2.802806316,3.167661124,0.307846069,0.004364014,0.258773804,0.012544632,0.035842896,7.34E-05,0.002152443,0.320946693,0,0.00702095,0.020513535,1.81E-05,0.019954681,30.84826469,37.99206257,67.22889137,109.2680759
202211_113.8017865_22.6838826.png,0.2776914658145803,0.4557651693124769,0.4308327922312182,0.5147990420023307,0.419772117,1.385675789,0.781959049,0.890589835,1.3203082,4.476474862,4.704796402,0.331214905,0,0.245650291,0.008403778,0.031488419,0,0.008187294,0.101808548,0.01505661,0.248492241,0.000874519,0,0.006874084,21.22389793,69.74026775,34.59845638,130.3943796
202211_114.2760337_22.7631342.png,0.2669045647670957,0.4482485506367101,0.6544539114177852,0.4060311861244568,0.443909553,2.058225612,1.873116925,1.771706313,2.393299401,2.406162393,2.131162445,0.148272514,0.060049057,0.261254311,0,0.083537102,0,0,0.080485344,0.003777504,0.320285797,0.002024651,3.05176E-05,0.034036636,15.10969162,60.46281147,52.076334,140.0677824
202211_114.3658786_22.743978499999994.png,0.2646534360740056,0.5659589884072651,0.4304803804389149,0.6241892062952854,0.471320503,1.79180832,1.182223244,1.04196916,1.670777952,3.274939114,3.81983035,0.353093147,0.009131432,0.27105999,0,0.052577019,0,0,0.11572361,0,0.171239853,0.014429092,8.87E-05,0.006459236,22.7321434,64.9369278,28.00524998,113.506444
201312_113.876258209507_22.67064777876147.png,0.3999397697824332,0.1081836154407881,0.430749333575224,0.111585544234904,0.262614566,1.258086457,1.870911,1.383257664,1.226629836,3.516465458,3.219266386,0.339543343,0.004532814,0.02699852,0.000175476,0.016856194,0,0.000781059,0.232097626,0.015512466,0.304106712,0.027410507,0,0.019337654,23.34205627,62.42827988,55.32389259,125.1181192
201709_114.11168102857242_22.714879766622584.png,0.6031093814100731,0.3419535585274305,0.2119052078905569,0.1168638415064751,0.318457997,1.140991379,1.033132941,0.7362347,1.267722295,2.847829537,2.875041516,0.197469711,0.002802849,0.147060394,0.181473732,0.012927055,0,0.001288414,0.193557739,0,0.121362686,0,0,0.000202179,26.32279873,43.69578075,55.960742,149.0400333
202211_114.0665036_22.627860199999997.png,0.2712705098425888,0.0790701818544801,0.7579815441800344,0.2171207603901719,0.331360749,3.112233826,3.497414108,3.175455852,3.192952923,1.736143095,1.742919327,0.259103775,0.003056526,0.128036499,0.003286362,0.007369041,0,0.007760048,0.253426552,0.001167297,0.183766365,0.013836861,0.029331207,0.006757736,13.9265871,89.90468502,61.54172707,121.1347265
201312_114.34766130644998_22.7063972838596.png,0.6861627235899532,0.6505082160923324,0.2196478600301763,0.2545565111658304,0.452718828,2.217773674,2.839602634,2.158005699,2.126302168,2.452066835,2.606845043,0.199853897,0.060747147,0.058047295,0.000133514,0.035663605,0,0,0.480664253,0,0.050060272,0.028568268,0,0.084569931,29.01512146,55.85341263,57.21448612,95.38043022
202211_113.8131533_22.734941999999997.png,0.3960387153100663,0.6635648639919084,0.649229481730501,0.7635275563295094,0.618090154,3.737813196,3.167450109,3.319024338,3.781650707,1.102115844,1.632474514,0.377843857,0.006873131,0.124984741,0.000146866,0.051485062,8.96E-05,0.006415367,0.181708336,0.0101614,0.187592506,0.002962112,0.002024651,0.008061409,28.73642921,73.73536682,28.29952526,157.5621061
202212_113.86693239299775_22.5059467417505.png,0.398240834102018,0.447200495881315,0.427600059504669,0.082418707525102,0.338865024,0.416864168,0.976538093,1.113624496,0.170715681,3.757901572,3.773711251,0.152236938,0.002837181,0.106834412,0.068430901,0.094044685,0,0.003119469,0.196817398,1.91E-06,0.346289635,0.002504349,0,0.016832352,11.51174068,66.57287121,40.4730463,141.9347992
202212_113.8850943_22.7812449.png,0.093896111364712,0.9134277671894516,0.8300276362825395,0.7216946256916144,0.639761535,2.599986245,1.824778705,1.972522737,2.691857133,2.409474453,2.686477292,0.431396484,4.77E-06,0.233722687,0.001235008,0.001990318,0,0.001790047,0.02396965,0.004303932,0.247505188,0.015066147,0,0.025156021,21.40872002,105.1496181,39.2224369,119.5012732
202211_114.0358766_22.6473671.png,0.0941865306902875,0.6666205499941043,0.6514671001642249,0.8162124313710742,0.557121653,2.047815621,1.623670479,1.495173371,2.312331116,2.832132315,2.72131593,0.33476162,0.001097679,0.207696915,0,0.059181213,0.000342369,0.001286507,0.047830582,0.001083374,0.303596497,0.010968208,0.002224922,0.00979805,24.16305542,98.36427402,46.8508215,152.5610371
202212_113.9281393_22.7900159.png,0.3981099110398033,0.7815797901947883,0.3061920486714412,0.4013889212588983,0.471817668,2.847500227,2.231539388,2.135621058,2.97973304,1.795450983,2.309187241,0.381938934,0.03399086,0.194007874,0.029971123,0.033408165,0,0.002017975,0.144897461,0.000481606,0.159666061,0.01433754,0,0.001005173,26.70411587,90.21357536,38.57562923,132.4726877
201312_114.3081115_22.7803939.png,0.2897856126184672,0.5592671109201119,0.7304825225988684,0.3392672480715533,0.479700624,0.254548581,0.155675182,0.15075445,0.412370118,3.981860858,3.631653809,0.412556648,0.014439583,0.211509705,0.013105392,0.019493103,0.001559258,0.000164986,0.021957397,0,0.292237282,0.00233078,0,0.007666588,18.58872414,41.40701485,45.56604862,159.3191662
202211_114.001936_22.656943199999997.png,0.3961897544315425,0.3330905835525554,0.1939370047997125,0.5103656184418556,0.35839574,3.540785966,2.5326173,2.675297019,3.617356435,1.675510922,2.282676651,0.257422447,0.003576279,0.316858292,0.000249863,0.157100677,0,0.006873131,0.06626606,0.01410675,0.145124435,0.006708145,0,0.001044273,25.81624031,80.52623272,30.97499275,108.5297308
201312_113.94724641296688_22.762202944327534.png,0.0960823027578309,0.1132488712919818,0.5321426565812468,0.1157910496817618,0.21431622,1.660941072,1.696627228,1.611094319,1.926330115,2.297871671,2.063226807,0.269160271,0.009132385,0.108798027,0.015455246,0.056668282,0,0.002039909,0.179956436,0.000664711,0.205727577,0,0,1.52588E-05,23.7887907,63.80551815,37.38512039,189.8361959
202211_114.0519255_22.7122363.png,0.0935376443815644,0.0794214829450292,0.1904477602627987,0.318674912313321,0.17052045,0.895883845,0.661123287,0.878499927,0.848353437,3.979132356,4.125157224,0.262327194,0.001612663,0.264972687,0.001039505,0.022770882,0.000114441,0.000904083,0.02613163,0.001050949,0.327726364,0.016450882,0,0.048548698,15.27432919,80.82044315,35.7051506,149.3934298
202212_113.88794576517202_22.47006173226548.png,0.9379829766421276,0.0716906154391452,0.3062434489185768,0.6261159756383483,0.485508254,2.590882858,3.791345519,2.96239386,2.08928781,1.716864102,1.986505941,0,0.00079155,0.174588203,0.001343727,0.066684723,0,0,0.670235634,0,0,0.085963249,0,0,47.63570309,42.15364075,50.9100666,153.4119368
202211_113.8082633_22.674981199999994.png,0.2778686690680009,0.5649470154764992,0.3109715720231311,0.4094098872224835,0.390799286,2.485316229,1.627416172,1.604946097,2.529821409,2.895770057,3.344382204,0.332424164,0.002422333,0.264681816,0.004938126,0.032740593,0,0.003631592,0.079391479,0,0.209029198,0.022109032,0.014764786,0.027135849,28.59027386,83.64301014,35.78442669,128.0814466
201312_114.2380314_22.670535799999996.png,0.2901181275244194,0.3493932952576557,0.3217059795952822,0.1204349084887622,0.270413078,1.269222404,1.301798435,1.056561203,1.432236464,2.534734455,2.502125658,0.111176491,0,0.049371719,0.012001038,0.177855492,0,0.006520271,0.204409599,0.000219345,0.251654625,0.017614365,0,0.003512383,34.51990128,51.55875874,67.21982288,139.6918755
202211_114.01052248887245_22.649428427414882.png,0.3965811769612234,0.6660924680522632,0.4311847225885261,0.7149852267401609,0.552210899,2.914505258,2.350700678,2.702498044,2.877596216,1.265139409,1.876364031,0.101802826,0.008309364,0.333952904,0.033041,0.045793533,0.000309944,0.022275925,0.097379684,0.135250092,0.108957291,0.00841713,0,0.075234413,30.75220585,66.236269,35.23731327,178.469388
202211_114.2273256_22.557942800000003.png,0.6127332173328918,0.9102506920803288,0.3049976068398265,0.6243309503836268,0.613078117,3.279293655,2.990429262,2.728827527,3.269410109,1.905955058,2.579424279,0.100310326,0.002313614,0.338021278,0,0.184114456,0,0.004631996,0.342132568,0,0,0.003012657,0.016423225,0.000480652,40.38751602,73.8124342,56.7766552,101.4460945
202212_113.90245330000002_22.580992999999996.png,0.3981891927177228,0.4469216890823512,0.5434437828454487,0.7208409361280858,0.5273489,1.984922147,1.581883034,1.437513173,1.973024365,3.205657532,3.507402112,0.384597778,0.007159233,0.218653679,0.000985146,0.021521568,0,0.004127502,0.136904716,0,0.183034897,0.005712509,0,0.01812458,18.27939034,87.53888035,30.23572254,94.62335873
202103_113.86854584962914_22.602575394764475.png,0.5040411860927408,0.3365248947544192,0.6452925168319262,0.5166830370896461,0.500635409,1.299605325,1.468606159,1.106622164,1.276380662,3.669076189,3.603229091,0.344873428,0.002497673,0.050124168,0.035107613,0.085467339,0,0.005249023,0.281149864,0.000123024,0.167165756,0.000160217,0.022752762,0.001872063,26.02416515,57.82860279,47.33762074,128.089036
202211_113.8822775_22.5709209.png,0.0946065544346452,0.082650294475789,0.5398450861279113,0.4093100002110026,0.281602984,1.827520532,0.942277348,0.889264686,1.778866404,3.76175894,4.159800765,0.234524727,0.003119469,0.281263351,4.48E-05,0.014039993,0,0.003053665,0.027464867,0,0.179872513,0.002008438,0,0.078359604,27.70288467,84.18288517,34.49678612,129.7669983
201709_114.0218923_22.6305483.png,0.2856471562211762,0.7546240526828519,0.6428227692823313,0.51647193670456,0.549891479,1.943482339,1.960331965,1.771519844,2.254072253,2.472404569,2.205985929,0.428647041,0.002861977,0.215950012,0,0.026648521,0,0.001335144,0.089903831,0.001418114,0.197198868,0.014994621,5.25E-05,0.014813423,29.35558319,57.23266888,36.37747383,150.1556234
201602_114.0076178_22.653348199999996.png,0.2862845112601774,0.3435840101581148,0.2155250178626787,0.3400545688216808,0.296362027,1.058730439,1.133847488,1.139704069,0.833659082,4.210939762,4.463998085,0.288362503,0.019555092,0.099849701,0.000245094,0.044219017,0,0.005190849,0.091270447,3.43323E-05,0.290096283,0.020375252,0.000178337,0.131775856,18.54251862,100.6674166,30.99445534,111.7302551
202103_114.1198452_22.5910835.png,0.3954238815762561,0.7635050955030679,0.3125503106206819,0.5151323684804823,0.496652914,1.245924522,0.782467798,0.771027058,1.144298186,3.828914213,4.143719075,0.378760338,0.019792557,0.196022987,0.007205963,0.043771744,9.54E-06,0.002745628,0.084944725,5.63E-05,0.230669022,0.004693985,0,0.029295921,23.89773846,57.81538296,26.19547939,150.8486662
202211_113.8109161_22.7844666.png,0.2776640402790926,0.0861916746573486,0.1993888386067924,0.2257337153103866,0.197244567,1.637595553,1.560906066,1.248756659,1.953329539,3.031677297,2.728677704,0.12874794,0.001645088,0.032565117,0.064177513,0.247421265,0,0.001391411,0.242972374,0.000150681,0.228531837,0.016647339,0.004608154,0.010137558,33.66461277,59.21585274,58.91149426,169.9720907
202211_114.0578282_22.578562.png,0.6119730235619684,0.3337574402949169,0.757701793783467,0.3186982725129543,0.505532633,0.702825861,1.61477837,1.768141504,0.318681558,4.364049705,4.076576385,0.399998665,0.003696442,0.021128654,0.000721931,0.005470276,0,0.010564804,0.16793251,0.008924484,0.363762856,0.000123978,0,0.010743141,11.33907795,93.34164047,29.93504715,145.5229044
201709_114.1390699_22.549754199999995.png,0.3972950355328122,0.237386912272442,0.4334228161030995,0.6996259820288839,0.441932686,2.056443844,1.467226019,1.387986083,2.067150521,2.884823195,3.300626877,0.304877281,7.82E-05,0.224914551,0.003843307,0.047887802,0,0.002355576,0.118688583,0,0.139204979,0.001020432,5.05E-05,0.103469849,22.58550167,90.03017616,42.84283352,105.1303282
201312_114.1465315_22.64902.png,0.1011354766425745,0.4610771478098094,0.5316621365177397,0.2555849210969025,0.337364921,1.471748655,1.535557208,1.399343084,1.803303021,2.905373265,2.438926775,0.459007263,0.00077343,0.052749634,0.002851486,0.075139046,0,0.003827095,0.076031685,0.009995461,0.312814713,0.001160622,0,0.001124382,20.75697899,65.19163036,55.2689743,145.9096146
201601_113.95563_22.5731096.png,0.2869944512360938,0.4626183217645298,0.3171386283295002,0.6133221012676018,0.420018376,2.51317161,2.82863658,2.342497535,2.216044766,2.585653083,2.980398106,0.387738228,0.035589218,0.188212395,0.000928879,0.012791634,0,0.002376556,0.317764282,0,0.013184547,0.012049675,0,0.017370224,28.07082653,75.00259209,34.04681587,130.7529373
202103_113.9159635_22.4858451.png,0.6964264352396997,0.7617289921172603,0.312177543393108,0.4112417200433698,0.545393673,3.187813038,2.973773534,2.849262048,3.066847662,1.269312829,2.033966437,0.171134949,0.03007412,0.169868469,0.076743126,0.117712021,0,0.013504028,0.34704113,0.001273155,0.048585892,0.004813194,0.000109673,0.001768112,38.45101833,56.67692471,47.93578053,132.8243675
201709_114.1179462_22.686612899999997.png,0.692164697270439,0.2373764094653091,0.0892486703383788,0.3376204793342591,0.339102564,2.10258486,2.839331409,2.171625264,1.725608412,2.148147345,2.573730459,0.108219147,9.54E-07,0.295031548,0.066741943,0.144842148,0,0.001110077,0.355986595,0,0.026824951,0.001128197,0,0,57.06503391,41.84139824,97.38525963,119.2389822
202103_114.21793862646713_22.67803233370238.png,0.5045739761103017,0.5653562208426502,0.3119750001643129,0.5151840068914793,0.474272301,1.421633989,1.193856867,0.866524334,1.448002321,3.175470907,3.36817232,0.355343819,0.010793686,0.124708176,0.009642601,0.012983322,0,0.000870705,0.273438454,0.000639915,0.155109406,0.001983643,0,0.05198288,33.74753952,42.71579456,45.65739727,134.5252333
202211_114.24092502102194_22.72834490326265.png,0.8196067114992747,0.668718240602985,0.4308677541846158,0.5089376828326238,0.607032597,3.240953827,4.226414927,3.511468083,2.601622764,1.608703332,2.116059589,0.177411079,0.015429497,0.051728249,0.035058022,0.015822411,0,0.003686905,0.579102516,0.002349854,0.021085739,0.000736237,0,0.090427399,42.8981781,62.76374245,63.02626514,112.467658
201312_114.3589352_22.74361039999999.png,0.104241713067092,0.6505420927544685,0.5319326740781514,0.1223510151676452,0.352266874,3.233635009,2.912946444,3.411771799,3.609186241,1.493542807,1.088419613,0.320091248,0.000704765,0.238121986,0,0.071290016,0,0,0.060228348,0.003304482,0.249873161,8.30E-05,0,0,16.57902718,101.4209557,53.22477531,154.3944359
202103_114.2781623_22.7481021.png,0.0983331218642399,0.6613293458377999,0.5384287309686863,0.3257422938612266,0.405958373,0.477788932,0.428973904,0.5747161,0.614177316,4.241524089,3.897316532,0.369023323,0.004634857,0.099022865,0.019652367,0.025742531,0,0.000631332,0.012851715,0.00014782,0.426757813,0.004007339,0,0.034170151,15.00341892,70.63091278,29.39142799,154.3648014
201312_113.9429058_22.681555399999997.png,0.0945432216051766,0.2525044025799364,0.5322129080931506,0.7391854306428441,0.404611491,1.738412936,0.821307285,0.736791474,1.837542673,3.60498337,3.758184708,0.267290115,0.022248268,0.332816124,0.011113167,0.008108139,0,0.000159264,0.014493942,0,0.214611053,0.019990921,0,0.106167793,29.0367651,72.56423759,36.31983376,149.6810617
201312_113.8374755_22.647390599999994.png,0.680170540017521,0.3480295058062364,0.4305493096302091,0.3382750109192856,0.449256092,3.335211375,3.785112991,3.483183508,3.312510832,0.929764913,1.149491268,0.239995956,0.087230682,0.020218849,0.001619339,0.013301849,0,0.004165649,0.384464264,0.000921249,0.137320518,0.023641586,0,0.085264206,26.40888691,73.07512951,67.36637497,86.67766953
202103_114.05568005891669_22.668509965401316.png,0.099727475264264,0.230368376713196,0.5372888681173467,0.1069064997220474,0.243572805,0.893044065,2.012656832,1.774232974,0.351258984,4.320290696,4.248622671,0.377612114,0.004199982,0.010419846,0.003554344,0.018016815,0,0.002536774,0.308750153,0,0.260490417,0,0,0.012491226,14.81105804,61.07606125,29.23517418,111.5398865
201312_114.4500566_22.596177499999992.png,0.4015442623707105,0.1130119509186903,0.3196400925871781,0.2532785596731658,0.271868716,2.272020112,2.864040346,2.676950922,2.410782857,2.13903207,1.673858323,0.287379265,0.001103401,0.095011711,0,0.107905388,0,0.000934601,0.239809036,0.000658035,0.171242714,0.079273224,0,0.008753777,28.80962849,49.15449524,56.24750137,122.2736406
202103_114.0970567909583_22.7181553287723.png,0.3955487045737891,0.2299964379148615,0.2013261550825571,0.1065361171338162,0.233351854,0.956312427,2.069325338,2.07045425,0.373403069,4.136516003,4.07002012,0.334700584,0.002425194,0.03850174,0,0.009275436,0.00021553,0.000665665,0.187272072,0.056975365,0.32184124,0.003687859,2.86E-06,0.024548531,14.43606377,62.32276154,37.96891975,117.1919479
202211_114.2361757_22.730064800000008.png,0.5071176359839965,0.44826286167545,0.1876493239764123,0.508917555794494,0.412986844,1.713078691,1.243964912,1.192097924,1.616772307,3.216221404,3.658708661,0.292474747,0.058042526,0.191664696,0.006306648,0.015831947,0,0.007077217,0.156847954,0,0.207695961,0.036708832,0,0.001407623,18.92067432,63.74027634,37.36861324,112.9761763
202212_113.8150205_22.6618553.png,0.0932417695799898,0.5657456857881711,0.4284980851896349,0.6254902006070707,0.428243935,1.906972716,1.468788792,1.388682303,2.118584163,2.554232159,2.513855763,0.395804405,0.036177635,0.188908577,5.44E-05,0.014438629,0.001156807,1.14441E-05,0.07772541,0.001998901,0.257036209,0.009558678,0,0.003219604,24.68055725,52.47230625,32.73668098,175.3930273
202212_113.8871212311432_22.59073404108649.png,0.6152282907671917,0.6699347541634708,0.3064263983581312,0.8279006248489277,0.604872517,1.87762539,2.193967839,1.584132259,1.541767445,3.745828295,4.17544872,0.343233109,0.00028038,0.070577621,0.000632286,0.084874153,0,0.002339363,0.353149414,0,0.092244148,0.013525009,0,0.036658287,25.56600094,52.57071686,38.11017418,100.7265978
202103_114.2422502421771_22.56227045019431.png,0.6108819112425119,0.4573500614684641,0.5385313178987825,0.2268603054601936,0.458405899,1.549978702,1.627726547,1.352585673,1.429735629,3.574704553,3.65559297,0.350020409,0.007170677,0.086135864,0.0060215,0.009667397,0,0.001968384,0.258152962,0.00457859,0.210095406,0.02036953,0,0.038920403,27.75760174,60.50696373,29.52778244,131.8241816
202212_113.9402644_22.519026199999995.png,0.2609040628422167,0.8665948397996672,0.4246853880190019,0.6269097397244547,0.544773508,3.183289966,2.211103257,2.182313407,3.357760955,2.405068344,2.865217165,0.366802216,0.001423836,0.451537132,0.004888535,0.082485199,0,0.000839233,0.038290977,0.003947258,0.02776432,0.011293411,0.000480652,0.002167702,27.86946774,95.6702013,51.41881847,109.9832993
202103_113.8264963501249_22.68374108533307.png,0.2819290506055871,0.2341775656067572,0.0909838234210597,0.7042127298850013,0.327825792,2.250887892,1.937059472,1.558477511,2.226141663,2.860796295,3.43262803,0.304558754,0.015262604,0.174106598,0,0.003430367,0,0.000174522,0.363139153,0,0.013317108,0.017930031,0,0.096364021,47.95695305,31.95910645,60.2355566,119.4855747
201404_113.88194917077641_22.8155861177406.png,0.2878963330135173,0.2438295703364201,0.4322787311030413,0.1210828996462292,0.271271884,0.8334199,2.57738681,2.064029973,0.241082504,3.108554942,2.726579364,0.344192505,0,0.0219841,0.017366409,0.008598328,0,0,0.330358505,2.86E-06,0.273649216,0.000829697,0,0.000884056,32.62669086,38.98274803,39.37390804,159.3234196
201902_113.822293711952_22.708451784912096.png,0.6037729696452242,0.0980341186205944,0.0898345005303763,0.2372767714002256,0.25722959,1.419640659,1.518755776,1.105942766,1.149084357,3.880933756,4.342841146,0.166150093,0.003970146,0.244585991,0.087022781,0.14907074,0,0,0.230163574,2.77E-05,0.028816223,0.002183914,0,0.088008881,33.73513699,42.57334709,41.34119511,113.6961222
202211_114.02749850000001_22.661723400000003.png,0.5062069506118474,0.6659335511129103,0.65095965488165,0.71684379193488,0.634985987,2.651620278,2.150962301,2.117748977,2.872471403,2.243948944,2.332116586,0.350628853,0.003082275,0.214087486,0.008120537,0.006332397,6.48499E-05,0.001890182,0.093200684,0,0.260172844,0.025500298,6.68E-06,0.016634941,19.92576599,79.12399864,27.62396908,144.5360909
201403_114.49908917687205_22.596296186473293.png,0.6893394383732329,0.4621087439301888,0.4320178366175554,0.2484864266263164,0.457988111,1.239351477,1.24678412,0.916928641,1.094600935,3.268306167,3.541717421,0.19596386,0.007096291,0.153013229,0.066053391,0.009387016,0,0.001063347,0.327189445,0.066911697,0.118400574,0,0,0.053437233,39.08476353,36.78129578,63.34470081,133.5593958
201312_113.93289859477152_22.800449818195553.png,0.0928861524340673,0.1116404270809374,0.7268421163463219,0.1144622484590386,0.261457736,0.535581091,0.439890214,0.235838017,0.772103754,3.364103843,3.021114775,0.453320503,0.030572891,0.211847305,0.001235962,0.042468071,0,0,0.043549538,0,0.206433296,7.53E-05,0,0.001343727,21.25794411,48.67246819,46.79251862,169.5711012
202211_114.0597178_22.624512499999994.png,0.2713388367479599,0.2194238348438373,0.4310364876310746,0.6243131880456186,0.386528087,2.853735413,2.107895617,1.986580302,3.120200411,2.673322138,2.740306492,0.087474823,0.004310608,0.218084335,0,0.132133484,0,0.009304047,0.077275276,0,0.255379677,0.031664848,0.046170235,0.1298666,26.70119762,72.98707294,30.4212513,178.6273603
202211_113.9432455_22.587066.png,0.3963972476130138,0.2226327247010347,0.308390919953043,0.7141457815590895,0.410391668,1.779145801,1.520143182,1.370687193,1.562143953,3.624494805,4.184811704,0.31807518,0.011328697,0.258828163,0,0.034226418,1.34E-05,0.003257751,0.090295792,0,0.173183441,0.014927864,0.013718605,0.079146385,18.72977257,44.53755283,41.29100418,89.03239822
202103_114.1227501_22.5559666.png,0.6109541334083425,0.6617206710006677,0.4308081957774994,0.6211368056856844,0.581154951,3.093342126,2.534695482,2.352253129,3.116480943,1.773522196,2.509608006,0.156386375,0.042414665,0.215376854,0.016742706,0.07278347,0,0.000449181,0.350995064,0.016161919,0.014351845,0.007681847,0,0.085783005,46.5228796,37.63773632,53.57590294,138.1149731
201311_113.97215286575438_22.599851368800312.png,0.6793080134248087,0.5549760778188787,0.6312781219312339,0.4129612249764995,0.56963086,3.114616455,4.261832415,3.499373513,2.456250878,1.686576458,2.05697784,0.075723648,0.005048752,0.001215935,0.003535271,0.184874535,0,0.000680923,0.432395935,0,0.004315376,0.176423073,0,3.72E-05,51.46054745,74.36962509,68.56318283,107.1965332
201601_113.98643188363951_22.565336028740756.png,0.4970921974432821,0.1057705811745587,0.2158102483351263,0.246053412670724,0.26618161,2.218455798,3.309148314,2.557745882,2.033044408,2.043261366,1.987458819,0.210704803,0.009757042,0.078989029,0.057916641,0.006117821,0,0,0.459003448,0,0.133090019,0.03636837,0,0.008014679,31.03357315,59.15478802,44.01830006,120.9088268
201312_114.2829641_22.722505.png,0.1061915737193189,0.6499130178026788,0.79184856065794,0.5087527953611192,0.514176487,0.852326812,0.567610939,0.340677209,1.114895082,3.643981231,3.321472954,0.437366486,0.020780563,0.187503815,0,0.002521515,0,3.34E-05,0.01935482,0.000128746,0.298212051,0.01184082,0,0.011651039,21.72559261,54.56269455,57.46298695,151.0642796
202103_113.7962568_22.7854149.png,0.2822712917823389,0.3378548030181835,0.3126876291027674,0.4124756833565394,0.336322352,1.104269593,0.715916626,0.472784818,1.194400048,3.232026019,3.302223658,0.321353912,0.001869202,0.16996479,0.001298904,0.029949188,0,0.000372887,0.161751747,0,0.231381416,0.055897713,3.24E-05,0.011773109,26.895504,45.17686844,49.50258923,167.1877642
202212_113.8901847_22.5280826.png,0.5079238774034734,0.7799856794003571,0.4272289257262824,0.3114760942600414,0.506653644,2.973515752,2.905326308,2.792947876,2.689173183,2.179719308,2.782198768,0.184705734,2.86E-06,0.18639183,0.010634422,0.094129562,0,0.002900124,0.292393684,0.045445442,0.120772362,0.010290146,0,0.011450768,20.69788456,74.41760445,33.11636066,121.0026846
202211_114.3459751_22.707297799999996.png,0.2650348939374351,0.3306241855944807,0.6534222019937349,0.0866271890107879,0.333927118,0.524630485,1.129451178,1.401656521,0.272218601,4.684908561,4.479718888,0.358016968,0.002429008,0.026157379,0.000472069,0.076321602,0,0,0.116098404,0,0.417580605,0.00066185,0,0.00118351,14.11043644,80.39541435,21.58491611,155.7322893
202211_113.8795867_22.5997255.png,0.7033605692264351,0.333129318752317,0.6493565957486213,0.6228370372739548,0.57717088,2.897055064,3.374333574,3.083808562,2.968495075,1.066238548,1.141431164,0.200639725,0.020988464,0.221912384,0.01237011,0.109954834,0,0.000170708,0.279644012,0,0.103627205,0.001914978,0,0.030016899,39.19127941,72.32592964,54.67810249,159.1980076
201312_113.83443584337306_22.74126975401547.png,0.093665812113056,0.5571097891078531,0.2244772940791383,0.337961344544589,0.30330356,2.140999946,1.173591664,1.149388116,2.122463956,2.643327254,3.320329166,0.380594254,0.00039959,0.419411659,0.000444412,0.001101494,0,0.000256538,0.050402641,0.001924515,0.075458527,0.010335922,0,0.059301376,29.20334816,34.4424715,42.83224392,152.7173338
201312_114.3024738_22.713602799999997.png,0.2896974727667191,0.4626769078519782,0.2202585974005696,0.6084187930771766,0.395262943,1.080394868,0.937091378,0.647933117,1.19383791,3.352864221,3.248216108,0.463528633,0.000607491,0.117828369,0,0.002340317,0,0.006537437,0.1820755,7.62939E-06,0.185735703,0.021157265,0,0.017261505,27.91397095,34.50470734,47.74311161,167.816143
202103_113.9228765_22.525948399999997.png,0.1016378795217988,0.4582579990619934,0.4327998737352445,0.5154105193611613,0.377026568,1.857967502,1.123915077,1.276206378,1.782443938,3.133283582,3.568064732,0.353423119,0.0011549,0.283579826,0.017499924,0.01761055,0,0.000697136,0.071221352,0.010560036,0.192544937,0.008794785,0.000617027,0.018440247,29.64740753,63.77314568,20.00856686,165.7313843
202212_114.2485962_22.597206699999997.png,0.8341514378183013,0.0699361018680527,0.4229268530286496,0.5108395896987408,0.459463496,1.854896344,1.743901939,1.594109589,1.926187782,2.809105801,2.853899025,0.176653862,0.002571106,0.104839325,0.000659943,0.06525898,0,0.008764267,0.237770081,0.000477791,0.233977318,0.006765366,0.017461777,0.103619576,27.37215042,74.67028999,33.39164257,148.8968716
201311_113.882861_22.6128348.png,0.6790707957274479,0.6427790779774304,0.326932533689771,0.7338166365953623,0.595649761,3.873868827,4.45982478,4.291209444,3.661908083,0.209218315,0.334042563,0.018488884,0.000201225,0.074372292,0.034968376,0.009723663,0,0.000840187,0.484386444,0.021709442,0.126381874,0.069685936,0,0.155867577,44.89133835,66.48389244,69.08473015,114.9547672
202211_114.3072554_22.766458099999998.png,0.2662947458272109,0.3309166842420719,0.5414851900073313,0.3132482703244352,0.362986223,2.001971233,1.392658871,1.352897199,2.001744587,2.699392472,3.042616479,0.379964828,0.002286911,0.164054871,0.007344246,0.027338982,9.54E-06,0.006706238,0.08127594,0.009026527,0.302801132,0.001002312,0,0.014929771,18.18552017,59.31777668,20.76057625,178.1685858
202211_114.2553826_22.7219132.png,0.6123960103530839,0.5659005711729389,0.430646829920542,0.5088328364996801,0.529444062,3.664537753,3.619341532,3.540795669,3.770163658,1.241165225,1.516185372,0.368813515,0.001233101,0.125843048,0.013092995,0.014057159,0,0.000703812,0.310289383,0.005723953,0.116096497,0.034784317,1.62E-05,0.001839638,29.08929348,86.23630428,78.56921196,108.1134043
201312_114.3839314_22.616090400000004.png,0.6877057101102858,0.5598987112348314,0.433698044593486,0.5105704784834033,0.547968236,2.392785206,2.497121108,2.163733351,2.61569301,2.014234992,2.098605521,0.335555077,0.044438362,0.087970734,0.002524376,0.010643959,0,0.000380516,0.348607063,0.001936913,0.146335602,0.013290405,0.000789642,0.002191544,34.70666885,75.97103786,82.13148975,117.8927546
201909_113.9015183_22.709992299999996.png,0.2832371924035252,0.4585507541336547,0.3133145475771971,0.7017940832954302,0.439224144,2.021717189,1.246429348,1.20422472,2.077219431,2.30292803,2.819872593,0.077309608,0.093338013,0.555000305,0,0.00671196,7.92E-05,0.000457764,0.050848007,0.002970695,0.105984688,0.093568802,0,0.011865616,31.14033222,60.34920502,28.34640884,142.0752459
202211_113.8878473_22.7457221.png,0.2758720461240315,0.7684107097671781,0.7532565286498437,0.5117996587957349,0.577334736,3.088465983,2.562387896,2.704446649,3.440695924,1.748547627,1.639185894,0.327929497,0.015057564,0.202318192,0.004668236,0.030694962,0,0.000853539,0.084747314,0.000112534,0.257896423,0.014094353,0.045712471,0.002120972,23.54827881,82.5361805,50.48183727,181.0181475
202212_113.9878482_22.594933299999997.png,0.3985160207059396,0.4480269984658813,0.1823574740606593,0.6264752110634093,0.413843926,1.144152806,1.00162723,0.950179991,0.919090688,3.882185708,4.332570501,0.326040268,0.004167557,0.222760201,0.007742882,0.034726143,0,0.006448746,0.130878448,0.00580883,0.221522331,0.006591797,0.002278328,0.021677971,22.57407188,28.43888187,44.60427952,117.3667774
201601_113.91355756883638_22.578036885096644.png,0.1030133573450032,0.3434293029199729,0.3174219538320273,0.2467147303730191,0.252644836,0.548377513,1.820298646,1.481989982,0.170470995,4.307702025,3.937006639,0.382492065,0,0.007164001,0.031821251,0.019334793,0,0,0.291739464,0.000125885,0.255084991,0.000520706,0,0.010674477,10.09420395,80.02895927,47.23428154,104.6924896
202211_114.0411497_22.561641499999997.png,0.3985842123644473,0.4501667221643603,0.7560590972431057,0.5078608789270689,0.528167728,2.823181161,3.321530228,3.282224192,2.805642132,1.747620799,1.561345942,0.38915062,0,0.064112663,0.01305294,0.001021385,1.05E-05,0.002075195,0.254691124,0.00137043,0.262415886,0.001885414,2.28882E-05,0.009357452,16.78379059,91.54251003,41.18060875,123.8611155
202211_113.8379821_22.8048093.png,0.773777366211902,0.3335644556832998,0.1978870851473604,0.2248242026496799,0.382513277,1.856999959,2.502814415,2.00311487,1.35609713,4.069718221,4.333905199,0.352965355,0.000406265,0.070878029,3.72E-05,0.046788216,8.11E-05,0.00395298,0.361271858,5.82E-05,0.13968277,0.014883041,0.002523422,0.00182724,32.36356258,62.77467346,40.86861515,122.4855633
201312_113.98020260000001_22.706513.png,0.0988571260103997,0.1161658343554108,0.7283764953479908,0.1202328935490707,0.265908087,0.774989451,1.243853718,1.236861126,1.089284012,2.91166,2.224623139,0.320846558,0.01748085,0.218658447,0.011909485,0.017853737,0,5.53E-05,0.089512825,0,0.299960136,0.001347542,0,0.020859718,19.81244087,52.56733799,41.64383698,222.2140255
202212_113.93087370000002_22.545790199999995.png,0.7169946048403854,0.5654088620349491,0.7609616540955948,0.5091539138925159,0.638129759,2.641649024,3.285939188,2.97516661,2.520555325,1.78166896,1.70161318,0.255486488,0.004909515,0.254909515,0.03176403,0.042999268,0,1.72E-05,0.204123497,0.005547523,0.092321396,0.000488281,0,0.088043213,21.80146694,67.84768867,29.76111221,190.8581696
202103_113.8244835_22.775231100000003.png,0.1037889362963058,0.8324040922038248,0.6455161925532261,0.5178831643482723,0.524898096,2.260086952,1.945951784,2.468521073,2.336919663,2.496928719,2.449443595,0.447678566,0.001318932,0.088253975,0.000370979,0.014462471,0.000207901,0.00134182,0.03260994,0.002744675,0.38429451,0.010484695,4.95911E-05,0.006505013,18.55103016,89.0010004,21.75732708,194.7023268
202103_114.2151047_22.555198599999997.png,0.5045090031501648,0.0875739528762281,0.648303018607755,0.2266996717138569,0.366771412,1.498164131,1.656217703,1.372778285,1.346686114,3.340893925,3.488196357,0.241751671,0.002929688,0.144729614,0,0.032395363,0,0.00372982,0.209000587,0.001373291,0.213764191,0.00592804,0,0.143576622,18.46494198,74.062253,30.42200565,119.4806738
201312_113.9569087_22.710923500000003.png,0.0975186410006137,0.252329737355419,0.5320761790706805,0.1171244004893631,0.249762239,2.532009669,3.171017204,3.176524403,2.511081338,1.412275237,1.141770072,0.327515602,0.000938416,0.07833004,0.000873566,2.38E-05,0,0.002463341,0.252696991,0,0.296276093,0.000243187,0,0.034617424,16.09386921,84.96290016,64.56851006,118.1875782
201311_113.9934635_22.605469299999996.png,0.5919258233540668,0.116893345152643,0.8383598347874609,0.1146500340726469,0.415457259,1.334728684,2.667222887,2.064255763,1.25315488,2.420773902,1.74356993,0.004951477,0,0.030378342,0.137456894,0.011444092,0,0,0.458117485,0,0.274264336,0.069485664,0,0.003194809,39.68689442,49.91381073,89.90143108,128.1515369
201902_113.82461400636875_22.737846546103565.png,0.3974224001493028,0.6566184471782608,0.7421796222160274,0.4131103963873642,0.552332716,3.004850603,3.149266317,2.989636232,3.284694989,1.690677057,1.628660702,0.313049316,0.000156403,0.043884277,0.003767014,0.02539444,0,0.00043869,0.275337219,0.003759384,0.237112999,0.000624657,0,0.094820023,25.70583344,71.65685844,59.17717361,106.6720028
201312_114.30882777640898_22.732776127722143.png,0.4015608527031938,0.2482857518096717,0.4328849639673884,0.254901769003677,0.334408334,0.53310539,1.27699243,0.859230339,0.616387287,3.025307197,2.565449302,0.217020988,0,0.020298004,0.096352577,0.085378647,0,0.002784729,0.271375656,0.000294685,0.286836624,9.25E-05,0,0.013392448,25.27466297,43.09916592,52.3619318,157.6505995
202103_113.837714_22.7391328.png,0.2819545454512811,0.4582284832538894,0.5359152086702066,0.8781049853214379,0.538550806,1.985704347,1.028691628,0.929007401,1.98660364,3.205480012,3.738737803,0.358325958,0.006612778,0.344640732,0,0.000557899,0,0.004754066,0.03775692,0,0.163280487,0.01869297,0,0.050979614,30.04088402,62.20936012,24.068717,162.7681379
201312_114.2010636_22.665965500000006.png,0.1043453032634791,0.4621291508093201,0.7292166236246475,0.118064013114401,0.353438773,0.207001086,0.993826479,0.998341395,0.225473375,3.761009632,3.112406795,0.374704361,0,0.107933998,0.015128136,0.018275261,0,0.004665375,0.142044067,0.00480938,0.318609238,9.54E-06,0,0.013315201,19.97148514,52.73629665,52.65655136,150.3824501
201709_114.03886620000002_22.64132529999999.png,0.6030123753270206,0.238840932868289,0.2134845445474731,0.4144177723155765,0.367438906,2.23312786,2.747608864,2.369081387,1.969705111,2.816005517,2.935727582,0.323544502,0.002244949,0.008829117,0.093579292,0.023693085,0,0.001098633,0.328777313,0,0.181184769,0.011037827,0,0.008135796,27.11121082,67.69714737,64.57893181,99.77017117
202103_113.87880600086551_22.78372813730076.png,0.1032919990726822,0.4581657162952398,0.2042589219486042,0.3305798056117073,0.274074111,2.634013964,1.695354246,1.834480029,2.560806576,2.561995933,3.271662083,0.236241341,0.000354767,0.416875839,0.005711555,0,0,0.001067162,0.063304901,0.018131256,0.158345222,0,0,0.069420815,23.24818611,72.42632675,35.61275196,125.7076521
202212_113.95960670000001_22.543149499999995.png,0.0933687114707903,0.7827723642419824,0.660368811251621,0.4019274543136897,0.484609335,1.406976539,1.394111863,1.457076045,1.292524942,3.850606881,3.910864473,0.387377739,0.004489899,0.049659729,0.000967026,0.002658844,0,0.005687714,0.109337807,0.000131607,0.360575676,0.003321648,0,0.062472343,17.90099144,92.74007511,27.50009346,157.3871603
201902_113.773877_22.7270682.png,0.5007549869084217,0.237401923280982,0.3138182726275489,0.6168849498695183,0.417215033,1.540879918,0.815733042,0.708304215,1.409134625,3.168239691,3.782011667,0.000329018,0,0.588383675,0.0164814,0.000929832,0,5.82E-05,0.121710777,0,0.126403809,0.001235962,0,0.14222908,30.84899426,51.32140541,53.62992954,114.8691025
202212_113.8757923_22.514260899999996.png,0.09292356865998,0.3283407040855715,0.6572981596423938,0.3111715074296688,0.347433485,0.701304894,0.84365854,1.225609115,0.687424198,4.312482787,3.985939992,0.385793686,0.000292778,0.076309204,0.000776291,0.007505417,0,0.001788139,0.050862312,0.012216568,0.405971527,0.019817352,0,0.032566071,10.2778101,78.92518044,27.92007732,173.6487083
202212_114.0326051_22.526367499999996.png,0.0926094973054041,0.4485070740689382,0.1823017806952973,0.3996381904196339,0.280764136,1.791619375,1.367011139,1.660043151,1.731525655,3.534053604,3.702160876,0.398031235,0.016361237,0.067613602,0.00074482,0.006032944,0.001642227,0.038902283,0.06494236,0.000624657,0.378037453,0.005140305,0,0.008850098,20.56777954,100.2195873,25.03616714,174.2082815
201908_113.9661899_22.748525599999997.png,0.693147419958338,0.0961389488638247,0.6449304426939748,0.5177955549652856,0.488003092,2.393250764,3.968637591,2.995094922,1.490107908,2.555720968,2.742801725,0.07108593,0,8.11E-05,0.000829697,0.053210258,0,0.000598907,0.630901337,0.001255035,0.060044289,0,0,0.18171978,36.99651718,67.0847435,87.91355038,90.49724007
202211_114.28544010000002_22.781407799999997.png,0.7816844901898492,0.0763693119342619,0.5413686577163073,0.3139109424373901,0.428333351,1.380954966,1.210542059,1.222025254,1.267021821,2.629317937,3.001666196,0.218545914,0.001835823,0.301657677,0.009257317,0.013584137,0,0.001452446,0.149429321,0.024563789,0.238461494,0.002156258,0.000166893,0.016142845,15.17219067,83.55564976,32.71786213,140.5652475
201312_114.4766241_22.591292899999996.png,0.1031725451903448,0.747037023031226,0.4331913155133658,0.2534801894249026,0.384220268,0.689917953,0.984084773,0.635441794,0.931446932,3.662888512,3.135594874,0.441833496,0.001145363,0.062253952,0.002465248,0.016202927,1.81E-05,0.004740715,0.170306206,0.001329422,0.264671326,0.009288788,0.00032711,0.025262833,20.09259224,49.42963123,54.5642786,154.6433115
202211_114.02556840000001_22.630214099999996.png,0.0942532946819298,0.3331454059449845,0.6506585672727263,0.4084554458582574,0.371628178,3.906939811,3.425370726,3.508268105,3.901427715,1.274614871,1.871299881,0.344263077,0,0.126243591,0,0.014738083,0,0.000191689,0.261202812,0.025875092,0.117481232,0.005278587,0,0.052390099,34.10672665,76.82501411,40.23731327,139.7279758
201709_114.08944130000002_22.6905944.png,0.603520306026179,0.0995217430273063,0.4332555554543351,0.3378416884667807,0.368534823,1.476582766,2.545997339,1.846410019,1.311080299,2.278501466,2.076164337,0.065324783,9.44E-05,0.128800392,0.080617905,0.026012421,0,0.000203133,0.526276588,0,0.159892082,0.004906654,0,0.001260757,32.87425518,43.81073475,86.97924519,108.5521727
202202_113.90250819161481_22.798201494461292.png,0.3955798016551285,0.333896205080495,0.3112389023893884,0.8104019944943657,0.462779226,1.703052995,0.969733449,0.899301808,1.846340974,2.879554499,3.060627369,0.115726471,0.000256538,0.397795677,0.012387276,0.009997368,0,0.000312805,0,0,0.207374573,0.002727509,1.91E-06,0.007493019,16.07271194,84.91395283,66.29963779,76.18516159
202212_114.0770361_22.5528905.png,0.6156548219759412,0.0689204562200836,0.3049623312169978,0.7886149974960805,0.444538152,2.042556385,2.414487433,2.002939346,1.81702423,3.150294054,3.26696552,0.218976974,0.001507759,0.039103508,0.003439903,0.02299881,0,0.003611565,0.302097321,0,0.198582649,0.06213665,0.00161171,0.111951828,31.70744419,77.97604847,49.6791172,120.4670134
201907_113.9914866_22.712476099999993.png,0.8810235377948447,0.2365649419257708,0.6448858765076914,0.5177076346785535,0.570045498,2.462202888,3.127441973,2.486453756,2.235095093,1.962932882,2.325767141,0.068351746,0.005997658,0.01143837,0.032804489,0.167797089,0,0,0.533572197,0.006082535,0.027053833,0.130540848,0,0,45.74978828,68.56240082,43.70224953,106.3791418
201709_114.0144989_22.623911299999996.png,0.8339446386111367,0.34252698512489,0.5349439795940852,0.1198852332599528,0.457825209,1.374019242,2.629606537,1.764638311,1.159484512,2.956105547,2.577449026,0.422353745,5.53E-05,0.017439842,0.003686905,0.024506569,0,0.000163078,0.417978287,0.008626938,0.09565258,0.00693512,0,2.86E-05,28.61605167,48.35307789,59.39384079,125.2384968
202207_114.0390344_22.565740199999993.png,0.5052410311579419,0.4564495758430976,0.4306619444207537,0.3257815758600639,0.429533532,2.951463225,3.084664272,2.81580538,2.797042138,2.152082194,2.473242922,0.358150482,0.005599976,0.051916122,0.006652832,0.016716957,0,6.96E-05,0.24811554,0.000551224,0.203146935,0.002266884,0,0.07327652,25.40403843,81.28880119,43.27455902,129.3858404
202211_113.80061823030748_22.772759728708166.png,0.0969793071381645,0.6630805697687788,0.5388429497967308,0.2263921427410809,0.381323742,1.343091103,1.919317632,1.559216903,1.467151801,3.382467287,2.884211914,0.347831726,0.000920296,0.012086868,0.023719788,0.045209885,0,0,0.223369598,0.010044098,0.302491188,0,0.010840416,0.015995979,19.29664135,72.7239418,45.28612614,110.0099411
202211_114.22552806929458_22.72382851725978.png,0.0937255756609285,0.4475380143367595,0.1873643190043291,0.6245413022919769,0.338292303,2.309826731,1.863827059,1.580057902,2.242326124,3.052827108,3.700457754,0.075455666,0.077436447,0.318788528,0.004629135,0.141296387,0,0.000572205,0.200146675,0,0,0.003907204,0,0.171042442,37.29928493,62.52151394,53.71710396,98.3454895
202212_113.822997_22.673369699999995.png,0.5065590734948238,0.9139200883027554,0.6571478285327366,0.7213674557373968,0.699748612,2.372665363,1.836642385,1.862336129,2.563429355,2.782454851,2.772489131,0.292616844,0.000424385,0.184313774,0.000619888,0.030999184,0,0.000304222,0.068881989,0,0.27532959,0.021695137,0,0.107840538,21.78906441,95.41778374,48.65578461,143.3236036
201510_113.9132915_22.4939517.png,0.6889255759846743,0.3440055892052397,0.4324551407602762,0.4177719811867662,0.470789572,1.576895762,1.922629849,1.739222934,1.181916263,3.374549532,3.795628269,0.349366188,0.01214695,0.134404182,0.003304482,0.017077446,0,0.000151634,0.236175537,0.014092445,0.161546707,0.004123688,0.010216713,0.001055717,19.88491058,53.8382206,49.94649029,109.126749
202211_113.9117943_22.665487700000003.png,0.2756086322545017,0.4538952553661058,0.6510139874173692,0.898403290233868,0.569730291,1.737726009,1.75271595,1.529517188,2.116963318,2.84389763,2.419803916,0.31410408,0.005195618,0.100522041,0.000659943,0.032279968,0,0.000865936,0.115689278,0,0.316926956,0.094995499,0,0.004942894,22.00306892,61.32556629,69.68525219,124.6222296
201312_114.56205587873401_22.552096985531563.png,0.6008097534328619,0.3464314430194488,0.6402316929052978,0.6107191287797256,0.549548005,1.331142732,2.079335041,1.541074847,1.418967445,2.610190964,2.242863457,0.241152763,0.024476051,0.043340683,0.005608559,0.029225349,0,0.000235558,0.355282784,0,0.24557209,0.002858162,0,0.050310135,34.44937706,59.93551826,63.86806393,129.4977512
202211_114.02076763342716_22.6417675560083.png,0.5066039438716169,0.6659225113123534,0.5396609880052439,0.5092158498071571,0.555350823,3.954175667,3.540484828,3.524634851,4.076780036,1.127151221,1.58569623,0.28600502,0.019155502,0.173594475,0.002408981,0.023146629,0,0.000389099,0.289492607,0,0.072341919,0.01252079,0.000619888,0.048268318,39.13486004,79.47536755,65.53236103,121.8174849
202212_113.9776265_22.5282479.png,0.5092166486710397,0.4484829778369762,0.4239611158183834,0.31079384899954,0.423113648,0.915384613,1.821331885,2.159599202,0.389963955,4.203288286,4.06766807,0.436946869,0.012564659,0.006793976,0.001303673,0.01417923,5.05E-05,0.001743317,0.137797356,0.005962372,0.367980003,0.001356125,1.24E-05,0.00511837,10.30674934,95.24627972,25.24264526,147.1354399
201601_114.03942740028948_22.59325947934857.png,0.1039153133046408,0.2419078383789263,0.2154392621160805,0.1193407729014266,0.170150797,0.997124753,1.526503655,1.248692611,1.063410064,3.80041108,3.275085911,0.258152008,0.00014019,0.013180733,0,0.001972198,0,0,0.213524818,0.003554344,0.291981697,0.05668354,0,0.000945091,16.10432625,77.26015472,80.20009518,104.799634
202211_113.8992378_22.5719486.png,0.0949257792072531,0.5651797982678917,0.4308552966529375,0.7128739602607193,0.450958709,2.448636475,1.547071968,1.541342998,2.544918377,3.366695037,3.608564534,0.385817528,0.001508713,0.273200035,0.000130653,0.015061378,0,0.008493423,0.007772446,0,0.250817299,0.006724358,0,0.035902023,23.95440102,104.3690567,28.93591881,135.412097
202211_113.996054_22.668308199999995.png,0.0945796852552429,0.2221833896457444,0.0784929926006802,0.3198146352104587,0.178767676,1.466619118,0.580487374,0.530274558,1.325478792,3.649278369,4.212204836,0.00444603,0,0.780755043,0.004328728,0.007679939,0,0,6.77E-05,0,0.031560898,0,0,0.171152115,18.66508484,32.96665096,29.63375854,157.7443752
202211_114.216765_22.6974888.png,0.3993309800223841,0.4469218552363561,0.7585000618949721,0.6250072903077645,0.557440047,2.241960639,2.219499331,2.54474045,2.441275854,2.288349866,2.02782716,0.398832321,0.00019455,0.072809219,0,0.027056694,0,0.004817963,0.069186211,0,0.378709793,0.00343132,0,0.029982567,14.3105793,99.1082077,54.8086462,147.7360868
202212_113.931886_22.7478105.png,0.0933681190381407,0.6723246788103763,0.5429416447659154,0.8361130149173723,0.536186864,2.640865623,1.981718595,2.236847404,2.667699186,2.643012427,2.927735301,0.376560211,0.011520386,0.187334061,1.72E-05,0.001014709,0,0.010513306,0.076146126,0.000533104,0.261105537,0.007670403,0.036626816,0.012652397,24.48357582,79.46667576,19.7584095,181.0102215
202211_113.82747384253616_22.615966911644556.png,0.5068676530398527,0.5647884083253908,0.5391994736981386,0.3236172833042851,0.483618205,3.219916079,3.89598032,4.314156128,3.349970984,0.842380772,0.118700642,0.179184914,0,0.024668694,0.006182671,0.041934967,0,0.002322197,0.258408546,0.015921593,0.303523064,0.004681587,0.003560066,0.159130096,30.49248219,88.67838478,63.2494688,173.2208033
202211_113.80912177043206_22.61110371298426.png,0.2778464531744905,0.7652145715091214,0.5391310325344293,0.5145885441735257,0.52419515,1.554833828,1.641849226,1.931767817,1.920749515,2.470166452,1.799905248,0.147442818,0,0.022139549,0.031772614,0.157586098,0,0.009840012,0.027105331,0.002352715,0.489713669,0.046271324,0.001198769,0.029835701,21.20201111,88.73296165,75.79200077,166.1739244
202211_114.01569978609133_22.728512338937833.png,0.3967648413614756,0.3335678693849616,0.0783496694026655,0.0963378309286433,0.226255053,1.786170393,2.054026543,1.927264175,2.094746867,3.162346735,2.579330498,0.324520111,0.005576134,0.161632538,0.033931732,0.015608788,0,7.72E-05,0.140271187,0,0.316052437,0.000638962,0.001239777,0.000440598,17.26286888,68.1944809,50.56025982,122.815815
202212_114.0910387431752_22.549649716591308.png,0.8338494587501443,0.5630927540750478,0.6611487888513223,0.5102159348662405,0.642076734,2.291509871,1.717224601,1.731065504,2.228011592,2.969400863,3.37081241,0.309069633,0.00122261,0.149633408,0.024352074,0.029698372,0,0.022642136,0.177752495,0.030471802,0.218266487,0.002263069,0.001891136,0.009745598,28.91055107,81.66954422,39.04027271,127.5711985
202211_113.8722763_22.551879099999997.png,0.0952273622028946,0.6639887433608017,0.8205760774938333,0.4092948112763798,0.497271749,1.163207431,1.25669958,1.568217296,1.050258789,3.918953789,3.8699234,0.375149727,0.008610725,0.085341454,0.004640579,0.039681435,5.53E-05,0.003118515,0.082588196,0,0.38048172,0.001267433,4.86E-05,0.007699013,14.1726923,94.73673439,26.37017345,140.3578424
201312_114.1943834_22.631455699999997.png,0.1034376406426129,0.2517701023435908,0.3217013358258102,0.2554260892083754,0.233083792,2.851642607,2.786598292,2.815504191,3.105079454,1.947583344,1.881834284,0.306401253,0.000589371,0.068375587,0.042004585,0.060128212,0,0.001784325,0.190502167,1.05E-05,0.230735779,0.002687454,0,0.09452343,22.45028973,76.57842064,49.23936653,133.8985357
201708_113.9153991_22.566538199999997.png,0.2863187540017506,0.4614424323366387,0.3154359335794634,0.1214233844954347,0.296155126,0.893877905,0.595122132,0.495672622,0.805657925,4.050164122,4.257490795,0.262569427,0.02392292,0.276217461,0.000173569,0.00144577,0,0.0007267,0.174362183,0,0.173157692,0.010227203,0,0.002024651,22.71244526,40.67434788,36.40479946,161.4294205
202103_113.96428759537906_22.525885213125715.png,0.2812364962597038,0.2305671831369286,0.3121345158047511,0.4110187537386466,0.308739237,2.389735265,2.645134582,2.619733184,2.202773748,1.419073198,1.695197167,0.206296921,0.013460159,0.106119156,0.01024437,0.013886452,0,0.009417534,0.267770767,0.081516266,0.201720238,0,0.014778137,0.008843422,34.2361021,40.8134222,52.06377602,160.3777199
202211_114.1347208_22.689938899999998.png,0.0934879701770285,0.6677371477337585,0.3060843792586868,0.5079210930308251,0.393807648,1.611070793,0.894281389,0.882969113,1.546517632,3.653486853,4.021406625,0.31330204,0.019238472,0.239261627,0,0.042261124,0.000105858,0.006899834,0.065432549,0,0.243684769,0.008429527,0.012933731,0.01313591,18.43600273,79.78818321,28.12680435,138.0074329
201312_114.38093593859112_22.72336363860997.png,0.4964904550251478,0.6505472281629853,0.3201572970378481,0.4150646268357031,0.470564902,1.801791983,2.192583057,1.893202697,2.021239507,1.990367467,1.781177607,0.239360809,0.012935638,0.117436409,0.027626038,0.060616493,0,0,0.310173988,0.001677513,0.177751541,0.002896309,0,0.049151421,40.58960438,47.05466938,54.6989584,143.5970726
201601_113.9205707480704_22.555670959071687.png,0.2870629617921872,0.2426350170982145,0.8017380066621179,0.3395860456642939,0.417755508,0.441455043,1.52304291,1.118644375,0.309176386,4.363695647,3.754911599,0.412084579,0,0.025213242,0.000784874,0.017523766,2.96E-05,0.000750542,0.266525269,0.042734146,0.216833115,0,0,0.016263962,20.6280899,46.39390087,50.82339096,131.8987484
202211_113.83840317386104_22.70831987854843.png,0.3965111880670969,0.8405886627279266,0.1978965234574714,0.1008130670195146,0.38395236,3.472864632,3.173216065,3.238650341,3.891575504,1.577107341,1.402939283,0.081932068,0.030441284,0.167510986,0.000212669,0.100894928,0,0.001429558,0.178284645,1.91E-06,0.28944397,0.001609802,0.093399048,0.006944656,35.82605839,69.53843594,53.36182308,175.6624622
202212_113.9620692_22.54229159999999.png,0.5094223364613998,0.4480340700425627,0.90384960639783,0.6265366588150907,0.621960668,1.407045392,1.495349285,1.236314892,1.149498564,3.663450493,3.999973582,0.363710403,0.009353638,0.086946487,0.03662014,0,0.000167847,0.006260872,0.252529144,0.02055645,0.197323799,0.004155159,2.96E-05,0.003862381,23.54195595,72.79474831,45.15865326,122.2741671
202103_114.0492532_22.503914999999996.png,0.2804025539094782,0.6611646867468413,0.2015030523073071,0.4104172809902178,0.388371893,1.494926846,1.3140407,1.306700209,1.382777302,3.169453884,3.418279605,0.272497177,0.005617142,0.201118469,0.0258255,0.071731567,0.001988411,0.029531479,0.157607079,0.02763176,0.198755264,0.000872612,0,0.001907349,20.78251362,64.57555008,53.78337669,103.3563643
202211_114.23443416997084_22.70443946701597.png,0.3989434798657156,0.5659762726039026,0.8260418493437606,0.6244003105030903,0.603840478,2.069079943,1.361945848,1.791373162,2.040780804,2.427289156,2.819399504,0.347788811,0.012396812,0.134407043,0.028711319,0.035969734,0,0.002152443,0.067587852,0.02493,0.317487717,0.003133774,0,0.014431,22.22436905,73.97555161,28.63103771,148.3186483
202211_113.79873311776561_22.754680687830483.png,0.6103427721553395,0.663038398644397,0.1995603094510863,0.4089970709550021,0.470484638,2.223213049,2.703275656,2.088316602,1.829407262,3.189770041,3.563836234,0.347348213,0.000237465,0.064652443,0.006550789,0.072908401,0.000324249,0.00524807,0.396195412,0.006587982,0.06221962,0.006745338,0,0.024755478,31.46668911,72.80295944,44.60532951,105.7791729
201709_114.0018234_22.667901699999994.png,0.2858364154323281,0.3423099881780466,0.0904933289860625,0.6980746532101785,0.354178596,2.051272675,1.09041917,0.982816194,1.966129177,3.259602816,3.975766477,0.257717133,0,0.515758514,0,0.058728218,0,8.39233E-05,0.014526367,0,0.083292961,0.010744095,0,0.055233955,24.31650639,50.12892342,57.17999935,93.49770355
202103_114.08177436810324_22.71047882066633.png,0.3957484014477577,0.5651033427914589,0.3126090498534005,0.3284884065507354,0.4004873,1.73192956,2.054142177,1.486880346,1.364222545,3.995811819,4.412909454,0.3519907,0.002785683,0.112636566,0.004245758,0.00049305,0,0.000425339,0.413263321,0.016598701,0.051865578,0.016418457,3.72E-05,0.011432648,28.06620598,44.92895889,64.68892765,76.68331051
202211_114.3404670682303_22.697019432676996.png,0.0951766458686418,0.3305261349386076,0.3033433090466372,0.4056760910493522,0.283680545,0.557325181,0.383027673,0.612609829,0.614867595,4.536981006,4.443857037,0.362732887,0.001193047,0.140953064,0.029356956,0.019799232,0.00014019,0.002923965,0.030438423,0.000714302,0.368372917,0.030320168,0,0.00553894,18.7757349,74.65720463,23.54713535,152.064146
201312_114.2148053_22.727966299999995.png,0.4012498333905287,0.55833961764541,0.2216839797548747,0.2555753998142859,0.359212208,1.71565787,1.521132024,1.227359293,1.985706858,2.288095847,2.261399351,0.377061844,0.003359795,0.185513496,9.54E-07,0.064108849,0,0.0013237,0.163048744,0,0.19425106,0.000684738,0.008395195,0.001616478,25.64163208,57.89568233,55.58992767,143.9553909
202211_114.0314997_22.736269000000007.png,0.0935446031688688,0.2204659309441372,0.4309931806136429,0.3194974977302655,0.266125303,1.200139779,0.727067028,0.893002384,1.256443749,3.855584288,3.82126804,0.333769798,0.002142906,0.140625954,0.040046692,0.061898232,8.87E-05,0.00419426,0.033040047,0.003347397,0.342014313,0.000730515,0,0.029179573,23.87512207,91.26609802,22.30502701,166.0215864
202211_113.81788238289876_22.73720803948338.png,0.2778220469931822,0.4558894780951792,0.539431826272603,0.8109415790632266,0.521021233,2.393252365,2.597078081,2.094384155,2.523463571,2.491606081,2.676863948,0.343010902,0.003040314,0.186951637,0.000998497,0.015721321,0,0.00141716,0.232305527,0.000314713,0.118103981,0.017474174,0.02510643,0.038806915,30.61431885,65.10720539,72.45013714,94.422719
202003_114.0251856_22.63805.png,0.7658567551978138,0.5652941006819714,0.6454371444158564,0.6174544258122129,0.648510607,2.873591054,2.940916541,2.904507264,2.496670851,1.987480571,2.606392049,0.245825768,0.000138283,0.151604652,0.010239601,0.060647011,0,0.003089905,0.148544312,0.098650932,0.238910675,6.77E-05,0,0.041615486,22.50233173,56.89285564,37.19207764,146.7119036
202211_113.9905027_22.681737499999997.png,0.0942476156322431,0.3331946438226048,0.4305147365246024,0.4089256581249916,0.316720664,1.834159628,2.097423984,1.851896273,1.62818819,3.239503899,3.387040633,0.174004555,0.000295639,0.051594734,0.000263214,0.054213524,1.24E-05,0.004691124,0.180189133,0,0.321900368,0.00676918,2.48E-05,0.194975853,17.212286,96.55489635,30.38077354,121.4547148
201709_113.96211397355088_22.531719062555634.png,0.8339212016150801,0.3427990597865129,0.4330427654007731,0.6142694309982905,0.556008114,2.464056711,3.783853731,3.131901054,1.762284128,1.841734739,2.12937894,0.325844765,0,0.154520988,0.002764702,0.018935204,0,0,0.43100071,0.057238579,0.008922577,0.000276566,0,0.000267982,28.39523792,40.8074255,78.12312984,113.0372639
202212_113.9356375_22.5753551.png,0.6164161846935539,0.5662673606499189,0.6607329203422817,0.6264234070548685,0.617459968,4.761064603,3.770894656,4.007607284,5,1.663102222,1.8090589,0.128294945,0.002272606,0.238211632,0.013532639,0.238491058,0,0.000734329,0.16999054,4.39E-05,0.156381607,0.010519028,0,0.010797501,36.40970707,88.09725285,65.51263237,141.9883308
201709_113.9639129_22.534823.png,0.3990176745779575,0.8244871410243402,0.3150916957926291,0.6142992311762554,0.538223936,2.404635902,1.563831424,1.323931403,2.33329695,2.922155218,3.741173586,0.244016647,0.002436638,0.596618652,0,0.000267029,0,4.67E-05,0.107000351,0,0,0.016207695,0,0.023318291,41.91254139,62.85992336,46.89521217,121.9655724
202212_114.05823080000002_22.540602100000005.png,0.7908282610970168,0.4487379291301382,0.6602009187556858,0.8426489933393513,0.685604026,3.811474535,3.15367978,3.42623534,3.905994388,1.178591128,1.609648579,0.41323185,5.82E-05,0.217671394,0.009626389,0.042234421,0.00011158,0.006646156,0.165981293,0.008406639,0.124847412,0.002230644,0,0.001159668,33.91606808,81.91646481,23.2121048,170.3765478
202211_114.0294217_22.556639199999996.png,0.506276674701385,0.4505461772493752,0.0788014697019397,0.5075311249190735,0.385788862,2.172489316,2.356418404,2.297276267,1.972503008,2.900228637,3.009706204,0.405181885,0.013688087,0.115838051,0,0.006639481,0,0.001972198,0.187797546,0.000319481,0.225164413,0.001062393,0.000243187,0.033659935,21.39096737,93.44101238,32.236063,130.4841757
201601_114.10467809451235_22.63798504103764.png,0.2863107011721065,0.1041222792165281,0.7379779123698241,0.120459665539921,0.31221764,1.173269755,2.642771452,2.747887134,0.59323687,3.287934314,3.148152257,0.404904366,0.01521492,0.004041672,0.002467155,0.00518322,0.000207901,0.001062393,0.21936512,0,0.328294754,0.0017519,0,0.012208939,15.36114693,85.6728754,34.31188583,152.0119915
202211_114.27840400000001_22.694100599999995.png,0.3993351607371075,0.7747280186003709,0.4300961734674228,0.5079194118405321,0.528019691,3.741693774,3.368039696,3.434930491,4.06672472,1.456708525,1.447947041,0.24365139,0.003574371,0.169904709,0.001342773,0.128583908,0,0.001454353,0.200768471,0.009251595,0.165697098,0.026586533,0,0.000329018,25.83982944,74.24973202,58.31144238,135.3185921
201404_113.90790824772574_22.65900936607576.png,0.6025473149002624,0.1094911868030041,0.4319846047239771,0.1220110894408382,0.316508549,1.533121763,2.417068713,2.117224633,1.19637193,3.01760423,2.874630388,0.292159081,0,0.02096653,0.00866127,0.014296532,0.0002985,0.000141144,0.233769417,0.001853943,0.363131523,0.004696846,0,0.054149628,27.46310234,50.51286888,35.545825,155.9876595
201709_113.8659685_22.5899967.png,0.9045745497545828,0.1015734223670959,0.6423138723290299,0.6141350452232421,0.565649222,1.534918342,3.013931005,2.051910068,0.883139034,3.259857816,3.14164037,0.276778221,0,0.02936554,9.54E-07,0.003548622,0,0,0.628125191,0.003540039,0.013381004,0.045032501,0,0,24.03100491,37.81422615,91.31025505,83.84186745
202103_113.8871678_22.50216539999999.png,0.3964611482428752,0.4582947936702654,0.312297187820095,0.516850139283674,0.420975817,2.663476578,2.253362521,2.24766932,2.696379027,2.271684625,2.599718558,0.340831757,0.002403259,0.094631195,0,0.019705772,0,0.00467968,0.225237846,0.008716583,0.241330147,0.005206108,0.005893707,0.022055626,31.68409824,42.80838203,27.41390324,170.3859434
202211_113.8704171_22.562697100000005.png,0.0948969058850222,0.3329762295080311,0.539790593419432,0.5123326778062088,0.369999102,2.753281108,2.519508487,2.606589116,2.587121919,2.664109277,3.044488741,0.324666023,0.005472183,0.216291428,0.003296852,0.001932144,0,0.002915382,0.110962868,0.00406456,0.235066414,0.010597229,0.000684738,0.069543839,23.99671555,92.72232819,30.64363289,136.8192654
201404_113.9381102174492_22.67214804135569.png,0.2878815269719582,0.2432947746847085,0.534214907179229,0.2479683882164152,0.328339899,1.106521121,2.329739048,2.152813336,0.603957477,3.45302387,3.237915319,0.337255478,0,0.022350311,0.008943558,0.004040718,0,0.000862122,0.215157509,0.000193596,0.350323677,0.000106812,0,0.045695305,24.09326077,39.71807957,34.62902927,158.4876337
202211_113.84852700762849_22.610222404648848.png,0.6106781721933165,0.3339060054141566,0.7517023375752752,0.5133573735653887,0.552410972,4.064780963,4.716051451,4.529827477,3.918166318,0.427378063,0.389888882,0.058872223,0,0.052808762,0.082850456,0.025888443,0,0.000850677,0.333792686,0.049319267,0.134099007,0.004714012,0.000221252,0.099485397,35.00360012,78.8388195,72.08253384,132.9405003
202212_113.7773688_22.700072399999996.png,0.2650885965487873,0.6696573464594384,0.7601218808842559,0.4037461249494933,0.524653487,1.176579295,0.846534254,0.843230451,1.406769727,3.513903688,3.194536789,0.431951523,0.004304886,0.118970871,0.000230789,0.018233299,0,0.000747681,0.030778885,0.001633644,0.350737572,0.003237724,4.01E-05,0.025622368,17.24146843,59.37541199,39.37873363,153.9241791
202211_113.7885606_22.738446.png,0.2777599196965962,0.6624274727614758,0.4305843017333838,0.708394906197036,0.51979165,2.681026048,2.064498983,2.204241401,2.96227997,2.142797246,2.069528525,0.4196558,0.002222061,0.205160141,0,0.014722824,0.000769615,0.00103569,0.040852547,0.007299423,0.266911507,0.009552002,0,0.026707649,17.27624416,70.78203583,31.96910572,176.8640862
202212_113.909758_22.487155499999997.png,0.8295316099078545,0.5655808442890021,0.7613389449049283,0.8822717333995834,0.759680783,3.796115947,2.795715817,2.930263556,3.933328056,1.875829731,2.358728493,0.278071404,0.011798859,0.338494301,0.026590347,0.018296242,0.000457764,0.00193119,0.143796921,0,0.138272285,0.020295143,0,0.018446922,29.36628342,89.44729805,56.08396721,114.4172401
201601_114.0712346_22.5696774.png,0.1042883295447539,0.4623909474950174,0.5334371363614353,0.2447655885874032,0.3362205,1.284074404,2.035525918,1.823490494,1.36242958,3.533712787,2.883332721,0.40752697,6.10352E-05,0.014435768,0.003311157,0.000220299,7.53E-05,0.009523392,0.221274376,0.00919342,0.28758049,0.02163887,0.002630234,0.014922142,22.79294014,66.30779076,57.17959785,141.0380373
201902_113.84040741380237_22.715501429259064.png,0.6932980132709264,0.3409974481259797,0.2107111526367149,0.6173933173477663,0.465599983,2.641036154,2.388708528,2.03030414,2.567784126,2.487640338,3.302032748,0.221605301,0.004425049,0.187135696,8.7738E-05,0.034115791,0,9.44E-05,0.337014198,0,0.036545753,0.000355721,0,0.173967361,28.58492374,69.77644444,36.40077972,105.6515627
202101_113.80447898228654_22.773616876535506.png,0.1001228043173425,0.2354094118415115,0.4325431211150137,0.1123178712504717,0.220098302,3.54367058,3.069763032,3.00861436,3.540311123,1.499427672,2.146922602,0.367015839,0.00280571,0.192523003,0.00235939,0.006976128,0,0.014374733,0.304470062,0.000163078,0.04086113,0.007456779,0.000304222,0.041934013,36.90945625,86.42995262,36.9027586,145.6909943
202211_113.8452123_22.763892499999994.png,0.2764970314152487,0.4549309476100155,0.3088327103119123,0.7109543261112103,0.437803754,2.023332029,1.426579777,1.241212958,2.093630587,2.547690915,3.04421326,0.34599781,0.013843536,0.28293705,0,0.017642975,0,0.000202179,0.157921791,0.038962364,0.119198799,0.002131462,1.24E-05,0.000753403,28.59635353,43.67193699,38.75209618,135.5564919
202103_113.92463050000002_22.500260399999995.png,0.6088078247841585,0.7617990003393922,0.2032668569154194,0.5154577587654915,0.52233286,2.744226559,2.278969488,2.156493067,2.741345281,1.760760418,2.46438066,0.133748055,0.017565727,0.36537838,0.016551018,0.168476105,0,0.0225811,0.239713669,0,0.000741959,0.030092239,0,0.005098343,32.58607864,54.42491913,25.73475075,179.159627
202211_114.0132668_22.726755799999992.png,0.094169415226993,0.0798227827915766,0.1937264686689785,0.5098050548462324,0.21938093,0.705400037,0.481764435,0.328273242,0.941392299,3.934439164,3.502692988,0.274616241,0.025995255,0.134776115,0.026127815,0.093989372,0,0.00620842,0.032752037,0,0.365591049,0.020767212,0,0.001349449,19.702034,62.49577999,45.33207703,202.5465965
202211_113.9858528_22.704467899999997.png,0.2749917373582956,0.0803176227860351,0.6511677013596634,0.6237347612224046,0.407552956,1.984434973,2.521040182,2.204157895,1.702092965,3.145150407,3.158612138,0.442116737,0.012491226,0.034707069,0.00083065,0.025458336,0,0.000739098,0.237859726,0.000583649,0.228617668,0.005979538,0.00079155,0.001861572,15.94479561,88.42212868,44.7240696,114.4083748
202211_114.2071742_22.712280299999996.png,0.0940252671908469,0.6689649776618295,0.6527044628128393,0.5078742899179421,0.480892249,2.172423666,1.919242561,1.917548105,2.587115122,2.80491399,2.343113194,0.294452667,0.004013062,0.139886856,0.033948898,0.032183647,0,0.001055717,0.017541885,0,0.376200676,0.017410278,1.24E-05,0.021958351,18.13931465,70.52657509,63.43951702,131.1466827
202211_113.9984381_22.681373299999997.png,0.0949097682474278,0.4531540684316643,0.539597409044464,0.6240972194952493,0.427939616,2.134307209,1.820489957,1.81552298,2.023076251,3.458007162,3.727241312,0.34931469,0,0.198028564,0.039216042,0.00409317,0,0.00031662,0.095584869,0.013183594,0.257216454,0.002337456,0,0.039811134,23.16793442,86.43476868,28.80416679,128.1744242
202212_113.78080880458923_22.697984700257628.png,0.6138895056880751,0.914045044422926,0.4290389666264398,0.5082418314685481,0.616303837,2.923559007,2.623977,2.561555534,3.113872158,1.786209189,2.003932378,0.239429474,0.00037384,0.138636589,0,0.028152466,0,0.010027885,0.171385765,0.031990051,0.198482513,0.001092911,0.021254539,0.051472664,24.70609188,63.79106522,49.10838604,127.8537436
202211_114.35772670303169_22.751752755502764.png,0.5087343300748826,0.6693805701813013,0.4305770695249279,0.6241312791600044,0.558205812,2.839107385,1.944006389,1.977747529,2.981112798,2.382982878,2.710415616,0.32495594,0.011039734,0.320301056,0.015158653,0.001141548,0,0.001972198,0.056434631,0,0.203363419,0.013014793,0,0.047891617,21.80462837,89.26247406,36.80590248,121.7754488
201601_114.1115713_22.576595899999997.png,0.1046356581823202,0.3434747500331935,0.2154531376350578,0.2441968327285147,0.226940095,1.587164444,1.582740904,1.769006357,1.609076892,4.354470035,4.078184889,0.343061447,0.000662804,0.033038139,0.002214432,0.013248444,0,0.002950668,0.104792595,0.001512527,0.329920769,0,0,0.051096916,13.80280495,100.8447618,45.0411644,120.5785532
202212_113.7951026_22.699638300000004.png,0.3980658710104452,0.7773992043570139,0.4289534971449915,0.4040163825012983,0.502108739,1.24196208,1.146216688,0.925272945,1.55019392,3.265792945,2.827301353,0.359347343,0.012319565,0.131253242,0,0.014858246,1.90735E-05,0.000992775,0.090143204,9.54E-07,0.342188835,0.014857292,0.007554054,0.005811691,22.37101078,60.90358162,35.45610619,200.3490372
202103_113.81288850694662_22.667950333592696.png,0.1030863803150635,0.3376931414145491,0.0897303941044327,0.1105689043211031,0.160269705,0.456773001,0.169032619,0.266791435,0.578346806,4.282347163,4.000530404,0.255551338,0.019505501,0.154214859,0,0.110573769,3.8147E-05,0.000228882,0.004538536,0,0.335835457,0.003629684,0,0.023399353,22.97703266,47.29774284,20.84174919,196.0545835
202212_113.9088971_22.5624485.png,0.2624590674953981,0.4473175242323257,0.426691301736867,0.6268500715266726,0.440829491,1.879158967,1.571351061,1.368569954,2.083265015,3.17189502,3.104343342,0.377141953,0.000884056,0.152338028,0.000109673,0.066430092,0,0.001340866,0.125950813,0,0.216153145,0.004786491,0,0.052650452,26.05967045,64.8573513,42.9193182,136.0210934
202103_113.7901657216306_22.72398358775932.png,0.1023950982586145,0.5651481917362925,0.2062903967426606,0.2339638657997031,0.276949388,2.313867832,2.020757263,1.746249993,2.320388963,2.568500399,3.060720313,0.052472115,0.004735947,0.262266159,0.033141136,0.002552032,0,0,0.306817055,0,0.070324898,0.064139366,0.05172348,0.088582993,26.10076904,64.35223866,49.18730068,116.2155838
201606_114.2378517_22.5992506.png,0.1054102740088209,0.2409468201146674,0.6424999397681735,0.1199099465072621,0.277191745,2.206236819,2.335365356,2.444522458,1.951655919,2.653359058,2.890375473,0.320643425,0.009649277,0.058052063,0.006649017,0.014791489,1.91E-06,0.004563332,0.154325485,0.035115242,0.351795197,0.005965233,0,0.021720886,17.845788,67.34391785,28.26518726,166.5578642
202212_113.8943005_22.776301499999995.png,0.0937529489575127,0.5661979240684518,0.8985186529733227,0.6263339069554175,0.546200858,1.196415721,1.092230567,1.408990648,1.171305606,4.045055292,3.965037814,0.435767174,0.000484467,0.103587151,0.003115654,0.003525734,0.00019455,0.003507614,0.030808449,0,0.378921509,0.005521774,0.000354767,0.024321556,14.46743488,105.5067644,31.29689407,136.4864025
202211_113.9227536_22.727050399999996.png,0.5065669772343403,0.4536845722352537,0.5395437533864802,0.5105355409707805,0.502582711,3.465347662,3.359366948,3.550147111,3.574062602,0.729153835,0.878870316,0.172465324,0.001073837,0.183582306,0,0.175697327,0,0.00780201,0.242202759,0.003900528,0.10945034,0.016716957,0.047483444,0.004433632,35.37835121,59.42890453,48.54187965,166.4421406
202211_114.059173_22.6942178.png,0.506638827745173,0.5660012969768947,0.6523537689962273,0.7691463802427104,0.623535068,3.282993294,2.711940331,2.739370346,3.374953747,1.612224786,2.108887051,0.36528492,0.011152267,0.231016159,0.008756638,0.022554398,0.00050354,0.004143715,0.123697281,0.000680923,0.184004784,0.002131462,0.000143051,0.013040543,23.06287766,96.40607166,37.96892929,122.8370714
202211_114.3216382_22.723274800000002.png,0.7142220018206142,0.2133871873033478,0.8276762516601431,0.2140584267489038,0.492335967,1.555460309,2.02459518,1.947434289,1.170098968,3.052984031,3.313244548,0.110599518,0.000219345,0.13222599,0.043200493,0.141590118,0,0.006715775,0.120901108,0.006931305,0.286250114,0.099864006,0.001046181,0.042834282,14.10070896,74.30312538,43.15516853,139.5868092
202211_114.1182373_22.5657563.png,0.6113064753420144,0.848505983855003,0.540507497018079,0.5076448424466671,0.6269912,3.230235199,2.970490176,2.731926162,3.231875992,2.233321322,2.728638349,0.252717018,0.01199913,0.083122253,0.011723518,0.023932457,0,0.002692223,0.336654663,0.002678871,0.120515823,0.00069046,4.39E-05,0.050012589,37.73848057,73.73480606,35.21430874,137.3675089
202211_114.2197791_22.7005555.png,0.5067128357962837,0.566870919420996,0.4314128175590864,0.507797309898179,0.503198471,1.237035499,1.21679053,0.906731398,1.382479641,3.442787085,3.309088897,0.386461258,0,0.080314636,0,0.055282593,3.15E-05,0.001328468,0.227374077,0.008789063,0.235598564,0.001683235,0,0.001565933,27.78094769,54.71238518,35.60767651,150.4683466
202211_113.9570976_22.583883199999995.png,0.2752538404280502,0.9017137732911704,0.0781046758112067,0.509793615842781,0.441216476,1.654827179,1.27247867,0.964162765,1.501814055,3.647121656,4.190521432,0.348724365,0.010968208,0.257129669,0.002372742,0.031603813,0.000138283,0.00466156,0.229640007,0,0.08784771,0.016219139,0.001722336,0,22.80412674,33.34365654,49.78769779,89.65361977
202211_113.79055882943925_22.672146498544933.png,0.887501598869067,0.0861386964304338,0.8178042738739902,0.1027397751689425,0.473546086,0.52091043,1.604774722,1.766848784,0.034331209,3.576210035,3.468210214,0.089305878,0,0.253043175,0.00064373,0,0,0.026341438,0.173634529,0.001229286,0.434724808,1.05E-05,0,0.006557465,11.07570648,74.499506,37.61203766,159.7212448
202211_114.2690539_22.690821300000003.png,0.0938658682345991,0.2146904844363487,0.6543670255848975,0.406020819357481,0.342236049,2.636244076,2.522234461,2.315987866,2.974383132,2.53602858,2.373323092,0.089884758,0,0.15884304,0.029899597,0.127635002,0,0.004945755,0.172338486,0,0.187477112,0.001087189,0,0.085474968,28.53263855,65.07142448,56.68331051,148.84624
202211_114.1079496_22.572552100000003.png,0.0930485590362808,0.6684450620762203,0.3053821543105181,0.8177857616879521,0.471165384,2.283661847,1.601227605,1.554182026,2.513320695,2.399754533,2.463711636,0.280087471,0.0768013,0.403611183,0.006547928,0.018852234,0,8.58E-06,0.043110847,0.002040863,0.122343063,0.003472328,0,0.001084328,29.60971355,61.17498112,33.23291969,184.3769436
202211_114.0078292_22.639066599999996.png,0.507041691736728,0.6660162470041024,0.307378651435079,0.6237154590205913,0.526038012,2.900129023,2.010464025,2.120970844,3.073283864,1.768984419,2.036661791,0.411362648,0.002729416,0.373269081,0,0.033128738,0,0.000540733,0.045139313,0.004219055,0.123653412,0.000221252,0,0.003466606,24.45269108,64.69681168,24.67996979,177.6148891
201601_113.9367483_22.5688907.png,0.1034155242301453,0.56255500284576,0.5335194798656585,0.1190389379593652,0.329632236,0.762347347,1.04363545,1.083836411,0.81672477,4.406708289,3.989571477,0.409396172,0.000967026,0.04005909,0.019101143,0.049956322,0,0,0.108569145,0.001220703,0.353266716,0.005989075,0,0.007845879,12.43196011,68.17692375,33.98333073,145.0340824
201902_113.8125536_22.742092199999995.png,0.1035623038966253,0.5645272745719225,0.7422061460638889,0.2371696108441021,0.411866334,2.907812921,2.656480029,2.922092547,3.158169924,1.616743438,1.512931731,0.365746498,0.018592834,0.152341843,0.000283241,0.043029785,0,0.000729561,0.08142662,0.00015831,0.272008896,0.003472328,0,0.059622765,16.67192459,100.8595514,52.52920818,110.3077927
202211_114.0191639_22.662296299999998.png,0.2743367663502258,0.5655514157040102,0.5396480906499878,0.7151507196575485,0.523671748,2.818274595,2.688110455,2.633312212,3.054269921,1.599697658,1.681693186,0.221007347,0.000130653,0.280117035,0,0.00041008,0,0.005843163,0.14328289,0,0.138875961,0.014228821,0,0.191307068,24.15819168,72.66944885,34.04691505,185.1749601
202211_114.10629653022042_22.69430970272127.png,0.5058880856294685,0.4482855434129733,0.5402275285626086,0.5083369036210116,0.500684515,2.846880952,2.165885741,1.910437944,2.939014407,2.895652365,3.471805693,0.317444801,0.007535934,0.292939186,0.003845215,0.007101059,0,0.018181801,0.11079216,0.001496315,0.142538071,0.003669739,0.003996849,0.074941635,21.72510624,64.98573112,31.68808937,112.0640974
202211_114.0627656_22.5229418.png,0.3988960903512574,0.7711015519943768,0.5397935558726682,0.6243748971150389,0.583541524,3.238791367,3.315225857,3.271096021,3.495583957,1.160794569,1.168920379,0.239906311,0.008505821,0.264007568,0.001978874,0.036962509,0,0.018224716,0.19003582,0,0.114848137,0.03544426,0.001116753,0.06935215,30.02118587,73.95510197,54.05853939,156.2784843
202211_113.8319583_22.794324499999995.png,0.3964102678846755,0.0851208938472106,0.0804481229288748,0.2254592316800975,0.196859629,1.735067568,1.775299482,1.425028234,1.457971477,3.563055949,4.03459954,0.088010788,0,0.069969177,0.033650398,0.020427704,0,0.001774788,0.291366577,0,0.06541729,0.004920006,0,0.011955261,29.00831223,77.16733456,41.89405918,99.527174
201709_114.0096115_22.600753299999997.png,0.6036102529259181,0.1007623444689019,0.3151307006647743,0.3384937489124611,0.339499262,1.091388306,1.70243173,1.332677427,1.251153613,2.134062019,1.877326956,0.040805817,0,0.377596855,0.123731613,0.112010002,0,0.000126839,0.319005966,0,0.012985229,0.000390053,0,0,29.03336048,44.46875668,78.29862118,144.6603804
202211_114.2301294_22.737622900000005.png,0.2680806793055837,0.4479332803425649,0.3050342957676166,0.3135635353601072,0.333652948,3.789262286,2.658874237,3.009266193,4.042041017,1.920040384,1.987074486,0.148434639,0,0.206580162,0.001578331,0.209195137,0,0,0.025923729,0,0.266236305,0,0,0.007995605,28.20360661,92.8668108,65.71897793,152.1241598
202103_113.8521336_22.690685799999994.png,0.695167304908117,0.5655069654645015,0.8136368450328976,0.231837823121257,0.576537235,1.000549782,1.689389713,1.115856454,0.941237572,3.537061625,3.24981875,0.194648743,0.000591278,0.008971214,0.000224113,0.095471382,0,0.000906944,0.25156498,0.046404839,0.243736267,0.136504173,0.000289917,0.005029678,27.71018028,46.67771244,52.60546684,160.6629152
202211_113.8169133_22.7276972.png,0.2778399204583495,0.7653842392997575,0.430327506896055,0.225837612270759,0.42484732,1.819963531,1.602557294,1.432626255,1.652637601,3.450616571,3.871610613,0.406366348,0.000155449,0.207490921,0,0.043798447,0,0,0.168775558,0.018222809,0.132022858,0,0.012194633,0.000315666,22.25428104,61.03353596,25.76176739,114.3927412
202212_114.0109223_22.545793100000004.png,0.8346698928228481,0.4484842045901847,0.543354815829456,0.7206859495683717,0.636798716,2.229607958,2.712803247,2.296017396,1.885588293,3.490886,3.609706647,0.41201973,0.004855156,0.004733086,0.003083229,0.018041611,0.000416756,0.002548218,0.308329582,0.006450653,0.213795662,0.002095222,2.67029E-05,0.017436981,17.54423618,79.06392002,37.84410477,118.5666533
201709_114.0696131_22.72285939999999.png,0.2849518825686231,0.4604019288921941,0.0895626463218183,0.3376586717968918,0.293143782,1.828023318,1.551495118,1.261414893,1.919598051,2.215217292,2.567128141,0.304152489,0.002937317,0.343755722,0.001749039,0.026219368,0,0.002207756,0.213807106,0,0.064464569,0.036459923,0.000380516,0.001218796,30.69773197,35.66423416,72.91387463,137.2253723
202211_113.83586272797584_22.70472169611849.png,0.2764536054230963,0.6641783857390691,0.5394934142007506,0.4086560470568131,0.472195363,2.280049875,2.453912152,2.035737696,2.05641992,2.516238116,2.989887526,0.373641968,0.0135355,0.161657333,0.00405407,0.097717285,0,0.001069069,0.266283989,0.000235558,0.057825089,0.004444122,0,0.01460743,35.85134983,54.65289593,29.47670937,122.8790846
201608_114.300297_22.5877188.png,0.7602076116478742,0.6539034995053169,0.5333391709977972,0.6139848304286071,0.640358778,2.521383913,3.195867404,2.616283094,2.472921113,2.030562358,2.134340936,0.15426445,0,0.176594734,0.014883995,0.008861542,0,0.000980377,0.453674316,0,0.186256409,0.000121117,0,0.00318718,37.75234222,70.69958115,89.25248718,109.2564917
202003_113.88955644157302_22.798927053748397.png,0.395712149752531,0.4586254687737584,0.3133395279582895,0.2361041511147849,0.350945324,1.093744114,1.92198468,1.8685334,0.555799509,3.600487031,3.821588736,0.152695656,0.029810905,0.065936089,0.035762787,0.085619926,0,2.86E-06,0.348191261,0.026981354,0.150235176,0.00028801,0,0.07099247,31.97738171,50.99898911,28.88023186,168.406291
202211_114.1655038_22.5668733.png,0.269104046851817,0.7716447141860389,0.4317100613381983,0.6249647351905567,0.524355889,1.851963293,1.246548009,1.035655751,2.007984081,3.129447791,3.282255936,0.374687195,0.00853157,0.460583687,0,0.008440971,0,0.002365112,0.053408623,0,0.025876999,0.03487587,0.010238647,0.003276825,26.33203983,67.36738205,35.93583107,131.7814732
202103_114.0295192_22.6753357.png,0.5036339908150924,0.3353544960904951,0.431852968800744,0.621391841254145,0.473058324,1.88773555,1.988181181,1.691528919,2.017192192,2.491201023,2.538387751,0.24756813,0.00117588,0.111672401,0.038298607,0.122445107,0,0.000312805,0.226081848,0,0.224042892,0.002062798,0,0.009293556,18.33435059,71.28461742,51.65034485,109.4886885
202103_113.85128527796019_22.75136400234624.png,0.1037226056565715,0.4582615870532073,0.5358859600710545,0.7037206771386671,0.450397707,2.631568887,2.110950735,1.983179262,2.705020202,2.443076608,2.815472443,0.344121933,0.007246971,0.166712761,0.005019188,0.007793427,0,0.001523018,0.168699265,8.49E-05,0.168833733,0.000392914,0,0.018816948,23.93348694,81.55556679,40.90471554,137.2991123
201601_113.97572705186109_22.58630829746072.png,0.1037488414542246,0.2420947830177133,0.7374635698370379,0.1198115106579482,0.300779676,0.887316268,1.581786369,1.773098753,0.805234722,3.879731822,3.300551518,0.371235847,0,0.001966476,0.048223495,0.037233353,0,0.000367165,0.098262787,0.000247955,0.412302971,0.007761002,0,0.011677742,9.108324051,75.66855717,39.54554176,141.9267044
201601_114.0493319_22.6903141.png,0.2863757224485546,0.4623803841950796,0.859868281534532,0.1197555856451812,0.432094993,0.916757066,1.724412674,1.429191164,0.912134728,3.445799029,2.875643553,0.389665604,0,0.003182411,0.031406403,0.004878998,0,1.05E-05,0.26362896,0.002194405,0.280635834,0.002568245,0,0.007237434,19.67285156,76.56921291,61.207654,115.7521658
202211_114.1486314_22.6915968.png,0.0936977125985928,0.3317464515298651,0.4318032612013987,0.5076140678779197,0.341215373,0.94175005,0.834252233,0.678828669,1.061161311,3.697889246,3.505581764,0.306979179,0.001399994,0.099873543,0,0.008502007,0,0.002693176,0.094055176,0.002607346,0.248966217,0.007030487,0.034695625,0.008051872,14.58076,63.53065109,30.84373856,157.7838917
202211_114.0226689_22.6581417.png,0.2737079483713977,0.8434903493455094,0.3072529623701359,0.7658509014758037,0.54757554,2.731967549,1.866917492,1.715970804,2.959755146,3.175855859,3.295010092,0.254743576,0.00283432,0.324498177,0.000138283,0.021350861,0.000166893,2.77E-05,0.06427002,0,0.172576904,0.020941734,0,0.135726929,29.51778889,82.87368965,34.36343193,146.0581045
202103_113.82008186652787_22.75965661067105.png,0.1034389841621734,0.5657568962687729,0.8709732097518675,0.618471783082511,0.539660218,1.939413616,1.230616153,1.227601906,1.950999025,3.694106417,3.864613914,0.391529083,0.001766205,0.246154785,0,6.68E-06,0,0.004858971,0.069669724,0,0.206641197,0.020067215,0,0.03356266,25.11415958,84.22353458,27.80195999,154.5015841
202212_113.8333147_22.5931892.png,0.5066269975030178,0.565704013740819,0.1831490766914324,0.5076522895455688,0.440783094,2.148586969,1.342145602,1.061434947,2.035169818,3.432610617,4.191460075,0.076758385,0.001343727,0.672920227,0,0.02039814,0,0.004981995,0.118436813,0,0.029346466,0.040587425,0.000232697,0.021178246,29.8212862,40.37957191,47.71180534,81.518857
202211_114.09092050000001_22.701566099999997.png,0.0937428465830988,0.2185551108651272,0.1902359742930997,0.0930918950090761,0.148906457,0.630470924,0.819829673,1.257824546,0.487968304,4.566723342,4.488371818,0.329015732,0.003205299,0.019744873,0.010909081,0.082527161,9.44E-05,0.005667686,0.04695034,0.01151371,0.422250748,0.005021095,0.001800537,0.00073719,14.63474751,92.28442383,19.13641644,173.2814779
202211_113.9159803_22.655209499999998.png,0.3964675330545951,0.3331549799474911,0.07829335265175,0.2200307565485029,0.256986656,0.995610191,1.082750601,1.182732903,0.746379736,4.762104465,5,0.373616219,0.00285244,0.069411278,0.020072937,0.022307396,4.77E-06,0.000889778,0.111918449,0,0.358991623,0.011498451,0.02239418,0.001272202,14.29501534,57.29985714,36.1942215,127.4279165
201602_114.1318184_22.558027199999998.png,0.8335386400938641,0.8714514844739368,0.0906181785697679,0.5143835964447467,0.577497975,1.533826304,0.881968895,0.673790346,1.414571293,3.313532407,3.849016198,0.321038246,0.015914917,0.299381256,0.001478195,0.020468712,4.95911E-05,0.002415657,0.187121391,0.006843567,0.062416077,0.009426117,0,0.057800293,30.41077137,35.85761452,41.24424648,159.8476706
202212_114.0864988_22.5573059.png,0.7220854532641454,0.4491765392565816,0.3049801286348438,0.9441242042796374,0.605091581,2.655402381,2.822744698,2.382610149,2.459160323,2.251341007,2.796069079,0.345275879,0.013484955,0.103775024,0.004101753,0.079554558,0,0.00063324,0.426882744,0,0.000471115,0.001880646,8.96E-05,0.003796577,38.69542122,71.09282303,43.20213509,127.6573696
202103_114.30650090000002_22.600766799999995.png,0.3955255111646026,0.3338380338026173,0.7479178926720127,0.7078181818468275,0.546274905,1.946906167,2.085675131,1.770683163,2.207850983,2.64852043,2.464250037,0.207180023,0.00071907,0.104703903,0.034584045,0.074126244,0,0.000102997,0.223114014,0,0.227721214,0,0,0.124178886,30.35386562,61.1365242,52.62307358,126.4970083
202212_113.9169837_22.524702500000004.png,0.7157538362698942,0.7811830588197678,0.4257518648972164,0.834264741667216,0.689238375,2.360114129,2.458314516,1.876876285,2.218394872,2.882125587,3.576000912,0.279695511,0.006622314,0.068361282,0.002128601,0.015199661,0,0.002165794,0.447095871,0,0.019282341,0.07334137,0,0.061693192,32.40490437,49.36907196,60.92092228,76.8061676
202212_113.881676_22.5046663.png,0.0932323889397388,0.2119720433943725,0.54220871404229,0.5089745578101059,0.339096926,2.384747837,1.514789713,1.549865664,2.30706317,2.969546508,3.64307494,0.361001968,0.00966835,0.367068291,0.002152443,0.032859802,0,0.001214981,0.052154541,0.01030159,0.126976967,0.001615524,0,0.011938095,15.47033787,75.72958755,18.1003809,124.9673901
201511_113.78989593872954_22.626797290819933.png,0.602942353695842,0.106553517293529,0.8594282548228537,0.3404591691626685,0.477345824,0.698428686,1.424912671,1.852683701,0.742040757,3.230043393,2.415510943,0.342489243,0.002387047,0.039256096,0.007076263,0.041547775,0,0.000148773,0.001681328,0.013147354,0.533194542,0,0,0.010028839,9.02150631,92.03939438,67.70164871,146.790864
202211_114.2873667_22.697519499999995.png,0.5073482341244188,0.774681119853582,0.541381481441194,0.5081736635264925,0.582896125,3.872239576,3.08679452,3.301182457,4.174231843,1.758118715,1.76772847,0.346068382,0.015648842,0.310471535,0.007149696,0.033808708,0,0.016695023,0.065002441,0,0.118459702,0.00118351,0.001077652,0.059391022,27.34442711,102.0127573,73.93496037,145.1923275
202211_114.0558493_22.615251100000002.png,0.5060870457667589,0.8444003267214558,0.6516823453504511,0.407709482199839,0.6024698,3.472988727,3.123699711,3.459820511,3.762185374,1.366464948,1.212382014,0.32123661,0.00359726,0.18687439,0.006175041,0.046492577,0,8.11E-05,0.09335041,0.015922546,0.254934311,0.000896454,0.015071869,0.004698753,16.80081367,86.7241106,53.73364544,162.6482067
201607_114.2495581260841_22.57515168938809.png,0.3995655237057186,0.8218621524555101,0.0921932388018626,0.1209765866466632,0.358649375,2.553300812,2.084747234,2.300129858,2.401993351,2.305022464,3.02717953,0.243308067,0,0.469119072,0.006454468,0.062902451,0.001223564,0.003131866,0,0,6.48499E-05,0.000198364,0,0.140664101,7.285394669,65.15295792,34.43116093,155.8852806
202211_114.2417927_22.721100999999997.png,0.0933410699759423,0.4480948639009147,0.3048672719623388,0.4062487200082278,0.313137981,3.177616812,2.711697762,2.873659546,3.502671056,1.858798172,1.744768981,0.334533691,0.000534058,0.181632996,0.015791893,0.097521782,9.54E-07,0.002609253,0.094157219,0,0.248109818,0.006297112,0,0.012849808,23.59472752,97.50249386,52.97478294,151.0154362
201312_114.26495182895304_22.709595012731427.png,0.1054553089759881,0.2492115465901581,0.532585395802509,0.12199297596263,0.252311307,2.088317509,2.373702753,2.433994637,2.407229313,2.154718503,1.618345469,0.334242821,9.06E-05,0.013245583,0.033358574,0.031486511,0,0,0.170870781,0.000319481,0.364372253,0.001174927,0,0.045959473,20.37493229,60.4263525,63.73785782,126.6322184
201709_114.0946047_22.6365959.png,0.1044149637475033,0.3419327717426878,0.3138414329889794,0.4135012751719802,0.293422611,0.876984738,0.721866225,0.582817386,1.089252026,3.990261642,3.577015751,0.434844971,0.008148193,0.138882637,0.000623703,0.011880875,0,0.000330925,0.050498009,0,0.296559334,0.01224041,0.000621796,0.034797668,14.33732986,60.44991398,45.00661278,143.5120907
201312_114.44753853438388_22.59878176472855.png,0.6878706239767526,0.3471580745475497,0.7326732317205077,0.1223793232462929,0.472520313,1.798735237,3.051082397,2.679649864,1.714694295,1.72841659,1.131887109,0.293658257,0,0.027326584,0.04312706,0.057284355,0,0.004662514,0.288784027,0,0.264368057,0.00108242,0,0.002362251,34.8698473,42.08640385,55.05052757,166.9932966
202103_114.2580832_22.585963900000003.png,0.2790681057906352,0.3337801142653062,0.2005809526265122,0.2268532498418509,0.260070606,1.389399648,1.059951945,1.15851093,1.231433598,4.117868626,4.454414048,0.347027779,0.006519318,0.23841095,0.046522141,0.017221451,0,0,0.092941284,0,0.238574028,0.001691818,0,0.010467529,20.60450077,64.98288727,30.62838268,125.6066475
201402_114.3897088_22.742227699999997.png,0.1005217594269825,0.2443722238096534,0.5334688967408702,0.4165628643651785,0.323731436,0.649168676,0,0,0.665598364,3.80632218,3.938971007,0.377604485,0.015981674,0.336684227,0,0.004646301,0,0.000641823,0.058496475,0,0.164065361,0.037849426,0,0.002213478,28.18950176,45.66602421,29.37659645,176.0554781
202103_113.9001383_22.534999899999995.png,0.3964834827765007,0.4581432276987879,0.2035146057485771,0.7041037738039946,0.440561273,2.453804442,1.508966646,1.371176878,2.402891333,3.174038492,3.932461632,0.309761047,0.03329277,0.530069351,0.003533363,0.044941902,0.000879288,0.001019478,0.010033607,0.028873444,0.001501083,0.001899719,0.009019852,1.72E-05,17.67482758,62.43310356,38.71549034,111.095912
201902_113.8941739734363_22.720864788587726.png,0.6044494318821022,0.3403571029978635,0.6441572041524086,0.8406532863383624,0.607404256,2.295027371,1.472874525,1.408735468,2.384438329,2.629238985,3.038026256,0.177724838,0.004797935,0.223941803,0.003479958,0.161047935,0,4.10E-05,0.08277607,0,0.217466354,0.023893356,0,0.040075302,23.92375946,58.48347664,54.93514061,118.0268908
202211_114.3569203_22.6889893.png,0.6123197337809131,0.5656234298909871,0.4306761726504389,0.6240689721957233,0.558172077,3.410149294,3.302128748,3.28776882,3.571327476,1.257549721,1.4900229,0.292457581,0.005741119,0.134469986,0.002310753,0.034771919,1.24E-05,0.001569748,0.282251358,0.008692741,0.135372162,0.003626823,0.003241539,0.086236,27.6092577,94.83779716,65.73242378,110.4673653
201709_114.0502404_22.601815099999996.png,0.3988019544652121,0.5642265276751927,0.2131616190439928,0.6985596452540745,0.468687437,2.098827576,1.080201205,0.853612745,2.007353175,4.30699538,4.870221949,0.249913216,0,0.454443932,0,0,0,0,0.050721169,0,0.053713799,0.009202957,0,0.087567329,34.14150238,61.98778534,58.12585258,92.59362411
201311_114.16919617982792_22.62714279983004.png,0.4959345010493515,0.2546253097563105,0.3265143412212234,0.1176673069772446,0.298685365,1.920294942,2.65449508,2.51442417,2.072436059,2.09473511,1.530700843,0.168014526,0.000156403,0.066448212,0.019813538,0.025300026,0,3.8147E-06,0.22556591,0,0.276313782,0.000679016,0,0.217672348,16.78573608,71.63999081,67.98372936,119.7876949
201312_114.19316369793675_22.635618175979587.png,0.4948974478056939,0.2516949203706358,0.2213704828590585,0.608119262753608,0.394020528,2.001873958,2.32832339,1.790763083,1.856429075,2.428962349,2.907044129,0.087532997,0.029938698,0.162101746,0.077548981,0.302839279,0,0.00234127,0.321662903,1.24E-05,0,0.015651703,0,0.000226021,46.92316532,28.18378448,69.12524223,100.8728113
201312_113.9663157_22.5911024.png,0.400260848960528,0.7409475410028877,0.221027557456042,0.2549473301772119,0.404295819,3.467262332,3.346257731,3.474669557,3.651535315,0.871551319,1.028010702,0.333972931,0.015909195,0.193767548,0.002486229,0.01747036,0,0,0.197538376,0.009157181,0.139266014,0.000150681,0.001997948,0.031596184,25.26396275,90.8520546,75.8717823,114.5912123
201709_114.1036659_22.633577100000004.png,0.7626857515275782,0.6560449023086777,0.4330887099523383,0.2375486841334477,0.522342012,2.493141836,2.661932381,2.253885035,2.333969037,2.073315096,2.574943745,0.295661926,0.0046978,0.223489761,0.002080917,0.033998489,0,0.000167847,0.215166092,0.004003525,0.114329338,0.023047447,0.001405716,0.072753906,27.4545908,39.63073921,40.1268177,152.2717457
201708_114.1139086_22.538370400000005.png,0.1049341208261649,0.4610748509712021,0.3152692517189368,0.3394311220811974,0.305177336,2.356697106,1.734048231,1.672886638,2.665100396,2.927720597,2.872576427,0.3800354,0,0.414422035,0.011400223,0.00902462,5.72E-06,0.003521919,0.016138077,0,0.154702187,0.000275612,0,0.00823307,21.08552456,81.11519337,41.42086792,92.67437077
202212_113.8707263_22.568021299999998.png,0.3981678930715542,0.0721417110570415,0.5418508881467554,0.5081197406843435,0.380070058,1.862856454,1.523079638,1.403478449,1.749104667,3.990733392,4.235160138,0.330737114,0.001644135,0.118346214,0.067322731,0.00453949,0,0.008627892,0.159385681,0,0.259320259,0.001227379,9.54E-07,0.038617134,23.56603146,89.80411434,25.71393204,131.7972279
202211_114.1129015_22.5992305.png,0.269981556915342,0.3328496397040988,0.6521194414158152,0.4064605155418627,0.415352788,2.388922641,2.652094414,2.623660392,2.662143374,2.237384652,1.79481849,0.398572922,0.000640869,0.199451447,0.030524254,0.012989044,0,0.000922203,0.155579567,0.000507355,0.175772667,0.001958847,0,0.010071754,18.86693001,95.45071316,47.21760368,138.4136057
202211_114.25240049211995_22.71598604493676.png,0.2677788310147652,0.3314702001422536,0.1875017139714332,0.6241927404323465,0.352735871,1.56420362,0.852947397,0.942175993,1.477517772,3.622378795,4.008143376,0.303538322,0.00948143,0.222952843,0,0.000114441,0,0.001026154,0.029292107,0,0.269879341,0.007138252,0,0.005753517,17.36233234,85.59946442,31.70876312,127.6285677
202103_113.79969457870891_22.729618415021918.png,0.2822817300149058,0.3379493850614425,0.535876731376467,0.5175905157454859,0.418424591,1.584851869,0.861784011,0.788656323,1.646820311,3.610433999,3.668312794,0.377997398,0.023819923,0.264147758,2.19E-05,0.004862785,0,0.001618385,0.035512924,0,0.240711212,0.022151947,0.007112503,0.002776146,22.68569469,72.55904102,31.43639851,150.4034815
202212_113.8982409_22.550873.png,0.786296871743809,0.6704762485560779,0.6571048476026315,0.5098749664177126,0.655938234,3.753815879,3.946476637,4.320610403,3.821265455,0,0,0.114605904,0.003111839,0.118942261,0.040583611,0.110357285,0,0.00202179,0.206143379,0.070185661,0.169699669,7.82E-05,0,0.109648705,35.72586536,69.87553978,43.84873676,178.4173059
201404_113.8891361_22.658751799999997.png,0.2879484088064046,0.1087260795987934,0.6410129597374017,0.1215502865700447,0.289809434,0.647843259,1.72730998,1.567810103,0.321294541,3.984153898,3.620402654,0.345938683,0,0.012048721,0.021828651,0.014369011,0,0.000658989,0.250911713,0.001049995,0.288579941,0.004341125,0.000163078,0.003268242,27.57083416,54.09772491,37.84824753,146.163559
201312_114.3115919864939_22.782113155236605.png,0.4017018741947281,0.5593231410526373,0.532026147515981,0.1208575588894831,0.40347718,1.284909245,2.10141386,1.666273662,1.392256087,3.239650524,2.608384048,0.201260567,0,0.031144142,0.01502037,0,0,0,0.255018234,0.003447533,0.299471855,0.194618225,0,0,18.43308449,68.65266705,67.48483372,115.4618378
202103_113.8879930722752_22.491444836920582.png,0.6961513568029581,0.3365857878827985,0.4332508226846333,0.2313051608442878,0.424323282,2.688124297,3.409045554,2.736312653,2.258304282,2.917517158,3.128942316,0.284356117,0.002578735,0.123250008,0.017092705,0.07809639,0,0.00052166,0.413063049,0,0.054388046,0.000286102,0.008935928,0.004424095,30.10046482,68.38206673,60.34738731,89.10823345
202211_114.2954426_22.676837.png,0.2665944182472816,0.564249583944656,0.4308382500498389,0.5082289303650562,0.442477796,2.17609048,1.930516165,2.211553232,2.42795086,1.982675289,1.77480974,0.331670761,0.006036758,0.150774956,0.010092735,0.058362961,0,0.001645088,0.066076279,0.016716957,0.336640358,0.002234459,0,0.016613007,18.67554188,99.60064125,40.6245575,130.1030388
202211_113.9263628_22.5912654.png,0.7752048648683031,0.5643853713543555,0.4307354838770583,0.5105864426036982,0.570228041,2.666389214,3.397938237,2.592136925,2.582647203,2.592952953,2.727578294,0.217392921,0.00226593,0.062085152,0.042786598,0.015096664,0,6.10352E-05,0.510857582,0,0.057116508,0.046670914,0.007351875,0.004508018,41.38944626,42.18928623,94.76904106,79.24546623
202211_114.33041262094612_22.699174530065097.png,0.0948800735019167,0.3304445331281167,0.3033172879160063,0.5088498885662038,0.309372946,2.927584897,2.237720456,2.267354005,3.251840293,2.611501272,2.57095556,0.180994034,0.002306938,0.300050735,0.035401344,0.046128273,0,0.000667572,0.043847084,0.00435257,0.179792404,0.000659943,0.001397133,0.178346634,18.31513882,87.90235806,52.55721569,111.9328165
201902_113.80734899282018_22.782117482559418.png,0.6934291768487801,0.3414577527444851,0.0891479786741194,0.5169047678671952,0.410234919,2.06357852,1.775512184,1.392634441,2.06043285,3.215357836,3.689369041,0.080010414,0.01079464,0.262034416,2.86E-06,0.000127792,0,0,0.277935028,0,0.054110527,0.000125885,0,0.191643715,34.7487402,58.61570263,61.74171066,102.6020784
202212_113.94629651068989_22.542967760048658.png,0.716771494917173,0.4480717882969971,0.3063119897944383,0.5100136153986032,0.495292222,3.61119601,4.764503085,4.183336071,3.169822097,0.939560352,0.994920611,0.056952477,0,0.001443863,0.042601585,0.052025795,0,0.000133514,0.489625931,0.012138367,0.072323799,0.00184536,0,0.069031715,40.81187725,78.98139477,103.1284609,92.44575214
201312_114.23760175466754_22.742406490495853.png,0.1036490066566871,0.4627525629754647,0.2211116590138658,0.2555346036015142,0.260761958,1.00915879,0.257138323,0.115469469,1.116795797,3.470891045,3.58218038,0.37076664,0.008957863,0.442204475,0.000264168,0.000148773,0,0.000342369,0.032507896,0,0.101449013,0.011691093,0.000173569,0.029359818,22.7844286,38.50721169,55.26168728,154.2895155
202212_113.9185767_22.7716986.png,0.508845028201365,0.7811377990171045,0.6582678571818092,0.4010029939858729,0.58731342,4.347958319,4.006112677,4.666650229,4.50463794,0.097821249,0.267668329,0.350647926,2.00E-05,0.314653397,0,0.057141304,0,0.003787041,0.058999062,0.034168243,0.142431259,0.003434181,2.48E-05,0.00039959,22.81507015,89.77660179,58.31841564,184.9575396
202211_114.37215326558275_22.730109705730648.png,0.7140362743600177,0.6688792762444715,0.6543932016854771,0.7210317008639912,0.689585113,2.731858665,3.99627471,3.243946883,2.033042409,1.786378617,2.090204625,0.199267387,0,0.077431679,0.030972481,0.006022453,0,0.010536194,0.525479317,0.072950363,0.016878128,0.015839577,0,0.04128933,43.69607449,62.41348743,66.95413876,128.6315851
202101_113.88974512796382_22.80741978228124.png,0.1008650584563005,0.2346645297027943,0.2086679354755799,0.4126945935495394,0.239223029,2.354314878,1.330006257,1.291971354,2.360379135,2.744732481,3.382447898,0.279112816,0,0.509889603,0.000452042,4.10E-05,0,0.000491142,0.043314934,0.000704765,0.079857826,0.00984478,0.003006935,0.069011688,32.53209114,60.07567406,29.82913685,140.0810575
202211_114.0510165_22.551339899999995.png,0.5058617780036284,0.6682068453658364,0.5397754846576355,0.6243196440576899,0.584540938,2.750399296,2.71152865,2.539053944,2.793936784,2.366183271,2.515699555,0.3409729,0.017389297,0.041128159,0,0.040155411,0,0.003223419,0.224608421,0.000123978,0.237547874,0.00290966,1.91E-06,0.07845974,23.40382576,87.9560833,47.65929604,134.6439562
202103_114.24886032892263_22.70519218145229.png,0.8888213925592257,0.2286895847049559,0.4310036154114115,0.51541875858403,0.515983338,0.607310547,0.119095704,0.109642097,0.557059322,3.695495187,3.899820975,0.295459747,0.002188683,0.223163605,0.018904686,0.042749405,0,0.000219345,0.171257019,0,0.209923744,0.002171516,0.000761986,0.029875755,20.70323467,43.15813637,61.37002373,117.2131615
202211_113.9724363_22.693400699999998.png,0.0938611675355558,0.3328901536986088,0.4305721719844728,0.2193340848155336,0.269164395,1.192892016,1.276638667,1.133534972,0.961859966,4.55015912,4.766475537,0.305295944,0.002639771,0.041262627,0.009116173,0.013096809,0.00378418,0.005448341,0.195286751,0.012435913,0.292312622,0.005187988,0.011187553,0.089019775,16.01750851,40.00373459,38.57805729,124.7286034
202211_114.05853155717254_22.724492512449242.png,0.5065755491170941,0.6679641831604215,0.3067645483517822,0.62446165599729,0.526441484,3.03186734,2.243349792,2.03205452,3.075444858,2.644151591,3.457160018,0.143705368,0.022813797,0.422405243,0,0,0,0.000390053,0.177230835,0,0.023464203,0.014112473,0.032924652,0.135607719,39.17571545,80.91376686,44.44757462,119.3531914
202103_113.9651074_22.569433700000005.png,0.610013319299089,0.335583959667539,0.3121705803801247,0.2290916026110225,0.371714865,1.955730941,2.322288428,1.887170208,1.688081092,3.255465438,3.430883879,0.373182297,0.003229141,0.021669388,0.01625061,0.011655807,3.24E-05,0.000617027,0.302459717,0.030810356,0.213088036,0.004528046,0,0.004220963,28.81157398,54.64150715,29.89247131,155.5203991
202212_113.8839338_22.792216499999995.png,0.0935652214329324,0.4471283160023074,0.3064214139407041,0.4031807838127227,0.312573934,1.633520025,0.904218038,0.954639853,1.566656252,3.689898914,4.042040859,0.414617538,0.000265121,0.201237679,0.011222839,0.054059982,0.001587868,0.000154495,0.048707008,0.003084183,0.236368179,0.000339508,0,0.003286362,22.70660877,80.60332012,29.84318256,127.2862549
201311_113.9022082_22.590201799999996.png,0.0822834211190131,0.1115613362616925,0.1071432588337699,0.1066209570795422,0.101902243,2.635612791,2.667837987,2.620925777,3.007233431,2.457491964,1.983173382,0.377762794,0.000154495,0.152479172,0.015441895,0.017808914,0,0,0.134003639,0.00255394,0.269861221,9.63E-05,0,0.029364586,31.16197586,62.80487633,42.43988991,167.2482004
202103_114.0028434_22.5361266.png,0.6100534255647212,0.8350290991358618,0.3123431093349313,0.51456354513015,0.567997295,1.508795091,2.195660575,2.373175607,1.335899538,2.82137278,2.476803234,0.362923622,0.064069748,0.123081207,1.14441E-05,0.002009392,2.48E-05,0.00169754,0.175165176,0.016194344,0.212565422,0.000912666,0.001338959,0.025115967,17.90269375,44.20818424,11.40366459,228.6978693
202212_113.9340142_22.516298099999997.png,0.2609885828698596,0.6723427133704519,0.9454602723772348,0.8800946389361864,0.689721552,2.175992004,1.991598336,1.878299939,2.489662915,2.324763889,2.102865837,0.400298119,0.004484177,0.236186981,0,0.056369781,0,0.006691933,0.116347313,0.000133514,0.167358398,0.001508713,0,0.004286766,27.79894352,62.34623528,39.75304699,178.3828325
202211_114.2152921_22.6662057.png,0.2684863729923721,0.8499697095124091,0.6525709498793517,0.7720899498242845,0.635779246,3.536222463,2.887852464,3.11570213,3.745661071,1.604004954,1.723367757,0.381569862,0.003456116,0.204319,0.002283096,0.010375977,0,0.00041008,0.140785217,0.00418663,0.204591751,0.001356125,0,0.037862778,22.28224754,97.22660351,64.49602509,145.1892805
201410_114.401642_22.760514199999992.png,0.1011470329564254,0.871104631114802,0.8006535523653822,0.1219870739030568,0.473723073,0.616818445,1.251269022,1.50735327,0.671949406,3.837978488,3.084779211,0.428438187,0.016020775,0.025122643,0.000131607,0.010467529,0.000136375,0,0.081091881,0.001205444,0.421122551,0.002135277,0,0.009162903,15.43021202,82.87940407,51.69573212,159.9672375
202103_113.82636226744971_22.67478843036012.png,0.3960123950036782,0.5656700045436494,0.0903322107007373,0.4124940781237428,0.366127172,1.853087356,1.576515641,1.125443617,1.800334404,3.764713019,4.178917763,0.387636185,0.018818855,0.163703918,0.001882553,0.01783371,0,0.000569344,0.306554794,0,0.03912735,0.013444901,0,0.031879425,24.12657738,50.20549011,49.46372128,97.44788361
202212_113.9048747_22.5351983.png,0.2624485668863712,0.5659289414807184,0.4267707119064985,0.6268075073986705,0.470488932,1.553786024,1.688184133,1.726954462,1.378051304,3.784086166,3.855565765,0.358740807,0.01345253,0.063879967,0.001646996,0.005763054,0,0.00196743,0.119668961,0.000671387,0.330640793,0.026666641,0,0.051980972,16.93335056,82.86886024,21.14989567,147.4690504
202102_113.946745_22.740813599999992.png,0.1013384542496615,0.4584102502264995,0.6456272460738204,0.2342730935277526,0.359912261,0.700881769,1.259462686,1.424917163,0.937185459,3.483303178,2.663031317,0.382403374,0,0.017838478,0,0.025667191,0.000281334,0.002346039,0.051067352,0.007546425,0.463742256,0.017222404,0.014555931,0.008249283,14.66587543,61.50129223,33.72453594,194.9910383
202211_113.98367039433224_22.672815120621834.png,0.2750171617430461,0.3329839768764224,0.1949218224524529,0.3196174672329381,0.280635107,0.403040758,0.594311685,0.793173748,0.274124913,4.205108104,4.321331069,0.246380806,0.000311852,0.274394989,0.048059464,0.052390099,0.000189781,0.002955437,0.070371628,0,0.299336433,0.005477905,0,4.77E-06,19.31293488,72.16346073,27.15269852,150.1110296
201709_114.1064122_22.6536206.png,0.2847832282992962,0.7554000288250541,0.5356563158155148,0.5164993964694965,0.523084742,1.344132502,1.861585819,1.494781582,1.505887158,2.778844147,2.383609646,0.402018547,0.002458572,0.115334511,0.000827789,0.007230759,6.58E-05,6.96E-05,0.229136467,0,0.207111359,0.010267258,0.000938416,0.023012161,21.55949593,51.87951374,61.58710861,127.6023378
201408_113.9440293_22.7980389.png,0.602649253886412,0.2433285925205749,0.4320434338759337,0.2481023429743649,0.381530906,0.798189658,0.97279785,0.685139645,0.864967898,3.581504721,3.385326626,0.360553741,0.025885582,0.196205139,0.011875153,0.02575016,0,0.001173973,0.184512138,0.006673813,0.163399696,0.000202179,0,0.00792408,21.3102293,59.82859135,53.19202328,145.6431255
202211_113.78807238764684_22.679775888856494.png,0.097232912898112,0.4564978110511294,0.5388165852828456,0.3255551120933522,0.354525605,1.73199521,1.674056611,1.242586954,1.590651674,3.264034424,3.728310578,0.118898392,0.002433777,0.044963837,0,0.092559814,0,5.72E-06,0.350510597,0,0.073854446,3.8147E-06,0,0,35.37081242,60.22797775,46.79201031,100.0719843
202102_114.0434234_22.704722999999998.png,0.1016937525329055,0.7577497769582086,0.4327867462403588,0.6184245439819287,0.477663705,1.963523322,1.367466814,1.29977287,2.158107354,3.207883389,3.186208741,0.372429848,0.004920959,0.286878586,2.28882E-05,0.016926765,0,0.000565529,0.020125389,0.000571251,0.241697311,0.019192696,0,0.028828621,17.09190845,82.04289722,44.87977028,113.8129206
201312_114.3994517_22.718462399999993.png,0.4019894116361212,0.1125161754899429,0.6397426712342354,0.1215458946073263,0.318948538,0.347937063,0.88704569,0.803180872,0.551553886,3.599634742,2.907192336,0.465257645,0.000887871,0.009523392,0,0.026580811,0,0.001348495,0.082314491,0.006495476,0.401218414,0.000303268,0,0.005951881,13.61895561,55.22877121,55.41616917,167.4637918
202211_114.07514405889465_22.670319898873846.png,0.7110469779095479,0.4485464938112333,0.5397772885981373,0.4070958296962553,0.526616648,2.459922738,2.852453945,3.145781675,2.672012377,1.289228587,0.758640298,0.187680244,0.003424644,0.030611038,0.000299454,0.073899269,0,0.001548767,0.181446075,0.052550316,0.320189476,0.031412125,0.090074539,0.007464409,18.66678715,66.28116989,51.14537716,179.1407785
201312_114.30084265157338_22.721674421737674.png,0.1075944803608461,0.5592987141921055,0.638521615019925,0.1214452770343031,0.356715022,0.510833095,0.928967538,1.023334784,0.61453455,4.042145838,3.424758836,0.318123817,3.05176E-05,0.025990486,0.009566307,0.119864464,0,0,0.039661407,0,0.436218262,0.001394272,0,0.029297829,17.47055054,61.32830238,55.1811285,151.2728558
201312_114.15496564402403_22.68774104495292.png,0.1021904341827654,0.2513610387028002,0.2209595894000393,0.256020442378078,0.207632876,1.142262755,1.074453613,0.7493812,1.38883588,3.108535817,2.903479631,0.39678669,0.007598877,0.07857132,0.000408173,0.012859344,0,0.000100136,0.211169243,0.002554893,0.281796455,0.003745079,0,0.00064373,24.44466591,48.89997101,57.4350462,149.3118343
202211_114.1265996_22.6505152.png,0.0931652273970599,0.5667057807182657,0.4317132362631323,0.6248332347883404,0.42910437,1.689581855,1.52921631,1.340911674,1.904504282,3.146584783,3.013308382,0.328289986,0.004675865,0.097981453,0.000108719,0.084091187,1.34E-05,0,0.182291031,0,0.231858253,0.004369736,0.038122177,0.008798599,17.19258785,62.638978,41.01828384,129.2190475
202103_114.0931461_22.554121899999995.png,0.6104994722806567,0.6610513986608068,0.6478565819744809,0.409978973288063,0.582346607,2.55686875,2.026581137,1.822669826,2.529805417,2.27871037,3.070512007,0.271258354,0.012381554,0.241930008,0.002732277,0.028607368,0,0.00108242,0.299781799,0,0.007146835,0.008343697,0,0.116523743,34.55346107,61.52233601,45.63345051,100.2304153
202211_113.8551969_22.763327199999996.png,0.6105893991121397,0.3338076938964362,0.7518604447784506,0.1008500257909685,0.449276891,2.021762424,2.998148283,2.593587333,1.46796882,2.823663368,3.008020666,0.388960838,4.48E-05,0.000948906,0.000886917,0.044682503,0,0.000958443,0.308768272,0.029827118,0.21577549,0.005336761,0,3.05176E-05,19.3871069,76.17219925,31.67415905,118.9520168
202003_114.2000427014398_22.692087883164596.png,0.3959769860471848,0.6572054780929356,0.0892424877780273,0.2360537781470123,0.344619683,3.211117726,2.213985831,2.347804009,3.327421087,2.151428511,2.556872568,0.168951035,0,0.602330208,0.003573418,0.195919037,0,0.004515648,0,0,0,0.003016472,0,0.021585464,24.28902626,63.96320152,26.93689251,93.00255013
201608_114.2805139_22.625256699999998.png,0.8329945414466741,0.1015079045358025,0.533355572276656,0.3401058908702885,0.451990977,2.729295098,4.183504036,3.411492905,2.369937083,1.63665135,1.447068686,0.172642708,0.004212379,0.000679016,0.016625404,0.009739876,0,0,0.490416527,0,0.126344681,0.01243782,0,0.166901588,37.18644619,76.36066055,129.6022339,79.77182579
201312_113.96037321245348_22.71031364112373.png,0.0988648046174651,0.1147127379516685,0.101124538928373,0.1183706214604156,0.108268176,1.303548352,0.538239512,0.518701799,1.318654571,2.86707028,3.189426586,0.056923866,0.025662422,0.765390396,0.037507057,0.013642311,0,0,0.055047035,0,0.027490616,0.003852844,0,0.014483452,23.56238365,45.91915035,33.83994865,181.1326904
202211_114.37561489812998_22.690434165694633.png,0.3985246413514866,0.3295064586881471,0.4299796866417693,0.2136435701888311,0.342913589,1.006968309,0.999289527,0.795956601,1.288713917,3.569165165,3.129358467,0.283424377,0.00023365,0.087672234,0.007494926,0.091506958,0,0.000865936,0.076410294,0.003266335,0.359665871,0.000193596,0,0,11.78654194,69.404562,57.85743713,106.3563337
202103_113.84227470000002_22.765698599999997.png,0.103499118697602,0.5654402760637259,0.8704763274153646,0.6188427947998537,0.539564629,1.493265571,0.913590038,0.702924978,1.574035814,3.462996338,3.590746229,0.35340786,0.024209023,0.229698181,0,0.002767563,0,0.001396179,0.08866787,0,0.218984604,0.013266563,0.001600266,0.051033974,25.20827293,58.59405994,22.31155014,152.1542778
202103_114.03556500000002_22.543814300000005.png,0.3960124160236304,0.3353963754124978,0.3127354069011762,0.7610868204918441,0.451307755,2.231067078,2.048622623,1.777932162,2.300501826,2.558357277,2.793212959,0.277701378,0.002660751,0.081950188,0.002604485,0.007165909,0,0.003399849,0.287197113,0,0.180672646,0.000224113,0,0.145802498,33.0882597,74.28330517,51.8213768,145.4646254
202211_114.026955_22.724973.png,0.3972960860207231,0.3332530457343477,0.4312111570624948,0.4084923783530186,0.392563167,2.219784418,1.877659947,1.724166744,2.207968928,3.291669086,3.540297315,0.331942558,0.04364872,0.232358932,0.005759239,0.036811829,0,0.002389908,0.151486397,0.014473915,0.139480591,0,0.005288124,0.004774094,23.74671936,63.50018501,37.69626331,113.7486753
202203_113.8044636404817_22.67523148030025.png,0.5051781508469392,0.5659848608369186,0.3112780067487127,0.9115184533831496,0.573489868,2.755928741,2.452097123,2.127344856,2.916356561,2.390676037,2.724568943,0.185946465,0.133420944,0.177904129,0.012390137,0.039873123,0,0.002205849,0.359453201,0,0.060468674,0.002295494,0,0.022491455,39.93275642,61.57884502,41.61343861,126.1406841
202211_114.1297294_22.571899599999995.png,0.7116199284737588,0.667945081333797,0.6524048212154617,0.7190071527171649,0.687744246,5,5,5,4.990314911,0.55074665,0.857503003,0.306300163,0.025896072,0.130078316,0.006275177,0.024313927,0,0.000592232,0.426919937,0.002579689,0.048516273,0.000354767,0,0.011113167,52.03300953,80.96913433,51.58908653,130.5468664
201709_114.0612517_22.7125737.png,0.6908998580583934,0.2383056718793385,0.5357323584132118,0.6156759819178205,0.520153468,2.482361561,3.317498175,2.451001865,2.048401255,2.931325907,3.210586661,0.26547718,1.81E-05,0.158675194,0.002597809,0,0,0.004448891,0.417909622,0,0,0.011222839,0,0.130655289,48.66487026,41.54757309,76.50050449,97.24702644
202211_114.0445563_22.536196300000004.png,0.7094214163561113,0.3334296904535164,0.539766703080187,0.8162353296409809,0.599713285,2.352210463,2.979341722,2.836362012,2.418493666,1.962028613,1.5910076,0.407282829,0.000868797,0.051502228,0.005539894,0.021430969,0,0.000432968,0.242742538,0.011125565,0.232387543,2.67029E-05,0,0.025873184,21.50088787,64.05681705,24.43400288,168.8903933
202212_113.89919588637308_22.514262033985645.png,0.6142671145021837,0.446880217929901,0.305912011298788,0.3096789525274532,0.419184574,2.437755724,2.69115528,2.11003502,2.142146388,3.042683496,3.550202049,0.033852577,0.000564575,0.107139587,0.006018639,0.41140461,0,4.57764E-05,0.358045578,0.000114441,0.079936981,0.000429153,0,0,29.34828758,61.19873238,47.20435715,89.21924782
201708_113.91294473496328_22.56617863908808.png,0.399359391819751,0.2407644552044558,0.0937880498122079,0.1210435889813031,0.213738871,0.962515588,0.856177076,0.613755906,0.805835242,4.130416596,4.362630518,0.19002533,0.000653267,0.138208389,0.000283241,0.019803047,0,0.003594398,0.286584854,7.62939E-06,0.171450615,0.001282692,0,0.120272636,17.97710896,43.58128643,77.84410191,99.83583164
201312_114.4100365_22.6964255.png,0.5998762252366273,0.1134817870268158,0.6397789372873185,0.2533019594204081,0.401609727,0.89655536,1.193320672,0.929383988,1.126697584,2.970299249,2.585251233,0.274303436,0.003194809,0.025917053,0.031763077,0.002083778,0,0,0.295152664,0,0.347565651,0.002633095,0,0.016736031,28.64401817,47.48832703,62.17332268,163.6357718
201608_114.29465560565735_22.600106367840056.png,0.2860995154521725,0.752788359761407,0.0930178113161532,0.1208116698812077,0.313179339,2.038416007,1.479876736,1.476716951,1.855746993,3.146704437,3.87527894,0.210383415,0,0.581812859,0,0.025636673,0,0.005479813,4.77E-05,0,0,0.084756851,0,0.055501938,9.794840813,28.097188,98.24481583,85.03727913
201606_114.0391485_22.7282786.png,0.1049993955532185,0.2409321637691127,0.4337809576349118,0.3397705673346903,0.279870771,1.334576167,1.62311471,1.567797942,1.674826866,2.832381431,2.242582953,0.202914238,0,0.089859009,0.054303169,0.008252144,0,0.000612259,0.105851173,0,0.287051201,0.000314713,0,0.015053749,22.61371136,81.6560688,74.85564899,142.3024559
202212_114.0250293_22.545575599999992.png,0.7207623707530665,0.4484956609834965,0.6599347294062617,0.6280839520990926,0.614319178,1.644094141,2.8385811,2.390768592,1.00697755,3.586410531,3.603576581,0.379636765,0,0.00633812,0,0.005174637,0,4.77E-06,0.356477737,0.028892517,0.217274666,0,0,0.003388405,16.29960537,81.29660702,45.6117115,116.2403975
201311_114.0367137_22.625328199999995.png,0.6787672564116052,0.8024825154779335,0.5311121100559857,0.6055310234335606,0.654473226,2.006478693,1.788915834,1.480324121,2.02617081,2.374654671,2.783185976,0.26225853,0.003442764,0.276414871,0.003437996,0.070796967,0,1.91E-06,0.233516693,0,0.082672119,0.009385109,0,0.010803223,43.38236332,37.75993443,44.00315189,156.3463106
202211_113.8523632_22.618814899999997.png,0.9203174133641194,0.2245143263800009,0.649282652582063,0.6218734291949372,0.603996955,3.950779861,4.175174356,4.110391663,3.981346889,0.565286318,0.730455473,0.121068001,0,0.084568024,0.010515213,0.023744583,0,0,0.370551109,0.004886627,0.122822762,0.005247116,0,0.118612289,41.20851517,79.74672413,64.07292938,142.6682301
202211_113.90896476644085_22.56979410159586.png,0.6120925840580863,0.4541081801241576,0.753291974646716,0.4091101133339178,0.557150713,3.936237098,3.67590288,3.675255529,3.861746199,0.814653918,1.467180428,0.342999458,0.003522873,0.196020126,0,0.035574913,5.53E-05,0.002071381,0.378952026,0.0054636,0.007967949,0.001495361,0,0.023377419,40.35055161,68.48432636,26.86977482,153.3980417
201312_114.42792634826039_22.627361865481564.png,0.1034573246227403,0.4619725080478879,0.5324908963437892,0.2532930639703695,0.337803448,0.830705416,0.922223031,0.709981021,1.137583714,3.330872418,2.816767787,0.173026085,0.003493309,0.230952263,0.043916702,0.003713608,0,0,0.188088417,0.003700256,0.331487656,0,0,0,23.59010696,49.68862629,61.08727837,185.8460445
202211_113.8041727_22.7795268.png,0.3963218530629775,0.4558066008491186,0.6493047815299986,0.5148352054183782,0.50406711,2.682181335,2.3131594,2.185260232,2.915637696,2.388959199,2.497667732,0.358172417,0.006130219,0.134696007,0,0.005072594,0,0.001069069,0.193448067,0.024478912,0.240937233,0.02970314,0,0.000536919,15.89056492,62.78774452,55.02273655,99.53956699
201311_114.1832046_22.5984266.png,0.3995784839173547,0.255063294224625,0.2249463573431014,0.3378044024603343,0.304348134,1.745437928,2.730416336,1.797679477,1.336122034,3.34406034,3.440302126,0.311000824,0.001954079,0.133283615,0.032478333,0.032705307,0,0,0.416361809,0,0.00049305,0.017366409,0,0.031179428,36.85425282,55.2326746,66.12047672,90.24091434
201709_114.0333185_22.7434467.png,0.8333870847047011,0.6551652315022435,0.5352568252625848,0.6146270993886729,0.65960906,3.554307544,3.863190729,3.639070732,3.494001494,0.73759434,1.137367201,0.080857277,0.068411827,0.123085976,0.026166916,0.032229424,0,1.62E-05,0.440766335,0,0.098193169,0.081390381,0,0.015733719,35.60427189,67.68775845,87.53251839,99.86306
201312_114.2280303_22.6858936.png,0.2901243353211152,0.1119518001757761,0.1004715102492121,0.1197328705941364,0.155570129,3.246961238,3.088536093,3.356817637,3.427746756,1.051663817,1.080823807,0.462972641,0.001441002,0.086982727,0.003606796,0.027365685,0,0.000468254,0.163451195,0,0.230121613,0,0.002619743,0.020963669,16.02918148,97.20696449,73.83063889,134.9527502
202211_114.0271165_22.5685268.png,0.3973808745792135,0.4507417721776779,0.0781844831332168,0.7659024769685739,0.423052402,3.005285737,2.602517922,2.416474213,3.30787979,2.316426365,2.368634901,0.271339417,0.00629425,0.120670319,0,0.075901031,0,0.00094986,0.237370491,0,0.143864632,0.004192352,0,0.067685127,26.64186001,57.91884136,54.35230446,120.6234865
201902_113.91025928046581_22.57583711733693.png,0.6044216822831554,0.3404549583746594,0.5350260837186812,0.4127805592440114,0.473170821,1.672555987,1.450036518,1.084058958,1.617013795,3.249617598,3.673162589,0.350026131,0.026514053,0.176361084,0,0.019197464,0,0.000995636,0.294235229,1.14441E-05,0.032288551,0.003470421,0,0.081410408,35.37324429,61.2767868,57.22313404,111.0146284
202212_113.84548710000001_22.595948799999995.png,0.6138806307068566,0.6700923879117876,0.0695159452210354,0.5076939453249635,0.465295727,3.229704792,3.236778413,3.068044599,3.137178502,1.401962442,1.936138248,0.134936333,7.62939E-06,0.211216927,0.006513596,0.008907318,0,0.00448513,0.385853767,0.038624763,0.104431152,0.054862976,0,0.040659904,35.66968918,75.44275951,48.70743084,108.1879244
202103_113.7740245_22.70971069999999.png,0.2825095630786264,0.7577110778700284,0.5355921479359804,0.2342346059747107,0.452511849,0.94410846,1.005095441,1.303045814,0.984928021,3.406443678,3.159682241,0.395650864,0.001282692,0.207633018,0.033829689,0.024360657,2.10E-05,0.000724792,0.074662209,0.006454468,0.228001595,0.000662804,0,0.023515701,19.59357262,41.80940342,7.851690292,219.7755718
202211_114.0963676_22.572977699999996.png,0.5061971551394738,0.6681496980519052,0.3055287876874589,0.7187882552232554,0.549665974,2.424172898,1.79697207,1.462100788,2.386372228,3.055397706,3.797667158,0.282885551,0.082046509,0.25140667,0.008130074,0.022623062,0,0.007205963,0.262605667,8.30E-05,0.046040535,0.009119034,0,0.006065369,32.19892502,73.9879694,31.93960476,95.34439945
202103_114.2240115_22.690695.png,0.2792181264917266,0.229019250370728,0.5388168137835035,0.3267357904654451,0.343447495,1.491880708,1.098000963,0.973067491,1.438006976,3.919163674,4.08775218,0.365949631,0.000915527,0.154352188,0.050530434,0.023410797,0,0.009185791,0.161204338,0.021504402,0.176933289,0.00182724,0,0.018206596,22.42815971,60.64547157,35.89994621,118.7258282
201312_114.31522844727854_22.755518967676593.png,0.4969144723038438,0.1102446113834595,0.7928283778042038,0.1215299600469152,0.380379355,0.043314046,1.197529304,1.168925855,0,3.132283197,2.423173317,0.105443954,0,0.276132584,0.080966949,0.041248322,0,0,0.260577202,0.019003868,0.216627121,0,0,0,16.37815475,47.63286304,64.68643475,143.7047081
202212_113.9112664_22.481579000000004.png,0.6143286852273789,0.7809079412675539,0.3063414530474009,0.4011585859729596,0.525684166,2.034150733,3.033270329,2.505265684,1.411424758,2.969844662,3.228410827,0.371135712,0.00199604,0.038937569,0.001924515,0.012473106,0,0.000253677,0.407071114,0.005500793,0.149956703,0.00564003,0,0,29.42221642,77.45912457,58.86190319,113.3135452
202211_113.88136_22.584475199999996.png,0.3968682529618764,0.2246922188375812,0.7529845616882528,0.512274476886557,0.471704878,2.431296766,2.471667109,2.247437449,2.755027308,2.254359816,2.122896359,0.336211205,0.006545067,0.273329735,0.001224518,0.053879738,0,0.001495361,0.141976357,0,0.135512352,0.003026962,0.011171341,0.011297226,22.83501148,67.29731083,59.39356422,120.0097742
202103_113.8770939_22.5847014.png,0.3962244793252181,0.565848644189355,0.7469431364152911,0.6194489105148517,0.582116293,3.97424307,3.191159306,3.475912011,4.060061024,0.862181534,1.335413727,0.370062828,0.000132561,0.282327652,9.54E-06,0.000759125,6.10352E-05,0.000542641,0.139718056,0,0.154211998,0.012745857,0.002934456,0.015624046,26.97283745,93.04893589,51.08257103,172.2015896
202101_113.90091646008864_22.799239870213608.png,0.1012388587687612,0.7575664488272317,0.5356202431552787,0.2345782673054585,0.407250955,3.273833063,2.141297685,2.323844715,3.422701905,2.116876479,2.487145889,0.129668236,0.048471451,0.399707794,0.011269569,0.033333778,0,0.001204491,0.013998985,0,0.154595375,0.004014969,0,0.149774551,28.14378262,91.39992142,51.00688457,132.6767445
202102_113.91371846455706_22.760970536511298.png,0.1009709493633249,0.5655749179040982,0.4332663015875589,0.3333382426591503,0.358287603,1.973115485,1.641800995,1.496429404,2.259389776,2.583166831,2.460029074,0.304747581,0.016106606,0.147205353,0.05134201,0.008896828,0,0,0.241397858,0,0.19832325,0.009748459,0,0.016176224,32.44454384,64.78878307,32.15288162,179.7576466
202211_113.79437007537138_22.682460288185617.png,0.3967149945904145,0.456285422968116,0.6493220143991311,0.5151994679030042,0.504380475,2.281617078,1.777967337,1.449425732,2.245488651,3.229069979,3.827959115,0.274011612,0.001988411,0.223769188,0.075375557,0.009327888,0,0.000626564,0.220134735,0,0.138791084,0.00664711,0,0.04543972,24.3777895,60.73138905,44.70463848,95.12892437
202212_113.9384694_22.50815679999999.png,0.616284622240908,0.0701487798312178,0.3059963873218939,0.5092299858595879,0.375414944,2.204953434,3.370563059,2.679004112,1.807378323,2.709990181,2.597582538,0.298516273,0,0.03561306,0.017172813,0.091180801,0,0.00339222,0.391032219,0.035903931,0.117505074,0.002473831,0,0.005160332,27.42905617,82.74950981,74.72839165,91.91415405
202103_113.9429747_22.532584499999995.png,0.5026985468023477,0.564598933240082,0.312111644555812,0.411017429091998,0.447606638,2.758842577,2.671236374,2.322919664,2.64175607,2.473865426,3.13062283,0.065226555,6.48499E-05,0.152264595,0.305897713,0.037356377,0.000134468,0.029179573,0.276852608,0.001268387,0.088502884,0.02348423,0.00565815,0.004545212,29.79988575,59.02558899,30.38393116,139.8769951
202212_114.0908997_22.5583526.png,0.3991338257273464,0.6757292878812594,0.7633619898822884,0.5102193355739475,0.58711111,2.038948015,2.246578461,2.408591421,1.708246099,3.450939244,3.577290394,0.420289993,0.005523682,0.062697411,0.000831604,0.000332832,0.000224113,0.00094223,0.129165649,0.003463745,0.322354317,0.009488106,0.000291824,0.033009529,17.23587513,96.38613129,28.03649521,148.3844776
202211_114.3254350036764_22.68151625721614.png,0.0945503456476744,0.5647203650241666,0.4318978100753841,0.6236864830078368,0.428713751,1.845085614,1.095231197,1.066157893,1.924359833,3.439202371,3.582862801,0.36621666,0.000831604,0.273519516,0.05039978,0.017009735,0,0.002530098,0.046295166,0.00567627,0.227901459,0.000329018,0,0.009200096,28.54382515,80.0541687,25.0884676,137.7181225
202211_114.30676170000001_22.6703835.png,0.8660638630612588,0.6700295016927318,0.5414751432261576,0.6235540669756743,0.675280644,2.806521173,3.349769129,3.075483513,2.973106527,1.521837282,1.270764176,0.093844414,0.092749596,0.15431118,0.041517258,0.034549713,0,0.000686646,0.325000763,4.77E-06,0.190504074,0.056815147,0,0.001880646,33.00192833,68.37755013,81.51080894,137.4497547
202212_114.1282478_22.556577899999997.png,0.5089869337811266,0.0692563806352265,0.0597521434522093,0.2101829780079249,0.212044609,3.008824854,2.255765205,2.207154378,3.096802509,2.14664971,2.705261872,0.205170631,0.000135422,0.427108765,0.003565788,0.003457069,0,0.005288124,0.142731667,0,0.141530991,0.002243042,0,0.018096924,24.53780651,81.22405529,29.15672684,115.7507563
202211_113.8100430382602_22.746583540331518.png,0.0968394889223012,0.5646728578496323,0.3107989821930887,0.6207401699646256,0.398262875,2.27484468,1.544925979,1.414510751,2.235026725,3.093676663,3.691954704,0.345658302,0.004430771,0.299098015,0.001146317,0.081702232,0,0,0.102674484,0,0.129499435,0.003196716,0,0.031504631,29.34463978,86.25971794,30.58073616,101.0177917
202211_113.92292441756912_22.689422567040562.png,0.7751342486949016,0.4537277501151111,0.5395543389017257,0.5105610395939119,0.569744344,1.24551861,1.68315113,1.161859677,0.903230475,4.425698936,4.712149802,0.048258781,0,0.25690937,0.016616821,0.161223412,0,0.002179146,0.359054565,0.000519753,0.081868172,0.000402451,0,0.058927536,31.09631538,34.06830788,80.47080994,90.06907654
202103_114.097324_22.7009943.png,0.0992708388955763,0.3347070673796817,0.4313004027607059,0.5148619751626862,0.345035071,2.142374201,1.888664747,2.119179116,2.345464483,2.961726339,2.757266538,0.389526367,0.008403778,0.151507378,0.001237869,0.025278091,0.000292778,0.00028801,0.094285965,0.003211021,0.310411453,0.001242638,0,0.012576103,13.02193165,87.00065136,31.70999146,150.6764135
202212_113.8052854_22.6785739.png,0.3982672992926481,0.7774145931159271,0.0689990767366039,0.5073734578546648,0.438013607,3.967174444,3.126109256,3.369108405,4.084385693,1.137525314,1.586948033,0.264381409,0.011917114,0.239069939,0.00159359,0.112588882,0,0.000184059,0.135238647,0.000357628,0.165610313,0.00689888,0,0.010334969,32.12499619,86.40342236,35.80449772,172.6015224
202211_114.2597717_22.748227099999998.png,0.0936394507257103,0.4480009222604457,0.3046832341675426,0.623978744843849,0.367575588,1.358202302,1.299346914,1.127272437,1.660899353,3.516107477,3.096103213,0.428133965,0.000917435,0.169636726,0.000162125,0.000123024,0,0.001144409,0.096640587,3.15E-05,0.288004875,0.001885414,5.72E-06,0.011231422,14.95672703,64.38940716,40.83631229,130.3447142
202003_114.23825474491608_22.69764445152608.png,0.6051546644331443,0.3393807786017538,0.6451833231823055,0.5178727105821831,0.526897869,1.502222846,2.003534665,1.659597449,1.727803789,3.179126236,2.612891376,0.32119751,0.018414497,0.040771484,0.02130127,0.01336956,0,0.000927925,0.202045441,0.013914108,0.321444511,0.002962112,0,0.033088684,20.90289116,64.75704002,43.44445229,148.5549822
201709_114.06019570199695_22.61155481335208.png,0.1044350229583491,0.5641579307823259,0.3140770943852865,0.2385038697536531,0.305293479,1.389053782,0.877982047,0.78868024,1.600112468,3.334567959,3.2311313,0.304867744,0.013105392,0.335526466,0.050337791,0.019429207,0,0.002947807,0.004653931,0,0.216171265,0.013175011,0,0.020524025,20.76719284,83.34494114,44.8047905,119.3436861
201312_114.2637641_22.694024.png,0.1046933947974915,0.111635691415512,0.4329423209610837,0.1212280661998126,0.192624868,2.005392259,1.744732566,1.620783635,2.18967385,2.210002048,2.307098949,0.082982063,0.050149918,0.2722826,0.09283638,0.032170296,0,0,0.104415894,0.031539917,0.161299706,0.000123978,0,0.172142029,29.19605255,50.21489525,36.36752415,170.0176687
202103_113.77808539352496_22.70661859855536.png,0.1020459469959453,0.2342826004996898,0.0891929900990407,0.1105829208400462,0.134026115,2.238295026,1.92792217,2.131833499,2.207119724,2.024452652,2.380950298,0.178910255,0.000676155,0.073971748,0.007953644,0.246445656,0,0.000218391,0.158596039,0.048660278,0.242776871,0,0,0.008159637,28.80354881,46.58328056,38.64854908,149.8003139
202211_114.06487710000002_22.633098699999998.png,0.5064908823114385,0.6681910229690557,0.5397977413400723,0.5084353142926007,0.55572874,2.509356682,2.090396346,2.043931812,2.847992405,2.512910364,2.315409413,0.226980209,0.010707855,0.17723465,0.058740616,0.060247421,0,0.007164955,0.051829338,0.000659943,0.280836105,0.016500473,0.07738018,0.019880295,20.37858009,74.41055298,46.57472706,173.6128044
201902_114.0317129_22.543413399999995.png,0.6927884799566231,0.6565319545831887,0.5349048023325608,0.5173826519120579,0.600401972,1.854362334,1.834481059,1.426757536,2.008815694,2.628140033,2.785144482,0.321380615,0.041566849,0.051838875,0,0.012462616,0,0.001643181,0.30602169,0.001684189,0.186102867,0.025440216,0,0.020583153,29.30208206,55.00934696,49.53831387,128.9385023
202211_114.3836078_22.744371099999995.png,0.2645850967215307,0.5665033537127401,0.4294879667857121,0.4035467269160751,0.416030786,1.619081342,1.100795148,0.996150582,1.533542076,3.289561902,3.656954462,0.224380493,0.004294395,0.219388962,0.000377655,0.042104721,0,0.001266479,0.106129646,0.000702858,0.207493782,0.013053894,0,0.017268181,21.8824482,89.55439854,48.45589066,107.2042246
202211_113.82000803448553_22.737425312514915.png,0.0966145239822819,0.3340497155919859,0.4303681726690688,0.2261035789139916,0.271783998,2.738604243,2.214654208,2.249688459,2.629378236,2.235768343,2.971476394,0.366429329,0.001266479,0.300418854,0,0.000606537,0,4.77E-05,0.164176941,0.034803391,0.094002724,0.000188828,0.023522377,0.001645088,23.5222578,65.05806923,28.73165417,112.1977644
202103_114.0343637_22.714637800000002.png,0.1000149678571023,0.6608045169703795,0.3126909819166837,0.3288553895722828,0.350591464,1.28132009,0.93103119,1.008394327,1.23578877,4.184822351,4.306969247,0.06805706,0,0.315283775,0,0.010527611,0,0.00220108,0.002890587,0,0.253109932,0.000710487,0,0.346484184,22.73457527,84.10869217,41.32540607,99.86615849
201510_114.141854_22.6526184.png,0.2872747916181756,0.5619638984273915,0.6418160079928967,0.2472030795314265,0.434564444,1.208958148,1.771230903,1.655054689,1.409469469,3.34496412,2.716256804,0.341023445,0.001621246,0.041890144,0.041752815,0.029253006,0.000121117,6.01E-05,0.108210564,0.022883415,0.37552166,0.002253532,0,0.032013893,19.81171131,62.79014587,52.44379616,160.7662706
201312_114.32047496065323_22.79014665066662.png,0.4020442543694774,0.1113323353157037,0.2198380466440698,0.3395478218175315,0.268190615,1.602733194,0.845691922,0.751080099,1.795766132,2.78120486,2.886982627,0.262267113,0.002567291,0.481831551,0,0.014633179,0,0.000354767,0.003956795,0,0.180298805,0.014001846,0,0.02842617,19.42577362,65.31575584,58.19945908,137.4105196
202211_114.0438439_22.556771700000002.png,0.272815481667623,0.7702361019123358,0.5398380952301067,0.7182634328729306,0.575288278,1.815552946,1.8533637,1.711081049,2.070205498,2.936532814,2.66576435,0.352991104,0.010622025,0.098316193,0.000163078,0.000947952,0.000124931,0.004885674,0.152892113,0,0.265106201,0.031431198,0.012695313,0.058438301,22.04124928,60.27172279,29.769804,145.5789566
202212_113.89180624418951_22.79290449136687.png,0.2629505336559722,0.4463309534933125,0.1825575311573472,0.2116498272209082,0.275872211,2.552290436,1.759948016,1.724108776,2.531999994,3.790903497,4.103673941,0.298377037,1.81E-05,0.289107323,0,0.000125885,0,0.000279427,0.046844482,0.049304962,0.184916496,0.001032829,0,0.125921249,25.23064613,70.90803242,32.3540659,116.3795004
201311_113.83766518162263_22.641416403895732.png,0.0766281156458505,0.7333571904814647,0.1020110564641493,0.0899041598025771,0.250475131,1.884410598,1.90557152,2.467272133,2.022973099,1.95666184,1.684594522,0.407206535,0.000752449,0.258090019,0.002332687,0.001342773,0,0.000347137,0.077012062,0.009217262,0.23204422,0,0,0.006556511,17.34385014,86.10508442,33.71145725,173.4599133
202212_113.9270181_22.5401367.png,0.7167670600211572,0.4477168361662233,0.7608472466661557,0.5092561699614444,0.608646828,2.523495935,3.909951242,3.029361111,2.094414622,2.410901963,2.272471317,0.190052986,0.005540848,0.047716141,0.016497612,0.094466209,0,0.001094818,0.437530518,0.03809166,0.062146187,8.30E-05,0.000393867,0.062104225,41.03998661,57.84806728,75.39894104,109.9946442
201402_114.31282391584024_22.716085470930057.png,0.4946063091211153,0.3454607816590901,0.0954410425044256,0.1201217454795612,0.26390747,2.827130993,3.012942163,2.676811475,2.937918118,1.402565125,1.766957293,0.313016891,0.076523781,0.086488724,0.056096077,0.017066956,0,0.000313759,0.332176208,0,0.086005211,0.005836487,0,0.00024128,36.93790913,54.42490101,61.76973534,107.908452
202101_113.888855_22.791229200000004.png,0.2829021653956062,0.4584901055676348,0.3131724371842217,0.4126630335174153,0.366806935,2.938654193,2.073375755,2.509045743,3.019712818,1.737161379,1.969066945,0.367218018,0.028363228,0.16517067,0.000782013,0.011096001,0,0.005176544,0.029397964,0,0.372676849,0.002347946,0,0.007641792,23.22265148,64.66344452,18.0488081,188.9534616
201312_114.18655560000002_22.637104.png,0.1031445446421236,0.2516283156751397,0.2211577919455832,0.4139454539671223,0.247469027,1.565252225,0.595940853,0.476712837,1.660933737,3.537242577,3.795008647,0.282526016,0.005187988,0.47719574,0.009753227,0.019197464,0,0.000915527,0.010985374,0,0.114450455,0.033799171,0,0.044791222,31.07467175,56.95460415,44.22617149,156.3839579
202212_113.8915262_22.7874822.png,0.6145344561378441,0.4462799856197892,0.3065531819498595,0.6262725929937896,0.498410054,2.401967854,2.279661274,1.987644394,2.172354317,3.124612106,3.667232643,0.34706974,0.001269341,0.110969543,0,0.003919601,0.000592232,0.002902031,0.324987411,0.001316071,0.16036129,0.002595901,0.008919716,0.024008751,30.40882587,78.29267693,41.0759697,121.6444168
202211_114.19179562381086_22.63432322223352.png,0.6120829659382312,0.447292538839357,0.0756708388342863,0.8759152451825386,0.502740397,2.214942701,2.302913586,1.842795349,1.978300308,2.705538466,3.330493471,0.239442825,0.000191689,0.17459774,0.012834549,0.134062767,0,0.001178741,0.362300873,0,0.063933372,0.008658409,0,8.7738E-05,42.42420673,66.10305977,54.19847107,114.9111586
202211_114.3011382_22.6976226.png,0.094059446943442,0.5642501147235485,0.6542335496594719,0.7747678752548757,0.521827747,1.799883318,2.012172703,1.993682152,2.162438536,2.617372161,2.025028816,0.416687965,0.024056435,0.179073334,0.001164436,0.007257462,0,0.002317429,0.077131271,0.007575035,0.260472298,0.004043579,0.000403404,0.001725197,16.2784481,86.58031273,56.28511429,163.6147938
202211_114.0051723768474_22.681067740455443.png,0.0948153676791701,0.333289883001256,0.1939404439289148,0.4085194055632713,0.257641275,1.783031183,0.723123265,0.677765996,1.768347304,3.874504319,4.232095524,0.091711044,0.02674675,0.369618416,0.027395248,0.02966404,0,0,0.006604195,0,0.195463181,0.010905266,0.000974655,0.234767914,28.88720512,70.77049828,27.09148216,145.9846525
201403_114.3439078_22.665087599999996.png,0.8300947014541302,0.2442641424600227,0.64034627316599,0.4169822844382714,0.53292185,1.203149289,1.967953716,1.553393787,0.984531005,2.890060506,2.776864999,0.01408577,0,0.187570572,0.104881287,0.128891945,0,0,0.200306892,0,0.36251545,0,0,0.001171112,35.03497124,53.10529804,56.64202309,157.4327364
202211_113.88679688991533_22.57914480276345.png,0.7035628873299542,0.3330356562980915,0.3078937076223845,0.7649193037813395,0.527352889,2.920789281,3.618550862,2.913435096,2.489257104,2.443736666,2.816195056,0.144389153,0.000665665,0.037184715,0.063452721,0.013440132,0,0.009560585,0.495858192,0,0.022704124,0.017622948,6.29E-05,0.023597717,35.25481224,83.46147633,61.82775497,90.58288574
202211_113.909002_22.5679899.png,0.396563596923449,0.6644127749548161,0.820437154012298,0.4091489160620963,0.57264061,2.035804402,2.006477782,1.868366996,1.751795814,3.177914495,3.615338504,0.36874485,0.009261131,0.1357584,0,0.011312485,0.000349998,0.003590584,0.18723774,0,0.234351158,0.005969048,0,0.037893295,19.42188263,98.55823326,28.75687504,131.6423817
202103_113.8967224_22.5385513.png,0.396423914173188,0.8880126196198189,0.646071090768864,0.7041911216071131,0.658674687,3.362853792,3.093358008,3.250169692,3.52367887,0.873071757,1.072593307,0.311303139,0,0.118998528,0.000902176,0.027172089,0,0.008997917,0.21438694,0.057250977,0.214773178,0.011773109,0.0159235,0.007974625,33.22152615,70.71701813,38.64488602,163.3009434
201311_114.1708255_22.6072058.png,0.5923069785376589,0.2548463221913097,0.3267451485512973,0.3373338191150795,0.377808067,1.626862915,1.77669718,1.479933954,1.88460635,2.28654525,2.154940839,0.326018333,0.020634651,0.120205879,0.002994537,0.050109863,0,0.002321243,0.228387833,3.8147E-06,0.162492752,0.051039696,0,0.03427124,30.1884985,57.45966625,67.77122021,134.6459846
202211_113.83265292629095_22.7449197751454.png,0.5066839765541334,0.9338526558423348,0.5394389442459371,0.322792559929366,0.575692034,3.358937586,3.159223348,3.373359097,3.772081564,1.61648525,1.251176601,0.352640152,0.000222206,0.065821648,0.003186226,0.015680313,0.000397682,0.008241653,0.212966919,0.051859856,0.264204979,0.004647255,3.53E-05,0.014920235,26.20679855,80.21809483,60.27090836,174.7068567
202211_114.03978245388089_22.60607904267013.png,0.2726218007818531,0.7702167675353908,0.6513496944348904,0.5078380976940082,0.55050659,3.142818902,3.003493679,3.216573172,2.907023309,1.794170834,2.241681152,0.409496307,0.000667572,0.134187698,9.73E-05,0.02404213,0,0.001953125,0.162956238,0.044669151,0.210896492,0.000358582,4.67E-05,0.006813049,27.09686279,79.71310043,34.34636021,150.5761309
202103_114.12190805793112_22.627928023917203.png,0.5043036850476814,0.4569668288590403,0.5384823378261985,0.5151712933208373,0.503731036,1.886099895,3.134350143,2.106336643,1.346541781,3.278972039,3.275425865,0.148730278,0.000231743,0.076441765,0.032154083,0.185555458,0,0,0.450663567,0.000296593,0.025984764,0.068242073,0,0.011699677,42.30942249,41.76468563,84.36686134,98.25703239
201709_114.0793126_22.562718900000004.png,0.6916022346274725,0.6557185987424491,0.8069606274017819,0.6160403551576636,0.692580454,3.305008192,4.307148816,3.588790873,2.96116329,1.469517379,1.714186473,0.318660736,0.06186676,0.026643753,0.001260757,0.008834839,0,0.002471924,0.52558136,0,0.033525467,0.004719734,0,0.004798889,38.22193623,72.39171696,82.54386044,83.89226246
202212_114.1040977_22.558683299999995.png,0.3988601925903627,0.6754363652279417,0.8423947180691385,0.6286023177471759,0.636323398,2.980196079,2.447486698,2.525317228,3.062390938,2.047475243,2.354212792,0.345414162,0.013922691,0.142609596,7.34E-05,0.001270294,0.00014019,0.00391674,0.12583828,1.52588E-05,0.247493744,0.00647068,0.002071381,0.072464943,25.45097351,87.45649147,26.96144009,152.7090721
202212_113.81152624040243_22.669452211760223.png,0.0929093249250255,0.3294241768197927,0.4285772631003543,0.3128380780313279,0.290937211,1.539447418,0.854670807,0.737489315,1.795269963,3.541339253,3.37698853,0.323482513,0.001452446,0.17972374,0.000230789,0.073099136,0,0.002479553,0.003246307,0,0.35145092,0.011112213,0.015749931,0.024153709,23.61880302,74.81802177,48.99653912,153.1756506
202212_114.048521_22.5232585.png,0.5083053294760282,0.6759297157976759,0.3051289495067574,0.7203987959345735,0.552440698,3.336780179,3.202061993,2.863152804,3.304456184,2.186952485,2.800107504,0.207680702,0.000206947,0.222484589,0,0.019460678,0,0.017894745,0.33032608,0,0,0.021115303,0,0.16574955,43.12239647,77.17197323,50.69558048,108.4237967
202212_113.8873515_22.494999999999997.png,0.5078641074142498,0.3283360692786716,0.5425548146348409,0.0819194018403769,0.365168598,1.774842498,1.712137111,1.328045486,1.566826972,3.33228865,3.915550151,0.306733131,0.004378319,0.340382576,0,0.018891335,0,0.003705978,0.190876007,8.58E-06,0.111860275,0.011991501,6.01E-05,0.004864693,19.14440632,56.21272182,21.89989758,116.2748203
202103_113.9070024_22.779004599999993.png,0.1013530357082794,0.2316578598399327,0.6461022530631125,0.7040140314016253,0.420781795,1.391106758,1.290154318,1.454456758,1.214202025,4.160527211,4.380643083,0.355163574,0,0.07359314,0.018104553,0.005026817,0,0.001882553,0.125501633,0.006762505,0.312114716,0.003501892,0,0.014793396,16.39444828,56.78263474,36.32711506,124.302001
201902_114.013333_22.6805554.png,0.2834350548535623,0.2366136588667684,0.0901891451641351,0.2361991668476758,0.211609256,1.756730196,1.141144535,0.999699987,1.60536762,3.220058175,3.852760722,0.261468887,0,0.442883492,0,1.14441E-05,0,0,0.051623344,0,0.126481056,0.031749725,0,0.020974159,15.64421654,67.17272091,47.15001678,91.01279831
202211_114.38063190000001_22.6953099.png,0.0947668300300606,0.2134554153712653,0.4295781258103319,0.8254005087084649,0.39080022,2.011774758,1.758166688,1.91412031,2.29536182,2.615904438,2.268444615,0.332424164,0.000778198,0.137561798,0.03387928,0.020247459,0.000342369,0.001496315,0.030397415,0.001292229,0.37669754,0.045823097,0,0.016383171,16.03185654,105.2118759,43.28656578,132.945302
202212_113.8927901_22.761324599999995.png,0.0934208553763637,0.5662161388398061,0.542943585727089,0.2117003999121771,0.353570245,0.550921465,1.033777504,1.447119794,0.302228422,4.699151791,4.538622286,0.459078789,0.003586769,0.019434929,0.000309944,0.014820099,0.00073719,0.000642776,0.068965912,0.000513077,0.420307159,0.003500938,0,0.003393173,12.65082836,79.24735355,18.30506325,149.7769032
201312_114.36616_22.6108985.png,0.7529932025785999,0.2472694953171549,0.4338025518697017,0.3399216405748043,0.443496723,3.130685989,4.093714375,3.676776471,3.02709258,0.809099573,0.655106148,0.075395584,0.00023365,0.370735168,0.003300667,0.019584656,0,0.000212669,0.346363068,0.004266739,0.173440933,0.004742622,0,8.49E-05,48.55300426,72.68444443,81.23475552,127.9984541
202211_114.3769458_22.689101.png,0.7142537912230394,0.4470531329033699,0.3047246892791678,0.3119951101115188,0.444506681,2.190911856,3.414322336,2.548801025,1.722976438,2.292836889,2.346873626,0.132091522,0.008691788,0.078014374,0.004994392,0.110543251,0,0.001819611,0.528633118,0,0.086266518,0.02173233,0,0.027074814,29.35777187,54.9939909,68.46945763,102.9294596
202103_113.9572307259974_22.543175451827373.png,0.6970912248538104,0.5646080508349179,0.6468842573802147,0.7603660474020898,0.667237395,3.37378178,3.792747657,3.591227136,3.371530941,1.085302997,1.118595181,0.080192566,0.000437737,0.018990517,0.006871223,0.118944168,0,7.82E-05,0.412700653,0.013778687,0.169102669,0.001781464,0.005905151,0.165307999,43.07035446,64.33611012,70.98017788,121.6107988
201312_113.89281280000002_22.556411099999995.png,0.5941408952285839,0.4602932605400474,0.5327551851216383,0.7775410089111713,0.591182587,2.745255348,3.940127061,3.105363617,2.445497487,2.137136733,2.14935336,0.047710419,0.010721207,0.041426659,0.225209236,0.031472206,0,0.000472069,0.446160316,0,0.064603806,0.01444149,0,0.106373787,53.06314945,68.70177937,58.25454617,112.5130873
202211_113.8291359_22.6271889.png,0.0970963552705274,0.2257139831191197,0.3101804996046364,0.2253554111230055,0.214586562,0.669209458,1.143788779,1.600295509,0.37415292,4.579900475,4.455407117,0.341578484,0.000999451,0.06298542,0.001495361,0.052484512,0,0.008016586,0.069924355,0,0.415255547,0.009397507,0,0.001023293,12.82811165,91.14530373,27.80102825,154.1503162
202211_114.3162351_22.766853299999998.png,0.6119198535317985,0.4480107497453653,0.1867254769055696,0.4055398764932394,0.413048989,2.52398471,2.586827223,2.503698935,2.291462437,2.528746855,2.881129716,0.376064301,0.012852669,0.078994751,0.004732132,0.038056374,0,0.000451088,0.159142494,0.002773285,0.271857262,2.86E-05,2.38E-05,0.016682625,19.32606697,84.00426865,24.78691769,152.9383459
201709_114.0569058_22.528170200000005.png,0.285162450331388,0.4601942694706593,0.3140615804330875,0.414460701458187,0.36846975,2.58183071,1.77238583,1.742109967,2.549295138,2.578507194,3.302509187,0.348205566,0.000246048,0.475754738,0,0.021110535,0,0.000905991,0.025822639,0,0.081498146,0.005990028,4.10E-05,0.038446426,26.36097908,66.93311977,40.34585667,117.955862
202103_114.1462658_22.620422699999995.png,0.0983908357708724,0.229405098300082,0.2008452350437556,0.4100310345621459,0.234668051,1.657740215,0.985327888,0.77079843,1.806828579,3.030158575,3.224334722,0.238430023,0,0.394303322,3.8147E-05,0.156118393,6.20E-05,0.000799179,0.101003647,0.000144958,0.086078644,0.001353264,0.000136375,0.00579834,28.27923775,43.60323143,48.76838112,136.2532873
201902_114.04594474714749_22.567282191742024.png,0.3956402863343461,0.5657023802746044,0.4338351950151237,0.3359421646298437,0.432780007,1.567401275,1.214233869,1.027912608,1.374834802,3.350790873,3.959112893,0.153990746,0.172875404,0.143234253,0.015394211,0.074507713,0,0.006264687,0.261400223,7.24792E-05,0.090132713,0.002749443,0,0.065924644,25.11902332,23.57154751,74.15450191,106.245822
202211_114.03708640000002_22.7299134.png,0.3983777036214299,0.0794885860306828,0.5398630284068759,0.7668252412578421,0.44613864,2.006160849,2.009518167,1.911900311,2.144691603,2.935528996,2.795404242,0.327281952,0.011300087,0.078197479,0.030714989,6.10352E-05,0.000642776,0.0026474,0.204592705,0.013239861,0.247311592,0.000752449,0.006587982,0.07177639,19.24459934,87.97694111,30.73754692,164.986021
202211_114.112463_22.71322719999999.png,0.5059614253414282,0.0792657876475196,0.4318163773048157,0.719018190775814,0.434015445,0.500832019,0.653183694,0.511727234,0.665514803,3.857479135,3.402665143,0.37208271,0.001177788,0.037995338,2.48E-05,0.016214371,4.77E-05,0.00245285,0.103239059,0.000462532,0.377345085,0.003803253,0.055734634,0.017145157,14.38183308,63.13788509,35.73922348,177.7472982
202212_113.8597812_22.757076.png,0.2645496947427272,0.5664314969644175,0.6574543864588198,0.5080601410716996,0.49912393,2.275355472,2.181525787,2.183096174,1.964679852,2.830343881,3.388663371,0.437431335,0.000350952,0.075057983,0.000836372,0.022673607,0.000185966,0.002545357,0.168708801,0.004668236,0.271177292,0.003545761,0,0.008217812,16.72883034,92.55750465,28.57659149,125.6549606
202211_113.90574290000002_22.577700399999998.png,0.0952536320914019,0.4540623361489447,0.4307837639120551,0.7652000790880693,0.436324953,2.868690092,2.27644895,2.266917423,2.855523297,2.377989779,2.944965803,0.373630524,0.0076437,0.249221802,1.62E-05,0.001099586,4.77E-06,0.001413345,0.104061127,0,0.206625938,0.033655167,0,0.010310173,25.44416428,100.2849216,36.87223148,132.9768486
202211_113.819258_22.731765400000004.png,0.506417182274407,0.455927093545359,0.4304242838851574,0.3236923840236994,0.429115236,2.108793225,2.07939316,2.026286331,1.820710513,2.984079555,3.475060381,0.395306587,5.05E-05,0.184651375,0.001919746,0.017762184,3.8147E-06,0.002811432,0.151600838,0.025528908,0.182702065,0,0.013505936,0.008332253,18.35113049,73.35478592,27.89847279,123.8862352
201606_114.24238642416961_22.588507629943926.png,0.1058163793988819,0.343326714073599,0.5332202702354106,0.1203053248732665,0.275667172,1.485433159,1.206041012,0.919415981,1.831467502,3.352079605,3.038593963,0.304872513,0.004376411,0.114564896,0,0.033000946,0,0.000212669,0.068444252,0,0.27648735,0.003670692,0,0.005326271,22.56410122,71.01229,70.83746719,119.0962572
201410_114.39313294679685_22.740476520102636.png,0.6026387591309507,0.6522515460436431,0.5341070590240914,0.4178801342281332,0.551719375,1.23589002,2.198947566,2.055874773,1.229696807,2.33521154,1.840935078,0.200141907,0.013936043,0.022984505,0.073936462,0.094718933,0,0.010924339,0.300862312,1.05E-05,0.273075104,0,0,0.006884575,35.97391605,46.23352623,78.17760277,141.5730562
202211_114.0163689_22.653706200000002.png,0.0940626940873737,0.2213787386941495,0.8223510972892714,0.7151783420671736,0.463242718,2.304001459,1.288295699,1.294086161,2.301967943,2.860750199,3.432394416,0.370549202,0.008187294,0.44553566,0,7.62939E-05,1.91E-06,0.004939079,0.047294617,0,0.051386833,0.037173271,9.54E-07,0.018090248,23.08427811,59.85325813,19.77474689,142.7098007
201402_114.410324_22.6407317.png,0.4006202031698354,0.3447862777817088,0.6402750013359365,0.1210152828651509,0.376674191,0.240120507,1.110808079,0.91207618,0.072248347,3.921785272,3.63965195,0.243494034,0.00622654,0.160558701,0.032464981,0.066102028,0.000141144,0.000418663,0.27746582,0,0.20821476,0.000268936,0,9.54E-07,24.27005768,38.50502586,41.94630146,160.9582415
202211_114.31441280650962_22.67996343438464.png,0.7144579642996726,0.8529533537462809,0.54150288894559,0.5088985333326128,0.654453185,1.992004383,2.321713083,1.907138652,1.542112084,3.033704058,3.656404339,0.023615837,0.033334732,0.311161995,0.022481918,0.068179131,0,0.000323296,0.395979881,0.000634193,0.121850967,0,0,0.007047653,28.04237366,58.62925911,37.19098759,109.7943373
202211_113.8596726_22.652348399999997.png,0.0951217182842095,0.5648753060225866,0.3083682513187729,0.7113348975208157,0.419925043,3.483122506,3.149644498,3.399881535,3.868421489,1.422008887,1.196296137,0.318049431,0.002487183,0.143483162,0.016830444,0.05207634,0,0.007661819,0.121184349,0.005076408,0.278366089,0.007707596,0.002428055,0.006631851,19.47368145,102.1329126,104.565526,131.2298431
202102_113.9516791_22.7421702.png,0.2826274036727726,0.658449282073942,0.6456711281396053,0.5175110646840709,0.52606472,2.899387254,1.992152894,2.065733938,3.167335255,2.231959033,2.304982188,0.248195648,0.031342506,0.332798004,0.003137589,0.100359917,0.000365257,1.43E-05,0.029222488,0.00256443,0.167402267,0.059017181,0.022092819,0.003300667,32.12450981,63.74970245,30.56698704,191.5556259
202211_114.3511078_22.681715400000005.png,0.61229372410623,0.5656218143177549,0.6535183840363843,0.5082034264928021,0.584909337,1.336228636,1.63552528,1.549097288,1.513998579,3.015464191,2.603195974,0.407077789,0.00183773,0.051329613,0.005474091,0.024356842,9.91821E-05,0.001603127,0.173120499,0.001200676,0.323116302,0.001775742,0,0.000941277,20.36034107,66.79415417,51.58454609,141.7092352
201601_114.04964802536469_22.65207090120377.png,0.7607730416630374,0.3430386702944158,0.2155071285813347,0.1201658503974643,0.359871173,2.485723742,3.482867236,3.079758122,2.324850085,1.918019508,1.631470979,0.280119896,0,0.163991928,0.04759407,0.006287575,0,0.004874229,0.190054893,0.000229836,0.195384026,0.022021294,0,0.081988335,23.17668915,85.07186985,83.29848194,105.5483017
201312_113.8844253_22.668941099999998.png,0.0929707504230828,0.1106259142845818,0.4307053193818081,0.5069268668961948,0.285307213,1.575353578,0.632851694,0.508874455,1.63969563,3.993993962,4.197194923,0.252356529,0.009695053,0.403589249,0,0,0,0.001623154,0.003762245,0,0.091142654,0.008404732,0,0.143829346,27.09807873,44.03648281,44.9396944,109.5036736
201312_114.5101182_22.53470929999999.png,0.600690581054347,0.2455762182116588,0.5329159550521321,0.5112118328489615,0.472598647,1.566251192,2.452439383,1.815222196,1.582665994,2.346661048,2.044345935,0.36198616,0.003788948,0.035159111,0,0.008413315,0,0.000871658,0.363296509,0.032803535,0.17370224,0.001732826,0,0.009918213,37.5869751,42.39661884,61.95582199,149.9758425
201510_114.1548433_22.612801099999995.png,0.1029324178511085,0.3437979883784925,0.0921354726018855,0.1201503267556628,0.164754051,0.312114367,0.557708798,0.810394199,0.400017272,3.995883415,3.585564016,0.27870369,0,0.163763046,0.082262039,0.008915901,0,0.002867699,0.021095276,7.44E-05,0.385631561,0.000137329,0,0.046103477,15.77845573,50.10480118,33.28970814,192.4568157
202103_114.0988453_22.704682299999998.png,0.2802090837626804,0.0876739477237742,0.6481453597916893,0.2270335550537929,0.310765487,0.489228913,0.920674989,0.978488887,0.423568702,4.497313279,4.247191681,0.377067566,0,0.089754105,0.015634537,0.058645248,0,0.00067234,0.11062336,0.000210762,0.325991631,0.008755684,0,0.011237144,14.74880219,51.17072868,43.52047062,126.1384659
202211_114.22642830617639_22.700759857544092.png,0.7121946467836393,0.4475936034128764,0.6534730808923443,0.5080842119460398,0.580336386,3.079756898,3.21779709,3.060580552,2.846398348,1.848015834,2.296514307,0.349191666,0.000983238,0.073903084,0.017240524,0.06125164,9.54E-07,0.000397682,0.252522469,0.019039154,0.220381737,0.000939369,0,0,24.09399033,79.31734562,45.20031071,125.435957
201509_113.8842395_22.5070012.png,0.1021027174744514,0.3439006346639769,0.2162468203676697,0.3400342840313881,0.250571114,0.787306505,1.081405373,1.138882996,0.698598193,5,4.76742674,0.209482193,0.003070831,0.048665047,0.00039196,0.010974884,7.92E-05,0.000366211,0.125419617,0.002759933,0.33057785,0.003673553,0,0.182461739,17.70863056,85.04682636,43.0271616,155.4993114
