full_path,year,lon,lat,score1,score,local_moran_i,local_moran_p,local_moran_quad,local_moran_category
D:\A_Research\A_doing_research\20250804_LLM_campus_restoration\shanghai\final_image\201311_113.8247679_22.6033668.png,201311,113.8247679,22.6033668,0.46419,0.40166,0.006825928181289086,0.257,3,Not significant
D:\A_Research\A_doing_research\20250804_LLM_campus_restoration\shanghai\final_image\201311_113.826843_22.5991516.png,201311,113.826843,22.5991516,0.75031,0.231,0.005130613735991845,0.427,3,Not significant
D:\A_Research\A_doing_research\20250804_LLM_campus_restoration\shanghai\final_image\201311_113.8327226_22.588928800000005.png,201311,113.8327226,22.5889288,0.23448,0.23061,-0.025782951154819177,0.273,2,Not significant
D:\A_Research\A_doing_research\20250804_LLM_campus_restoration\shanghai\final_image\201311_113.83533558902073_22.644305643221244.png,201311,113.8353356,22.64430564,0.58878,0.43456,0.009118178598386083,0.019,3,LL
D:\A_Research\A_doing_research\20250804_LLM_campus_restoration\shanghai\final_image\201311_113.83766518162263_22.641416403895732.png,201311,113.8376652,22.6414164,0.34445,0.25048,0.10355368842478364,0.059,3,Not significant
D:\A_Research\A_doing_research\20250804_LLM_campus_restoration\shanghai\final_image\201311_113.83844682320864_22.579318505915754.png,201311,113.8384468,22.57931851,0.64106,0.2,-0.04253027897320106,0.303,2,Not significant
D:\A_Research\A_doing_research\20250804_LLM_campus_restoration\shanghai\final_image\201311_113.83882751120629_22.63997007932517.png,201311,113.8388275,22.63997008,0.6038,0.31794,0.08297751473929495,0.034,3,LL
D:\A_Research\A_doing_research\20250804_LLM_campus_restoration\shanghai\final_image\201311_113.84117664281987_22.637094674727816.png,201311,113.8411766,22.63709467,0.2112,0.25048,0.06796071830143267,0.089,3,Not significant
D:\A_Research\A_doing_research\20250804_LLM_campus_restoration\shanghai\final_image\201311_113.8462841_22.583814599999993.png,201311,113.8462841,22.5838146,0.2175,0.53606,0.01854383720384594,0.186,1,Not significant
D:\A_Research\A_doing_research\20250804_LLM_campus_restoration\shanghai\final_image\201311_113.87865392033376_22.61317748414232.png,201311,113.8786539,22.61317748,0.58057,0.2827,-0.07538152056032031,0.004,2,LH
D:\A_Research\A_doing_research\20250804_LLM_campus_restoration\shanghai\final_image\201311_113.882861_22.6128348.png,201311,113.882861,22.6128348,0.67,0.637,0.041281344087308935,0.085,1,Not significant
D:\A_Research\A_doing_research\20250804_LLM_campus_restoration\shanghai\final_image\201311_113.8903839_22.5539715.png,201311,113.8903839,22.5539715,0.7435,0.455,0.0054720507517657824,0.001,1,HH
D:\A_Research\A_doing_research\20250804_LLM_campus_restoration\shanghai\final_image\201311_113.8964295_22.5980825.png,201311,113.8964295,22.5980825,0.47,0.41546,-0.018805547244252627,0.003,2,LH
D:\A_Research\A_doing_research\20250804_LLM_campus_restoration\shanghai\final_image\201311_113.9022082_22.590201799999996.png,201311,113.9022082,22.5902018,0.54703,0.1743,-0.20323036958609006,0.001,2,LH
D:\A_Research\A_doing_research\20250804_LLM_campus_restoration\shanghai\final_image\201311_113.90606_22.596435000000003.png,201311,113.90606,22.596435,0.70977,0.45311,0.0021366963175379213,0.002,1,HH
D:\A_Research\A_doing_research\20250804_LLM_campus_restoration\shanghai\final_image\201311_113.907799_22.526203099999996.png,201311,113.907799,22.5262031,0.44,0.5388,0.10688685595656872,0.001,1,HH
D:\A_Research\A_doing_research\20250804_LLM_campus_restoration\shanghai\final_image\201311_113.91650685779294_22.599782819195894.png,201311,113.9165069,22.59978282,0.43,0.36,-0.04880381677195324,0.001,2,LH
D:\A_Research\A_doing_research\20250804_LLM_campus_restoration\shanghai\final_image\201311_113.9210168_22.637396899999995.png,201311,113.9210168,22.6373969,0.2317,0.42785,-0.006978807659089709,0.006,2,LH
D:\A_Research\A_doing_research\20250804_LLM_campus_restoration\shanghai\final_image\201311_113.9212475061574_22.624198398318953.png,201311,113.9212475,22.6241984,0.26729,0.375,-0.032757460607215044,0.004,2,LH
D:\A_Research\A_doing_research\20250804_LLM_campus_restoration\shanghai\final_image\201311_113.92134492327405_22.6301559311904.png,201311,113.9213449,22.63015593,0.567,0.63128,0.0492095372144199,0.018,1,HH
D:\A_Research\A_doing_research\20250804_LLM_campus_restoration\shanghai\final_image\201311_113.9315387_22.6072424.png,201311,113.9315387,22.6072424,0.415,0.35621,-0.04036793241376217,0.005,2,LH
D:\A_Research\A_doing_research\20250804_LLM_campus_restoration\shanghai\final_image\201311_113.93390290000002_22.603255199999996.png,201311,113.9339029,22.6032552,0.75,0.32034,-0.07216605924914486,0.001,2,LH
D:\A_Research\A_doing_research\20250804_LLM_campus_restoration\shanghai\final_image\201311_113.955732_22.590690699999996.png,201311,113.955732,22.5906907,0.3892,0.58673,0.12307911836613278,0.001,1,HH
D:\A_Research\A_doing_research\20250804_LLM_campus_restoration\shanghai\final_image\201311_113.95997440000001_22.599463099999998.png,201311,113.9599744,22.5994631,0.75224,0.63114,0.15538910092621536,0.001,1,HH
D:\A_Research\A_doing_research\20250804_LLM_campus_restoration\shanghai\final_image\201311_113.972093_22.603460099999996.png,201311,113.972093,22.6034601,0.62315,0.61,0.13263592853753992,0.001,1,HH
D:\A_Research\A_doing_research\20250804_LLM_campus_restoration\shanghai\final_image\201311_113.97215286575438_22.599851368800312.png,201311,113.9721529,22.59985137,0.43935,0.67931,0.20326134761499678,0.001,1,HH
D:\A_Research\A_doing_research\20250804_LLM_campus_restoration\shanghai\final_image\201311_113.97217166373336_22.598046834891043.png,201311,113.9721717,22.59804683,0.65673,0.55963,0.11344400649136324,0.001,1,HH
D:\A_Research\A_doing_research\20250804_LLM_campus_restoration\shanghai\final_image\201311_113.9785024_22.6241635.png,201311,113.9785024,22.6241635,0.43751,0.41333,-0.017661678790206848,0.001,2,LH
D:\A_Research\A_doing_research\20250804_LLM_campus_restoration\shanghai\final_image\201311_113.9787376_22.589872099999997.png,201311,113.9787376,22.5898721,0.46952,0.51418,0.03594978654448107,0.001,1,HH
D:\A_Research\A_doing_research\20250804_LLM_campus_restoration\shanghai\final_image\201311_113.9824091_22.594394199999996.png,201311,113.9824091,22.5943942,0.1804,0.55828,0.06419767231792142,0.002,1,HH
D:\A_Research\A_doing_research\20250804_LLM_campus_restoration\shanghai\final_image\201311_113.9849525_22.597865099999996.png,201311,113.9849525,22.5978651,0.49671,0.425,-0.016380548802005894,0.003,2,LH
D:\A_Research\A_doing_research\20250804_LLM_campus_restoration\shanghai\final_image\201311_113.9874162_22.598817899999997.png,201311,113.9874162,22.5988179,0.58621,0.41313,-0.025098365084614157,0.003,2,LH
D:\A_Research\A_doing_research\20250804_LLM_campus_restoration\shanghai\final_image\201311_113.9934289_22.598725899999998.png,201311,113.9934289,22.5987259,0.58254,0.7,0.17502575232976114,0.001,1,HH
D:\A_Research\A_doing_research\20250804_LLM_campus_restoration\shanghai\final_image\201311_113.9934635_22.605469299999996.png,201311,113.9934635,22.6054693,0.5376,0.416,-0.025561838267830005,0.001,2,LH
D:\A_Research\A_doing_research\20250804_LLM_campus_restoration\shanghai\final_image\201311_113.9956108_22.602901100000004.png,201311,113.9956108,22.6029011,0.17758,0.585,0.09994760443755041,0.001,1,HH
D:\A_Research\A_doing_research\20250804_LLM_campus_restoration\shanghai\final_image\201311_113.9978764_22.603342699999995.png,201311,113.9978764,22.6033427,0.65929,0.54386,0.07192296697596728,0.001,1,HH
D:\A_Research\A_doing_research\20250804_LLM_campus_restoration\shanghai\final_image\201311_114.00419846671053_22.673102084815238.png,201311,114.0041985,22.67310208,0.57868,0.26146,0.008216336481692909,0.459,3,Not significant
D:\A_Research\A_doing_research\20250804_LLM_campus_restoration\shanghai\final_image\201311_114.010794_22.5554258.png,201311,114.010794,22.5554258,0.61664,0.453,0.00400419014484347,0.001,1,HH
D:\A_Research\A_doing_research\20250804_LLM_campus_restoration\shanghai\final_image\201311_114.0363794_22.549060799999996.png,201311,114.0363794,22.5490608,0.44198,0.41855,-0.040153668881833075,0.001,2,LH
D:\A_Research\A_doing_research\20250804_LLM_campus_restoration\shanghai\final_image\201311_114.0367137_22.625328199999995.png,201311,114.0367137,22.6253282,0.55024,0.65447,0.10843677273454187,0.003,1,HH
D:\A_Research\A_doing_research\20250804_LLM_campus_restoration\shanghai\final_image\201311_114.07813510000001_22.5592236.png,201311,114.0781351,22.5592236,0.48241,0.46077,0.012735794103400006,0.001,1,HH
D:\A_Research\A_doing_research\20250804_LLM_campus_restoration\shanghai\final_image\201311_114.0918839_22.580004399999996.png,201311,114.0918839,22.5800044,0.31507,0.37008,-0.03647172398160829,0.009,2,LH
D:\A_Research\A_doing_research\20250804_LLM_campus_restoration\shanghai\final_image\201311_114.108805_22.539949000000004.png,201311,114.108805,22.539949,0.40114,0.57976,0.10622472320927337,0.001,1,HH
D:\A_Research\A_doing_research\20250804_LLM_campus_restoration\shanghai\final_image\201311_114.1260936_22.5848949.png,201311,114.1260936,22.5848949,0.61775,0.50064,0.007132769428567817,0.239,1,Not significant
D:\A_Research\A_doing_research\20250804_LLM_campus_restoration\shanghai\final_image\201311_114.1329892_22.5822593.png,201311,114.1329892,22.5822593,0.31773,0.37038,-0.014544849517018833,0.182,2,Not significant
D:\A_Research\A_doing_research\20250804_LLM_campus_restoration\shanghai\final_image\201311_114.13313586110559_22.60543104368196.png,201311,114.1331359,22.60543104,0.39625,0.30435,0.00994309047023128,0.39,3,Not significant
D:\A_Research\A_doing_research\20250804_LLM_campus_restoration\shanghai\final_image\201311_114.1331646_22.6036264.png,201311,114.1331646,22.6036264,0.54346,0.43018,0.002128918081376599,0.357,3,Not significant
D:\A_Research\A_doing_research\20250804_LLM_campus_restoration\shanghai\final_image\201311_114.13318312310899_22.60182164061621.png,201311,114.1331831,22.60182164,0.152,0.6343,-0.05692321278682317,0.143,4,Not significant
D:\A_Research\A_doing_research\20250804_LLM_campus_restoration\shanghai\final_image\201311_114.1398083_22.565269999999995.png,201311,114.1398083,22.56527,0.3944,0.26613,-0.09716893853119288,0.025,2,LH
D:\A_Research\A_doing_research\20250804_LLM_campus_restoration\shanghai\final_image\201311_114.14111260000001_22.612017599999994.png,201311,114.1411126,22.6120176,0.13593,0.39402,0.013703026249618035,0.093,3,Not significant
D:\A_Research\A_doing_research\20250804_LLM_campus_restoration\shanghai\final_image\201311_114.1422458_22.573539200000006.png,201311,114.1422458,22.5735392,0.379,0.686,0.04436767575709935,0.201,1,Not significant
D:\A_Research\A_doing_research\20250804_LLM_campus_restoration\shanghai\final_image\201311_114.158799_22.6090681.png,201311,114.158799,22.6090681,0.62314,0.48447,-0.014184963634079102,0.028,4,HL
D:\A_Research\A_doing_research\20250804_LLM_campus_restoration\shanghai\final_image\201311_114.1664523_22.6055109.png,201311,114.1664523,22.6055109,0.46952,0.37658,0.01645647246795139,0.115,3,Not significant
D:\A_Research\A_doing_research\20250804_LLM_campus_restoration\shanghai\final_image\201311_114.16919617982792_22.62714279983004.png,201311,114.1691962,22.6271428,0.21411,0.30981,0.05177608202268397,0.006,3,LL
D:\A_Research\A_doing_research\20250804_LLM_campus_restoration\shanghai\final_image\201311_114.1699075_22.572947699999997.png,201311,114.1699075,22.5729477,0.23894,0.45147,0.00045127602617364563,0.163,1,Not significant
D:\A_Research\A_doing_research\20250804_LLM_campus_restoration\shanghai\final_image\201311_114.1708255_22.6072058.png,201311,114.1708255,22.6072058,0.40177,0.46253,-0.004182140159186902,0.038,4,HL
D:\A_Research\A_doing_research\20250804_LLM_campus_restoration\shanghai\final_image\201311_114.1712754_22.5966659.png,201311,114.1712754,22.5966659,0.43665,0.575,-0.02798267730000414,0.095,4,Not significant
D:\A_Research\A_doing_research\20250804_LLM_campus_restoration\shanghai\final_image\201311_114.1715729_22.579913799999993.png,201311,114.1715729,22.5799138,0.52,0.41138,-0.004931247120784052,0.245,2,Not significant
D:\A_Research\A_doing_research\20250804_LLM_campus_restoration\shanghai\final_image\201311_114.1753739_22.602115699999995.png,201311,114.1753739,22.6021157,0.48567,0.416,0.006919729830026651,0.114,3,Not significant
D:\A_Research\A_doing_research\20250804_LLM_campus_restoration\shanghai\final_image\201311_114.1766153913743_22.62211635756483.png,201311,114.1766154,22.62211636,0.58,0.3292,0.0470704052175629,0.006,3,LL
D:\A_Research\A_doing_research\20250804_LLM_campus_restoration\shanghai\final_image\201311_114.176878_22.581670799999998.png,201311,114.176878,22.5816708,0.675,0.66667,-0.024172551533511978,0.259,4,Not significant
D:\A_Research\A_doing_research\20250804_LLM_campus_restoration\shanghai\final_image\201311_114.1832046_22.5984266.png,201311,114.1832046,22.5984266,0.30313,0.44777,0.00036942916616554324,0.103,3,Not significant
D:\A_Research\A_doing_research\20250804_LLM_campus_restoration\shanghai\final_image\201311_114.1856469_22.5908533.png,201311,114.1856469,22.5908533,0.6311,0.45,-9.392974647922749e-05,0.159,4,Not significant
D:\A_Research\A_doing_research\20250804_LLM_campus_restoration\shanghai\final_image\201311_114.1860739_22.6130437.png,201311,114.1860739,22.6130437,0.38668,0.29869,0.0502649050928247,0.008,3,LL
D:\A_Research\A_doing_research\20250804_LLM_campus_restoration\shanghai\final_image\201311_114.186989_22.595263999999997.png,201311,114.186989,22.595264,0.385,0.49,-0.010240209781734877,0.09,4,Not significant
D:\A_Research\A_doing_research\20250804_LLM_campus_restoration\shanghai\final_image\201311_114.231161_22.596456399999994.png,201311,114.231161,22.5964564,0.134,0.313,0.0872385506556071,0.001,3,LL
D:\A_Research\A_doing_research\20250804_LLM_campus_restoration\shanghai\final_image\201312_113.78218214006371_22.68964439788343.png,201312,113.7821821,22.6896444,0.736,0.35047,0.047659088358192755,0.072,3,Not significant
D:\A_Research\A_doing_research\20250804_LLM_campus_restoration\shanghai\final_image\201312_113.7839461_22.716497199999996.png,201312,113.7839461,22.7164972,0.55861,0.2201,0.04527131326619399,0.266,3,Not significant
D:\A_Research\A_doing_research\20250804_LLM_campus_restoration\shanghai\final_image\201312_113.78476114628427_22.697658317071774.png,201312,113.7847611,22.69765832,0.55347,0.26146,0.06313901453655944,0.147,3,Not significant
D:\A_Research\A_doing_research\20250804_LLM_campus_restoration\shanghai\final_image\201312_113.8235017_22.698809100000002.png,201312,113.8235017,22.6988091,0.60739,0.3964,0.008193930594189972,0.26,3,Not significant
D:\A_Research\A_doing_research\20250804_LLM_campus_restoration\shanghai\final_image\201312_113.8278184_22.7315766.png,201312,113.8278184,22.7315766,0.646,0.29636,-0.0013054456023539854,0.497,2,Not significant
D:\A_Research\A_doing_research\20250804_LLM_campus_restoration\shanghai\final_image\201312_113.830443_22.644925700000005.png,201312,113.830443,22.6449257,0.236,0.34443,0.05194711145450462,0.035,3,LL
D:\A_Research\A_doing_research\20250804_LLM_campus_restoration\shanghai\final_image\201312_113.83443584337306_22.74126975401547.png,201312,113.8344358,22.74126975,0.39034,0.3033,0.01719792716174961,0.362,3,Not significant
D:\A_Research\A_doing_research\20250804_LLM_campus_restoration\shanghai\final_image\201312_113.8346455_22.695685499999996.png,201312,113.8346455,22.6956855,0.55798,0.28059,-0.011639720962892198,0.414,2,Not significant
D:\A_Research\A_doing_research\20250804_LLM_campus_restoration\shanghai\final_image\201312_113.83572026600113_22.73146253989801.png,201312,113.8357203,22.73146254,0.46952,0.49,-0.007826549880917388,0.236,4,Not significant
D:\A_Research\A_doing_research\20250804_LLM_campus_restoration\shanghai\final_image\201312_113.8360353_22.761185699999995.png,201312,113.8360353,22.7611857,0.58352,0.26939,-0.002966516537130675,0.488,2,Not significant
D:\A_Research\A_doing_research\20250804_LLM_campus_restoration\shanghai\final_image\201312_113.83718987956412_22.73739513103713.png,201312,113.8371899,22.73739513,0.3523,0.40049,0.003948588291519232,0.397,3,Not significant
D:\A_Research\A_doing_research\20250804_LLM_campus_restoration\shanghai\final_image\201312_113.8374755_22.647390599999994.png,201312,113.8374755,22.6473906,0.25479,0.45938,-0.004495965650922094,0.031,4,HL
D:\A_Research\A_doing_research\20250804_LLM_campus_restoration\shanghai\final_image\201312_113.83914327807292_22.754952015391464.png,201312,113.8391433,22.75495202,0.46752,0.637,-0.06314567256655873,0.127,4,Not significant
D:\A_Research\A_doing_research\20250804_LLM_campus_restoration\shanghai\final_image\201312_113.8409926803816_22.75012227013069.png,201312,113.8409927,22.75012227,0.1804,0.24747,0.022931982826100625,0.338,3,Not significant
D:\A_Research\A_doing_research\20250804_LLM_campus_restoration\shanghai\final_image\201312_113.8530002_22.568199100000005.png,201312,113.8530002,22.5681991,0.71903,0.5363,0.01109073382375754,0.321,1,Not significant
D:\A_Research\A_doing_research\20250804_LLM_campus_restoration\shanghai\final_image\201312_113.85651230262431_22.656305210826364.png,201312,113.8565123,22.65630521,0.46498,0.657,-0.024250608285518394,0.241,4,Not significant
D:\A_Research\A_doing_research\20250804_LLM_campus_restoration\shanghai\final_image\201312_113.8574523_22.571860800000003.png,201312,113.8574523,22.5718608,0.32375,0.45,0.00013391689987713885,0.21,1,Not significant
D:\A_Research\A_doing_research\20250804_LLM_campus_restoration\shanghai\final_image\201312_113.85777283738314_22.642709229323334.png,201312,113.8577728,22.64270923,0.585,0.45667,-0.0014843246002945846,0.118,4,Not significant
D:\A_Research\A_doing_research\20250804_LLM_campus_restoration\shanghai\final_image\201312_113.8578372_22.5682381.png,201312,113.8578372,22.5682381,0.13156,0.45521,0.0011116105138107351,0.232,1,Not significant
D:\A_Research\A_doing_research\20250804_LLM_campus_restoration\shanghai\final_image\201312_113.85980904184744_22.648029621847705.png,201312,113.859809,22.64802962,0.35358,0.25392,0.004896705900094296,0.414,3,Not significant
D:\A_Research\A_doing_research\20250804_LLM_campus_restoration\shanghai\final_image\201312_113.860416_22.5694392.png,201312,113.860416,22.5694392,0.6789,0.297,-0.0611377478293808,0.077,2,Not significant
D:\A_Research\A_doing_research\20250804_LLM_campus_restoration\shanghai\final_image\201312_113.8659038_22.605222400000002.png,201312,113.8659038,22.6052224,0.58925,0.37781,-0.026108114789705907,0.065,2,Not significant
D:\A_Research\A_doing_research\20250804_LLM_campus_restoration\shanghai\final_image\201312_113.876258209507_22.67064777876147.png,201312,113.8762582,22.67064778,0.545,0.26261,0.02078287111370507,0.209,3,Not significant
D:\A_Research\A_doing_research\20250804_LLM_campus_restoration\shanghai\final_image\201312_113.88293720000001_22.8212419.png,201312,113.8829372,22.8212419,0.4262,0.41776,0.0128725101940463,0.073,3,Not significant
D:\A_Research\A_doing_research\20250804_LLM_campus_restoration\shanghai\final_image\201312_113.8844253_22.668941099999998.png,201312,113.8844253,22.6689411,0.44549,0.28531,0.02930509303695383,0.123,3,Not significant
D:\A_Research\A_doing_research\20250804_LLM_campus_restoration\shanghai\final_image\201312_113.8877873_22.674002400000003.png,201312,113.8877873,22.6740024,0.4696,0.31971,0.02045088192127147,0.156,3,Not significant
D:\A_Research\A_doing_research\20250804_LLM_campus_restoration\shanghai\final_image\201312_113.89200644069061_22.81193671333176.png,201312,113.8920064,22.81193671,0.56132,0.34937,0.05167155835553759,0.022,3,LL
D:\A_Research\A_doing_research\20250804_LLM_campus_restoration\shanghai\final_image\201312_113.89281280000002_22.556411099999995.png,201312,113.8928128,22.5564111,0.48241,0.59118,0.11812066371997548,0.001,1,HH
D:\A_Research\A_doing_research\20250804_LLM_campus_restoration\shanghai\final_image\201312_113.8966185193665_22.67673893440902.png,201312,113.8966185,22.67673893,0.5278,0.27405,0.00857505510394188,0.391,3,Not significant
D:\A_Research\A_doing_research\20250804_LLM_campus_restoration\shanghai\final_image\201312_113.9001954_22.673202699999997.png,201312,113.9001954,22.6732027,0.31773,0.46315,-0.0007934367154873158,0.376,4,Not significant
D:\A_Research\A_doing_research\20250804_LLM_campus_restoration\shanghai\final_image\201312_113.9104919_22.707616799999997.png,201312,113.9104919,22.7076168,0.5376,0.55272,0.0042339241520988995,0.412,1,Not significant
D:\A_Research\A_doing_research\20250804_LLM_campus_restoration\shanghai\final_image\201312_113.9201526_22.757344299999996.png,201312,113.9201526,22.7573443,0.4,0.37861,-0.0006978758043295806,0.482,2,Not significant
D:\A_Research\A_doing_research\20250804_LLM_campus_restoration\shanghai\final_image\201312_113.92843742482079_22.742538568001862.png,201312,113.9284374,22.74253857,0.17,0.52189,-0.009602604380598706,0.298,4,Not significant
D:\A_Research\A_doing_research\20250804_LLM_campus_restoration\shanghai\final_image\201312_113.92896073426577_22.788379996341252.png,201312,113.9289607,22.78838,0.35318,0.45226,-0.0010259288121916004,0.135,4,Not significant
D:\A_Research\A_doing_research\20250804_LLM_campus_restoration\shanghai\final_image\201312_113.9319524_22.7820153.png,201312,113.9319524,22.7820153,0.51903,0.39442,0.01504385969037637,0.09,3,Not significant
D:\A_Research\A_doing_research\20250804_LLM_campus_restoration\shanghai\final_image\201312_113.93225513663295_22.67354575658441.png,201312,113.9322551,22.67354576,0.14335,0.3935,-0.0037462428690108562,0.413,2,Not significant
D:\A_Research\A_doing_research\20250804_LLM_campus_restoration\shanghai\final_image\201312_113.93280873958427_22.797684582528913.png,201312,113.9328087,22.79768458,0.62676,0.26146,0.12218173355016124,0.015,3,LL
D:\A_Research\A_doing_research\20250804_LLM_campus_restoration\shanghai\final_image\201312_113.93289859477152_22.800449818195553.png,201312,113.9328986,22.80044982,0.41596,0.26146,0.11582420902336266,0.011,3,LL
D:\A_Research\A_doing_research\20250804_LLM_campus_restoration\shanghai\final_image\201312_113.9332992_22.683222899999997.png,201312,113.9332992,22.6832229,0.1804,0.46357,0.0005862421070121069,0.439,1,Not significant
D:\A_Research\A_doing_research\20250804_LLM_campus_restoration\shanghai\final_image\201312_113.93568964381272_22.79704532316997.png,201312,113.9356896,22.79704532,0.51325,0.2701,0.10650347528008754,0.012,3,LL
D:\A_Research\A_doing_research\20250804_LLM_campus_restoration\shanghai\final_image\201312_113.9400991_22.675618299999996.png,201312,113.9400991,22.6756183,0.5376,0.4834,-0.0004837504984136944,0.451,4,Not significant
D:\A_Research\A_doing_research\20250804_LLM_campus_restoration\shanghai\final_image\201312_113.940145_22.6708651.png,201312,113.940145,22.6708651,0.36264,0.52743,-0.006551720401547904,0.372,4,Not significant
D:\A_Research\A_doing_research\20250804_LLM_campus_restoration\shanghai\final_image\201312_113.9421799_22.6686978.png,201312,113.9421799,22.6686978,0.599,0.43,-0.0018927204855375289,0.315,2,Not significant
D:\A_Research\A_doing_research\20250804_LLM_campus_restoration\shanghai\final_image\201312_113.9429058_22.681555399999997.png,201312,113.9429058,22.6815554,0.2611,0.4378,0.00026050098587087077,0.443,3,Not significant
D:\A_Research\A_doing_research\20250804_LLM_campus_restoration\shanghai\final_image\201312_113.9447581_22.788198900000005.png,201312,113.9447581,22.7881989,0.2771,0.45886,-0.00410311494054116,0.013,4,HL
D:\A_Research\A_doing_research\20250804_LLM_campus_restoration\shanghai\final_image\201312_113.94683940000002_22.745170999999996.png,201312,113.9468394,22.745171,0.236,0.47372,0.0008709452232233045,0.442,1,Not significant
D:\A_Research\A_doing_research\20250804_LLM_campus_restoration\shanghai\final_image\201312_113.94687218395403_22.792900726064204.png,201312,113.9468722,22.79290073,0.58788,0.36353,0.04050128838481555,0.013,3,LL
D:\A_Research\A_doing_research\20250804_LLM_campus_restoration\shanghai\final_image\201312_113.94724641296688_22.762202944327534.png,201312,113.9472464,22.76220294,0.61055,0.21432,-0.0069898002497935435,0.484,2,Not significant
D:\A_Research\A_doing_research\20250804_LLM_campus_restoration\shanghai\final_image\201312_113.94748592446027_22.77183085041752.png,201312,113.9474859,22.77183085,0.236,0.47462,-0.0068759585359570675,0.088,4,Not significant
D:\A_Research\A_doing_research\20250804_LLM_campus_restoration\shanghai\final_image\201312_113.9485822_22.767552100000003.png,201312,113.9485822,22.7675521,0.538,0.35352,0.01462632480765684,0.248,3,Not significant
D:\A_Research\A_doing_research\20250804_LLM_campus_restoration\shanghai\final_image\201312_113.9522727_22.793913.png,201312,113.9522727,22.793913,0.35735,0.23063,0.07757764063659198,0.022,3,LL
D:\A_Research\A_doing_research\20250804_LLM_campus_restoration\shanghai\final_image\201312_113.95310359293084_22.71916721241418.png,201312,113.9531036,22.71916721,0.50012,0.43209,0.005512722105882172,0.018,3,LL
D:\A_Research\A_doing_research\20250804_LLM_campus_restoration\shanghai\final_image\201312_113.9532978470833_22.688725149365723.png,201312,113.9532978,22.68872515,0.54303,0.3692,0.013126511546214324,0.224,3,Not significant
D:\A_Research\A_doing_research\20250804_LLM_campus_restoration\shanghai\final_image\201312_113.95561950000001_22.7145902.png,201312,113.9556195,22.7145902,0.42957,0.2598,0.07645544604364243,0.013,3,LL
D:\A_Research\A_doing_research\20250804_LLM_campus_restoration\shanghai\final_image\201312_113.9569087_22.710923500000003.png,201312,113.9569087,22.7109235,0.51508,0.24976,0.11000003816155349,0.005,3,LL
D:\A_Research\A_doing_research\20250804_LLM_campus_restoration\shanghai\final_image\201312_113.9571939_22.735764799999995.png,201312,113.9571939,22.7357648,0.75333,0.41546,0.0018808934390064857,0.352,3,Not significant
D:\A_Research\A_doing_research\20250804_LLM_campus_restoration\shanghai\final_image\201312_113.95807713632374_22.69596139553345.png,201312,113.9580771,22.6959614,0.46647,0.35062,0.02577765052753164,0.106,3,Not significant
D:\A_Research\A_doing_research\20250804_LLM_campus_restoration\shanghai\final_image\201312_113.9594006_22.7664273.png,201312,113.9594006,22.7664273,0.5436,0.4832,-0.014332351269445954,0.059,4,Not significant
D:\A_Research\A_doing_research\20250804_LLM_campus_restoration\shanghai\final_image\201312_113.96037321245348_22.71031364112373.png,201312,113.9603732,22.71031364,0.45039,0.10827,0.13964215871465202,0.013,3,LL
D:\A_Research\A_doing_research\20250804_LLM_campus_restoration\shanghai\final_image\201312_113.9624331_22.795895.png,201312,113.9624331,22.795895,0.55837,0.4075,0.015462741347406163,0.008,3,LL
D:\A_Research\A_doing_research\20250804_LLM_campus_restoration\shanghai\final_image\201312_113.9629334_22.596588599999997.png,201312,113.9629334,22.5965886,0.44764,0.6912,0.20104794653713032,0.001,1,HH
D:\A_Research\A_doing_research\20250804_LLM_campus_restoration\shanghai\final_image\201312_113.96347738401079_22.808961303980453.png,201312,113.9634774,22.8089613,0.40515,0.4,0.023730586839706004,0.013,3,LL
D:\A_Research\A_doing_research\20250804_LLM_campus_restoration\shanghai\final_image\201312_113.9639165641494_22.592330286341497.png,201312,113.9639166,22.59233029,0.305,0.50768,0.04777808898437106,0.001,1,HH
D:\A_Research\A_doing_research\20250804_LLM_campus_restoration\shanghai\final_image\201312_113.9663157_22.5911024.png,201312,113.9663157,22.5911024,0.42797,0.343,-0.09616143889056007,0.001,2,LH
D:\A_Research\A_doing_research\20250804_LLM_campus_restoration\shanghai\final_image\201312_113.9738335_22.7337.png,201312,113.9738335,22.7337,0.62314,0.48347,-0.005830086189973768,0.164,4,Not significant
D:\A_Research\A_doing_research\20250804_LLM_campus_restoration\shanghai\final_image\201312_113.9768203_22.7324706.png,201312,113.9768203,22.7324706,0.25,0.47182,-0.003780311416842121,0.182,4,Not significant
D:\A_Research\A_doing_research\20250804_LLM_campus_restoration\shanghai\final_image\201312_113.97725700000001_22.692804.png,201312,113.977257,22.692804,0.58606,0.26246,0.04226963606307451,0.199,3,Not significant
D:\A_Research\A_doing_research\20250804_LLM_campus_restoration\shanghai\final_image\201312_113.97779910000001_22.583089800000003.png,201312,113.9777991,22.5830898,0.48,0.41881,-0.014528056303096327,0.003,2,LH
D:\A_Research\A_doing_research\20250804_LLM_campus_restoration\shanghai\final_image\201312_113.98020260000001_22.706513.png,201312,113.9802026,22.706513,0.5248,0.266,0.03493821298327929,0.127,3,Not significant
D:\A_Research\A_doing_research\20250804_LLM_campus_restoration\shanghai\final_image\201312_113.98465042947734_22.697789878371264.png,201312,113.9846504,22.69778988,0.2,0.465,-0.0058914459650810675,0.059,4,Not significant
D:\A_Research\A_doing_research\20250804_LLM_campus_restoration\shanghai\final_image\201312_113.9855199196164_22.72554148035475.png,201312,113.9855199,22.72554148,0.58375,0.0,0.012649130772070371,0.416,3,Not significant
D:\A_Research\A_doing_research\20250804_LLM_campus_restoration\shanghai\final_image\201312_113.9866768764742_22.71677410752129.png,201312,113.9866769,22.71677411,0.56359,0.41546,0.004484143686892253,0.196,3,Not significant
D:\A_Research\A_doing_research\20250804_LLM_campus_restoration\shanghai\final_image\201312_113.9868342_22.6970249.png,201312,113.9868342,22.6970249,0.32993,0.27332,0.017068334110893823,0.332,3,Not significant
D:\A_Research\A_doing_research\20250804_LLM_campus_restoration\shanghai\final_image\201312_114.0020013_22.7316767.png,201312,114.0020013,22.7316767,0.3512,0.2347,0.053577077448698766,0.02,3,LL
D:\A_Research\A_doing_research\20250804_LLM_campus_restoration\shanghai\final_image\201312_114.01953790895728_22.71317023818615.png,201312,114.0195379,22.71317024,0.47568,0.45408,-0.00155389605225676,0.042,4,HL
D:\A_Research\A_doing_research\20250804_LLM_campus_restoration\shanghai\final_image\201312_114.02329532604585_22.718456107324215.png,201312,114.0232953,22.71845611,0.43042,0.39842,0.023982402391741757,0.052,3,Not significant
D:\A_Research\A_doing_research\20250804_LLM_campus_restoration\shanghai\final_image\201312_114.02460795663488_22.690583366445924.png,201312,114.024608,22.69058337,0.26125,0.33,0.03296234299886477,0.116,3,Not significant
D:\A_Research\A_doing_research\20250804_LLM_campus_restoration\shanghai\final_image\201312_114.0251038_22.7133515.png,201312,114.0251038,22.7133515,0.23556,0.41842,0.00979795571947075,0.064,3,Not significant
D:\A_Research\A_doing_research\20250804_LLM_campus_restoration\shanghai\final_image\201312_114.0305048_22.7552166.png,201312,114.0305048,22.7552166,0.5574,0.31913,0.05239332587211004,0.055,3,Not significant
D:\A_Research\A_doing_research\20250804_LLM_campus_restoration\shanghai\final_image\201312_114.0766239_22.750108900000004.png,201312,114.0766239,22.7501089,0.3213,0.52743,-0.013080319930067126,0.092,4,Not significant
D:\A_Research\A_doing_research\20250804_LLM_campus_restoration\shanghai\final_image\201312_114.1090122_22.6811702.png,201312,114.1090122,22.6811702,0.30267,0.30453,0.03719743370786065,0.072,3,Not significant
D:\A_Research\A_doing_research\20250804_LLM_campus_restoration\shanghai\final_image\201312_114.12473379288609_22.683326689080907.png,201312,114.1247338,22.68332669,0.17484,0.4684,-0.0059286237614059045,0.098,4,Not significant
D:\A_Research\A_doing_research\20250804_LLM_campus_restoration\shanghai\final_image\201312_114.13003_22.6889903.png,201312,114.13003,22.6889903,0.18182,0.3,0.03545838624110762,0.152,3,Not significant
D:\A_Research\A_doing_research\20250804_LLM_campus_restoration\shanghai\final_image\201312_114.1371844_22.686265900000006.png,201312,114.1371844,22.6862659,0.61423,0.44032,0.0036830271310743326,0.044,3,LL
D:\A_Research\A_doing_research\20250804_LLM_campus_restoration\shanghai\final_image\201312_114.139972570633_22.674626512428038.png,201312,114.1399726,22.67462651,0.13703,0.27965,0.07941680688202077,0.012,3,LL
D:\A_Research\A_doing_research\20250804_LLM_campus_restoration\shanghai\final_image\201312_114.14028577812942_22.64580744386048.png,201312,114.1402858,22.64580744,0.607,0.19,0.13785813140886288,0.007,3,LL
D:\A_Research\A_doing_research\20250804_LLM_campus_restoration\shanghai\final_image\201312_114.14506092354861_22.693567282949985.png,201312,114.1450609,22.69356728,0.53353,0.49458,-0.012080386161298824,0.184,4,Not significant
D:\A_Research\A_doing_research\20250804_LLM_campus_restoration\shanghai\final_image\201312_114.1465315_22.64902.png,201312,114.1465315,22.64902,0.45,0.29114,0.08876890014563513,0.003,3,LL
D:\A_Research\A_doing_research\20250804_LLM_campus_restoration\shanghai\final_image\201312_114.1468709_22.670344.png,201312,114.1468709,22.670344,0.32786,0.54188,-0.05257893182199745,0.001,4,HL
D:\A_Research\A_doing_research\20250804_LLM_campus_restoration\shanghai\final_image\201312_114.1505006_22.683427199999993.png,201312,114.1505006,22.6834272,0.575,0.36615,0.037844087481579636,0.02,3,LL
D:\A_Research\A_doing_research\20250804_LLM_campus_restoration\shanghai\final_image\201312_114.1545373_22.6585078.png,201312,114.1545373,22.6585078,0.2883,0.45924,-0.004660444840306222,0.001,4,HL
D:\A_Research\A_doing_research\20250804_LLM_campus_restoration\shanghai\final_image\201312_114.15496564402403_22.68774104495292.png,201312,114.1549656,22.68774104,0.36467,0.20763,0.0759038735861367,0.044,3,LL
D:\A_Research\A_doing_research\20250804_LLM_campus_restoration\shanghai\final_image\201312_114.1564987_22.682483800000004.png,201312,114.1564987,22.6824838,0.38201,0.42904,0.009921491797746746,0.014,3,LL
D:\A_Research\A_doing_research\20250804_LLM_campus_restoration\shanghai\final_image\201312_114.1675356_22.644914899999993.png,201312,114.1675356,22.6449149,0.35,0.50861,-0.03452876727820149,0.006,4,HL
D:\A_Research\A_doing_research\20250804_LLM_campus_restoration\shanghai\final_image\201312_114.1701336_22.6451791.png,201312,114.1701336,22.6451791,0.65398,0.35947,0.03815417956633815,0.035,3,LL
D:\A_Research\A_doing_research\20250804_LLM_campus_restoration\shanghai\final_image\201312_114.1743229_22.648339499999995.png,201312,114.1743229,22.6483395,0.16605,0.28433,0.06920040727420185,0.017,3,LL
D:\A_Research\A_doing_research\20250804_LLM_campus_restoration\shanghai\final_image\201312_114.17593013178106_22.636968925868143.png,201312,114.1759301,22.63696893,0.64093,0.56353,-0.07418365589415651,0.003,4,HL
D:\A_Research\A_doing_research\20250804_LLM_campus_restoration\shanghai\final_image\201312_114.17911787827708_22.646863043098495.png,201312,114.1791179,22.64686304,0.6695,0.51418,-0.04083319326337142,0.003,4,HL
D:\A_Research\A_doing_research\20250804_LLM_campus_restoration\shanghai\final_image\201312_114.18090536599144_22.643472136404366.png,201312,114.1809054,22.64347214,0.43666,0.28015,0.07218664914926633,0.019,3,LL
D:\A_Research\A_doing_research\20250804_LLM_campus_restoration\shanghai\final_image\201312_114.18534443829918_22.652647385478126.png,201312,114.1853444,22.65264739,0.25883,0.44441,0.0017311432918951752,0.087,3,Not significant
D:\A_Research\A_doing_research\20250804_LLM_campus_restoration\shanghai\final_image\201312_114.18655560000002_22.637104.png,201312,114.1865556,22.637104,0.4542,0.34801,0.04828020034583853,0.013,3,LL
D:\A_Research\A_doing_research\20250804_LLM_campus_restoration\shanghai\final_image\201312_114.18679310000002_22.650756199999996.png,201312,114.1867931,22.6507562,0.538,0.5248,-0.034154389561606484,0.049,4,HL
D:\A_Research\A_doing_research\20250804_LLM_campus_restoration\shanghai\final_image\201312_114.18888920000002_22.625178400000003.png,201312,114.1888892,22.6251784,0.3,0.49,-0.02058201126051225,0.003,4,HL
D:\A_Research\A_doing_research\20250804_LLM_campus_restoration\shanghai\final_image\201312_114.19084678366524_22.66063459298591.png,201312,114.1908468,22.66063459,0.72735,0.45658,-0.0036005967339868706,0.005,4,HL
D:\A_Research\A_doing_research\20250804_LLM_campus_restoration\shanghai\final_image\201312_114.1908895_22.5558844.png,201312,114.1908895,22.5558844,0.53429,0.3573,0.016135121178127907,0.077,3,Not significant
D:\A_Research\A_doing_research\20250804_LLM_campus_restoration\shanghai\final_image\201312_114.19316369793675_22.635618175979587.png,201312,114.1931637,22.63561818,0.52183,0.43169,0.008822570024945268,0.08,3,Not significant
D:\A_Research\A_doing_research\20250804_LLM_campus_restoration\shanghai\final_image\201312_114.1943834_22.631455699999997.png,201312,114.1943834,22.6314557,0.648,0.19473,0.08626015645211835,0.1,3,Not significant
D:\A_Research\A_doing_research\20250804_LLM_campus_restoration\shanghai\final_image\201312_114.1945279_22.639228699999997.png,201312,114.1945279,22.6392287,0.456,0.4067,0.01960430607488424,0.028,3,LL
D:\A_Research\A_doing_research\20250804_LLM_campus_restoration\shanghai\final_image\201312_114.1950844_22.634264699999992.png,201312,114.1950844,22.6342647,0.173,0.4756,-0.017640080708058337,0.014,4,HL
D:\A_Research\A_doing_research\20250804_LLM_campus_restoration\shanghai\final_image\201312_114.19602911551343_22.663121813261984.png,201312,114.1960291,22.66312181,0.41467,0.25264,0.12628191775282135,0.019,3,LL
D:\A_Research\A_doing_research\20250804_LLM_campus_restoration\shanghai\final_image\201312_114.1961887_22.708436.png,201312,114.1961887,22.708436,0.2955,0.52743,0.008672240333342253,0.314,1,Not significant
D:\A_Research\A_doing_research\20250804_LLM_campus_restoration\shanghai\final_image\201312_114.1964133_22.669798999999998.png,201312,114.1964133,22.669799,0.56409,0.4486,0.00041536263748360904,0.008,3,LL
D:\A_Research\A_doing_research\20250804_LLM_campus_restoration\shanghai\final_image\201312_114.19775787834423_22.663948568441985.png,201312,114.1977579,22.66394857,0.57031,0.264,0.12688412678477085,0.02,3,LL
D:\A_Research\A_doing_research\20250804_LLM_campus_restoration\shanghai\final_image\201312_114.19969620936563_22.652557138337144.png,201312,114.1996962,22.65255714,0.48241,0.52644,-0.05100351110033255,0.02,4,HL
D:\A_Research\A_doing_research\20250804_LLM_campus_restoration\shanghai\final_image\201312_114.2010636_22.665965500000006.png,201312,114.2010636,22.6659655,0.576,0.3742,0.04428119540908433,0.015,3,LL
D:\A_Research\A_doing_research\20250804_LLM_campus_restoration\shanghai\final_image\201312_114.2022029_22.657184499999996.png,201312,114.2022029,22.6571845,0.32426,0.27862,0.07240826936939407,0.028,3,LL
D:\A_Research\A_doing_research\20250804_LLM_campus_restoration\shanghai\final_image\201312_114.2033489_22.668222899999993.png,201312,114.2033489,22.6682229,0.654,0.34699,0.043691276788165326,0.04,3,LL
D:\A_Research\A_doing_research\20250804_LLM_campus_restoration\shanghai\final_image\201312_114.2074247_22.6760155.png,201312,114.2074247,22.6760155,0.41616,0.42,0.011048158707294259,0.065,3,Not significant
D:\A_Research\A_doing_research\20250804_LLM_campus_restoration\shanghai\final_image\201312_114.20805200000001_22.6377857.png,201312,114.208052,22.6377857,0.28811,0.51039,-0.03079127966316293,0.008,4,HL
D:\A_Research\A_doing_research\20250804_LLM_campus_restoration\shanghai\final_image\201312_114.21192220523224_22.557448573715703.png,201312,114.2119222,22.55744857,0.15694,0.0,0.42694288569304395,0.002,3,LL
D:\A_Research\A_doing_research\20250804_LLM_campus_restoration\shanghai\final_image\201312_114.2148053_22.727966299999995.png,201312,114.2148053,22.7279663,0.4952,0.35921,0.00935100809004334,0.34,3,Not significant
D:\A_Research\A_doing_research\20250804_LLM_campus_restoration\shanghai\final_image\201312_114.21492477006552_22.750303352861994.png,201312,114.2149248,22.75030335,0.51,0.57392,-0.04690534506562811,0.038,4,HL
D:\A_Research\A_doing_research\20250804_LLM_campus_restoration\shanghai\final_image\201312_114.2176059_22.68184889999999.png,201312,114.2176059,22.6818489,0.5998,0.38038,-0.008158791331952546,0.33,2,Not significant
D:\A_Research\A_doing_research\20250804_LLM_campus_restoration\shanghai\final_image\201312_114.2186886_22.6391748.png,201312,114.2186886,22.6391748,0.47,0.4461,0.0016372010959809834,0.023,3,LL
D:\A_Research\A_doing_research\20250804_LLM_campus_restoration\shanghai\final_image\201312_114.2215308_22.638467100000003.png,201312,114.2215308,22.6384671,0.46952,0.39756,0.022182386649816168,0.034,3,LL
D:\A_Research\A_doing_research\20250804_LLM_campus_restoration\shanghai\final_image\201312_114.2217792_22.645389599999994.png,201312,114.2217792,22.6453896,0.30658,0.35,0.0362577893803654,0.03,3,LL
D:\A_Research\A_doing_research\20250804_LLM_campus_restoration\shanghai\final_image\201312_114.22255509192577_22.74762079192338.png,201312,114.2225551,22.74762079,0.46051,0.41042,0.015804517930174747,0.067,3,Not significant
D:\A_Research\A_doing_research\20250804_LLM_campus_restoration\shanghai\final_image\201312_114.22327990000001_22.752087699999997.png,201312,114.2232799,22.7520877,0.58028,0.32101,0.04966315778760552,0.101,3,Not significant
D:\A_Research\A_doing_research\20250804_LLM_campus_restoration\shanghai\final_image\201312_114.22741642663604_22.6742870331036.png,201312,114.2274164,22.67428703,0.591,0.354,0.013139099560577929,0.279,3,Not significant
D:\A_Research\A_doing_research\20250804_LLM_campus_restoration\shanghai\final_image\201312_114.2280303_22.6858936.png,201312,114.2280303,22.6858936,0.19572,0.21026,-0.011307726933854532,0.41,2,Not significant
D:\A_Research\A_doing_research\20250804_LLM_campus_restoration\shanghai\final_image\201312_114.2283096510214_22.618127991880815.png,201312,114.2283097,22.61812799,0.6154,0.0,0.35955776708361376,0.001,3,LL
D:\A_Research\A_doing_research\20250804_LLM_campus_restoration\shanghai\final_image\201312_114.22879333076148_22.67811880661746.png,201312,114.2287933,22.67811881,0.625,0.46378,-0.0029240116214209687,0.213,4,Not significant
D:\A_Research\A_doing_research\20250804_LLM_campus_restoration\shanghai\final_image\201312_114.22976024585495_22.66465441636165.png,201312,114.2297602,22.66465442,0.3965,0.40622,0.014943135369977857,0.139,3,Not significant
D:\A_Research\A_doing_research\20250804_LLM_campus_restoration\shanghai\final_image\201312_114.2306855_22.6447186.png,201312,114.2306855,22.6447186,0.4235,0.5269,-0.03233088379917548,0.011,4,HL
D:\A_Research\A_doing_research\20250804_LLM_campus_restoration\shanghai\final_image\201312_114.231165984875_22.61567860394638.png,201312,114.231166,22.6156786,0.19115,0.0,0.3704225568355079,0.001,3,LL
D:\A_Research\A_doing_research\20250804_LLM_campus_restoration\shanghai\final_image\201312_114.23170335000688_22.66473085769163.png,201312,114.2317034,22.66473086,0.48241,0.38038,0.017557570836261423,0.205,3,Not significant
D:\A_Research\A_doing_research\20250804_LLM_campus_restoration\shanghai\final_image\201312_114.23322180000001_22.749445099999996.png,201312,114.2332218,22.7494451,0.56201,0.26275,0.05942847148785811,0.091,3,Not significant
D:\A_Research\A_doing_research\20250804_LLM_campus_restoration\shanghai\final_image\201312_114.2335359_22.676501499999993.png,201312,114.2335359,22.6765015,0.6953,0.42491,0.005422487425632888,0.161,3,Not significant
D:\A_Research\A_doing_research\20250804_LLM_campus_restoration\shanghai\final_image\201312_114.2375818252192_22.664361221799496.png,201312,114.2375818,22.66436122,0.62315,0.748,-0.12661929956647613,0.041,4,HL
D:\A_Research\A_doing_research\20250804_LLM_campus_restoration\shanghai\final_image\201312_114.23760175466754_22.742406490495853.png,201312,114.2376018,22.74240649,0.33735,0.26,0.07657332434623049,0.131,3,Not significant
D:\A_Research\A_doing_research\20250804_LLM_campus_restoration\shanghai\final_image\201312_114.2377708_22.660016599999995.png,201312,114.2377708,22.6600166,0.45731,0.55829,-0.026823025372278566,0.131,4,Not significant
D:\A_Research\A_doing_research\20250804_LLM_campus_restoration\shanghai\final_image\201312_114.2380314_22.670535799999996.png,201312,114.2380314,22.6705358,0.42493,0.22293,0.027145495568099247,0.262,3,Not significant
D:\A_Research\A_doing_research\20250804_LLM_campus_restoration\shanghai\final_image\201312_114.2407985_22.655806999999996.png,201312,114.2407985,22.655807,0.33374,0.334,0.019517840197104275,0.191,3,Not significant
D:\A_Research\A_doing_research\20250804_LLM_campus_restoration\shanghai\final_image\201312_114.2411396_22.6499076.png,201312,114.2411396,22.6499076,0.58,0.5269,-0.029099786413923752,0.021,4,HL
D:\A_Research\A_doing_research\20250804_LLM_campus_restoration\shanghai\final_image\201312_114.24427254906077_22.685548141769612.png,201312,114.2442725,22.68554814,0.567,0.47269,-0.005638730352092371,0.198,4,Not significant
D:\A_Research\A_doing_research\20250804_LLM_campus_restoration\shanghai\final_image\201312_114.2461532_22.686516899999994.png,201312,114.2461532,22.6865169,0.53476,0.527,-0.03693010829442604,0.056,4,Not significant
D:\A_Research\A_doing_research\20250804_LLM_campus_restoration\shanghai\final_image\201312_114.24759367393123_22.751763700769764.png,201312,114.2475937,22.7517637,0.099,0.40891,0.010366311130530345,0.122,3,Not significant
D:\A_Research\A_doing_research\20250804_LLM_campus_restoration\shanghai\final_image\201312_114.24997525575375_22.687022159401685.png,201312,114.2499753,22.68702216,0.54022,0.0,0.03709931114677744,0.326,3,Not significant
D:\A_Research\A_doing_research\20250804_LLM_campus_restoration\shanghai\final_image\201312_114.2548337_22.687333400000007.png,201312,114.2548337,22.6873334,0.47844,0.35857,0.04156156158735229,0.016,3,LL
D:\A_Research\A_doing_research\20250804_LLM_campus_restoration\shanghai\final_image\201312_114.2637641_22.694024.png,201312,114.2637641,22.694024,0.51897,0.193,0.062076777769499214,0.112,3,Not significant
D:\A_Research\A_doing_research\20250804_LLM_campus_restoration\shanghai\final_image\201312_114.26495182895304_22.709595012731427.png,201312,114.2649518,22.70959501,0.48472,0.34737,0.017632395687571734,0.188,3,Not significant
D:\A_Research\A_doing_research\20250804_LLM_campus_restoration\shanghai\final_image\201312_114.2661953_22.752016300000005.png,201312,114.2661953,22.7520163,0.46461,0.46308,-0.004324320508393299,0.16,4,Not significant
D:\A_Research\A_doing_research\20250804_LLM_campus_restoration\shanghai\final_image\201312_114.2668932_22.764998399999996.png,201312,114.2668932,22.7649984,0.54631,0.17015,0.056693940994707245,0.178,3,Not significant
D:\A_Research\A_doing_research\20250804_LLM_campus_restoration\shanghai\final_image\201312_114.27193234373506_22.6662252991443.png,201312,114.2719323,22.6662253,0.5,0.3735,0.03347989374328914,0.003,3,LL
D:\A_Research\A_doing_research\20250804_LLM_campus_restoration\shanghai\final_image\201312_114.2727165_22.694055199999998.png,201312,114.2727165,22.6940552,0.35771,0.496,-0.014583823713272345,0.143,4,Not significant
D:\A_Research\A_doing_research\20250804_LLM_campus_restoration\shanghai\final_image\201312_114.27759610961736_22.662900653370745.png,201312,114.2775961,22.66290065,0.42,0.4058,0.022551026593563957,0.003,3,LL
D:\A_Research\A_doing_research\20250804_LLM_campus_restoration\shanghai\final_image\201312_114.28141_22.776670399999997.png,201312,114.28141,22.7766704,0.5376,0.44592,0.0020522970620407365,0.01,3,LL
D:\A_Research\A_doing_research\20250804_LLM_campus_restoration\shanghai\final_image\201312_114.28216869505376_22.684396481503317.png,201312,114.2821687,22.68439648,0.55506,0.55159,-0.05129101884745722,0.01,4,HL
D:\A_Research\A_doing_research\20250804_LLM_campus_restoration\shanghai\final_image\201312_114.2829641_22.722505.png,201312,114.2829641,22.722505,0.515,0.53085,-0.027141956400939228,0.16,4,Not significant
D:\A_Research\A_doing_research\20250804_LLM_campus_restoration\shanghai\final_image\201312_114.2854693_22.661615100000002.png,201312,114.2854693,22.6616151,0.45041,0.34,0.05463665691787531,0.017,3,LL
D:\A_Research\A_doing_research\20250804_LLM_campus_restoration\shanghai\final_image\201312_114.2873743_22.774913799999997.png,201312,114.2873743,22.7749138,0.58729,0.26146,0.09258828546589065,0.037,3,LL
D:\A_Research\A_doing_research\20250804_LLM_campus_restoration\shanghai\final_image\201312_114.2902803_22.780098900000002.png,201312,114.2902803,22.7800989,0.4837,0.49058,-0.026096617301782147,0.018,4,HL
D:\A_Research\A_doing_research\20250804_LLM_campus_restoration\shanghai\final_image\201312_114.293584_22.7855359.png,201312,114.293584,22.7855359,0.64106,0.5126,-0.03232749194069505,0.03,4,HL
D:\A_Research\A_doing_research\20250804_LLM_campus_restoration\shanghai\final_image\201312_114.29582448022549_22.718211389759997.png,201312,114.2958245,22.71821139,0.42623,0.57988,-0.06553584339431824,0.026,4,HL
D:\A_Research\A_doing_research\20250804_LLM_campus_restoration\shanghai\final_image\201312_114.2977424_22.721650899999993.png,201312,114.2977424,22.7216509,0.654,0.48,-0.014547846161796614,0.046,4,HL
D:\A_Research\A_doing_research\20250804_LLM_campus_restoration\shanghai\final_image\201312_114.297774_22.668009000000005.png,201312,114.297774,22.668009,0.64597,0.3625,0.039601222336992425,0.091,3,Not significant
D:\A_Research\A_doing_research\20250804_LLM_campus_restoration\shanghai\final_image\201312_114.2989917246515_22.691329368652724.png,201312,114.2989917,22.69132937,0.417,0.75417,-0.22063537963430507,0.006,4,HL
D:\A_Research\A_doing_research\20250804_LLM_campus_restoration\shanghai\final_image\201312_114.30084265157338_22.721674421737674.png,201312,114.3008427,22.72167442,0.64597,0.352,0.03851913938624452,0.083,3,Not significant
D:\A_Research\A_doing_research\20250804_LLM_campus_restoration\shanghai\final_image\201312_114.3024738_22.713602799999997.png,201312,114.3024738,22.7136028,0.48602,0.44,0.005901028427100384,0.034,3,LL
D:\A_Research\A_doing_research\20250804_LLM_campus_restoration\shanghai\final_image\201312_114.30610550000002_22.6990579.png,201312,114.3061055,22.6990579,0.64106,0.31895,0.05369559181800887,0.076,3,Not significant
D:\A_Research\A_doing_research\20250804_LLM_campus_restoration\shanghai\final_image\201312_114.30637782958321_22.763717356228167.png,201312,114.3063778,22.76371736,0.64106,0.26195,0.1717870507744616,0.005,3,LL
D:\A_Research\A_doing_research\20250804_LLM_campus_restoration\shanghai\final_image\201312_114.3068844999097_22.781795199656468.png,201312,114.3068845,22.7817952,0.5376,0.45656,-0.006478992194141251,0.024,4,HL
D:\A_Research\A_doing_research\20250804_LLM_campus_restoration\shanghai\final_image\201312_114.3073455_22.674572200000004.png,201312,114.3073455,22.6745722,0.54,0.25,0.13095442464934892,0.045,3,LL
D:\A_Research\A_doing_research\20250804_LLM_campus_restoration\shanghai\final_image\201312_114.3078142_22.745294399999995.png,201312,114.3078142,22.7452944,0.62314,0.31,0.09309991535176701,0.001,3,LL
D:\A_Research\A_doing_research\20250804_LLM_campus_restoration\shanghai\final_image\201312_114.3078453_22.770198800000003.png,201312,114.3078453,22.7701988,0.45,0.39537,0.05831714458671218,0.002,3,LL
D:\A_Research\A_doing_research\20250804_LLM_campus_restoration\shanghai\final_image\201312_114.3081115_22.7803939.png,201312,114.3081115,22.7803939,0.552,0.42401,0.022586307801208728,0.044,3,LL
D:\A_Research\A_doing_research\20250804_LLM_campus_restoration\shanghai\final_image\201312_114.30829269569529_22.736351932211612.png,201312,114.3082927,22.73635193,0.61571,0.4816,-0.025173874126673015,0.006,4,HL
D:\A_Research\A_doing_research\20250804_LLM_campus_restoration\shanghai\final_image\201312_114.30882777640898_22.732776127722143.png,201312,114.3088278,22.73277613,0.67259,0.33441,0.07688931669105724,0.044,3,LL
D:\A_Research\A_doing_research\20250804_LLM_campus_restoration\shanghai\final_image\201312_114.30909598501461_22.730988309983697.png,201312,114.309096,22.73098831,0.37281,0.38062,0.05277917494941503,0.021,3,LL
D:\A_Research\A_doing_research\20250804_LLM_campus_restoration\shanghai\final_image\201312_114.3102506058095_22.683110612437336.png,201312,114.3102506,22.68311061,0.485,0.21791,0.1590990078123549,0.015,3,LL
D:\A_Research\A_doing_research\20250804_LLM_campus_restoration\shanghai\final_image\201312_114.31085900000001_22.689298199999996.png,201312,114.310859,22.6892982,0.48438,0.26146,0.11453802235483543,0.011,3,LL
D:\A_Research\A_doing_research\20250804_LLM_campus_restoration\shanghai\final_image\201312_114.3115919864939_22.782113155236605.png,201312,114.311592,22.78211316,0.1804,0.40348,0.047037184493409843,0.027,3,LL
D:\A_Research\A_doing_research\20250804_LLM_campus_restoration\shanghai\final_image\201312_114.31306709138376_22.68430250803886.png,201312,114.3130671,22.68430251,0.5376,0.31319,0.09868611138457994,0.011,3,LL
D:\A_Research\A_doing_research\20250804_LLM_campus_restoration\shanghai\final_image\201312_114.31406450584258_22.754072290303167.png,201312,114.3140645,22.75407229,0.34726,0.31651,0.12117874890768351,0.007,3,LL
D:\A_Research\A_doing_research\20250804_LLM_campus_restoration\shanghai\final_image\201312_114.3141215_22.79020119999999.png,201312,114.3141215,22.7902012,0.47296,0.51418,-0.06143856743554127,0.005,4,HL
D:\A_Research\A_doing_research\20250804_LLM_campus_restoration\shanghai\final_image\201312_114.31522844727854_22.755518967676593.png,201312,114.3152284,22.75551897,0.64597,0.38038,0.07453786426436684,0.005,3,LL
D:\A_Research\A_doing_research\20250804_LLM_campus_restoration\shanghai\final_image\201312_114.3155155_22.763827.png,201312,114.3155155,22.763827,0.1853,0.208,0.22193285682324618,0.004,3,LL
D:\A_Research\A_doing_research\20250804_LLM_campus_restoration\shanghai\final_image\201312_114.31612025816067_22.78552685983303.png,201312,114.3161203,22.78552686,0.63508,0.40348,0.04457334494157032,0.019,3,LL
D:\A_Research\A_doing_research\20250804_LLM_campus_restoration\shanghai\final_image\201312_114.31805096058591_22.78701133861716.png,201312,114.318051,22.78701134,0.5176,0.361,0.07663937570866486,0.034,3,LL
D:\A_Research\A_doing_research\20250804_LLM_campus_restoration\shanghai\final_image\201312_114.3182645830684_22.724908281132695.png,201312,114.3182646,22.72490828,0.46,0.5165,-0.04881138416766411,0.029,4,HL
D:\A_Research\A_doing_research\20250804_LLM_campus_restoration\shanghai\final_image\201312_114.31831256057494_22.766440655872437.png,201312,114.3183126,22.76644066,0.2913,0.56,-0.1565249855501516,0.004,4,HL
D:\A_Research\A_doing_research\20250804_LLM_campus_restoration\shanghai\final_image\201312_114.3184209_22.690870499999996.png,201312,114.3184209,22.6908705,0.46749,0.3389,0.0397721593103438,0.121,3,Not significant
D:\A_Research\A_doing_research\20250804_LLM_campus_restoration\shanghai\final_image\201312_114.3197591_22.688869199999992.png,201312,114.3197591,22.6888692,0.5575,0.58,-0.0938542574066547,0.015,4,HL
D:\A_Research\A_doing_research\20250804_LLM_campus_restoration\shanghai\final_image\201312_114.32047496065323_22.79014665066662.png,201312,114.320475,22.79014665,0.59156,0.27008,0.11759863811829187,0.062,3,Not significant
D:\A_Research\A_doing_research\20250804_LLM_campus_restoration\shanghai\final_image\201312_114.3210375_22.764714699999995.png,201312,114.3210375,22.7647147,0.3,0.298,0.12888639894119808,0.005,3,LL
D:\A_Research\A_doing_research\20250804_LLM_campus_restoration\shanghai\final_image\201312_114.32338790973945_22.666212701049062.png,201312,114.3233879,22.6662127,0.45,0.3378,0.13016954159554503,0.001,3,LL
D:\A_Research\A_doing_research\20250804_LLM_campus_restoration\shanghai\final_image\201312_114.3236299_22.6808436.png,201312,114.3236299,22.6808436,0.65398,0.53606,-0.05647243564133068,0.047,4,HL
D:\A_Research\A_doing_research\20250804_LLM_campus_restoration\shanghai\final_image\201312_114.3253160812913_22.666449648426.png,201312,114.3253161,22.66644965,0.6297,0.1959,0.23983742946821693,0.018,3,LL
D:\A_Research\A_doing_research\20250804_LLM_campus_restoration\shanghai\final_image\201312_114.3255492_22.6750059.png,201312,114.3255492,22.6750059,0.66088,0.37331,0.05387783369196412,0.022,3,LL
D:\A_Research\A_doing_research\20250804_LLM_campus_restoration\shanghai\final_image\201312_114.32671199869294_22.792176681474434.png,201312,114.326712,22.79217668,0.5215,0.44166,0.005651327046178357,0.006,3,LL
D:\A_Research\A_doing_research\20250804_LLM_campus_restoration\shanghai\final_image\201312_114.3267391_22.701104000000004.png,201312,114.3267391,22.701104,0.348,0.46509,-0.007935427967713729,0.031,4,HL
D:\A_Research\A_doing_research\20250804_LLM_campus_restoration\shanghai\final_image\201312_114.327853_22.801035.png,201312,114.327853,22.801035,0.267,0.43658,0.0075512316076179935,0.003,3,LL
D:\A_Research\A_doing_research\20250804_LLM_campus_restoration\shanghai\final_image\201312_114.3289824_22.6672359.png,201312,114.3289824,22.6672359,0.29148,0.18382,0.19148684873454735,0.014,3,LL
D:\A_Research\A_doing_research\20250804_LLM_campus_restoration\shanghai\final_image\201312_114.3357108_22.7068871.png,201312,114.3357108,22.7068871,0.3941,0.338,0.026908806492208896,0.227,3,Not significant
D:\A_Research\A_doing_research\20250804_LLM_campus_restoration\shanghai\final_image\201312_114.33773830000001_22.598599399999998.png,201312,114.3377383,22.5985994,0.63065,0.46208,-0.0049497579135254184,0.002,4,HL
D:\A_Research\A_doing_research\20250804_LLM_campus_restoration\shanghai\final_image\201312_114.34066892262155_22.688445482442333.png,201312,114.3406689,22.68844548,0.41467,0.39285,0.03690700732991999,0.056,3,Not significant
D:\A_Research\A_doing_research\20250804_LLM_campus_restoration\shanghai\final_image\201312_114.3442393_22.704083.png,201312,114.3442393,22.704083,0.375,0.30033,0.11187909358921244,0.04,3,LL
D:\A_Research\A_doing_research\20250804_LLM_campus_restoration\shanghai\final_image\201312_114.34766130644998_22.7063972838596.png,201312,114.3476613,22.70639728,0.47015,0.47098,-0.017333883890831344,0.034,4,HL
D:\A_Research\A_doing_research\20250804_LLM_campus_restoration\shanghai\final_image\201312_114.3488355_22.7166059.png,201312,114.3488355,22.7166059,0.68534,0.5274,-0.035438914404265456,0.072,4,Not significant
D:\A_Research\A_doing_research\20250804_LLM_campus_restoration\shanghai\final_image\201312_114.3564416_22.612451399999998.png,201312,114.3564416,22.6124514,0.09969,0.5,-0.029094252304071172,0.004,4,HL
D:\A_Research\A_doing_research\20250804_LLM_campus_restoration\shanghai\final_image\201312_114.3589352_22.74361039999999.png,201312,114.3589352,22.7436104,0.50944,0.3425,0.04660975122508714,0.083,3,Not significant
D:\A_Research\A_doing_research\20250804_LLM_campus_restoration\shanghai\final_image\201312_114.3597196_22.747154499999997.png,201312,114.3597196,22.7471545,0.36988,0.38038,0.037903680156744245,0.064,3,Not significant
D:\A_Research\A_doing_research\20250804_LLM_campus_restoration\shanghai\final_image\201312_114.3630441_22.746719300000002.png,201312,114.3630441,22.7467193,0.23623,0.27373,0.06305200455278923,0.163,3,Not significant
D:\A_Research\A_doing_research\20250804_LLM_campus_restoration\shanghai\final_image\201312_114.36596607659207_22.617186883303972.png,201312,114.3659661,22.61718688,0.142,0.0,0.12426924429905586,0.082,3,Not significant
D:\A_Research\A_doing_research\20250804_LLM_campus_restoration\shanghai\final_image\201312_114.36616_22.6108985.png,201312,114.36616,22.6108985,0.37932,0.4435,0.004219961000666149,0.001,3,LL
D:\A_Research\A_doing_research\20250804_LLM_campus_restoration\shanghai\final_image\201312_114.36931788822233_22.690775032098227.png,201312,114.3693179,22.69077503,0.65083,0.44785,0.0007166555311479721,0.065,3,Not significant
D:\A_Research\A_doing_research\20250804_LLM_campus_restoration\shanghai\final_image\201312_114.37249116294527_22.720139972827667.png,201312,114.3724912,22.72013997,0.39161,0.49335,-0.011889828518748272,0.26,4,Not significant
D:\A_Research\A_doing_research\20250804_LLM_campus_restoration\shanghai\final_image\201312_114.3739421_22.708664299999995.png,201312,114.3739421,22.7086643,0.53429,0.47372,-0.012254368195706598,0.088,4,Not significant
D:\A_Research\A_doing_research\20250804_LLM_campus_restoration\shanghai\final_image\201312_114.38093593859112_22.72336363860997.png,201312,114.3809359,22.72336364,0.35478,0.471,0.0003921657497208499,0.485,1,Not significant
D:\A_Research\A_doing_research\20250804_LLM_campus_restoration\shanghai\final_image\201312_114.38311694003148_22.759337400803414.png,201312,114.3831169,22.7593374,0.562,0.47252,-0.011927331770057201,0.036,4,HL
D:\A_Research\A_doing_research\20250804_LLM_campus_restoration\shanghai\final_image\201312_114.3839314_22.616090400000004.png,201312,114.3839314,22.6160904,0.5986,0.51304,-0.020379647638686077,0.133,4,Not significant
D:\A_Research\A_doing_research\20250804_LLM_campus_restoration\shanghai\final_image\201312_114.3844879049078_22.694927737925436.png,201312,114.3844879,22.69492774,0.548,0.26819,0.07364154140887787,0.094,3,Not significant
D:\A_Research\A_doing_research\20250804_LLM_campus_restoration\shanghai\final_image\201312_114.38751719988959_22.614756043802693.png,201312,114.3875172,22.61475604,0.60552,0.60011,-0.06948582252463519,0.058,4,Not significant
D:\A_Research\A_doing_research\20250804_LLM_campus_restoration\shanghai\final_image\201312_114.3907674_22.715154400000003.png,201312,114.3907674,22.7151544,0.535,0.39732,0.005534303237220973,0.373,3,Not significant
D:\A_Research\A_doing_research\20250804_LLM_campus_restoration\shanghai\final_image\201312_114.3908848_22.7107337.png,201312,114.3908848,22.7107337,0.49547,0.3536,-0.009953342860184355,0.42,2,Not significant
D:\A_Research\A_doing_research\20250804_LLM_campus_restoration\shanghai\final_image\201312_114.3940449_22.663478299999994.png,201312,114.3940449,22.6634783,0.381,0.5463,-0.05350244920371522,0.033,4,HL
D:\A_Research\A_doing_research\20250804_LLM_campus_restoration\shanghai\final_image\201312_114.39662752429521_22.66077937955246.png,201312,114.3966275,22.66077938,0.38286,0.39842,0.015294721316486931,0.128,3,Not significant
D:\A_Research\A_doing_research\20250804_LLM_campus_restoration\shanghai\final_image\201312_114.3980056_22.695391199999996.png,201312,114.3980056,22.6953912,0.51382,0.30714,0.05413053209669864,0.123,3,Not significant
D:\A_Research\A_doing_research\20250804_LLM_campus_restoration\shanghai\final_image\201312_114.3994517_22.718462399999993.png,201312,114.3994517,22.7184624,0.5376,0.31895,-0.04686428843602489,0.229,2,Not significant
D:\A_Research\A_doing_research\20250804_LLM_campus_restoration\shanghai\final_image\201312_114.40110214497871_22.75813869549027.png,201312,114.4011021,22.7581387,0.383,0.58114,-0.09875570094089076,0.051,4,Not significant
D:\A_Research\A_doing_research\20250804_LLM_campus_restoration\shanghai\final_image\201312_114.4014968_22.718388399999995.png,201312,114.4014968,22.7183884,0.51687,0.7509,-0.23709083070411524,0.045,4,HL
D:\A_Research\A_doing_research\20250804_LLM_campus_restoration\shanghai\final_image\201312_114.4025148_22.7138714.png,201312,114.4025148,22.7138714,0.456,0.39191,0.010219533418392083,0.293,3,Not significant
D:\A_Research\A_doing_research\20250804_LLM_campus_restoration\shanghai\final_image\201312_114.4042881_22.7525312.png,201312,114.4042881,22.7525312,0.3278,0.193,0.13586944966358833,0.112,3,Not significant
D:\A_Research\A_doing_research\20250804_LLM_campus_restoration\shanghai\final_image\201312_114.4100365_22.6964255.png,201312,114.4100365,22.6964255,0.41045,0.40161,0.030228262214480182,0.033,3,LL
D:\A_Research\A_doing_research\20250804_LLM_campus_restoration\shanghai\final_image\201312_114.4102507_22.647543199999994.png,201312,114.4102507,22.6475432,0.52374,0.4397,0.004596046932518181,0.048,3,LL
D:\A_Research\A_doing_research\20250804_LLM_campus_restoration\shanghai\final_image\201312_114.412929_22.6364274.png,201312,114.412929,22.6364274,0.45,0.55543,-0.05902197216802538,0.12,4,Not significant
D:\A_Research\A_doing_research\20250804_LLM_campus_restoration\shanghai\final_image\201312_114.4138687_22.6339508.png,201312,114.4138687,22.6339508,0.5497,0.63311,-0.13781817194449342,0.073,4,Not significant
D:\A_Research\A_doing_research\20250804_LLM_campus_restoration\shanghai\final_image\201312_114.4140567_22.696117900000004.png,201312,114.4140567,22.6961179,0.33735,0.287,0.0792919268454773,0.067,3,Not significant
D:\A_Research\A_doing_research\20250804_LLM_campus_restoration\shanghai\final_image\201312_114.4191801_22.642567800000002.png,201312,114.4191801,22.6425678,0.34645,0.7,-0.17449336939013785,0.014,4,HL
D:\A_Research\A_doing_research\20250804_LLM_campus_restoration\shanghai\final_image\201312_114.4226865_22.63003519999999.png,201312,114.4226865,22.6300352,0.6384,0.53648,-0.07772536975604111,0.002,4,HL
D:\A_Research\A_doing_research\20250804_LLM_campus_restoration\shanghai\final_image\201312_114.4229774108254_22.616082282821168.png,201312,114.4229774,22.61608228,0.513,0.0,0.3633770051907112,0.001,3,LL
D:\A_Research\A_doing_research\20250804_LLM_campus_restoration\shanghai\final_image\201312_114.42792634826039_22.627361865481564.png,201312,114.4279263,22.62736187,0.40954,0.3378,0.09308263327961894,0.002,3,LL
D:\A_Research\A_doing_research\20250804_LLM_campus_restoration\shanghai\final_image\201312_114.4314124_22.5944781.png,201312,114.4314124,22.5944781,0.38735,0.19832,0.3271134127831517,0.001,3,LL
D:\A_Research\A_doing_research\20250804_LLM_campus_restoration\shanghai\final_image\201312_114.43740236399466_22.60412014925962.png,201312,114.4374024,22.60412015,0.11875,0.0,0.9222078840486738,0.001,3,LL
D:\A_Research\A_doing_research\20250804_LLM_campus_restoration\shanghai\final_image\201312_114.4391976_22.585810399999996.png,201312,114.4391976,22.5858104,0.5376,0.44296,0.007990180202816175,0.001,3,LL
D:\A_Research\A_doing_research\20250804_LLM_campus_restoration\shanghai\final_image\201312_114.44067247513654_22.602167980555294.png,201312,114.4406725,22.60216798,0.24398,0.0,1.0954887862653073,0.001,3,LL
D:\A_Research\A_doing_research\20250804_LLM_campus_restoration\shanghai\final_image\201312_114.44408536379838_22.60044062379121.png,201312,114.4440854,22.60044062,0.39576,0.0,0.8545713173391934,0.001,3,LL
D:\A_Research\A_doing_research\20250804_LLM_campus_restoration\shanghai\final_image\201312_114.44753853438388_22.59878176472855.png,201312,114.4475385,22.59878176,0.5376,0.55489,-0.2743837524198701,0.001,4,HL
D:\A_Research\A_doing_research\20250804_LLM_campus_restoration\shanghai\final_image\201312_114.4491001_22.6303715.png,201312,114.4491001,22.6303715,0.51508,0.22136,0.19345895911734817,0.001,3,LL
D:\A_Research\A_doing_research\20250804_LLM_campus_restoration\shanghai\final_image\201312_114.4500566_22.596177499999992.png,201312,114.4500566,22.5961775,0.26,0.27187,0.2342053465437257,0.005,3,LL
D:\A_Research\A_doing_research\20250804_LLM_campus_restoration\shanghai\final_image\201312_114.45393190000001_22.576957399999998.png,201312,114.4539319,22.5769574,0.57941,0.54638,-0.09285530542799826,0.01,4,HL
D:\A_Research\A_doing_research\20250804_LLM_campus_restoration\shanghai\final_image\201312_114.454187_22.573039099999995.png,201312,114.454187,22.5730391,0.47,0.37781,0.036152557825741866,0.09,3,Not significant
D:\A_Research\A_doing_research\20250804_LLM_campus_restoration\shanghai\final_image\201312_114.46222082344174_22.597519112938247.png,201312,114.4622208,22.59751911,0.49936,0.31043,0.1179310290739182,0.056,3,Not significant
D:\A_Research\A_doing_research\20250804_LLM_campus_restoration\shanghai\final_image\201312_114.4623147_22.564201599999997.png,201312,114.4623147,22.5642016,0.48177,0.44926,9.905749017576949e-05,0.021,3,LL
D:\A_Research\A_doing_research\20250804_LLM_campus_restoration\shanghai\final_image\201312_114.46308265218917_22.600867810572353.png,201312,114.4630827,22.60086781,0.61096,0.38516,0.06518136365537987,0.041,3,LL
D:\A_Research\A_doing_research\20250804_LLM_campus_restoration\shanghai\final_image\201312_114.4660371_22.599518000000003.png,201312,114.4660371,22.599518,0.62871,0.49748,-0.05298579265835019,0.024,4,HL
D:\A_Research\A_doing_research\20250804_LLM_campus_restoration\shanghai\final_image\201312_114.4670775_22.593282500000004.png,201312,114.4670775,22.5932825,0.62871,0.49204,-0.03142992979069017,0.091,4,Not significant
D:\A_Research\A_doing_research\20250804_LLM_campus_restoration\shanghai\final_image\201312_114.4751016_22.5895245.png,201312,114.4751016,22.5895245,0.4457,0.49888,0.010187681636716215,0.419,1,Not significant
D:\A_Research\A_doing_research\20250804_LLM_campus_restoration\shanghai\final_image\201312_114.47514667677305_22.59246633652697.png,201312,114.4751467,22.59246634,0.582,0.45,0.00011654563566993874,0.438,1,Not significant
D:\A_Research\A_doing_research\20250804_LLM_campus_restoration\shanghai\final_image\201312_114.4766241_22.591292899999996.png,201312,114.4766241,22.5912929,0.59,0.43335,-0.0010391752177235484,0.496,2,Not significant
D:\A_Research\A_doing_research\20250804_LLM_campus_restoration\shanghai\final_image\201312_114.4768636_22.600935600000003.png,201312,114.4768636,22.6009356,0.62314,0.38545,0.03759577873784735,0.082,3,Not significant
D:\A_Research\A_doing_research\20250804_LLM_campus_restoration\shanghai\final_image\201312_114.47875850000001_22.553592399999996.png,201312,114.4787585,22.5535924,0.59929,0.51589,-0.017352260521600424,0.21,4,Not significant
D:\A_Research\A_doing_research\20250804_LLM_campus_restoration\shanghai\final_image\201312_114.47923537862984_22.584275880726327.png,201312,114.4792354,22.58427588,0.3513,0.34451,0.061595352194737996,0.188,3,Not significant
D:\A_Research\A_doing_research\20250804_LLM_campus_restoration\shanghai\final_image\201312_114.4802195_22.582718999999997.png,201312,114.4802195,22.582719,0.62871,0.3851,0.052703031191487525,0.116,3,Not significant
D:\A_Research\A_doing_research\20250804_LLM_campus_restoration\shanghai\final_image\201312_114.48075_22.543404699999993.png,201312,114.48075,22.5434047,0.57121,0.7,-0.17051238235058844,0.034,4,HL
D:\A_Research\A_doing_research\20250804_LLM_campus_restoration\shanghai\final_image\201312_114.4832208_22.5590197.png,201312,114.4832208,22.5590197,0.75065,0.58673,-0.06037812228497961,0.101,4,Not significant
D:\A_Research\A_doing_research\20250804_LLM_campus_restoration\shanghai\final_image\201312_114.4840805_22.53794989999999.png,201312,114.4840805,22.5379499,0.38286,0.2738,0.010561566331616175,0.424,3,Not significant
D:\A_Research\A_doing_research\20250804_LLM_campus_restoration\shanghai\final_image\201312_114.48557416772826_22.59829195321127.png,201312,114.4855742,22.59829195,0.52579,0.473,-0.013790584108323827,0.063,4,Not significant
D:\A_Research\A_doing_research\20250804_LLM_campus_restoration\shanghai\final_image\201312_114.4873638_22.570848099999996.png,201312,114.4873638,22.5708481,0.7621,0.39732,0.02119585052607908,0.19,3,Not significant
D:\A_Research\A_doing_research\20250804_LLM_campus_restoration\shanghai\final_image\201312_114.4898353_22.568732999999998.png,201312,114.4898353,22.568733,0.67678,0.445,0.0022808565663898993,0.152,3,Not significant
D:\A_Research\A_doing_research\20250804_LLM_campus_restoration\shanghai\final_image\201312_114.4932418459449_22.59812495946907.png,201312,114.4932418,22.59812496,0.48964,0.45346,-0.001876067467844854,0.114,4,Not significant
D:\A_Research\A_doing_research\20250804_LLM_campus_restoration\shanghai\final_image\201312_114.5019189_22.530503599999996.png,201312,114.5019189,22.5305036,0.29933,0.551,-0.042861859089731294,0.105,4,Not significant
D:\A_Research\A_doing_research\20250804_LLM_campus_restoration\shanghai\final_image\201312_114.5020857_22.597646299999997.png,201312,114.5020857,22.5976463,0.5376,0.55795,-0.05894733332139818,0.128,4,Not significant
D:\A_Research\A_doing_research\20250804_LLM_campus_restoration\shanghai\final_image\201312_114.50825870000001_22.5439801.png,201312,114.5082587,22.5439801,0.615,0.45,-0.0002471645118517104,0.19,4,Not significant
D:\A_Research\A_doing_research\20250804_LLM_campus_restoration\shanghai\final_image\201312_114.5101182_22.53470929999999.png,201312,114.5101182,22.5347093,0.5376,0.51453,-0.025691989333786545,0.153,4,Not significant
D:\A_Research\A_doing_research\20250804_LLM_campus_restoration\shanghai\final_image\201312_114.5106195_22.595839499999997.png,201312,114.5106195,22.5958395,0.4954,0.39732,0.018668181815877507,0.145,3,Not significant
D:\A_Research\A_doing_research\20250804_LLM_campus_restoration\shanghai\final_image\201312_114.5107575_22.541550199999996.png,201312,114.5107575,22.5415502,0.47568,0.37712,0.010888919950987664,0.38,3,Not significant
D:\A_Research\A_doing_research\20250804_LLM_campus_restoration\shanghai\final_image\201312_114.5155718_22.546039.png,201312,114.5155718,22.546039,0.38286,0.5134,-0.033824669245832446,0.116,4,Not significant
D:\A_Research\A_doing_research\20250804_LLM_campus_restoration\shanghai\final_image\201312_114.52151801756803_22.5503279488395.png,201312,114.521518,22.55032795,0.37815,0.451,-0.0008695154049384952,0.095,4,Not significant
D:\A_Research\A_doing_research\20250804_LLM_campus_restoration\shanghai\final_image\201312_114.5220393_22.475605999999992.png,201312,114.5220393,22.475606,0.48333,0.485,-0.010977108822129817,0.279,4,Not significant
D:\A_Research\A_doing_research\20250804_LLM_campus_restoration\shanghai\final_image\201312_114.52381306735515_22.478818206957524.png,201312,114.5238131,22.47881821,0.5526,0.45,-5.063027738031134e-05,0.408,4,Not significant
D:\A_Research\A_doing_research\20250804_LLM_campus_restoration\shanghai\final_image\201312_114.52687398431966_22.55529951634409.png,201312,114.526874,22.55529952,0.37603,0.31446,0.05632974564107008,0.206,3,Not significant
D:\A_Research\A_doing_research\20250804_LLM_campus_restoration\shanghai\final_image\201312_114.52854614555584_22.484118971276985.png,201312,114.5285461,22.48411897,0.15955,0.55,-0.040640426326834435,0.216,4,Not significant
D:\A_Research\A_doing_research\20250804_LLM_campus_restoration\shanghai\final_image\201312_114.5302195_22.557136299999996.png,201312,114.5302195,22.5571363,0.32734,0.44403,0.0048355530652742975,0.044,3,LL
D:\A_Research\A_doing_research\20250804_LLM_campus_restoration\shanghai\final_image\201312_114.5316803_22.488411699999997.png,201312,114.5316803,22.4884117,0.55311,0.458,-0.0012522052310527205,0.375,4,Not significant
D:\A_Research\A_doing_research\20250804_LLM_campus_restoration\shanghai\final_image\201312_114.53446893156645_22.490667636964762.png,201312,114.5344689,22.49066764,0.65,0.45,-0.0001369782641871961,0.316,4,Not significant
D:\A_Research\A_doing_research\20250804_LLM_campus_restoration\shanghai\final_image\201312_114.5483818_22.501877299999993.png,201312,114.5483818,22.5018773,0.355,0.40943,0.0166529583181783,0.099,3,Not significant
D:\A_Research\A_doing_research\20250804_LLM_campus_restoration\shanghai\final_image\201312_114.5506189_22.557558299999997.png,201312,114.5506189,22.5575583,0.55968,0.27764,0.06887339355306911,0.103,3,Not significant
D:\A_Research\A_doing_research\20250804_LLM_campus_restoration\shanghai\final_image\201312_114.56205587873401_22.552096985531563.png,201312,114.5620559,22.55209699,0.61507,0.57851,-0.08432501700271842,0.047,4,HL
D:\A_Research\A_doing_research\20250804_LLM_campus_restoration\shanghai\final_image\201312_114.5669133_22.495827700000003.png,201312,114.5669133,22.4958277,0.49697,0.488,-0.023430568068558467,0.029,4,HL
D:\A_Research\A_doing_research\20250804_LLM_campus_restoration\shanghai\final_image\201312_114.5713258_22.547361500000004.png,201312,114.5713258,22.5473615,0.80648,0.55926,-0.05490345043790163,0.082,4,Not significant
D:\A_Research\A_doing_research\20250804_LLM_campus_restoration\shanghai\final_image\201312_114.5959745_22.5385763.png,201312,114.5959745,22.5385763,0.151,0.475,-0.0009083616595066384,0.438,4,Not significant
D:\A_Research\A_doing_research\20250804_LLM_campus_restoration\shanghai\final_image\201312_114.602737_22.542949899999996.png,201312,114.602737,22.5429499,0.3585,0.71208,-0.1830456712433425,0.045,4,HL
D:\A_Research\A_doing_research\20250804_LLM_campus_restoration\shanghai\final_image\201402_114.037805_22.73677109999999.png,201402,114.037805,22.7367711,0.176,0.4562,-0.0006325268641573201,0.343,4,Not significant
D:\A_Research\A_doing_research\20250804_LLM_campus_restoration\shanghai\final_image\201402_114.16331550000001_22.657446800000002.png,201402,114.1633155,22.6574468,0.3277,0.321,0.05207778323252576,0.005,3,LL
D:\A_Research\A_doing_research\20250804_LLM_campus_restoration\shanghai\final_image\201402_114.1971458_22.6760886.png,201402,114.1971458,22.6760886,0.50835,0.43209,0.005303136555675528,0.052,3,Not significant
D:\A_Research\A_doing_research\20250804_LLM_campus_restoration\shanghai\final_image\201402_114.2354072444943_22.717375951530183.png,201402,114.2354072,22.71737595,0.53082,0.44841,-0.00036418726311188046,0.158,2,Not significant
D:\A_Research\A_doing_research\20250804_LLM_campus_restoration\shanghai\final_image\201402_114.2535144_22.696713399999997.png,201402,114.2535144,22.6967134,0.23623,0.58719,-0.03942433534537426,0.074,4,Not significant
D:\A_Research\A_doing_research\20250804_LLM_campus_restoration\shanghai\final_image\201402_114.2854241_22.7630765.png,201402,114.2854241,22.7630765,0.4305,0.3761,0.04129336034473046,0.016,3,LL
D:\A_Research\A_doing_research\20250804_LLM_campus_restoration\shanghai\final_image\201402_114.2917458_22.775605299999995.png,201402,114.2917458,22.7756053,0.4613,0.42323,0.017644528394829745,0.008,3,LL
D:\A_Research\A_doing_research\20250804_LLM_campus_restoration\shanghai\final_image\201402_114.29298400868292_22.690155413404717.png,201402,114.292984,22.69015541,0.45886,0.458,-0.0037538305063496966,0.048,4,HL
D:\A_Research\A_doing_research\20250804_LLM_campus_restoration\shanghai\final_image\201402_114.30128034173985_22.712177235389564.png,201402,114.3012803,22.71217724,0.39326,0.3044,0.049091655184219235,0.14,3,Not significant
D:\A_Research\A_doing_research\20250804_LLM_campus_restoration\shanghai\final_image\201402_114.30325706315772_22.703626619142224.png,201402,114.3032571,22.70362662,0.415,0.41125,0.017001209221732625,0.038,3,LL
D:\A_Research\A_doing_research\20250804_LLM_campus_restoration\shanghai\final_image\201402_114.30978904708078_22.699304893574542.png,201402,114.309789,22.69930489,0.20441,0.477,-0.015652658969039262,0.018,4,HL
D:\A_Research\A_doing_research\20250804_LLM_campus_restoration\shanghai\final_image\201402_114.31223135126848_22.67236365375285.png,201402,114.3122314,22.67236365,0.538,0.37667,0.05937011312549226,0.027,3,LL
D:\A_Research\A_doing_research\20250804_LLM_campus_restoration\shanghai\final_image\201402_114.31253709602333_22.77022698214317.png,201402,114.3125371,22.77022698,0.4334,0.26065,0.20804740813893832,0.002,3,LL
D:\A_Research\A_doing_research\20250804_LLM_campus_restoration\shanghai\final_image\201402_114.3126874_22.6741184.png,201402,114.3126874,22.6741184,0.36846,0.31,0.09769807733684047,0.044,3,LL
D:\A_Research\A_doing_research\20250804_LLM_campus_restoration\shanghai\final_image\201402_114.31282391584024_22.716085470930057.png,201402,114.3128239,22.71608547,0.63,0.264,0.08031996658446947,0.055,3,Not significant
D:\A_Research\A_doing_research\20250804_LLM_campus_restoration\shanghai\final_image\201402_114.317867137311_22.735005186227806.png,201402,114.3178671,22.73500519,0.43,0.2586,0.1226541049762911,0.007,3,LL
D:\A_Research\A_doing_research\20250804_LLM_campus_restoration\shanghai\final_image\201402_114.32487122091618_22.686445706805312.png,201402,114.3248712,22.68644571,0.5,0.44643,0.0012346350311101908,0.094,3,Not significant
D:\A_Research\A_doing_research\20250804_LLM_campus_restoration\shanghai\final_image\201402_114.32552398551188_22.739111257548483.png,201402,114.325524,22.73911126,0.27135,0.34641,0.1095500692849875,0.008,3,LL
D:\A_Research\A_doing_research\20250804_LLM_campus_restoration\shanghai\final_image\201402_114.32746970000001_22.739143999999996.png,201402,114.3274697,22.739144,0.39857,0.21633,0.17639499404643935,0.016,3,LL
D:\A_Research\A_doing_research\20250804_LLM_campus_restoration\shanghai\final_image\201402_114.3385831_22.7636766.png,201402,114.3385831,22.7636766,0.2463,0.43813,0.0068923158749256384,0.005,3,LL
D:\A_Research\A_doing_research\20250804_LLM_campus_restoration\shanghai\final_image\201402_114.34622870000001_22.695338.png,201402,114.3462287,22.695338,0.5563,0.24106,0.13935159523116314,0.02,3,LL
D:\A_Research\A_doing_research\20250804_LLM_campus_restoration\shanghai\final_image\201402_114.34935705669396_22.72479227935493.png,201402,114.3493571,22.72479228,0.29891,0.218,0.041046756614433334,0.302,3,Not significant
D:\A_Research\A_doing_research\20250804_LLM_campus_restoration\shanghai\final_image\201402_114.3502292_22.688675400000005.png,201402,114.3502292,22.6886754,0.28953,0.47151,-0.017544398792254574,0.018,4,HL
D:\A_Research\A_doing_research\20250804_LLM_campus_restoration\shanghai\final_image\201402_114.3503119_22.760835700000005.png,201402,114.3503119,22.7608357,0.64766,0.43456,0.0055717405813411666,0.074,3,Not significant
D:\A_Research\A_doing_research\20250804_LLM_campus_restoration\shanghai\final_image\201402_114.35708922806192_22.720431376967106.png,201402,114.3570892,22.72043138,0.301,0.43708,0.0031008785633905066,0.21,3,Not significant
D:\A_Research\A_doing_research\20250804_LLM_campus_restoration\shanghai\final_image\201402_114.35812032074573_22.762068879996754.png,201402,114.3581203,22.76206888,0.83337,0.55647,-0.05068727835531979,0.041,4,HL
D:\A_Research\A_doing_research\20250804_LLM_campus_restoration\shanghai\final_image\201402_114.35816648029157_22.70351388134908.png,201402,114.3581665,22.70351388,0.59688,0.33634,0.05195726455864814,0.077,3,Not significant
D:\A_Research\A_doing_research\20250804_LLM_campus_restoration\shanghai\final_image\201402_114.3588178_22.7231454.png,201402,114.3588178,22.7231454,0.17685,0.39732,0.013901082717277137,0.192,3,Not significant
D:\A_Research\A_doing_research\20250804_LLM_campus_restoration\shanghai\final_image\201402_114.36034582007444_22.719017512451686.png,201402,114.3603458,22.71901751,0.60739,0.587,-0.037938765018042046,0.235,4,Not significant
D:\A_Research\A_doing_research\20250804_LLM_campus_restoration\shanghai\final_image\201402_114.362242_22.6995994.png,201402,114.362242,22.6995994,0.63,0.2,0.09913694191972489,0.088,3,Not significant
D:\A_Research\A_doing_research\20250804_LLM_campus_restoration\shanghai\final_image\201402_114.36461408764269_22.716380945173096.png,201402,114.3646141,22.71638095,0.5376,0.42388,-0.0007321604587390398,0.482,2,Not significant
D:\A_Research\A_doing_research\20250804_LLM_campus_restoration\shanghai\final_image\201402_114.36619984580902_22.723449342929655.png,201402,114.3661998,22.72344934,0.48078,0.24108,0.035288535056324136,0.331,3,Not significant
D:\A_Research\A_doing_research\20250804_LLM_campus_restoration\shanghai\final_image\201402_114.36632219598206_22.714358103273288.png,201402,114.3663222,22.7143581,0.60197,0.50258,-0.005263314496556616,0.394,4,Not significant
D:\A_Research\A_doing_research\20250804_LLM_campus_restoration\shanghai\final_image\201402_114.3678695_22.748553499999993.png,201402,114.3678695,22.7485535,0.694,0.46914,-0.009989593303795726,0.092,4,Not significant
D:\A_Research\A_doing_research\20250804_LLM_campus_restoration\shanghai\final_image\201402_114.3686757_22.704789699999996.png,201402,114.3686757,22.7047897,0.55,0.52193,-0.03670806373302637,0.085,4,Not significant
D:\A_Research\A_doing_research\20250804_LLM_campus_restoration\shanghai\final_image\201402_114.3763235_22.739888599999997.png,201402,114.3763235,22.7398886,0.63497,0.325,0.012540503704756735,0.388,3,Not significant
D:\A_Research\A_doing_research\20250804_LLM_campus_restoration\shanghai\final_image\201402_114.3764038_22.733768300000005.png,201402,114.3764038,22.7337683,0.147,0.57478,-0.006081352267677977,0.467,4,Not significant
D:\A_Research\A_doing_research\20250804_LLM_campus_restoration\shanghai\final_image\201402_114.37644412471282_22.72605050481827.png,201402,114.3764441,22.7260505,0.30917,0.587,-0.006800227000763608,0.45,4,Not significant
D:\A_Research\A_doing_research\20250804_LLM_campus_restoration\shanghai\final_image\201402_114.37810833693372_22.734786916068387.png,201402,114.3781083,22.73478692,0.46902,0.40968,-0.006711285056303294,0.397,2,Not significant
D:\A_Research\A_doing_research\20250804_LLM_campus_restoration\shanghai\final_image\201402_114.37942332362421_22.733426411101615.png,201402,114.3794233,22.73342641,0.31811,0.44395,0.0002532052414539497,0.446,3,Not significant
D:\A_Research\A_doing_research\20250804_LLM_campus_restoration\shanghai\final_image\201402_114.38452297926167_22.73857856117938.png,201402,114.384523,22.73857856,0.49969,0.39158,0.025856531370943448,0.145,3,Not significant
D:\A_Research\A_doing_research\20250804_LLM_campus_restoration\shanghai\final_image\201402_114.38614481778613_22.740343950558373.png,201402,114.3861448,22.74034395,0.3963,0.29843,0.05206049570818679,0.214,3,Not significant
D:\A_Research\A_doing_research\20250804_LLM_campus_restoration\shanghai\final_image\201402_114.3897088_22.742227699999997.png,201402,114.3897088,22.7422277,0.2913,0.32373,0.02982379402879424,0.268,3,Not significant
D:\A_Research\A_doing_research\20250804_LLM_campus_restoration\shanghai\final_image\201402_114.39241537881304_22.725414696127416.png,201402,114.3924154,22.7254147,0.25768,0.35043,0.017638625527896065,0.267,3,Not significant
D:\A_Research\A_doing_research\20250804_LLM_campus_restoration\shanghai\final_image\201402_114.39630518823527_22.743685028268725.png,201402,114.3963052,22.74368503,0.2112,0.40255,0.0021623172040321375,0.465,3,Not significant
D:\A_Research\A_doing_research\20250804_LLM_campus_restoration\shanghai\final_image\201402_114.40193409240295_22.74506681567123.png,201402,114.4019341,22.74506682,0.47301,0.49685,-0.024704221820091764,0.17,4,Not significant
D:\A_Research\A_doing_research\20250804_LLM_campus_restoration\shanghai\final_image\201402_114.40499880000002_22.6288611.png,201402,114.4049988,22.6288611,0.57143,0.35966,0.05121641466562851,0.037,3,LL
D:\A_Research\A_doing_research\20250804_LLM_campus_restoration\shanghai\final_image\201402_114.4082642_22.637924899999998.png,201402,114.4082642,22.6379249,0.137,0.34061,0.0660526150189677,0.109,3,Not significant
D:\A_Research\A_doing_research\20250804_LLM_campus_restoration\shanghai\final_image\201402_114.4091385_22.6321068.png,201402,114.4091385,22.6321068,0.22631,0.506,-0.058212672562655686,0.031,4,HL
D:\A_Research\A_doing_research\20250804_LLM_campus_restoration\shanghai\final_image\201402_114.409243_22.6350267.png,201402,114.409243,22.6350267,0.23623,0.26146,0.07678916067731827,0.207,3,Not significant
D:\A_Research\A_doing_research\20250804_LLM_campus_restoration\shanghai\final_image\201402_114.410324_22.6407317.png,201402,114.410324,22.6407317,0.48911,0.44,0.005474662728651396,0.086,3,Not significant
D:\A_Research\A_doing_research\20250804_LLM_campus_restoration\shanghai\final_image\201402_114.4111051657152_22.632832100486777.png,201402,114.4111052,22.6328321,0.50378,0.35047,0.033568792823863595,0.259,3,Not significant
D:\A_Research\A_doing_research\20250804_LLM_campus_restoration\shanghai\final_image\201403_114.02601178606123_22.752487728526603.png,201403,114.0260118,22.75248773,0.37199,0.33,0.042546878204658335,0.053,3,Not significant
D:\A_Research\A_doing_research\20250804_LLM_campus_restoration\shanghai\final_image\201403_114.02884416138046_22.76146747143481.png,201403,114.0288442,22.76146747,0.51449,0.19615,0.12616294416440238,0.064,3,Not significant
D:\A_Research\A_doing_research\20250804_LLM_campus_restoration\shanghai\final_image\201403_114.029818_22.763606499999998.png,201403,114.029818,22.7636065,0.58462,0.27,0.09397641914777097,0.036,3,LL
D:\A_Research\A_doing_research\20250804_LLM_campus_restoration\shanghai\final_image\201403_114.1639762_22.6499309.png,201403,114.1639762,22.6499309,0.42,0.40071,0.02248556672959183,0.007,3,LL
D:\A_Research\A_doing_research\20250804_LLM_campus_restoration\shanghai\final_image\201403_114.28577528718832_22.672723412972715.png,201403,114.2857753,22.67272341,0.34028,0.3,0.12434455873132616,0.007,3,LL
D:\A_Research\A_doing_research\20250804_LLM_campus_restoration\shanghai\final_image\201403_114.2865602_22.6705316.png,201403,114.2865602,22.6705316,0.75333,0.29463,0.13534324166471726,0.011,3,LL
D:\A_Research\A_doing_research\20250804_LLM_campus_restoration\shanghai\final_image\201403_114.28969024909823_22.670782674001266.png,201403,114.2896902,22.67078267,0.13662,0.3451,0.11671121881984282,0.003,3,LL
D:\A_Research\A_doing_research\20250804_LLM_campus_restoration\shanghai\final_image\201403_114.291943_22.670415299999995.png,201403,114.291943,22.6704153,0.55158,0.27538,0.1954109986440918,0.002,3,LL
D:\A_Research\A_doing_research\20250804_LLM_campus_restoration\shanghai\final_image\201403_114.2929717078102_22.671947215945814.png,201403,114.2929717,22.67194722,0.538,0.21805,0.2208316670094048,0.01,3,LL
D:\A_Research\A_doing_research\20250804_LLM_campus_restoration\shanghai\final_image\201403_114.30636268763371_22.672150165103474.png,201403,114.3063627,22.67215017,0.236,0.408,0.021749797759565495,0.115,3,Not significant
D:\A_Research\A_doing_research\20250804_LLM_campus_restoration\shanghai\final_image\201403_114.3439078_22.665087599999996.png,201403,114.3439078,22.6650876,0.26,0.51441,-0.034989397314310285,0.007,4,HL
D:\A_Research\A_doing_research\20250804_LLM_campus_restoration\shanghai\final_image\201403_114.34491912419516_22.685411523262403.png,201403,114.3449191,22.68541152,0.63907,0.37657,0.036660418996180034,0.136,3,Not significant
D:\A_Research\A_doing_research\20250804_LLM_campus_restoration\shanghai\final_image\201403_114.34674766290425_22.68606309018065.png,201403,114.3467477,22.68606309,0.34136,0.50052,-0.04746997791673,0.038,4,HL
D:\A_Research\A_doing_research\20250804_LLM_campus_restoration\shanghai\final_image\201403_114.347424_22.684370599999994.png,201403,114.347424,22.6843706,0.47626,0.30904,0.07182489722448739,0.123,3,Not significant
D:\A_Research\A_doing_research\20250804_LLM_campus_restoration\shanghai\final_image\201403_114.3541165_22.685339399999997.png,201403,114.3541165,22.6853394,0.22167,0.26146,0.0969785010793868,0.079,3,Not significant
D:\A_Research\A_doing_research\20250804_LLM_campus_restoration\shanghai\final_image\201403_114.47127816228051_22.593218389034774.png,201403,114.4712782,22.59321839,0.56273,0.44354,0.001156259312264491,0.349,3,Not significant
D:\A_Research\A_doing_research\20250804_LLM_campus_restoration\shanghai\final_image\201403_114.4712951_22.596841899999998.png,201403,114.4712951,22.5968419,0.36885,0.4,0.02390723359466172,0.177,3,Not significant
D:\A_Research\A_doing_research\20250804_LLM_campus_restoration\shanghai\final_image\201403_114.47371648364182_22.590880118909357.png,201403,114.4737165,22.59088012,0.48117,0.72907,-0.18425275349146644,0.177,4,Not significant
D:\A_Research\A_doing_research\20250804_LLM_campus_restoration\shanghai\final_image\201403_114.49908917687205_22.596296186473293.png,201403,114.4990892,22.59629619,0.315,0.45799,-0.0019254223097532536,0.297,4,Not significant
D:\A_Research\A_doing_research\20250804_LLM_campus_restoration\shanghai\final_image\201403_114.5020823_22.587825699999996.png,201403,114.5020823,22.5878257,0.65845,0.49506,-0.021653987188143983,0.079,4,Not significant
D:\A_Research\A_doing_research\20250804_LLM_campus_restoration\shanghai\final_image\201404_113.82848328294271_22.668914003410322.png,201404,113.8284833,22.668914,0.6329,0.35697,0.01606835400494552,0.23,3,Not significant
D:\A_Research\A_doing_research\20250804_LLM_campus_restoration\shanghai\final_image\201404_113.83205790000001_22.648775399999998.png,201404,113.8320579,22.6487754,0.3335,0.34685,0.042424309978929334,0.047,3,LL
D:\A_Research\A_doing_research\20250804_LLM_campus_restoration\shanghai\final_image\201404_113.84755745946309_22.715814616519843.png,201404,113.8475575,22.71581462,0.65976,0.464,-0.002075349987188395,0.295,4,Not significant
D:\A_Research\A_doing_research\20250804_LLM_campus_restoration\shanghai\final_image\201404_113.85096169738534_22.63163394317757.png,201404,113.8509617,22.63163394,0.214,0.20304,0.00967950452848386,0.405,3,Not significant
D:\A_Research\A_doing_research\20250804_LLM_campus_restoration\shanghai\final_image\201404_113.8595053_22.6380174.png,201404,113.8595053,22.6380174,0.4332,0.32243,0.004696335313761457,0.398,3,Not significant
D:\A_Research\A_doing_research\20250804_LLM_campus_restoration\shanghai\final_image\201404_113.8679265_22.790199799999996.png,201404,113.8679265,22.7901998,0.42957,0.35947,0.019791421538930855,0.198,3,Not significant
D:\A_Research\A_doing_research\20250804_LLM_campus_restoration\shanghai\final_image\201404_113.87223108607553_22.762894794356168.png,201404,113.8722311,22.76289479,0.538,0.25264,-0.002786251422653115,0.498,2,Not significant
D:\A_Research\A_doing_research\20250804_LLM_campus_restoration\shanghai\final_image\201404_113.87639416485732_22.656923191403436.png,201404,113.8763942,22.65692319,0.60409,0.32,0.021800176833000902,0.146,3,Not significant
D:\A_Research\A_doing_research\20250804_LLM_campus_restoration\shanghai\final_image\201404_113.88022556665412_22.657539004523017.png,201404,113.8802256,22.657539,0.354,0.31651,0.030876444202415552,0.116,3,Not significant
D:\A_Research\A_doing_research\20250804_LLM_campus_restoration\shanghai\final_image\201404_113.88090430148902_22.81210965043923.png,201404,113.8809043,22.81210965,0.54167,0.25264,0.099640146483919,0.051,3,Not significant
D:\A_Research\A_doing_research\20250804_LLM_campus_restoration\shanghai\final_image\201404_113.88194917077641_22.8155861177406.png,201404,113.8819492,22.81558612,0.13593,0.27697,0.09357096169711694,0.039,3,LL
D:\A_Research\A_doing_research\20250804_LLM_campus_restoration\shanghai\final_image\201404_113.88406204444568_22.658127156953263.png,201404,113.884062,22.65812716,0.5376,0.33459,0.02661859788639007,0.101,3,Not significant
D:\A_Research\A_doing_research\20250804_LLM_campus_restoration\shanghai\final_image\201404_113.8846742_22.705383699999995.png,201404,113.8846742,22.7053837,0.54165,0.25264,0.0031180240742500268,0.453,3,Not significant
D:\A_Research\A_doing_research\20250804_LLM_campus_restoration\shanghai\final_image\201404_113.8891361_22.658751799999997.png,201404,113.8891361,22.6587518,0.60552,0.32479,0.018496794450331006,0.152,3,Not significant
D:\A_Research\A_doing_research\20250804_LLM_campus_restoration\shanghai\final_image\201404_113.89883602362298_22.659179748925713.png,201404,113.898836,22.65917975,0.53429,0.33,0.009660828800944914,0.282,3,Not significant
D:\A_Research\A_doing_research\20250804_LLM_campus_restoration\shanghai\final_image\201404_113.90402014698175_22.659065545757933.png,201404,113.9040201,22.65906555,0.55,0.28552,0.007569084946983646,0.387,3,Not significant
D:\A_Research\A_doing_research\20250804_LLM_campus_restoration\shanghai\final_image\201404_113.90790824772574_22.65900936607576.png,201404,113.9079082,22.65900937,0.4036,0.31952,0.0012034818605628603,0.471,3,Not significant
D:\A_Research\A_doing_research\20250804_LLM_campus_restoration\shanghai\final_image\201404_113.91616771574749_22.624234106956862.png,201404,113.9161677,22.62423411,0.542,0.45455,0.0017938820480275428,0.005,1,HH
D:\A_Research\A_doing_research\20250804_LLM_campus_restoration\shanghai\final_image\201404_113.9170652_22.659144999999995.png,201404,113.9170652,22.659145,0.62314,0.42108,-0.0010573870851097926,0.42,2,Not significant
D:\A_Research\A_doing_research\20250804_LLM_campus_restoration\shanghai\final_image\201404_113.9266765_22.610219399999988.png,201404,113.9266765,22.6102194,0.51774,0.39732,-0.02097973784318101,0.005,2,LH
D:\A_Research\A_doing_research\20250804_LLM_campus_restoration\shanghai\final_image\201404_113.92717959766975_22.664955269056406.png,201404,113.9271796,22.66495527,0.31268,0.32834,-0.01741961576707852,0.198,2,Not significant
D:\A_Research\A_doing_research\20250804_LLM_campus_restoration\shanghai\final_image\201404_113.9275003_22.605617199999994.png,201404,113.9275003,22.6056172,0.62315,0.35573,-0.04147267640242692,0.003,2,LH
D:\A_Research\A_doing_research\20250804_LLM_campus_restoration\shanghai\final_image\201404_113.9381102174492_22.67214804135569.png,201404,113.9381102,22.67214804,0.39168,0.32834,-0.019266016977093778,0.307,2,Not significant
D:\A_Research\A_doing_research\20250804_LLM_campus_restoration\shanghai\final_image\201404_113.9650287_22.685636099999996.png,201404,113.9650287,22.6856361,0.62314,0.39649,0.009485281730229285,0.142,3,Not significant
D:\A_Research\A_doing_research\20250804_LLM_campus_restoration\shanghai\final_image\201404_114.02738_22.758507599999994.png,201404,114.02738,22.7585076,0.57011,0.32834,0.06947574356861676,0.016,3,LL
D:\A_Research\A_doing_research\20250804_LLM_campus_restoration\shanghai\final_image\201408_113.84381220000002_22.741956400000003.png,201408,113.8438122,22.7419564,0.5891,0.48017,-0.006762607694041264,0.21,4,Not significant
D:\A_Research\A_doing_research\20250804_LLM_campus_restoration\shanghai\final_image\201408_113.9220017_22.7846185.png,201408,113.9220017,22.7846185,0.74674,0.5376,-0.03197700408368631,0.042,4,HL
D:\A_Research\A_doing_research\20250804_LLM_campus_restoration\shanghai\final_image\201408_113.92775770000002_22.7858371.png,201408,113.9277577,22.7858371,0.62314,0.36929,0.020322166063153874,0.17,3,Not significant
D:\A_Research\A_doing_research\20250804_LLM_campus_restoration\shanghai\final_image\201408_113.9440293_22.7980389.png,201408,113.9440293,22.7980389,0.46997,0.38153,0.03348552091532253,0.009,3,LL
D:\A_Research\A_doing_research\20250804_LLM_campus_restoration\shanghai\final_image\201408_113.965655081388_22.81195291209696.png,201408,113.9656551,22.81195291,0.29685,0.2713,0.05521227068270996,0.041,3,LL
D:\A_Research\A_doing_research\20250804_LLM_campus_restoration\shanghai\final_image\201410_114.37135028291522_22.76022663437952.png,201410,114.3713503,22.76022663,0.418,0.281,0.06690543016318244,0.177,3,Not significant
D:\A_Research\A_doing_research\20250804_LLM_campus_restoration\shanghai\final_image\201410_114.3716868_22.758448700000006.png,201410,114.3716868,22.7584487,0.63283,0.46215,-0.011419584873863471,0.035,4,HL
D:\A_Research\A_doing_research\20250804_LLM_campus_restoration\shanghai\final_image\201410_114.37493335461107_22.736411759456804.png,201410,114.3749334,22.73641176,0.51,0.65867,-0.052435067887560104,0.281,4,Not significant
D:\A_Research\A_doing_research\20250804_LLM_campus_restoration\shanghai\final_image\201410_114.39313294679685_22.740476520102636.png,201410,114.3931329,22.74047652,0.30588,0.58767,-0.02777634241131202,0.317,4,Not significant
D:\A_Research\A_doing_research\20250804_LLM_campus_restoration\shanghai\final_image\201410_114.39518626759875_22.741271180973786.png,201410,114.3951863,22.74127118,0.55024,0.68106,-0.09314313801478805,0.236,4,Not significant
D:\A_Research\A_doing_research\20250804_LLM_campus_restoration\shanghai\final_image\201410_114.3969769_22.741978299999996.png,201410,114.3969769,22.7419783,0.67708,0.43061,-0.0015978759975761626,0.456,2,Not significant
D:\A_Research\A_doing_research\20250804_LLM_campus_restoration\shanghai\final_image\201410_114.3974114647061_22.74921567437351.png,201410,114.3974115,22.74921567,0.67155,0.495,-0.034085210984000816,0.076,4,Not significant
D:\A_Research\A_doing_research\20250804_LLM_campus_restoration\shanghai\final_image\201410_114.3992771_22.749888999999996.png,201410,114.3992771,22.749889,0.59895,0.35947,0.05514991950034647,0.142,3,Not significant
D:\A_Research\A_doing_research\20250804_LLM_campus_restoration\shanghai\final_image\201410_114.40037685399513_22.743941795937683.png,201410,114.4003769,22.7439418,0.325,0.4715,-0.007497913803862267,0.236,4,Not significant
D:\A_Research\A_doing_research\20250804_LLM_campus_restoration\shanghai\final_image\201410_114.40097418844701_22.750772763504518.png,201410,114.4009742,22.75077276,0.4,0.334,0.0873952848590642,0.087,3,Not significant
D:\A_Research\A_doing_research\20250804_LLM_campus_restoration\shanghai\final_image\201410_114.401642_22.760514199999992.png,201410,114.401642,22.7605142,0.74495,0.45743,-0.0029738575537336465,0.191,4,Not significant
D:\A_Research\A_doing_research\20250804_LLM_campus_restoration\shanghai\final_image\201410_114.4073475_22.7479169.png,201410,114.4073475,22.7479169,0.72387,0.40711,0.028881447494429374,0.037,3,LL
D:\A_Research\A_doing_research\20250804_LLM_campus_restoration\shanghai\final_image\201410_114.4088513_22.7552379.png,201410,114.4088513,22.7552379,0.383,0.35947,0.06069800221805992,0.04,3,LL
D:\A_Research\A_doing_research\20250804_LLM_campus_restoration\shanghai\final_image\201509_113.8778189_22.5239282.png,201509,113.8778189,22.5239282,0.28128,0.28,-0.08084425401865249,0.066,2,Not significant
D:\A_Research\A_doing_research\20250804_LLM_campus_restoration\shanghai\final_image\201509_113.87921688195479_22.52267544611043.png,201509,113.8792169,22.52267545,0.46373,0.45798,0.0012471680525085681,0.325,1,Not significant
D:\A_Research\A_doing_research\20250804_LLM_campus_restoration\shanghai\final_image\201509_113.8842395_22.5070012.png,201509,113.8842395,22.5070012,0.29206,0.251,-0.04992477011771414,0.235,2,Not significant
D:\A_Research\A_doing_research\20250804_LLM_campus_restoration\shanghai\final_image\201509_113.8962182_22.54384519999999.png,201509,113.8962182,22.5438452,0.45,0.37288,-0.06575835826377625,0.002,2,LH
D:\A_Research\A_doing_research\20250804_LLM_campus_restoration\shanghai\final_image\201509_113.8972285_22.5321375.png,201509,113.8972285,22.5321375,0.4914,0.49019,0.03620475567097459,0.003,1,HH
D:\A_Research\A_doing_research\20250804_LLM_campus_restoration\shanghai\final_image\201510_113.76850050000002_22.6738732.png,201510,113.7685005,22.6738732,0.3733,0.15,0.07866985396926471,0.08,3,Not significant
D:\A_Research\A_doing_research\20250804_LLM_campus_restoration\shanghai\final_image\201510_113.9132915_22.4939517.png,201510,113.9132915,22.4939517,0.24206,0.47079,0.03240246637566808,0.001,1,HH
D:\A_Research\A_doing_research\20250804_LLM_campus_restoration\shanghai\final_image\201510_113.91570891894631_22.49697264648642.png,201510,113.9157089,22.49697265,0.35227,0.3195,-0.21478637877114445,0.001,2,LH
D:\A_Research\A_doing_research\20250804_LLM_campus_restoration\shanghai\final_image\201510_113.9341328_22.56520709999999.png,201510,113.9341328,22.5652071,0.285,0.34117,-0.09928002495638384,0.001,2,LH
D:\A_Research\A_doing_research\20250804_LLM_campus_restoration\shanghai\final_image\201510_113.96622806580432_22.573649256564675.png,201510,113.9662281,22.57364926,0.25535,0.0,-0.39523727479325577,0.001,2,LH
D:\A_Research\A_doing_research\20250804_LLM_campus_restoration\shanghai\final_image\201510_113.9724256_22.6870184.png,201510,113.9724256,22.6870184,0.4863,0.35043,0.020630137931695994,0.127,3,Not significant
D:\A_Research\A_doing_research\20250804_LLM_campus_restoration\shanghai\final_image\201510_113.98185242856432_22.688757389903536.png,201510,113.9818524,22.68875739,0.6352,0.27665,0.03303968234819006,0.225,3,Not significant
D:\A_Research\A_doing_research\20250804_LLM_campus_restoration\shanghai\final_image\201510_113.98363639770812_22.689476032522467.png,201510,113.9836364,22.68947603,0.32642,0.40589,0.01569774248044092,0.087,3,Not significant
D:\A_Research\A_doing_research\20250804_LLM_campus_restoration\shanghai\final_image\201510_114.0103691_22.594331799999996.png,201510,114.0103691,22.5943318,0.538,0.26852,-0.07405669347412841,0.002,2,LH
D:\A_Research\A_doing_research\20250804_LLM_campus_restoration\shanghai\final_image\201510_114.03380288280603_22.517278014240983.png,201510,114.0338029,22.51727801,0.25516,0.28981,-0.14134433569364482,0.001,2,LH
D:\A_Research\A_doing_research\20250804_LLM_campus_restoration\shanghai\final_image\201510_114.0531021_22.592693599999997.png,201510,114.0531021,22.5926936,0.65,0.0,-0.25941278514648747,0.001,2,LH
D:\A_Research\A_doing_research\20250804_LLM_campus_restoration\shanghai\final_image\201510_114.09133879686222_22.646343048669696.png,201510,114.0913388,22.64634305,0.35638,0.28491,0.0304937441721716,0.207,3,Not significant
D:\A_Research\A_doing_research\20250804_LLM_campus_restoration\shanghai\final_image\201510_114.10067960000002_22.6565825.png,201510,114.1006796,22.6565825,0.444,0.36613,0.017061857733765,0.143,3,Not significant
D:\A_Research\A_doing_research\20250804_LLM_campus_restoration\shanghai\final_image\201510_114.1179575_22.6653098.png,201510,114.1179575,22.6653098,0.28906,0.53822,-0.03706873906666403,0.042,4,HL
D:\A_Research\A_doing_research\20250804_LLM_campus_restoration\shanghai\final_image\201510_114.1209625_22.664945200000002.png,201510,114.1209625,22.6649452,0.64348,0.253,0.015976822900023002,0.367,3,Not significant
D:\A_Research\A_doing_research\20250804_LLM_campus_restoration\shanghai\final_image\201510_114.12311478463587_22.540428499015647.png,201510,114.1231148,22.5404285,0.48578,0.40999,-0.039288741025427336,0.001,2,LH
D:\A_Research\A_doing_research\20250804_LLM_campus_restoration\shanghai\final_image\201510_114.12840565481605_22.662909228804207.png,201510,114.1284057,22.66290923,0.40453,0.253,0.08533669093921671,0.013,3,LL
D:\A_Research\A_doing_research\20250804_LLM_campus_restoration\shanghai\final_image\201510_114.141854_22.6526184.png,201510,114.141854,22.6526184,0.53429,0.37,0.044116857946448186,0.003,3,LL
D:\A_Research\A_doing_research\20250804_LLM_campus_restoration\shanghai\final_image\201510_114.14203573628855_22.638772522441887.png,201510,114.1420357,22.63877252,0.35333,0.32199,0.07229438519415073,0.002,3,LL
D:\A_Research\A_doing_research\20250804_LLM_campus_restoration\shanghai\final_image\201510_114.14832648801045_22.59754098426193.png,201510,114.1483265,22.59754098,0.6518,0.0,0.07019219148799528,0.201,3,Not significant
D:\A_Research\A_doing_research\20250804_LLM_campus_restoration\shanghai\final_image\201510_114.15135909033336_22.603455458881594.png,201510,114.1513591,22.60345546,0.37822,0.0,0.10330037809616932,0.105,3,Not significant
D:\A_Research\A_doing_research\20250804_LLM_campus_restoration\shanghai\final_image\201510_114.1519723_22.629348399999998.png,201510,114.1519723,22.6293484,0.63465,0.47361,-0.009390468559824871,0.013,4,HL
D:\A_Research\A_doing_research\20250804_LLM_campus_restoration\shanghai\final_image\201510_114.1548433_22.612801099999995.png,201510,114.1548433,22.6128011,0.5496,0.165,0.059169814765489576,0.172,3,Not significant
D:\A_Research\A_doing_research\20250804_LLM_campus_restoration\shanghai\final_image\201511_113.77301714570748_22.65521850478275.png,201511,113.7730171,22.6552185,0.62315,0.48,-0.006107165250034917,0.146,4,Not significant
D:\A_Research\A_doing_research\20250804_LLM_campus_restoration\shanghai\final_image\201511_113.77595173381438_22.6505407676531.png,201511,113.7759517,22.65054077,0.62315,0.47735,-0.0038518586163359143,0.269,4,Not significant
D:\A_Research\A_doing_research\20250804_LLM_campus_restoration\shanghai\final_image\201511_113.77791411965266_22.647425541351954.png,201511,113.7779141,22.64742554,0.60509,0.47735,-0.0035426095951176712,0.271,4,Not significant
D:\A_Research\A_doing_research\20250804_LLM_campus_restoration\shanghai\final_image\201511_113.78989593872954_22.626797290819933.png,201511,113.7898959,22.62679729,0.545,0.39093,-0.009111717664686082,0.241,2,Not significant
D:\A_Research\A_doing_research\20250804_LLM_campus_restoration\shanghai\final_image\201511_113.79198277958976_22.623752718711486.png,201511,113.7919828,22.62375272,0.47783,0.61757,-0.007155928101734756,0.458,4,Not significant
D:\A_Research\A_doing_research\20250804_LLM_campus_restoration\shanghai\final_image\201511_113.79302905059284_22.6222321167968.png,201511,113.7930291,22.62223212,0.215,0.47735,0.008223960660969996,0.175,1,Not significant
D:\A_Research\A_doing_research\20250804_LLM_campus_restoration\shanghai\final_image\201511_113.8926971_22.590370800000002.png,201511,113.8926971,22.5903708,0.62315,0.55272,0.05203176091637104,0.013,1,HH
D:\A_Research\A_doing_research\20250804_LLM_campus_restoration\shanghai\final_image\201511_113.98640311723084_22.573708649761702.png,201511,113.9864031,22.57370865,0.185,0.24758,-0.07126980574105458,0.08,2,Not significant
D:\A_Research\A_doing_research\20250804_LLM_campus_restoration\shanghai\final_image\201511_114.04964800000002_22.6558579.png,201511,114.049648,22.6558579,0.23623,0.27056,-0.042603937900006626,0.149,2,Not significant
D:\A_Research\A_doing_research\20250804_LLM_campus_restoration\shanghai\final_image\201601_113.86947380000001_22.5787381.png,201601,113.8694738,22.5787381,0.50244,0.23467,-0.09377233124671441,0.048,2,LH
D:\A_Research\A_doing_research\20250804_LLM_campus_restoration\shanghai\final_image\201601_113.8745102_22.5675937.png,201601,113.8745102,22.5675937,0.54706,0.4,-0.023123991374206773,0.061,2,Not significant
D:\A_Research\A_doing_research\20250804_LLM_campus_restoration\shanghai\final_image\201601_113.8995009_22.486923499999996.png,201601,113.8995009,22.4869235,0.1856,0.59134,0.1599042285929474,0.001,1,HH
D:\A_Research\A_doing_research\20250804_LLM_campus_restoration\shanghai\final_image\201601_113.91049880000001_22.526025000000004.png,201601,113.9104988,22.526025,0.37755,0.29605,-0.23150660650438432,0.001,2,LH
D:\A_Research\A_doing_research\20250804_LLM_campus_restoration\shanghai\final_image\201601_113.91229911214752_22.579411857320917.png,201601,113.9122991,22.57941186,0.58869,0.50317,0.029416990834648923,0.036,1,HH
D:\A_Research\A_doing_research\20250804_LLM_campus_restoration\shanghai\final_image\201601_113.9126736_22.526134499999994.png,201601,113.9126736,22.5261345,0.69485,0.47784,0.0363913386381638,0.001,1,HH
D:\A_Research\A_doing_research\20250804_LLM_campus_restoration\shanghai\final_image\201601_113.91355756883638_22.578036885096644.png,201601,113.9135576,22.57803689,0.40712,0.25264,-0.15840902364927073,0.007,2,LH
D:\A_Research\A_doing_research\20250804_LLM_campus_restoration\shanghai\final_image\201601_113.914816_22.576661899999998.png,201601,113.914816,22.5766619,0.35227,0.28393,-0.10680933082930524,0.012,2,LH
D:\A_Research\A_doing_research\20250804_LLM_campus_restoration\shanghai\final_image\201601_113.916563_22.5275247.png,201601,113.916563,22.5275247,0.547,0.41187,-0.05721422454630453,0.001,2,LH
D:\A_Research\A_doing_research\20250804_LLM_campus_restoration\shanghai\final_image\201601_113.919263_22.527063600000005.png,201601,113.919263,22.5270636,0.53046,0.41187,-0.059117607167602254,0.001,2,LH
D:\A_Research\A_doing_research\20250804_LLM_campus_restoration\shanghai\final_image\201601_113.9205707480704_22.555670959071687.png,201601,113.9205707,22.55567096,0.196,0.4185,-0.034338872040375085,0.001,2,LH
D:\A_Research\A_doing_research\20250804_LLM_campus_restoration\shanghai\final_image\201601_113.9234574_22.5680999.png,201601,113.9234574,22.5680999,0.44155,0.37576,-0.05992487446199194,0.001,2,LH
D:\A_Research\A_doing_research\20250804_LLM_campus_restoration\shanghai\final_image\201601_113.9317428_22.566182099999995.png,201601,113.9317428,22.5661821,0.538,0.34117,-0.09844701553161757,0.001,2,LH
D:\A_Research\A_doing_research\20250804_LLM_campus_restoration\shanghai\final_image\201601_113.9367483_22.5688907.png,201601,113.9367483,22.5688907,0.35227,0.32963,-0.11205982237032992,0.001,2,LH
D:\A_Research\A_doing_research\20250804_LLM_campus_restoration\shanghai\final_image\201601_113.94190116296602_22.56502110885344.png,201601,113.9419012,22.56502111,0.28497,0.28981,-0.1572159086210267,0.001,2,LH
D:\A_Research\A_doing_research\20250804_LLM_campus_restoration\shanghai\final_image\201601_113.95155518756962_22.564048622776014.png,201601,113.9515552,22.56404862,0.47,0.36609,-0.08388489832896363,0.001,2,LH
D:\A_Research\A_doing_research\20250804_LLM_campus_restoration\shanghai\final_image\201601_113.95563_22.5731096.png,201601,113.95563,22.5731096,0.30123,0.42002,-0.02589246613521075,0.001,2,LH
D:\A_Research\A_doing_research\20250804_LLM_campus_restoration\shanghai\final_image\201601_113.95629671057142_22.55635424112815.png,201601,113.9562967,22.55635424,0.33208,0.36793,-0.09950910946844803,0.001,2,LH
D:\A_Research\A_doing_research\20250804_LLM_campus_restoration\shanghai\final_image\201601_113.96020570251964_22.5625587290877.png,201601,113.9602057,22.56255873,0.50103,0.44883,-0.0005854705623910656,0.001,2,LH
D:\A_Research\A_doing_research\20250804_LLM_campus_restoration\shanghai\final_image\201601_113.96491421191537_22.561488858722452.png,201601,113.9649142,22.56148886,0.54987,0.40459,-0.04831458727808068,0.001,2,LH
D:\A_Research\A_doing_research\20250804_LLM_campus_restoration\shanghai\final_image\201601_113.96620072476264_22.522672982541344.png,201601,113.9662007,22.52267298,0.42098,0.27124,-0.21797357814619628,0.001,2,LH
D:\A_Research\A_doing_research\20250804_LLM_campus_restoration\shanghai\final_image\201601_113.9681430570524_22.522693926658068.png,201601,113.9681431,22.52269393,0.425,0.41776,-0.03429184952352586,0.003,2,LH
D:\A_Research\A_doing_research\20250804_LLM_campus_restoration\shanghai\final_image\201601_113.97008539292004_22.522714847349917.png,201601,113.9700854,22.52271485,0.62314,0.59219,0.1250259338332398,0.004,1,HH
D:\A_Research\A_doing_research\20250804_LLM_campus_restoration\shanghai\final_image\201601_113.97202773236299_22.522735744616757.png,201601,113.9720277,22.52273574,0.3,0.28981,-0.21995540508191866,0.001,2,LH
D:\A_Research\A_doing_research\20250804_LLM_campus_restoration\shanghai\final_image\201601_113.97572705186109_22.58630829746072.png,201601,113.9757271,22.5863083,0.6086,0.30078,-0.0979285624727335,0.001,2,LH
D:\A_Research\A_doing_research\20250804_LLM_campus_restoration\shanghai\final_image\201601_113.97977450366264_22.557519229289227.png,201601,113.9797745,22.55751923,0.39,0.2672,-0.22937728340171087,0.001,2,LH
D:\A_Research\A_doing_research\20250804_LLM_campus_restoration\shanghai\final_image\201601_113.9813306_22.522830199999998.png,201601,113.9813306,22.5228302,0.31875,0.33,-0.16723322750655764,0.001,2,LH
D:\A_Research\A_doing_research\20250804_LLM_campus_restoration\shanghai\final_image\201601_113.98416155409757_22.582488452733735.png,201601,113.9841616,22.58248845,0.35227,0.0,-0.29203889360433516,0.001,2,LH
D:\A_Research\A_doing_research\20250804_LLM_campus_restoration\shanghai\final_image\201601_113.98545226936159_22.558743803665752.png,201601,113.9854523,22.5587438,0.47754,0.531,0.07279831238836926,0.001,1,HH
D:\A_Research\A_doing_research\20250804_LLM_campus_restoration\shanghai\final_image\201601_113.98643188363951_22.565336028740756.png,201601,113.9864319,22.56533603,0.1736,0.38608,-0.04924996802547749,0.001,2,LH
D:\A_Research\A_doing_research\20250804_LLM_campus_restoration\shanghai\final_image\201601_113.98685138772336_22.571952680695862.png,201601,113.9868514,22.57195268,0.38072,0.2164,-0.10297732063477426,0.036,2,LH
D:\A_Research\A_doing_research\20250804_LLM_campus_restoration\shanghai\final_image\201601_113.9881356_22.548977.png,201601,113.9881356,22.548977,0.5376,0.28981,-0.22339594675194135,0.001,2,LH
D:\A_Research\A_doing_research\20250804_LLM_campus_restoration\shanghai\final_image\201601_113.99672798997247_22.58945622969369.png,201601,113.996728,22.58945623,0.365,0.28,-0.09482062608529863,0.002,2,LH
D:\A_Research\A_doing_research\20250804_LLM_campus_restoration\shanghai\final_image\201601_113.9968099_22.555977199999997.png,201601,113.9968099,22.5559772,0.39161,0.69693,0.24702058217237768,0.001,1,HH
D:\A_Research\A_doing_research\20250804_LLM_campus_restoration\shanghai\final_image\201601_114.00555478492693_22.63003206862512.png,201601,114.0055548,22.63003207,0.32683,0.39517,-0.0293059418395091,0.001,2,LH
D:\A_Research\A_doing_research\20250804_LLM_campus_restoration\shanghai\final_image\201601_114.0059923_22.6918247.png,201601,114.0059923,22.6918247,0.14335,0.38868,0.010438030926499966,0.131,3,Not significant
D:\A_Research\A_doing_research\20250804_LLM_campus_restoration\shanghai\final_image\201601_114.0093774808383_22.58280079624211.png,201601,114.0093775,22.5828008,0.64357,0.0,0.03725003995216203,0.339,3,Not significant
D:\A_Research\A_doing_research\20250804_LLM_campus_restoration\shanghai\final_image\201601_114.00962268881487_22.58459104735922.png,201601,114.0096227,22.58459105,0.28982,0.0,0.03989952169421477,0.333,3,Not significant
D:\A_Research\A_doing_research\20250804_LLM_campus_restoration\shanghai\final_image\201601_114.00998624541153_22.572209610786548.png,201601,114.0099862,22.57220961,0.65432,0.0,-0.2928392461719528,0.001,2,LH
D:\A_Research\A_doing_research\20250804_LLM_campus_restoration\shanghai\final_image\201601_114.0135251_22.565275.png,201601,114.0135251,22.565275,0.58773,0.35,-0.07383395153851213,0.001,2,LH
D:\A_Research\A_doing_research\20250804_LLM_campus_restoration\shanghai\final_image\201601_114.01749233094428_22.591981714324998.png,201601,114.0174923,22.59198171,0.47735,0.17015,-0.14383220637543054,0.001,2,LH
D:\A_Research\A_doing_research\20250804_LLM_campus_restoration\shanghai\final_image\201601_114.0239785_22.596299100000003.png,201601,114.0239785,22.5962991,0.25907,0.67633,0.13412334376676643,0.002,1,HH
D:\A_Research\A_doing_research\20250804_LLM_campus_restoration\shanghai\final_image\201601_114.03046191823277_22.51912009883957.png,201601,114.0304619,22.5191201,0.345,0.25353,-0.19461167328828313,0.001,2,LH
D:\A_Research\A_doing_research\20250804_LLM_campus_restoration\shanghai\final_image\201601_114.03366141303097_22.562467485822165.png,201601,114.0336614,22.56246749,0.65398,0.34548,-0.1071268406748607,0.001,2,LH
D:\A_Research\A_doing_research\20250804_LLM_campus_restoration\shanghai\final_image\201601_114.03567077868888_22.68400715626629.png,201601,114.0356708,22.68400716,0.35833,0.31222,0.0008649063012800794,0.478,3,Not significant
D:\A_Research\A_doing_research\20250804_LLM_campus_restoration\shanghai\final_image\201601_114.036026_22.562703099999997.png,201601,114.036026,22.5627031,0.37837,0.52102,0.06059578264551726,0.003,1,HH
D:\A_Research\A_doing_research\20250804_LLM_campus_restoration\shanghai\final_image\201601_114.03942740028948_22.59325947934857.png,201601,114.0394274,22.59325948,0.62315,0.17015,-0.14912955162024852,0.002,2,LH
D:\A_Research\A_doing_research\20250804_LLM_campus_restoration\shanghai\final_image\201601_114.0422269_22.592289.png,201601,114.0422269,22.592289,0.55,0.32284,-0.04267464452388385,0.037,2,LH
D:\A_Research\A_doing_research\20250804_LLM_campus_restoration\shanghai\final_image\201601_114.0474222_22.56505.png,201601,114.0474222,22.56505,0.58218,0.305,-0.1580279492547381,0.001,2,LH
D:\A_Research\A_doing_research\20250804_LLM_campus_restoration\shanghai\final_image\201601_114.04902956281998_22.666670870084197.png,201601,114.0490296,22.66667087,0.61784,0.43209,-0.0019342120545900877,0.28,2,Not significant
D:\A_Research\A_doing_research\20250804_LLM_campus_restoration\shanghai\final_image\201601_114.04931807804083_22.66126338116885.png,201601,114.0493181,22.66126338,0.21884,0.31241,-0.023529997237009097,0.253,2,Not significant
D:\A_Research\A_doing_research\20250804_LLM_campus_restoration\shanghai\final_image\201601_114.0493319_22.6903141.png,201601,114.0493319,22.6903141,0.21411,0.43209,-5.432572984162311e-05,0.485,2,Not significant
D:\A_Research\A_doing_research\20250804_LLM_campus_restoration\shanghai\final_image\201601_114.04942805779838_22.659461554844295.png,201601,114.0494281,22.65946155,0.57291,0.4553,-0.0002697695047579586,0.425,4,Not significant
D:\A_Research\A_doing_research\20250804_LLM_campus_restoration\shanghai\final_image\201601_114.04964802536469_22.65207090120377.png,201601,114.049648,22.6520709,0.575,0.30159,-0.03885704390308265,0.121,2,Not significant
D:\A_Research\A_doing_research\20250804_LLM_campus_restoration\shanghai\final_image\201601_114.0525647_22.6947956.png,201601,114.0525647,22.6947956,0.53637,0.38837,-0.0026568818358242876,0.41,2,Not significant
D:\A_Research\A_doing_research\20250804_LLM_campus_restoration\shanghai\final_image\201601_114.0532335_22.621556000000005.png,201601,114.0532335,22.621556,0.40848,0.5507,0.044417749012915765,0.03,1,HH
D:\A_Research\A_doing_research\20250804_LLM_campus_restoration\shanghai\final_image\201601_114.05458541558635_22.663566435002277.png,201601,114.0545854,22.66356644,0.30503,0.40461,-0.0028758386282976413,0.411,2,Not significant
D:\A_Research\A_doing_research\20250804_LLM_campus_restoration\shanghai\final_image\201601_114.0557311716159_22.62335255328613.png,201601,114.0557312,22.62335255,0.654,0.4291,-0.009056684776565216,0.037,2,LH
D:\A_Research\A_doing_research\20250804_LLM_campus_restoration\shanghai\final_image\201601_114.0575528_22.566189400000003.png,201601,114.0575528,22.5661894,0.35227,0.455,0.00508775191543993,0.001,1,HH
D:\A_Research\A_doing_research\20250804_LLM_campus_restoration\shanghai\final_image\201601_114.0681826_22.6512261.png,201601,114.0681826,22.6512261,0.35873,0.27809,-0.008373314068028126,0.414,2,Not significant
D:\A_Research\A_doing_research\20250804_LLM_campus_restoration\shanghai\final_image\201601_114.06932279268345_22.56935392270659.png,201601,114.0693228,22.56935392,0.17108,0.58376,0.08307449858405927,0.007,1,HH
D:\A_Research\A_doing_research\20250804_LLM_campus_restoration\shanghai\final_image\201601_114.07046730000002_22.5518554.png,201601,114.0704673,22.5518554,0.49868,0.41075,-0.05351202587811832,0.001,2,LH
D:\A_Research\A_doing_research\20250804_LLM_campus_restoration\shanghai\final_image\201601_114.0712346_22.5696774.png,201601,114.0712346,22.5696774,0.55024,0.34285,-0.10244421309230273,0.001,2,LH
D:\A_Research\A_doing_research\20250804_LLM_campus_restoration\shanghai\final_image\201601_114.0724127_22.649408300000005.png,201601,114.0724127,22.6494083,0.31286,0.26906,0.0030843279676117134,0.45,3,Not significant
D:\A_Research\A_doing_research\20250804_LLM_campus_restoration\shanghai\final_image\201601_114.0724316_22.615120099999995.png,201601,114.0724316,22.6151201,0.23821,0.4321,-0.005586518583580599,0.034,2,LH
D:\A_Research\A_doing_research\20250804_LLM_campus_restoration\shanghai\final_image\201601_114.09230752812105_22.655173748538054.png,201601,114.0923075,22.65517375,0.3867,0.31651,0.022300412141602804,0.187,3,Not significant
D:\A_Research\A_doing_research\20250804_LLM_campus_restoration\shanghai\final_image\201601_114.0979350729445_22.593517636263137.png,201601,114.0979351,22.59351764,0.62315,0.0,-0.12202372042298099,0.039,2,LH
D:\A_Research\A_doing_research\20250804_LLM_campus_restoration\shanghai\final_image\201601_114.1000798_22.6646044.png,201601,114.1000798,22.6646044,0.375,0.43209,0.0046172837950180165,0.066,3,Not significant
D:\A_Research\A_doing_research\20250804_LLM_campus_restoration\shanghai\final_image\201601_114.10467809451235_22.63798504103764.png,201601,114.1046781,22.63798504,0.36342,0.31222,0.0013965292217491634,0.498,3,Not significant
D:\A_Research\A_doing_research\20250804_LLM_campus_restoration\shanghai\final_image\201601_114.10618209449758_22.639128819453624.png,201601,114.1061821,22.63912882,0.64106,0.41264,0.0075486475115791865,0.206,3,Not significant
D:\A_Research\A_doing_research\20250804_LLM_campus_restoration\shanghai\final_image\201601_114.10623119912222_22.574391960607027.png,201601,114.1062312,22.57439196,0.6,0.418,-0.014310852382698065,0.061,2,Not significant
D:\A_Research\A_doing_research\20250804_LLM_campus_restoration\shanghai\final_image\201601_114.10719781995881_22.66485982284317.png,201601,114.1071978,22.66485982,0.279,0.30078,0.049952453669170234,0.099,3,Not significant
D:\A_Research\A_doing_research\20250804_LLM_campus_restoration\shanghai\final_image\201601_114.10914030735168_22.664945423098374.png,201601,114.1091403,22.66494542,0.34321,0.321,0.046725941245209006,0.085,3,Not significant
D:\A_Research\A_doing_research\20250804_LLM_campus_restoration\shanghai\final_image\201601_114.1115713_22.576595899999997.png,201601,114.1115713,22.5765959,0.57184,0.2694,-0.04990664215093097,0.133,2,Not significant
D:\A_Research\A_doing_research\20250804_LLM_campus_restoration\shanghai\final_image\201601_114.1125916_22.709417099999996.png,201601,114.1125916,22.7094171,0.36973,0.4,0.019978344144266545,0.032,3,LL
D:\A_Research\A_doing_research\20250804_LLM_campus_restoration\shanghai\final_image\201601_114.1179061_22.642301299999996.png,201601,114.1179061,22.6423013,0.48608,0.25264,0.013750083822798331,0.361,3,Not significant
D:\A_Research\A_doing_research\20250804_LLM_campus_restoration\shanghai\final_image\201601_114.1613079_22.566802599999995.png,201601,114.1613079,22.5668026,0.39841,0.48017,0.008983778347945219,0.069,1,Not significant
D:\A_Research\A_doing_research\20250804_LLM_campus_restoration\shanghai\final_image\201602_113.8346418_22.579743099999998.png,201602,113.8346418,22.5797431,0.64597,0.30078,-0.01014644947548969,0.398,2,Not significant
D:\A_Research\A_doing_research\20250804_LLM_campus_restoration\shanghai\final_image\201602_113.840329_22.576161200000005.png,201602,113.840329,22.5761612,0.52159,0.421,0.0010290087241683675,0.457,3,Not significant
D:\A_Research\A_doing_research\20250804_LLM_campus_restoration\shanghai\final_image\201602_113.86300899856657_22.555466000376438.png,201602,113.863009,22.555466,0.375,0.3622,-0.03612180819397211,0.075,2,Not significant
D:\A_Research\A_doing_research\20250804_LLM_campus_restoration\shanghai\final_image\201602_113.86567215367191_22.55283817379702.png,201602,113.8656722,22.55283817,0.495,0.55,0.03196165080880514,0.142,1,Not significant
D:\A_Research\A_doing_research\20250804_LLM_campus_restoration\shanghai\final_image\201602_114.0076178_22.653348199999996.png,201602,114.0076178,22.6533482,0.45887,0.38834,-0.029038889092317974,0.027,2,LH
D:\A_Research\A_doing_research\20250804_LLM_campus_restoration\shanghai\final_image\201602_114.0243778_22.644818399999995.png,201602,114.0243778,22.6448184,0.31,0.49437,0.029866838223610765,0.001,1,HH
D:\A_Research\A_doing_research\20250804_LLM_campus_restoration\shanghai\final_image\201602_114.0302102_22.682382.png,201602,114.0302102,22.682382,0.313,0.30447,0.005257162664598065,0.439,3,Not significant
D:\A_Research\A_doing_research\20250804_LLM_campus_restoration\shanghai\final_image\201602_114.1310943_22.566169000000002.png,201602,114.1310943,22.566169,0.45,0.40662,-0.024858472372352915,0.023,2,LH
D:\A_Research\A_doing_research\20250804_LLM_campus_restoration\shanghai\final_image\201602_114.1318184_22.558027199999998.png,201602,114.1318184,22.5580272,0.55398,0.75556,0.16700890914402455,0.06,1,Not significant
D:\A_Research\A_doing_research\20250804_LLM_campus_restoration\shanghai\final_image\201606_113.9774213_22.683000099999997.png,201606,113.9774213,22.6830001,0.375,0.56555,-0.02876585177774124,0.157,4,Not significant
D:\A_Research\A_doing_research\20250804_LLM_campus_restoration\shanghai\final_image\201606_113.9916356_22.678826899999997.png,201606,113.9916356,22.6788269,0.27,0.385,0.0039724829585087535,0.412,3,Not significant
D:\A_Research\A_doing_research\20250804_LLM_campus_restoration\shanghai\final_image\201606_114.034896_22.7303757.png,201606,114.034896,22.7303757,0.538,0.34,0.0027514726858692043,0.466,3,Not significant
D:\A_Research\A_doing_research\20250804_LLM_campus_restoration\shanghai\final_image\201606_114.0391485_22.7282786.png,201606,114.0391485,22.7282786,0.75,0.35608,0.0019946359376111712,0.475,3,Not significant
D:\A_Research\A_doing_research\20250804_LLM_campus_restoration\shanghai\final_image\201606_114.0396657_22.702419900000002.png,201606,114.0396657,22.7024199,0.48173,0.50064,-0.007008194095956854,0.28,4,Not significant
D:\A_Research\A_doing_research\20250804_LLM_campus_restoration\shanghai\final_image\201606_114.04623993684964_22.702158410966888.png,201606,114.0462399,22.70215841,0.61559,0.44021,-0.0005426944012845312,0.398,2,Not significant
D:\A_Research\A_doing_research\20250804_LLM_campus_restoration\shanghai\final_image\201606_114.04689680504964_22.709698532276278.png,201606,114.0468968,22.70969853,0.45985,0.6395,-0.0385092024069956,0.245,4,Not significant
D:\A_Research\A_doing_research\20250804_LLM_campus_restoration\shanghai\final_image\201606_114.04747847868023_22.707976405644526.png,201606,114.0474785,22.70797641,0.30588,0.45,6.173315064972185e-05,0.349,1,Not significant
D:\A_Research\A_doing_research\20250804_LLM_campus_restoration\shanghai\final_image\201606_114.0526739_22.720570799999997.png,201606,114.0526739,22.7205708,0.55638,0.43,0.006459062026101296,0.11,3,Not significant
D:\A_Research\A_doing_research\20250804_LLM_campus_restoration\shanghai\final_image\201606_114.2208792_22.5549433.png,201606,114.2208792,22.5549433,0.64106,0.52,-0.03419827849329986,0.087,4,Not significant
D:\A_Research\A_doing_research\20250804_LLM_campus_restoration\shanghai\final_image\201606_114.2378517_22.5992506.png,201606,114.2378517,22.5992506,0.3306,0.27719,0.11000719881063875,0.002,3,LL
D:\A_Research\A_doing_research\20250804_LLM_campus_restoration\shanghai\final_image\201606_114.24238642416961_22.588507629943926.png,201606,114.2423864,22.58850763,0.21324,0.2757,0.09476860501133139,0.045,3,LL
D:\A_Research\A_doing_research\20250804_LLM_campus_restoration\shanghai\final_image\201606_114.24402290000002_22.5875336.png,201606,114.2440229,22.5875336,0.6325,0.50064,-0.05345595222368568,0.008,4,HL
D:\A_Research\A_doing_research\20250804_LLM_campus_restoration\shanghai\final_image\201606_114.2487806_22.5800293.png,201606,114.2487806,22.5800293,0.511,0.50517,-0.06603127337951663,0.001,4,HL
D:\A_Research\A_doing_research\20250804_LLM_campus_restoration\shanghai\final_image\201606_114.270403_22.59173559999999.png,201606,114.270403,22.5917356,0.64673,0.75678,-0.19254881483343245,0.004,4,HL
D:\A_Research\A_doing_research\20250804_LLM_campus_restoration\shanghai\final_image\201607_114.0826483_22.571956200000002.png,201607,114.0826483,22.5719562,0.64597,0.26916,-0.14092367380470525,0.001,2,LH
D:\A_Research\A_doing_research\20250804_LLM_campus_restoration\shanghai\final_image\201607_114.12335291404062_22.560192823355546.png,201607,114.1233529,22.56019282,0.219,0.49804,0.04001438947940403,0.003,1,HH
D:\A_Research\A_doing_research\20250804_LLM_campus_restoration\shanghai\final_image\201607_114.13831938364214_22.572136971072915.png,201607,114.1383194,22.57213697,0.7756,0.50424,0.020456314437154496,0.054,1,Not significant
D:\A_Research\A_doing_research\20250804_LLM_campus_restoration\shanghai\final_image\201607_114.1406262_22.5624803.png,201607,114.1406262,22.5624803,0.3151,0.4173,-0.01221589116060932,0.076,2,Not significant
D:\A_Research\A_doing_research\20250804_LLM_campus_restoration\shanghai\final_image\201607_114.1453471_22.5625747.png,201607,114.1453471,22.5625747,0.53429,0.45,0.00022851649466787074,0.032,1,HH
D:\A_Research\A_doing_research\20250804_LLM_campus_restoration\shanghai\final_image\201607_114.14639180000002_22.5662748.png,201607,114.1463918,22.5662748,0.30776,0.57831,0.035728847238671486,0.093,1,Not significant
D:\A_Research\A_doing_research\20250804_LLM_campus_restoration\shanghai\final_image\201607_114.147683_22.590741099999992.png,201607,114.147683,22.5907411,0.11893,0.45199,-0.000492327384769116,0.146,4,Not significant
D:\A_Research\A_doing_research\20250804_LLM_campus_restoration\shanghai\final_image\201607_114.2174026170378_22.56592090245516.png,201607,114.2174026,22.5659209,0.5376,0.0,0.7969583046768152,0.001,3,LL
D:\A_Research\A_doing_research\20250804_LLM_campus_restoration\shanghai\final_image\201607_114.22053419524289_22.566430501666158.png,201607,114.2205342,22.5664305,0.09537,0.0,0.5221146577891395,0.001,3,LL
D:\A_Research\A_doing_research\20250804_LLM_campus_restoration\shanghai\final_image\201607_114.2277864_22.5652001.png,201607,114.2277864,22.5652001,0.74667,0.46158,-0.008950229794956287,0.005,4,HL
D:\A_Research\A_doing_research\20250804_LLM_campus_restoration\shanghai\final_image\201607_114.2372835_22.5605746.png,201607,114.2372835,22.5605746,0.14106,0.43801,0.0007993174914653106,0.425,3,Not significant
D:\A_Research\A_doing_research\20250804_LLM_campus_restoration\shanghai\final_image\201607_114.2495581260841_22.57515168938809.png,201607,114.2495581,22.57515169,0.375,0.0,0.42478543779829814,0.001,3,LL
D:\A_Research\A_doing_research\20250804_LLM_campus_restoration\shanghai\final_image\201608_113.88426411773231_22.479283569355626.png,201608,113.8842641,22.47928357,0.20816,0.462,0.012355158052453514,0.001,1,HH
D:\A_Research\A_doing_research\20250804_LLM_campus_restoration\shanghai\final_image\201608_113.88605640000002_22.50858609999999.png,201608,113.8860564,22.5085861,0.35,0.32963,-0.02240240944065522,0.308,2,Not significant
D:\A_Research\A_doing_research\20250804_LLM_campus_restoration\shanghai\final_image\201608_113.8962098_22.5046666.png,201608,113.8962098,22.5046666,0.43496,0.7418,0.20270066478066096,0.002,1,HH
D:\A_Research\A_doing_research\20250804_LLM_campus_restoration\shanghai\final_image\201608_113.8975891_22.547656000000003.png,201608,113.8975891,22.547656,0.23603,0.22251,-0.23935902747673304,0.001,2,LH
D:\A_Research\A_doing_research\20250804_LLM_campus_restoration\shanghai\final_image\201608_114.20804327777763_22.55767328.png,201608,114.2080433,22.55767328,0.35926,0.0,0.37683115526515476,0.001,3,LL
D:\A_Research\A_doing_research\20250804_LLM_campus_restoration\shanghai\final_image\201608_114.2154883452771_22.56560938292598.png,201608,114.2154883,22.56560938,0.58658,0.0,0.728426958929503,0.001,3,LL
D:\A_Research\A_doing_research\20250804_LLM_campus_restoration\shanghai\final_image\201608_114.2262584_22.567451699999996.png,201608,114.2262584,22.5674517,0.62315,0.509,-0.05923624720404077,0.002,4,HL
D:\A_Research\A_doing_research\20250804_LLM_campus_restoration\shanghai\final_image\201608_114.2309764_22.5870506.png,201608,114.2309764,22.5870506,0.46647,0.57731,-0.10058671551610879,0.001,4,HL
D:\A_Research\A_doing_research\20250804_LLM_campus_restoration\shanghai\final_image\201608_114.23520173953088_22.569610333031804.png,201608,114.2352017,22.56961033,0.35,0.0,0.39667317785253436,0.001,3,LL
D:\A_Research\A_doing_research\20250804_LLM_campus_restoration\shanghai\final_image\201608_114.23880098791565_22.57097356001573.png,201608,114.238801,22.57097356,0.54375,0.0,0.45379674400728326,0.001,3,LL
D:\A_Research\A_doing_research\20250804_LLM_campus_restoration\shanghai\final_image\201608_114.24599972083975_22.573699792315523.png,201608,114.2459997,22.57369979,0.4875,0.0,0.4725462882907372,0.001,3,LL
D:\A_Research\A_doing_research\20250804_LLM_campus_restoration\shanghai\final_image\201608_114.2707091_22.631033099999993.png,201608,114.2707091,22.6310331,0.538,0.45,-2.1148512179243524e-05,0.452,4,Not significant
D:\A_Research\A_doing_research\20250804_LLM_campus_restoration\shanghai\final_image\201608_114.2805139_22.625256699999998.png,201608,114.2805139,22.6252567,0.45565,0.46988,-0.0034103130268096286,0.17,4,Not significant
D:\A_Research\A_doing_research\20250804_LLM_campus_restoration\shanghai\final_image\201608_114.2811067_22.642520699999995.png,201608,114.2811067,22.6425207,0.34192,0.528,-0.022353776103112906,0.032,4,HL
D:\A_Research\A_doing_research\20250804_LLM_campus_restoration\shanghai\final_image\201608_114.2818127_22.631925200000005.png,201608,114.2818127,22.6319252,0.59895,0.73389,-0.08544733534557677,0.036,4,HL
D:\A_Research\A_doing_research\20250804_LLM_campus_restoration\shanghai\final_image\201608_114.29465560565735_22.600106367840056.png,201608,114.2946556,22.60010637,0.35994,0.0,0.07444382169511361,0.143,3,Not significant
D:\A_Research\A_doing_research\20250804_LLM_campus_restoration\shanghai\final_image\201608_114.2974366_22.623712499999996.png,201608,114.2974366,22.6237125,0.4164,0.39523,0.018295986317189587,0.042,3,LL
D:\A_Research\A_doing_research\20250804_LLM_campus_restoration\shanghai\final_image\201608_114.30005042823517_22.619531343457563.png,201608,114.3000504,22.61953134,0.593,0.41995,0.011528372856134875,0.024,3,LL
D:\A_Research\A_doing_research\20250804_LLM_campus_restoration\shanghai\final_image\201608_114.300297_22.5877188.png,201608,114.300297,22.5877188,0.425,0.64036,-0.08613339972994664,0.001,4,HL
D:\A_Research\A_doing_research\20250804_LLM_campus_restoration\shanghai\final_image\201608_114.31983769012724_22.60713021490779.png,201608,114.3198377,22.60713021,0.38284,0.35969,0.03600947157600669,0.011,3,LL
D:\A_Research\A_doing_research\20250804_LLM_campus_restoration\shanghai\final_image\201708_113.88586270000002_22.575906099999997.png,201708,113.8858627,22.5759061,0.62949,0.67158,0.13404064335394208,0.013,1,HH
D:\A_Research\A_doing_research\20250804_LLM_campus_restoration\shanghai\final_image\201708_113.9027665_22.512065999999997.png,201708,113.9027665,22.512066,0.62315,0.77059,0.275237910707151,0.001,1,HH
D:\A_Research\A_doing_research\20250804_LLM_campus_restoration\shanghai\final_image\201708_113.90740346345719_22.50825413021444.png,201708,113.9074035,22.50825413,0.28784,0.0,-0.6519927661218525,0.001,2,LH
D:\A_Research\A_doing_research\20250804_LLM_campus_restoration\shanghai\final_image\201708_113.907836_22.5343906.png,201708,113.907836,22.5343906,0.353,0.41187,-0.045753759681682306,0.001,2,LH
D:\A_Research\A_doing_research\20250804_LLM_campus_restoration\shanghai\final_image\201708_113.9089397_22.523997199999993.png,201708,113.9089397,22.5239972,0.40812,0.65021,0.22651078624870744,0.001,1,HH
D:\A_Research\A_doing_research\20250804_LLM_campus_restoration\shanghai\final_image\201708_113.9093758_22.557212999999994.png,201708,113.9093758,22.557213,0.28069,0.22868,-0.21927695709724881,0.001,2,LH
D:\A_Research\A_doing_research\20250804_LLM_campus_restoration\shanghai\final_image\201708_113.91294473496328_22.56617863908808.png,201708,113.9129447,22.56617864,0.18541,0.214,-0.1454896651103602,0.015,2,LH
D:\A_Research\A_doing_research\20250804_LLM_campus_restoration\shanghai\final_image\201708_113.9129459_22.56437409999999.png,201708,113.9129459,22.5643741,0.13025,0.35059,-0.054775181859176486,0.031,2,LH
D:\A_Research\A_doing_research\20250804_LLM_campus_restoration\shanghai\final_image\201708_113.9135673_22.546821100000003.png,201708,113.9135673,22.5468211,0.46647,0.328,-0.1378336663992191,0.001,2,LH
D:\A_Research\A_doing_research\20250804_LLM_campus_restoration\shanghai\final_image\201708_113.9153991_22.566538199999997.png,201708,113.9153991,22.5665382,0.3799,0.214,-0.14647791782977626,0.011,2,LH
D:\A_Research\A_doing_research\20250804_LLM_campus_restoration\shanghai\final_image\201708_113.9185789_22.548414300000005.png,201708,113.9185789,22.5484143,0.562,0.51332,0.07572992674144126,0.001,1,HH
D:\A_Research\A_doing_research\20250804_LLM_campus_restoration\shanghai\final_image\201708_113.9253328_22.525258900000004.png,201708,113.9253328,22.5252589,0.318,0.415,-0.05592715599566494,0.001,2,LH
D:\A_Research\A_doing_research\20250804_LLM_campus_restoration\shanghai\final_image\201708_113.9277515_22.5323324.png,201708,113.9277515,22.5323324,0.375,0.5741,0.21541486000209284,0.001,1,HH
D:\A_Research\A_doing_research\20250804_LLM_campus_restoration\shanghai\final_image\201708_113.92788695982428_22.524806671375114.png,201708,113.927887,22.52480667,0.66093,0.365,-0.14569934766411102,0.001,2,LH
D:\A_Research\A_doing_research\20250804_LLM_campus_restoration\shanghai\final_image\201708_113.9293361_22.539671100000003.png,201708,113.9293361,22.5396711,0.7435,0.47653,0.05104869937691269,0.001,1,HH
D:\A_Research\A_doing_research\20250804_LLM_campus_restoration\shanghai\final_image\201708_113.9303359_22.515187099999995.png,201708,113.9303359,22.5151871,0.41467,0.435,-0.028158662538900262,0.001,2,LH
D:\A_Research\A_doing_research\20250804_LLM_campus_restoration\shanghai\final_image\201708_113.9320289_22.5299254.png,201708,113.9320289,22.5299254,0.28961,0.5851,0.23188109082479633,0.001,1,HH
D:\A_Research\A_doing_research\20250804_LLM_campus_restoration\shanghai\final_image\201708_113.9339176_22.5321216.png,201708,113.9339176,22.5321216,0.21411,0.54556,0.17218883984662947,0.001,1,HH
D:\A_Research\A_doing_research\20250804_LLM_campus_restoration\shanghai\final_image\201708_113.93465350000001_22.538288899999998.png,201708,113.9346535,22.5382889,0.415,0.57703,0.22401359890668962,0.001,1,HH
D:\A_Research\A_doing_research\20250804_LLM_campus_restoration\shanghai\final_image\201708_113.9386855_22.5294169.png,201708,113.9386855,22.5294169,0.62315,0.4,-0.09456364683233665,0.001,2,LH
D:\A_Research\A_doing_research\20250804_LLM_campus_restoration\shanghai\final_image\201708_113.9439892_22.5486754.png,201708,113.9439892,22.5486754,0.60196,0.52881,0.1361436430619402,0.001,1,HH
D:\A_Research\A_doing_research\20250804_LLM_campus_restoration\shanghai\final_image\201708_113.9739700753787_22.522756618458434.png,201708,113.9739701,22.52275662,0.57956,0.45,0.0006285307598650755,0.001,1,HH
D:\A_Research\A_doing_research\20250804_LLM_campus_restoration\shanghai\final_image\201708_113.9972635_22.529313099999996.png,201708,113.9972635,22.5293131,0.392,0.655,0.31864366338865674,0.001,1,HH
D:\A_Research\A_doing_research\20250804_LLM_campus_restoration\shanghai\final_image\201708_114.00418454403238_22.530139600113657.png,201708,114.0041845,22.5301396,0.21411,0.542,0.13552322774137643,0.001,1,HH
D:\A_Research\A_doing_research\20250804_LLM_campus_restoration\shanghai\final_image\201708_114.0144321_22.530894399999998.png,201708,114.0144321,22.5308944,0.50327,0.61432,0.1997081772285102,0.001,1,HH
D:\A_Research\A_doing_research\20250804_LLM_campus_restoration\shanghai\final_image\201708_114.0613657800079_22.531714736844258.png,201708,114.0613658,22.53171474,0.48241,0.48324,0.04900878605692939,0.001,1,HH
D:\A_Research\A_doing_research\20250804_LLM_campus_restoration\shanghai\final_image\201708_114.06525065622179_22.531777935683046.png,201708,114.0652507,22.53177794,0.51508,0.593,0.19356505649613173,0.001,1,HH
D:\A_Research\A_doing_research\20250804_LLM_campus_restoration\shanghai\final_image\201708_114.1139086_22.538370400000005.png,201708,114.1139086,22.5383704,0.60609,0.30518,-0.13694358728062203,0.001,2,LH
D:\A_Research\A_doing_research\20250804_LLM_campus_restoration\shanghai\final_image\201709_113.8454008_22.576080899999997.png,201709,113.8454008,22.5760809,0.35,0.5407,0.00549045373790434,0.426,1,Not significant
D:\A_Research\A_doing_research\20250804_LLM_campus_restoration\shanghai\final_image\201709_113.8556075_22.589795100000003.png,201709,113.8556075,22.5897951,0.45,0.4705,0.008299834488901517,0.041,1,HH
D:\A_Research\A_doing_research\20250804_LLM_campus_restoration\shanghai\final_image\201709_113.8659685_22.5899967.png,201709,113.8659685,22.5899967,0.6655,0.566,0.05543617688668233,0.031,1,HH
D:\A_Research\A_doing_research\20250804_LLM_campus_restoration\shanghai\final_image\201709_113.89287809313714_22.582046118157287.png,201709,113.8928781,22.58204612,0.23623,0.39904,-0.03290160271694336,0.003,2,LH
D:\A_Research\A_doing_research\20250804_LLM_campus_restoration\shanghai\final_image\201709_113.9006401_22.580222400000004.png,201709,113.9006401,22.5802224,0.4,0.49035,0.030671179199676976,0.001,1,HH
D:\A_Research\A_doing_research\20250804_LLM_campus_restoration\shanghai\final_image\201709_113.9192914_22.540217099999996.png,201709,113.9192914,22.5402171,0.5376,0.5251,0.1186864170943103,0.001,1,HH
D:\A_Research\A_doing_research\20250804_LLM_campus_restoration\shanghai\final_image\201709_113.92267140000001_22.5469096.png,201709,113.9226714,22.5469096,0.51419,0.50874,0.08493772396274893,0.001,1,HH
D:\A_Research\A_doing_research\20250804_LLM_campus_restoration\shanghai\final_image\201709_113.9286848_22.584965899999997.png,201709,113.9286848,22.5849659,0.5151,0.49119,0.0312378252577382,0.001,1,HH
D:\A_Research\A_doing_research\20250804_LLM_campus_restoration\shanghai\final_image\201709_113.9321433_22.555366199999998.png,201709,113.9321433,22.5553662,0.51934,0.38132,-0.08772562307557823,0.001,2,LH
D:\A_Research\A_doing_research\20250804_LLM_campus_restoration\shanghai\final_image\201709_113.9344939_22.552632599999995.png,201709,113.9344939,22.5526326,0.59539,0.40485,-0.06202864262520074,0.001,2,LH
D:\A_Research\A_doing_research\20250804_LLM_campus_restoration\shanghai\final_image\201709_113.943488_22.554994399999995.png,201709,113.943488,22.5549944,0.26588,0.71496,0.32532540278081523,0.001,1,HH
D:\A_Research\A_doing_research\20250804_LLM_campus_restoration\shanghai\final_image\201709_113.943607_22.5605947.png,201709,113.943607,22.5605947,0.30867,0.3274,-0.13457718731279497,0.001,2,LH
D:\A_Research\A_doing_research\20250804_LLM_campus_restoration\shanghai\final_image\201709_113.9470346_22.558947799999995.png,201709,113.9470346,22.5589478,0.75677,0.43,-0.021870467067444086,0.001,2,LH
D:\A_Research\A_doing_research\20250804_LLM_campus_restoration\shanghai\final_image\201709_113.95156346258041_22.570739627221727.png,201709,113.9515635,22.57073963,0.46647,0.53116,0.0693677424587332,0.001,1,HH
D:\A_Research\A_doing_research\20250804_LLM_campus_restoration\shanghai\final_image\201709_113.95331802863919_22.58585880092765.png,201709,113.953318,22.5858588,0.55024,0.5045,0.05853868086426699,0.001,1,HH
D:\A_Research\A_doing_research\20250804_LLM_campus_restoration\shanghai\final_image\201709_113.9604736_22.548620099999997.png,201709,113.9604736,22.5486201,0.4575,0.67573,0.31013363911077524,0.001,1,HH
D:\A_Research\A_doing_research\20250804_LLM_campus_restoration\shanghai\final_image\201709_113.96211397355088_22.531719062555634.png,201709,113.962114,22.53171906,0.33472,0.59727,0.153734068627832,0.002,1,HH
D:\A_Research\A_doing_research\20250804_LLM_campus_restoration\shanghai\final_image\201709_113.9630448_22.5664261.png,201709,113.9630448,22.5664261,0.18102,0.40274,-0.03943207783436843,0.001,2,LH
D:\A_Research\A_doing_research\20250804_LLM_campus_restoration\shanghai\final_image\201709_113.9639129_22.534823.png,201709,113.9639129,22.534823,0.27644,0.59366,0.1727780661812514,0.002,1,HH
D:\A_Research\A_doing_research\20250804_LLM_campus_restoration\shanghai\final_image\201709_113.964093_22.5445477.png,201709,113.964093,22.5445477,0.343,0.745,0.4194709313230495,0.001,1,HH
D:\A_Research\A_doing_research\20250804_LLM_campus_restoration\shanghai\final_image\201709_113.9686703_22.543817999999998.png,201709,113.9686703,22.543818,0.65,0.49629,0.0697427317705259,0.001,1,HH
D:\A_Research\A_doing_research\20250804_LLM_campus_restoration\shanghai\final_image\201709_113.9776927_22.553499299999995.png,201709,113.9776927,22.5534993,0.5986,0.47361,0.029353796431500247,0.001,1,HH
D:\A_Research\A_doing_research\20250804_LLM_campus_restoration\shanghai\final_image\201709_113.9781461_22.5620735.png,201709,113.9781461,22.5620735,0.43872,0.57609,0.13248374494145776,0.001,1,HH
D:\A_Research\A_doing_research\20250804_LLM_campus_restoration\shanghai\final_image\201709_113.9787782_22.5597536.png,201709,113.9787782,22.5597536,0.47143,0.57,0.11569994256259696,0.001,1,HH
D:\A_Research\A_doing_research\20250804_LLM_campus_restoration\shanghai\final_image\201709_113.9925216_22.550671499999996.png,201709,113.9925216,22.5506715,0.5376,0.37,-0.09997290131361972,0.001,2,LH
D:\A_Research\A_doing_research\20250804_LLM_campus_restoration\shanghai\final_image\201709_113.9942723_22.596048899999996.png,201709,113.9942723,22.5960489,0.55787,0.65995,0.1386116302163298,0.004,1,HH
D:\A_Research\A_doing_research\20250804_LLM_campus_restoration\shanghai\final_image\201709_113.9946018_22.6585788.png,201709,113.9946018,22.6585788,0.55024,0.4765,0.00220393373581447,0.353,1,Not significant
D:\A_Research\A_doing_research\20250804_LLM_campus_restoration\shanghai\final_image\201709_113.9991206_22.600464199999998.png,201709,113.9991206,22.6004642,0.4754,0.52265,0.054012168784155316,0.001,1,HH
D:\A_Research\A_doing_research\20250804_LLM_campus_restoration\shanghai\final_image\201709_113.9994241_22.667688899999998.png,201709,113.9994241,22.6676889,0.396,0.3607,0.002678046809600814,0.465,3,Not significant
D:\A_Research\A_doing_research\20250804_LLM_campus_restoration\shanghai\final_image\201709_114.0003338_22.6503552.png,201709,114.0003338,22.6503552,0.55024,0.42912,-0.006357907388524036,0.051,2,Not significant
D:\A_Research\A_doing_research\20250804_LLM_campus_restoration\shanghai\final_image\201709_114.0018234_22.667901699999994.png,201709,114.0018234,22.6679017,0.14335,0.35418,-0.0023650760445624148,0.448,2,Not significant
D:\A_Research\A_doing_research\20250804_LLM_campus_restoration\shanghai\final_image\201709_114.0022694_22.6728742.png,201709,114.0022694,22.6728742,0.219,0.43499,0.003982682939739712,0.172,3,Not significant
D:\A_Research\A_doing_research\20250804_LLM_campus_restoration\shanghai\final_image\201709_114.0030111_22.661061899999993.png,201709,114.0030111,22.6610619,0.213,0.55357,0.01900085884044235,0.211,1,Not significant
D:\A_Research\A_doing_research\20250804_LLM_campus_restoration\shanghai\final_image\201709_114.003588_22.6409441.png,201709,114.003588,22.6409441,0.33385,0.2738,-0.12063669670028936,0.001,2,LH
D:\A_Research\A_doing_research\20250804_LLM_campus_restoration\shanghai\final_image\201709_114.0047235_22.638701700000006.png,201709,114.0047235,22.6387017,0.21884,0.67,0.06550359838359657,0.098,1,Not significant
D:\A_Research\A_doing_research\20250804_LLM_campus_restoration\shanghai\final_image\201709_114.00860371507362_22.636517955219855.png,201709,114.0086037,22.63651796,0.43865,0.39332,-0.03390906816686672,0.006,2,LH
D:\A_Research\A_doing_research\20250804_LLM_campus_restoration\shanghai\final_image\201709_114.0096115_22.600753299999997.png,201709,114.0096115,22.6007533,0.136,0.3395,-0.056706505640966486,0.001,2,LH
D:\A_Research\A_doing_research\20250804_LLM_campus_restoration\shanghai\final_image\201709_114.0144989_22.623911299999996.png,201709,114.0144989,22.6239113,0.55773,0.50719,0.03535802805576128,0.001,1,HH
D:\A_Research\A_doing_research\20250804_LLM_campus_restoration\shanghai\final_image\201709_114.0148822_22.677448899999998.png,201709,114.0148822,22.6774489,0.46647,0.55796,-0.017485696818719393,0.204,4,Not significant
D:\A_Research\A_doing_research\20250804_LLM_campus_restoration\shanghai\final_image\201709_114.01594280000002_22.643162600000004.png,201709,114.0159428,22.6431626,0.30729,0.39526,-0.03304670529935775,0.002,2,LH
D:\A_Research\A_doing_research\20250804_LLM_campus_restoration\shanghai\final_image\201709_114.0172955_22.634768700000002.png,201709,114.0172955,22.6347687,0.5631,0.39738,-0.03464068279465498,0.004,2,LH
D:\A_Research\A_doing_research\20250804_LLM_campus_restoration\shanghai\final_image\201709_114.0188499_22.534879299999993.png,201709,114.0188499,22.5348793,0.55133,0.53,0.10062949939413493,0.001,1,HH
D:\A_Research\A_doing_research\20250804_LLM_campus_restoration\shanghai\final_image\201709_114.0203571_22.6226998.png,201709,114.0203571,22.6226998,0.46647,0.31314,-0.12077986629854102,0.001,2,LH
D:\A_Research\A_doing_research\20250804_LLM_campus_restoration\shanghai\final_image\201709_114.0218923_22.6305483.png,201709,114.0218923,22.6305483,0.306,0.57728,0.08535446440016406,0.003,1,HH
D:\A_Research\A_doing_research\20250804_LLM_campus_restoration\shanghai\final_image\201709_114.022449_22.621005399999994.png,201709,114.022449,22.6210054,0.48033,0.65594,0.11377130440970938,0.005,1,HH
D:\A_Research\A_doing_research\20250804_LLM_campus_restoration\shanghai\final_image\201709_114.0226351_22.605973099999996.png,201709,114.0226351,22.6059731,0.538,0.48,0.02044766299508212,0.001,1,HH
D:\A_Research\A_doing_research\20250804_LLM_campus_restoration\shanghai\final_image\201709_114.0226949_22.681729199999996.png,201709,114.0226949,22.6817292,0.56947,0.4659,0.00035343088121657764,0.464,1,Not significant
D:\A_Research\A_doing_research\20250804_LLM_campus_restoration\shanghai\final_image\201709_114.0228811_22.535650599999997.png,201709,114.0228811,22.5356506,0.55951,0.47619,0.03395485221334649,0.001,1,HH
D:\A_Research\A_doing_research\20250804_LLM_campus_restoration\shanghai\final_image\201709_114.0241351_22.6258048.png,201709,114.0241351,22.6258048,0.43077,0.549,0.07015185764060286,0.001,1,HH
D:\A_Research\A_doing_research\20250804_LLM_campus_restoration\shanghai\final_image\201709_114.02527420514076_22.68702748641247.png,201709,114.0252742,22.68702749,0.62146,0.47317,-0.00529890415494967,0.148,4,Not significant
D:\A_Research\A_doing_research\20250804_LLM_campus_restoration\shanghai\final_image\201709_114.0255544_22.524026400000004.png,201709,114.0255544,22.5240264,0.46883,0.4915,0.0437842242005779,0.001,1,HH
D:\A_Research\A_doing_research\20250804_LLM_campus_restoration\shanghai\final_image\201709_114.0302705_22.5593357.png,201709,114.0302705,22.5593357,0.41467,0.37431,-0.07255977258580243,0.001,2,LH
D:\A_Research\A_doing_research\20250804_LLM_campus_restoration\shanghai\final_image\201709_114.0316089_22.621808699999995.png,201709,114.0316089,22.6218087,0.55024,0.5468,0.06191851742125803,0.002,1,HH
D:\A_Research\A_doing_research\20250804_LLM_campus_restoration\shanghai\final_image\201709_114.0326601_22.6185074.png,201709,114.0326601,22.6185074,0.45,0.367,-0.06023636267047483,0.001,2,LH
D:\A_Research\A_doing_research\20250804_LLM_campus_restoration\shanghai\final_image\201709_114.03296708878203_22.60399336922657.png,201709,114.0329671,22.60399337,0.353,0.4914,0.02835790768552129,0.004,1,HH
D:\A_Research\A_doing_research\20250804_LLM_campus_restoration\shanghai\final_image\201709_114.0333185_22.7434467.png,201709,114.0333185,22.7434467,0.64597,0.66,-0.0038265743812619622,0.499,4,Not significant
D:\A_Research\A_doing_research\20250804_LLM_campus_restoration\shanghai\final_image\201709_114.03547770766902_22.743490906000194.png,201709,114.0354777,22.74349091,0.55039,0.5351,0.0072873265669323485,0.371,1,Not significant
D:\A_Research\A_doing_research\20250804_LLM_campus_restoration\shanghai\final_image\201709_114.0360691_22.637340599999998.png,201709,114.0360691,22.6373406,0.52489,0.65931,0.09160986655243938,0.022,1,HH
D:\A_Research\A_doing_research\20250804_LLM_campus_restoration\shanghai\final_image\201709_114.0364159_22.5548991.png,201709,114.0364159,22.5548991,0.39135,0.57062,0.13680745299543004,0.001,1,HH
D:\A_Research\A_doing_research\20250804_LLM_campus_restoration\shanghai\final_image\201709_114.0379865_22.5205156.png,201709,114.0379865,22.5205156,0.28261,0.27892,-0.1598841045568269,0.001,2,LH
D:\A_Research\A_doing_research\20250804_LLM_campus_restoration\shanghai\final_image\201709_114.03886620000002_22.64132529999999.png,201709,114.0388662,22.6413253,0.49646,0.37,-0.03781089287658826,0.012,2,LH
D:\A_Research\A_doing_research\20250804_LLM_campus_restoration\shanghai\final_image\201709_114.0414485_22.640062199999996.png,201709,114.0414485,22.6400622,0.30808,0.38574,-0.025973696045729563,0.028,2,LH
D:\A_Research\A_doing_research\20250804_LLM_campus_restoration\shanghai\final_image\201709_114.04211849208629_22.727871304056496.png,201709,114.0421185,22.7278713,0.56159,0.42665,0.0021615463386038137,0.366,3,Not significant
D:\A_Research\A_doing_research\20250804_LLM_campus_restoration\shanghai\final_image\201709_114.04279492847324_22.729973014590012.png,201709,114.0427949,22.72997301,0.41622,0.49674,-0.005844212045337393,0.315,4,Not significant
D:\A_Research\A_doing_research\20250804_LLM_campus_restoration\shanghai\final_image\201709_114.0445919_22.649543399999995.png,201709,114.0445919,22.6495434,0.40544,0.17052,-0.10086205249793381,0.064,2,Not significant
D:\A_Research\A_doing_research\20250804_LLM_campus_restoration\shanghai\final_image\201709_114.0451014_22.5753133.png,201709,114.0451014,22.5753133,0.4512,0.42833,-0.014823988435599046,0.001,2,LH
D:\A_Research\A_doing_research\20250804_LLM_campus_restoration\shanghai\final_image\201709_114.0452431_22.553932899999992.png,201709,114.0452431,22.5539329,0.199,0.61135,0.2212584881249003,0.001,1,HH
D:\A_Research\A_doing_research\20250804_LLM_campus_restoration\shanghai\final_image\201709_114.0455486602847_22.522770585720306.png,201709,114.0455487,22.52277059,0.56132,0.36291,-0.09690252816049971,0.001,2,LH
D:\A_Research\A_doing_research\20250804_LLM_campus_restoration\shanghai\final_image\201709_114.0457645_22.5104295.png,201709,114.0457645,22.5104295,0.45519,0.59622,0.13355769760511785,0.001,1,HH
D:\A_Research\A_doing_research\20250804_LLM_campus_restoration\shanghai\final_image\201709_114.04611174452_22.516619027471318.png,201709,114.0461117,22.51661903,0.6479,0.70234,0.21828289611743978,0.001,1,HH
D:\A_Research\A_doing_research\20250804_LLM_campus_restoration\shanghai\final_image\201709_114.05014913221994_22.603617836913898.png,201709,114.0501491,22.60361784,0.6,0.53619,0.04600247408123492,0.017,1,HH
D:\A_Research\A_doing_research\20250804_LLM_campus_restoration\shanghai\final_image\201709_114.0502404_22.601815099999996.png,201709,114.0502404,22.6018151,0.36158,0.48,0.01704492945056248,0.014,1,HH
D:\A_Research\A_doing_research\20250804_LLM_campus_restoration\shanghai\final_image\201709_114.0523622_22.661118499999997.png,201709,114.0523622,22.6611185,0.22107,0.449,-1.2629485963954786e-05,0.435,2,Not significant
D:\A_Research\A_doing_research\20250804_LLM_campus_restoration\shanghai\final_image\201709_114.0533998_22.528414399999996.png,201709,114.0533998,22.5284144,0.54,0.5214,0.08407693525189477,0.001,1,HH
D:\A_Research\A_doing_research\20250804_LLM_campus_restoration\shanghai\final_image\201709_114.05507060000001_22.611604299999993.png,201709,114.0550706,22.6116043,0.31298,0.57529,0.059969499304958596,0.011,1,HH
D:\A_Research\A_doing_research\20250804_LLM_campus_restoration\shanghai\final_image\201709_114.0552036_22.686124699999997.png,201709,114.0552036,22.6861247,0.14333,0.24008,-0.04554720178039487,0.174,2,Not significant
D:\A_Research\A_doing_research\20250804_LLM_campus_restoration\shanghai\final_image\201709_114.0569058_22.528170200000005.png,201709,114.0569058,22.5281702,0.4,0.30386,-0.2039131064057803,0.001,2,LH
D:\A_Research\A_doing_research\20250804_LLM_campus_restoration\shanghai\final_image\201709_114.0569178_22.626651600000002.png,201709,114.0569178,22.6266516,0.646,0.5497,0.029112116898562287,0.102,1,Not significant
D:\A_Research\A_doing_research\20250804_LLM_campus_restoration\shanghai\final_image\201709_114.0588246_22.621622000000002.png,201709,114.0588246,22.621622,0.54624,0.25,-0.10426077047525752,0.017,2,LH
D:\A_Research\A_doing_research\20250804_LLM_campus_restoration\shanghai\final_image\201709_114.0592641_22.6360472.png,201709,114.0592641,22.6360472,0.5491,0.29936,-0.02584757030153815,0.229,2,Not significant
D:\A_Research\A_doing_research\20250804_LLM_campus_restoration\shanghai\final_image\201709_114.06019570199695_22.61155481335208.png,201709,114.0601957,22.61155481,0.3585,0.271,-0.10421252459000632,0.001,2,LH
D:\A_Research\A_doing_research\20250804_LLM_campus_restoration\shanghai\final_image\201709_114.0604228_22.633323999999995.png,201709,114.0604228,22.633324,0.50461,0.28368,-0.036969014859117334,0.169,2,Not significant
D:\A_Research\A_doing_research\20250804_LLM_campus_restoration\shanghai\final_image\201709_114.06117760000001_22.6566647.png,201709,114.0611776,22.6566647,0.54954,0.54586,0.020673850554918955,0.218,1,Not significant
D:\A_Research\A_doing_research\20250804_LLM_campus_restoration\shanghai\final_image\201709_114.0612517_22.7125737.png,201709,114.0612517,22.7125737,0.213,0.53153,-0.026903906052756013,0.041,4,HL
D:\A_Research\A_doing_research\20250804_LLM_campus_restoration\shanghai\final_image\201709_114.0616625_22.682752000000004.png,201709,114.0616625,22.682752,0.57176,0.6074,0.024246710489427132,0.246,1,Not significant
D:\A_Research\A_doing_research\20250804_LLM_campus_restoration\shanghai\final_image\201709_114.0627305_22.6549398.png,201709,114.0627305,22.6549398,0.45259,0.57407,0.020603450338509684,0.262,1,Not significant
D:\A_Research\A_doing_research\20250804_LLM_campus_restoration\shanghai\final_image\201709_114.06294860000001_22.614748.png,201709,114.0629486,22.614748,0.41,0.60992,0.045815327012728876,0.053,1,Not significant
D:\A_Research\A_doing_research\20250804_LLM_campus_restoration\shanghai\final_image\201709_114.06331743553174_22.670580236507305.png,201709,114.0633174,22.67058024,0.58714,0.59993,0.013568194359744042,0.296,1,Not significant
D:\A_Research\A_doing_research\20250804_LLM_campus_restoration\shanghai\final_image\201709_114.0683385_22.697980400000002.png,201709,114.0683385,22.6979804,0.125,0.42872,0.0022217840369208658,0.265,3,Not significant
D:\A_Research\A_doing_research\20250804_LLM_campus_restoration\shanghai\final_image\201709_114.06861678573122_22.721309304140785.png,201709,114.0686168,22.7213093,0.55024,0.38747,0.036028404667646084,0.026,3,LL
D:\A_Research\A_doing_research\20250804_LLM_campus_restoration\shanghai\final_image\201709_114.0696131_22.72285939999999.png,201709,114.0696131,22.7228594,0.31129,0.29314,0.06544251948711918,0.068,3,Not significant
D:\A_Research\A_doing_research\20250804_LLM_campus_restoration\shanghai\final_image\201709_114.0703004_22.575922800000004.png,201709,114.0703004,22.5759228,0.5019,0.54955,0.06685413331277132,0.001,1,HH
D:\A_Research\A_doing_research\20250804_LLM_campus_restoration\shanghai\final_image\201709_114.0707516_22.619814200000004.png,201709,114.0707516,22.6198142,0.23413,0.47,0.006260214622525875,0.063,1,Not significant
D:\A_Research\A_doing_research\20250804_LLM_campus_restoration\shanghai\final_image\201709_114.0715639_22.5858708.png,201709,114.0715639,22.5858708,0.538,0.55858,0.05701134065702598,0.001,1,HH
D:\A_Research\A_doing_research\20250804_LLM_campus_restoration\shanghai\final_image\201709_114.0735486_22.645347300000005.png,201709,114.0735486,22.6453473,0.31507,0.46492,-0.0008084063418790943,0.408,4,Not significant
D:\A_Research\A_doing_research\20250804_LLM_campus_restoration\shanghai\final_image\201709_114.0756785_22.621517099999995.png,201709,114.0756785,22.6215171,0.219,0.45282,0.0008166481794877101,0.083,1,Not significant
D:\A_Research\A_doing_research\20250804_LLM_campus_restoration\shanghai\final_image\201709_114.0759565_22.641131100000003.png,201709,114.0759565,22.6411311,0.42461,0.64106,-0.004208885162743676,0.471,4,Not significant
D:\A_Research\A_doing_research\20250804_LLM_campus_restoration\shanghai\final_image\201709_114.0771623_22.645235100000004.png,201709,114.0771623,22.6452351,0.47134,0.43875,-0.00015028911679406643,0.468,2,Not significant
D:\A_Research\A_doing_research\20250804_LLM_campus_restoration\shanghai\final_image\201709_114.0776843_22.697828799999996.png,201709,114.0776843,22.6978288,0.64597,0.492,-0.012828865637912695,0.097,4,Not significant
D:\A_Research\A_doing_research\20250804_LLM_campus_restoration\shanghai\final_image\201709_114.0793126_22.562718900000004.png,201709,114.0793126,22.5627189,0.32385,0.68536,0.20605516694509218,0.001,1,HH
D:\A_Research\A_doing_research\20250804_LLM_campus_restoration\shanghai\final_image\201709_114.0794414_22.701349300000004.png,201709,114.0794414,22.7013493,0.37009,0.41,0.012875822991626196,0.056,3,Not significant
D:\A_Research\A_doing_research\20250804_LLM_campus_restoration\shanghai\final_image\201709_114.0796603_22.647957800000004.png,201709,114.0796603,22.6479578,0.45,0.37777,0.0007070249580401523,0.485,3,Not significant
D:\A_Research\A_doing_research\20250804_LLM_campus_restoration\shanghai\final_image\201709_114.07971477593887_22.71126202345593.png,201709,114.0797148,22.71126202,0.7507,0.21938,0.08609403268391456,0.065,3,Not significant
D:\A_Research\A_doing_research\20250804_LLM_campus_restoration\shanghai\final_image\201709_114.08421288491131_22.647854636615133.png,201709,114.0842129,22.64785464,0.42943,0.53298,-0.019215910973693934,0.227,4,Not significant
D:\A_Research\A_doing_research\20250804_LLM_campus_restoration\shanghai\final_image\201709_114.08605403251362_22.64994922406397.png,201709,114.086054,22.64994922,0.14382,0.59103,-0.048723183483262364,0.125,4,Not significant
D:\A_Research\A_doing_research\20250804_LLM_campus_restoration\shanghai\final_image\201709_114.08609958800685_22.54267965139848.png,201709,114.0860996,22.54267965,0.457,0.463,0.017131351584609846,0.001,1,HH
D:\A_Research\A_doing_research\20250804_LLM_campus_restoration\shanghai\final_image\201709_114.0861318_22.6481459.png,201709,114.0861318,22.6481459,0.55024,0.27425,-0.028294353570399465,0.292,2,Not significant
D:\A_Research\A_doing_research\20250804_LLM_campus_restoration\shanghai\final_image\201709_114.0864595_22.6430561.png,201709,114.0864595,22.6430561,0.47949,0.43899,0.0007414455104515139,0.39,3,Not significant
D:\A_Research\A_doing_research\20250804_LLM_campus_restoration\shanghai\final_image\201709_114.0871723_22.5609009.png,201709,114.0871723,22.5609009,0.42558,0.47848,0.03308709763451611,0.001,1,HH
D:\A_Research\A_doing_research\20250804_LLM_campus_restoration\shanghai\final_image\201709_114.0892075_22.703675100000005.png,201709,114.0892075,22.7036751,0.33495,0.44746,0.001417120194357244,0.002,3,LL
D:\A_Research\A_doing_research\20250804_LLM_campus_restoration\shanghai\final_image\201709_114.08944130000002_22.6905944.png,201709,114.0894413,22.6905944,0.185,0.36853,0.02122509818790431,0.055,3,Not significant
D:\A_Research\A_doing_research\20250804_LLM_campus_restoration\shanghai\final_image\201709_114.0895652_22.672388600000005.png,201709,114.0895652,22.6723886,0.4376,0.556,-0.018960741446175097,0.117,4,Not significant
D:\A_Research\A_doing_research\20250804_LLM_campus_restoration\shanghai\final_image\201709_114.09394871171243_22.64708706936366.png,201709,114.0939487,22.64708707,0.54962,0.2785,0.03404091512266594,0.218,3,Not significant
D:\A_Research\A_doing_research\20250804_LLM_campus_restoration\shanghai\final_image\201709_114.0945183_22.566247199999996.png,201709,114.0945183,22.5662472,0.5376,0.63685,0.13826010229690924,0.001,1,HH
D:\A_Research\A_doing_research\20250804_LLM_campus_restoration\shanghai\final_image\201709_114.0946047_22.6365959.png,201709,114.0946047,22.6365959,0.59375,0.51979,-0.0015961715370169448,0.463,4,Not significant
D:\A_Research\A_doing_research\20250804_LLM_campus_restoration\shanghai\final_image\201709_114.0961759_22.659533099999997.png,201709,114.0961759,22.6595331,0.14127,0.34699,0.021922994187493598,0.125,3,Not significant
D:\A_Research\A_doing_research\20250804_LLM_campus_restoration\shanghai\final_image\201709_114.0970581_22.647448799999996.png,201709,114.0970581,22.6474488,0.4562,0.44746,0.0005540244547871927,0.117,3,Not significant
D:\A_Research\A_doing_research\20250804_LLM_campus_restoration\shanghai\final_image\201709_114.0978356_22.692444399999992.png,201709,114.0978356,22.6924444,0.62149,0.56126,-0.046718827908061616,0.015,4,HL
D:\A_Research\A_doing_research\20250804_LLM_campus_restoration\shanghai\final_image\201709_114.098375_22.627081999999998.png,201709,114.098375,22.627082,0.4,0.58115,0.010279270497734862,0.334,1,Not significant
D:\A_Research\A_doing_research\20250804_LLM_campus_restoration\shanghai\final_image\201709_114.1016259_22.709084899999997.png,201709,114.1016259,22.7090849,0.56144,0.35948,0.040295219149372945,0.014,3,LL
D:\A_Research\A_doing_research\20250804_LLM_campus_restoration\shanghai\final_image\201709_114.1036659_22.633577100000004.png,201709,114.1036659,22.6335771,0.43322,0.58285,-0.006138841135140564,0.444,4,Not significant
D:\A_Research\A_doing_research\20250804_LLM_campus_restoration\shanghai\final_image\201709_114.1044272_22.5733348.png,201709,114.1044272,22.5733348,0.55596,0.55872,0.038844692262720595,0.088,1,Not significant
D:\A_Research\A_doing_research\20250804_LLM_campus_restoration\shanghai\final_image\201709_114.1045315_22.6256058.png,201709,114.1045315,22.6256058,0.41,0.64193,-0.003009250477337263,0.464,4,Not significant
D:\A_Research\A_doing_research\20250804_LLM_campus_restoration\shanghai\final_image\201709_114.1053046_22.603605199999993.png,201709,114.1053046,22.6036052,0.5376,0.51598,-0.0011729179993851132,0.479,4,Not significant
D:\A_Research\A_doing_research\20250804_LLM_campus_restoration\shanghai\final_image\201709_114.10622441737641_22.68984118288231.png,201709,114.1062244,22.68984118,0.14335,0.44915,0.00010830973868432353,0.082,3,Not significant
D:\A_Research\A_doing_research\20250804_LLM_campus_restoration\shanghai\final_image\201709_114.1064122_22.6536206.png,201709,114.1064122,22.6536206,0.65,0.52308,-0.01534631456044734,0.154,4,Not significant
D:\A_Research\A_doing_research\20250804_LLM_campus_restoration\shanghai\final_image\201709_114.10645_22.632911199999995.png,201709,114.10645,22.6329112,0.5376,0.53401,-0.0043126917091951275,0.42,4,Not significant
D:\A_Research\A_doing_research\20250804_LLM_campus_restoration\shanghai\final_image\201709_114.10725470000001_22.7062961.png,201709,114.1072547,22.7062961,0.64597,0.35792,0.039651363105948016,0.016,3,LL
D:\A_Research\A_doing_research\20250804_LLM_campus_restoration\shanghai\final_image\201709_114.1102505_22.6312783.png,201709,114.1102505,22.6312783,0.46647,0.2816,-0.006550485637558269,0.427,2,Not significant
D:\A_Research\A_doing_research\20250804_LLM_campus_restoration\shanghai\final_image\201709_114.111629_22.532919400000004.png,201709,114.111629,22.5329194,0.14335,0.35475,-0.07449557603900892,0.001,2,LH
D:\A_Research\A_doing_research\20250804_LLM_campus_restoration\shanghai\final_image\201709_114.11168102857242_22.714879766622584.png,201709,114.111681,22.71487977,0.4,0.31846,0.035865013153291644,0.156,3,Not significant
D:\A_Research\A_doing_research\20250804_LLM_campus_restoration\shanghai\final_image\201709_114.1117245_22.686429199999996.png,201709,114.1117245,22.6864292,0.55752,0.41533,0.012052157504221341,0.058,3,Not significant
D:\A_Research\A_doing_research\20250804_LLM_campus_restoration\shanghai\final_image\201709_114.1125109_22.5892819.png,201709,114.1125109,22.5892819,0.35227,0.45,4.226276862403747e-05,0.355,1,Not significant
D:\A_Research\A_doing_research\20250804_LLM_campus_restoration\shanghai\final_image\201709_114.1129657_22.6988743.png,201709,114.1129657,22.6988743,0.47609,0.28,0.06842840267147751,0.054,3,Not significant
D:\A_Research\A_doing_research\20250804_LLM_campus_restoration\shanghai\final_image\201709_114.11348115980017_22.65206680298796.png,201709,114.1134812,22.6520668,0.41,0.45804,-0.0006707914806522085,0.358,4,Not significant
D:\A_Research\A_doing_research\20250804_LLM_campus_restoration\shanghai\final_image\201709_114.11704265662098_22.651467896116234.png,201709,114.1170427,22.6514679,0.154,0.6,-0.03542848631036086,0.176,4,Not significant
D:\A_Research\A_doing_research\20250804_LLM_campus_restoration\shanghai\final_image\201709_114.11729870000002_22.6780618.png,201709,114.1172987,22.6780618,0.4996,0.6191,-0.06396826564131788,0.027,4,HL
D:\A_Research\A_doing_research\20250804_LLM_campus_restoration\shanghai\final_image\201709_114.1179462_22.686612899999997.png,201709,114.1179462,22.6866129,0.313,0.3658,0.020468590984163634,0.134,3,Not significant
D:\A_Research\A_doing_research\20250804_LLM_campus_restoration\shanghai\final_image\201709_114.1202401_22.544557199999996.png,201709,114.1202401,22.5445572,0.64597,0.52436,0.07964038160013329,0.001,1,HH
D:\A_Research\A_doing_research\20250804_LLM_campus_restoration\shanghai\final_image\201709_114.1218695_22.683096600000002.png,201709,114.1218695,22.6830966,0.13025,0.51831,-0.023055770640692124,0.08,4,Not significant
D:\A_Research\A_doing_research\20250804_LLM_campus_restoration\shanghai\final_image\201709_114.1283506_22.5749688.png,201709,114.1283506,22.5749688,0.53187,0.33633,-0.061129919774849294,0.017,2,LH
D:\A_Research\A_doing_research\20250804_LLM_campus_restoration\shanghai\final_image\201709_114.132548_22.5682471.png,201709,114.132548,22.5682471,0.65,0.45938,0.004995955027165125,0.04,1,HH
D:\A_Research\A_doing_research\20250804_LLM_campus_restoration\shanghai\final_image\201709_114.13731710000002_22.5779094.png,201709,114.1373171,22.5779094,0.54,0.29654,-0.04969738917917017,0.054,2,Not significant
D:\A_Research\A_doing_research\20250804_LLM_campus_restoration\shanghai\final_image\201709_114.1390699_22.549754199999995.png,201709,114.1390699,22.5497542,0.59375,0.42017,-0.0162065959885919,0.005,2,LH
D:\A_Research\A_doing_research\20250804_LLM_campus_restoration\shanghai\final_image\201709_114.2269618_22.548653100000003.png,201709,114.2269618,22.5486531,0.18607,0.71,-0.05629032710011436,0.244,4,Not significant
D:\A_Research\A_doing_research\20250804_LLM_campus_restoration\shanghai\final_image\201902_113.773877_22.7270682.png,201902,113.773877,22.7270682,0.29155,0.38934,0.025068143655671452,0.107,3,Not significant
D:\A_Research\A_doing_research\20250804_LLM_campus_restoration\shanghai\final_image\201902_113.77534719937155_22.74003922529751.png,201902,113.7753472,22.74003923,0.30263,0.49621,-0.00963929365865558,0.226,4,Not significant
D:\A_Research\A_doing_research\20250804_LLM_campus_restoration\shanghai\final_image\201902_113.77916203609237_22.665526869148454.png,201902,113.779162,22.66552687,0.27571,0.45511,-0.001576164420121101,0.217,4,Not significant
D:\A_Research\A_doing_research\20250804_LLM_campus_restoration\shanghai\final_image\201902_113.77947463659658_22.66730771479768.png,201902,113.7794746,22.66730771,0.64597,0.48437,-0.012839693165376474,0.144,4,Not significant
D:\A_Research\A_doing_research\20250804_LLM_campus_restoration\shanghai\final_image\201902_113.78590912689597_22.731365381278035.png,201902,113.7859091,22.73136538,0.13025,0.45799,-0.0026434935237109754,0.202,4,Not significant
D:\A_Research\A_doing_research\20250804_LLM_campus_restoration\shanghai\final_image\201902_113.78802927099669_22.681579777229107.png,201902,113.7880293,22.68157978,0.42307,0.47711,-0.02078534392862109,0.028,4,HL
D:\A_Research\A_doing_research\20250804_LLM_campus_restoration\shanghai\final_image\201902_113.79093650000002_22.7095013.png,201902,113.7909365,22.7095013,0.13662,0.24999,0.04309724367857131,0.281,3,Not significant
D:\A_Research\A_doing_research\20250804_LLM_campus_restoration\shanghai\final_image\201902_113.7923947_22.747967099999997.png,201902,113.7923947,22.7479671,0.38286,0.30714,0.06105592787283996,0.071,3,Not significant
D:\A_Research\A_doing_research\20250804_LLM_campus_restoration\shanghai\final_image\201902_113.7956787_22.667452.png,201902,113.7956787,22.667452,0.27108,0.29812,0.09770168638610373,0.049,3,LL
D:\A_Research\A_doing_research\20250804_LLM_campus_restoration\shanghai\final_image\201902_113.79663449298718_22.665644889061195.png,201902,113.7966345,22.66564489,0.4459,0.38837,0.04332131812570852,0.023,3,LL
D:\A_Research\A_doing_research\20250804_LLM_campus_restoration\shanghai\final_image\201902_113.7968278_22.6764534.png,201902,113.7968278,22.6764534,0.20734,0.372,0.03398789043288378,0.08,3,Not significant
D:\A_Research\A_doing_research\20250804_LLM_campus_restoration\shanghai\final_image\201902_113.7974556807145_22.668184154312296.png,201902,113.7974557,22.66818415,0.5,0.26791,0.10819963456435487,0.05,3,LL
D:\A_Research\A_doing_research\20250804_LLM_campus_restoration\shanghai\final_image\201902_113.8009416_22.6712009.png,201902,113.8009416,22.6712009,0.63254,0.35357,0.03973168771215688,0.082,3,Not significant
D:\A_Research\A_doing_research\20250804_LLM_campus_restoration\shanghai\final_image\201902_113.8029999_22.740948899999996.png,201902,113.8029999,22.7409489,0.14,0.75513,-0.03963131831042035,0.322,4,Not significant
D:\A_Research\A_doing_research\20250804_LLM_campus_restoration\shanghai\final_image\201902_113.80515620388461_22.74165165934952.png,201902,113.8051562,22.74165166,0.447,0.59609,0.004599190047276789,0.475,1,Not significant
D:\A_Research\A_doing_research\20250804_LLM_campus_restoration\shanghai\final_image\201902_113.8054848_22.743741.png,201902,113.8054848,22.743741,0.47,0.35656,-0.018737998627471813,0.256,2,Not significant
D:\A_Research\A_doing_research\20250804_LLM_campus_restoration\shanghai\final_image\201902_113.80734899282018_22.782117482559418.png,201902,113.807349,22.78211748,0.13662,0.41569,0.015354106062819332,0.078,3,Not significant
D:\A_Research\A_doing_research\20250804_LLM_campus_restoration\shanghai\final_image\201902_113.80888948749923_22.78419583992442.png,201902,113.8088895,22.78419584,0.55024,0.52015,-0.06114709292985293,0.021,4,HL
D:\A_Research\A_doing_research\20250804_LLM_campus_restoration\shanghai\final_image\201902_113.8095455_22.770389100000003.png,201902,113.8095455,22.7703891,0.49,0.33632,0.023724127035701228,0.255,3,Not significant
D:\A_Research\A_doing_research\20250804_LLM_campus_restoration\shanghai\final_image\201902_113.8125536_22.742092199999995.png,201902,113.8125536,22.7420922,0.47498,0.398,-0.0007913150589160126,0.47,2,Not significant
D:\A_Research\A_doing_research\20250804_LLM_campus_restoration\shanghai\final_image\201902_113.81419840161459_22.719362407722716.png,201902,113.8141984,22.71936241,0.60475,0.435,0.0003453040041940512,0.461,3,Not significant
D:\A_Research\A_doing_research\20250804_LLM_campus_restoration\shanghai\final_image\201902_113.8148927055361_22.789415575629256.png,201902,113.8148927,22.78941558,0.27242,0.40595,0.03832663006326324,0.011,3,LL
D:\A_Research\A_doing_research\20250804_LLM_campus_restoration\shanghai\final_image\201902_113.81502145623685_22.664961732096735.png,201902,113.8150215,22.66496173,0.52431,0.39389,0.031167238553658938,0.039,3,LL
D:\A_Research\A_doing_research\20250804_LLM_campus_restoration\shanghai\final_image\201902_113.81942816173449_22.706198696084314.png,201902,113.8194282,22.7061987,0.33735,0.4752,-0.004701888577816159,0.252,4,Not significant
D:\A_Research\A_doing_research\20250804_LLM_campus_restoration\shanghai\final_image\201902_113.822293711952_22.708451784912096.png,201902,113.8222937,22.70845178,0.60784,0.35708,0.013784655095533135,0.285,3,Not significant
D:\A_Research\A_doing_research\20250804_LLM_campus_restoration\shanghai\final_image\201902_113.82461400636875_22.737846546103565.png,201902,113.824614,22.73784655,0.5721,0.55233,-0.008931295103918145,0.402,4,Not significant
D:\A_Research\A_doing_research\20250804_LLM_campus_restoration\shanghai\final_image\201902_113.8247647_22.739645499999998.png,201902,113.8247647,22.7396455,0.29199,0.54412,-0.0043265395246624965,0.456,4,Not significant
D:\A_Research\A_doing_research\20250804_LLM_campus_restoration\shanghai\final_image\201902_113.8252899_22.704428199999995.png,201902,113.8252899,22.7044282,0.44172,0.24747,0.0335118334911694,0.242,3,Not significant
D:\A_Research\A_doing_research\20250804_LLM_campus_restoration\shanghai\final_image\201902_113.83507295538294_22.822440796148072.png,201902,113.835073,22.8224408,0.48433,0.25,0.06394527718600847,0.16,3,Not significant
D:\A_Research\A_doing_research\20250804_LLM_campus_restoration\shanghai\final_image\201902_113.8370193_22.8224631.png,201902,113.8370193,22.8224631,0.37453,0.38728,0.03765085046803786,0.05,3,LL
D:\A_Research\A_doing_research\20250804_LLM_campus_restoration\shanghai\final_image\201902_113.83749916662289_22.81017670040024.png,201902,113.8374992,22.8101767,0.308,0.4378,0.0033876624539756215,0.137,3,Not significant
D:\A_Research\A_doing_research\20250804_LLM_campus_restoration\shanghai\final_image\201902_113.8394141_22.7960351.png,201902,113.8394141,22.7960351,0.41567,0.49621,-0.015056669155515586,0.084,4,Not significant
D:\A_Research\A_doing_research\20250804_LLM_campus_restoration\shanghai\final_image\201902_113.84031080000001_22.684660299999997.png,201902,113.8403108,22.6846603,0.34741,0.56349,-0.014677913141312077,0.293,4,Not significant
D:\A_Research\A_doing_research\20250804_LLM_campus_restoration\shanghai\final_image\201902_113.84040741380237_22.715501429259064.png,201902,113.8404074,22.71550143,0.57568,0.4656,-0.00518530699958839,0.111,4,Not significant
D:\A_Research\A_doing_research\20250804_LLM_campus_restoration\shanghai\final_image\201902_113.8445363319445_22.81410289539056.png,201902,113.8445363,22.8141029,0.728,0.64786,-0.04397995213707942,0.237,4,Not significant
D:\A_Research\A_doing_research\20250804_LLM_campus_restoration\shanghai\final_image\201902_113.84854679968943_22.7701941417243.png,201902,113.8485468,22.77019414,0.57399,0.48145,0.0002770604425917464,0.496,1,Not significant
D:\A_Research\A_doing_research\20250804_LLM_campus_restoration\shanghai\final_image\201902_113.8489156_22.7988786.png,201902,113.8489156,22.7988786,0.46302,0.51368,-0.008485490599151645,0.32,4,Not significant
D:\A_Research\A_doing_research\20250804_LLM_campus_restoration\shanghai\final_image\201902_113.8490224_22.784849399999995.png,201902,113.8490224,22.7848494,0.434,0.59071,-0.008960200828439891,0.404,4,Not significant
D:\A_Research\A_doing_research\20250804_LLM_campus_restoration\shanghai\final_image\201902_113.8491885_22.701108400000003.png,201902,113.8491885,22.7011084,0.315,0.57291,-0.01952210799581769,0.178,4,Not significant
D:\A_Research\A_doing_research\20250804_LLM_campus_restoration\shanghai\final_image\201902_113.85331727951454_22.561307463550936.png,201902,113.8533173,22.56130746,0.646,0.18528,-0.07164967647217668,0.142,2,Not significant
D:\A_Research\A_doing_research\20250804_LLM_campus_restoration\shanghai\final_image\201902_113.8577072_22.5595407.png,201902,113.8577072,22.5595407,0.251,0.56458,0.014226409662821146,0.305,1,Not significant
D:\A_Research\A_doing_research\20250804_LLM_campus_restoration\shanghai\final_image\201902_113.86079006751562_22.53464932614568.png,201902,113.8607901,22.53464933,0.25508,0.13721,-0.10508215622683587,0.115,2,Not significant
D:\A_Research\A_doing_research\20250804_LLM_campus_restoration\shanghai\final_image\201902_113.86136305318175_22.532833376233018.png,201902,113.8613631,22.53283338,0.30877,0.40705,0.005693196974536752,0.315,3,Not significant
D:\A_Research\A_doing_research\20250804_LLM_campus_restoration\shanghai\final_image\201902_113.86370289163905_22.8024886393656.png,201902,113.8637029,22.80248864,0.34575,0.5459,-0.0163885622023798,0.223,4,Not significant
D:\A_Research\A_doing_research\20250804_LLM_campus_restoration\shanghai\final_image\201902_113.86888616978932_22.81083364112787.png,201902,113.8688862,22.81083364,0.80175,0.75599,-0.09357816751138977,0.159,4,Not significant
D:\A_Research\A_doing_research\20250804_LLM_campus_restoration\shanghai\final_image\201902_113.8693476_22.598104299999996.png,201902,113.8693476,22.5981043,0.46952,0.5273,0.036895046966734665,0.037,1,HH
D:\A_Research\A_doing_research\20250804_LLM_campus_restoration\shanghai\final_image\201902_113.87133138530254_22.808668132825623.png,201902,113.8713314,22.80866813,0.66457,0.5245,-0.0029117292398887678,0.428,4,Not significant
D:\A_Research\A_doing_research\20250804_LLM_campus_restoration\shanghai\final_image\201902_113.8718955_22.8034092.png,201902,113.8718955,22.8034092,0.55,0.6712,-0.07170326304544654,0.09,4,Not significant
D:\A_Research\A_doing_research\20250804_LLM_campus_restoration\shanghai\final_image\201902_113.88445939868075_22.796558804894957.png,201902,113.8844594,22.7965588,0.14347,0.35357,0.06983246449014327,0.013,3,LL
D:\A_Research\A_doing_research\20250804_LLM_campus_restoration\shanghai\final_image\201902_113.8941739734363_22.720864788587726.png,201902,113.894174,22.72086479,0.58,0.63,-0.022232352510314964,0.349,4,Not significant
D:\A_Research\A_doing_research\20250804_LLM_campus_restoration\shanghai\final_image\201902_113.9054886_22.808893400000002.png,201902,113.9054886,22.8088934,0.53007,0.45916,-0.004141455847463441,0.03,4,HL
D:\A_Research\A_doing_research\20250804_LLM_campus_restoration\shanghai\final_image\201902_113.91025928046581_22.57583711733693.png,201902,113.9102593,22.57583712,0.58,0.47317,0.01986233801292991,0.002,1,HH
D:\A_Research\A_doing_research\20250804_LLM_campus_restoration\shanghai\final_image\201902_113.9111927_22.562058600000004.png,201902,113.9111927,22.5620586,0.538,0.62181,0.10541309032713721,0.01,1,HH
D:\A_Research\A_doing_research\20250804_LLM_campus_restoration\shanghai\final_image\201902_113.91369036204115_22.571147968663006.png,201902,113.9136904,22.57114797,0.37,0.38447,-0.04150711408032159,0.005,2,LH
D:\A_Research\A_doing_research\20250804_LLM_campus_restoration\shanghai\final_image\201902_113.91773296528667_22.72032295716598.png,201902,113.917733,22.72032296,0.48241,0.51332,0.00742500559554305,0.284,1,Not significant
D:\A_Research\A_doing_research\20250804_LLM_campus_restoration\shanghai\final_image\201902_113.9180008_22.7323099.png,201902,113.9180008,22.7323099,0.475,0.33056,-0.02561223876785297,0.208,2,Not significant
D:\A_Research\A_doing_research\20250804_LLM_campus_restoration\shanghai\final_image\201902_113.92499627183881_22.727755738699123.png,201902,113.9249963,22.72775574,0.29206,0.45742,0.0007710524455147437,0.348,1,Not significant
D:\A_Research\A_doing_research\20250804_LLM_campus_restoration\shanghai\final_image\201902_113.933462_22.733093500000003.png,201902,113.933462,22.7330935,0.2625,0.46422,-0.0003534169975440714,0.43,4,Not significant
D:\A_Research\A_doing_research\20250804_LLM_campus_restoration\shanghai\final_image\201902_113.9437007_22.741557399999998.png,201902,113.9437007,22.7415574,0.46409,0.67076,-0.0585392733214787,0.157,4,Not significant
D:\A_Research\A_doing_research\20250804_LLM_campus_restoration\shanghai\final_image\201902_113.9470223_22.7484815.png,201902,113.9470223,22.7484815,0.66095,0.499,0.0005234374708774382,0.463,1,Not significant
D:\A_Research\A_doing_research\20250804_LLM_campus_restoration\shanghai\final_image\201902_113.95157683450991_22.736968233955533.png,201902,113.9515768,22.73696823,0.57349,0.499,-0.002632919851457039,0.406,4,Not significant
D:\A_Research\A_doing_research\20250804_LLM_campus_restoration\shanghai\final_image\201902_113.9962248_22.5369742.png,201902,113.9962248,22.5369742,0.13025,0.75,0.4873829900734542,0.001,1,HH
D:\A_Research\A_doing_research\20250804_LLM_campus_restoration\shanghai\final_image\201902_113.9992712_22.644797499999992.png,201902,113.9992712,22.6447975,0.58414,0.42432,-0.009691895483813797,0.02,2,LH
D:\A_Research\A_doing_research\20250804_LLM_campus_restoration\shanghai\final_image\201902_114.013333_22.6805554.png,201902,114.013333,22.6805554,0.51619,0.21161,-0.003579593020589342,0.462,2,Not significant
D:\A_Research\A_doing_research\20250804_LLM_campus_restoration\shanghai\final_image\201902_114.0169032_22.544344900000002.png,201902,114.0169032,22.5443449,0.7031,0.45477,0.006906707841848632,0.001,1,HH
D:\A_Research\A_doing_research\20250804_LLM_campus_restoration\shanghai\final_image\201902_114.0248575_22.556648199999998.png,201902,114.0248575,22.5566482,0.47809,0.406,-0.04272629619805345,0.001,2,LH
D:\A_Research\A_doing_research\20250804_LLM_campus_restoration\shanghai\final_image\201902_114.0261381_22.54291179999999.png,201902,114.0261381,22.5429118,0.533,0.55821,0.13678567410646877,0.001,1,HH
D:\A_Research\A_doing_research\20250804_LLM_campus_restoration\shanghai\final_image\201902_114.0317129_22.543413399999995.png,201902,114.0317129,22.5434134,0.53586,0.6004,0.17877844783441754,0.001,1,HH
D:\A_Research\A_doing_research\20250804_LLM_campus_restoration\shanghai\final_image\201902_114.0343191_22.5717816.png,201902,114.0343191,22.5717816,0.33092,0.457,0.006207544438773835,0.001,1,HH
D:\A_Research\A_doing_research\20250804_LLM_campus_restoration\shanghai\final_image\201902_114.0373344_22.567564599999997.png,201902,114.0373344,22.5675646,0.54099,0.50052,0.04664625390908955,0.001,1,HH
D:\A_Research\A_doing_research\20250804_LLM_campus_restoration\shanghai\final_image\201902_114.03885820000002_22.5604182.png,201902,114.0388582,22.5604182,0.51669,0.32783,-0.14234656935470866,0.001,2,LH
D:\A_Research\A_doing_research\20250804_LLM_campus_restoration\shanghai\final_image\201902_114.04594474714749_22.567282191742024.png,201902,114.0459447,22.56728219,0.28261,0.43278,-0.015512895524189232,0.001,2,LH
D:\A_Research\A_doing_research\20250804_LLM_campus_restoration\shanghai\final_image\201902_114.0520098_22.574575899999996.png,201902,114.0520098,22.5745759,0.24,0.21538,-0.18519947075890436,0.001,2,LH
D:\A_Research\A_doing_research\20250804_LLM_campus_restoration\shanghai\final_image\201902_114.0531452_22.549275999999992.png,201902,114.0531452,22.549276,0.47416,0.5748,0.17576004311084684,0.001,1,HH
D:\A_Research\A_doing_research\20250804_LLM_campus_restoration\shanghai\final_image\201902_114.0657778_22.551895000000002.png,201902,114.0657778,22.551895,0.225,0.48225,0.04510196565932925,0.001,1,HH
D:\A_Research\A_doing_research\20250804_LLM_campus_restoration\shanghai\final_image\201902_114.08175460000001_22.5407434.png,201902,114.0817546,22.5407434,0.13,0.53896,0.1063121717419666,0.001,1,HH
D:\A_Research\A_doing_research\20250804_LLM_campus_restoration\shanghai\final_image\201902_114.1086639_22.5815538.png,201902,114.1086639,22.5815538,0.48241,0.26613,0.02822382126884686,0.28,3,Not significant
D:\A_Research\A_doing_research\20250804_LLM_campus_restoration\shanghai\final_image\201902_114.1107731_22.581580799999994.png,201902,114.1107731,22.5815808,0.70015,0.13403,-0.01758848962810773,0.432,2,Not significant
D:\A_Research\A_doing_research\20250804_LLM_campus_restoration\shanghai\final_image\201907_113.8946333_22.677001399999998.png,201907,113.8946333,22.6770014,0.64775,0.37945,0.017678978663382045,0.14,3,Not significant
D:\A_Research\A_doing_research\20250804_LLM_campus_restoration\shanghai\final_image\201907_113.9017593_22.683537199999996.png,201907,113.9017593,22.6835372,0.55,0.65432,-0.004522066206835326,0.442,4,Not significant
D:\A_Research\A_doing_research\20250804_LLM_campus_restoration\shanghai\final_image\201907_113.9094279_22.68317319999999.png,201907,113.9094279,22.6831732,0.53455,0.51274,0.010628863262169119,0.151,1,Not significant
D:\A_Research\A_doing_research\20250804_LLM_campus_restoration\shanghai\final_image\201907_113.98950310000001_22.7206107.png,201907,113.9895031,22.7206107,0.55032,0.75,-0.12908162393980596,0.003,4,HL
D:\A_Research\A_doing_research\20250804_LLM_campus_restoration\shanghai\final_image\201907_113.9914866_22.712476099999993.png,201907,113.9914866,22.7124761,0.37583,0.57005,-0.027956247854506757,0.071,4,Not significant
D:\A_Research\A_doing_research\20250804_LLM_campus_restoration\shanghai\final_image\201908_113.8399887_22.6784854.png,201908,113.8399887,22.6784854,0.5465,0.4435,0.00024129929944627517,0.393,3,Not significant
D:\A_Research\A_doing_research\20250804_LLM_campus_restoration\shanghai\final_image\201908_113.9565736027895_22.781912573966014.png,201908,113.9565736,22.78191257,0.71577,0.48359,-0.015405035770091044,0.017,4,HL
D:\A_Research\A_doing_research\20250804_LLM_campus_restoration\shanghai\final_image\201908_113.95923697340167_22.779280766766284.png,201908,113.959237,22.77928077,0.75466,0.26618,0.037077405356245305,0.147,3,Not significant
D:\A_Research\A_doing_research\20250804_LLM_campus_restoration\shanghai\final_image\201908_113.96067127793181_22.765060609485065.png,201908,113.9606713,22.76506061,0.274,0.28906,0.007937721718386165,0.417,3,Not significant
D:\A_Research\A_doing_research\20250804_LLM_campus_restoration\shanghai\final_image\201908_113.9661899_22.748525599999997.png,201908,113.9661899,22.7485256,0.48241,0.64877,-0.03353876835786033,0.122,4,Not significant
D:\A_Research\A_doing_research\20250804_LLM_campus_restoration\shanghai\final_image\201908_113.99306_22.642044000000002.png,201908,113.99306,22.642044,0.646,0.57453,0.04011883328403143,0.009,1,HH
D:\A_Research\A_doing_research\20250804_LLM_campus_restoration\shanghai\final_image\201908_114.2311048_22.549318299999996.png,201908,114.2311048,22.5493183,0.3,0.436,-0.0021285061075215893,0.264,2,Not significant
D:\A_Research\A_doing_research\20250804_LLM_campus_restoration\shanghai\final_image\201908_114.23483890000001_22.5530353.png,201908,114.2348389,22.5530353,0.6791,0.73573,-0.05390856885083228,0.256,4,Not significant
D:\A_Research\A_doing_research\20250804_LLM_campus_restoration\shanghai\final_image\201908_114.2393767_22.557769699999998.png,201908,114.2393767,22.5577697,0.64597,0.81039,-0.05255046712691875,0.357,4,Not significant
D:\A_Research\A_doing_research\20250804_LLM_campus_restoration\shanghai\final_image\201908_114.24073976836634_22.55905624788543.png,201908,114.2407398,22.55905625,0.63023,0.6313,0.025813518715596808,0.361,1,Not significant
D:\A_Research\A_doing_research\20250804_LLM_campus_restoration\shanghai\final_image\201908_114.4869651_22.5351812.png,201908,114.4869651,22.5351812,0.422,0.38007,0.034490850278672096,0.133,3,Not significant
D:\A_Research\A_doing_research\20250804_LLM_campus_restoration\shanghai\final_image\201909_113.9015183_22.709992299999996.png,201909,113.9015183,22.7099923,0.6358,0.35,-0.010276106065162405,0.288,2,Not significant
D:\A_Research\A_doing_research\20250804_LLM_campus_restoration\shanghai\final_image\202003_113.7706108_22.736299300000002.png,202003,113.7706108,22.7362993,0.29814,0.468,-0.004556361438029254,0.151,4,Not significant
D:\A_Research\A_doing_research\20250804_LLM_campus_restoration\shanghai\final_image\202003_113.8252313163741_22.745168442429677.png,202003,113.8252313,22.74516844,0.58168,0.518,-0.009059829182546405,0.34,4,Not significant
D:\A_Research\A_doing_research\20250804_LLM_campus_restoration\shanghai\final_image\202003_113.88955644157302_22.798927053748397.png,202003,113.8895564,22.79892705,0.48541,0.351,0.06885601564270305,0.004,3,LL
D:\A_Research\A_doing_research\20250804_LLM_campus_restoration\shanghai\final_image\202003_113.89791352217823_22.573441987420974.png,202003,113.8979135,22.57344199,0.34642,0.4722,0.014671114014699772,0.026,1,HH
D:\A_Research\A_doing_research\20250804_LLM_campus_restoration\shanghai\final_image\202003_113.92723770000002_22.507478399999997.png,202003,113.9272377,22.5074784,0.4874,0.5776,0.2340729216052385,0.001,1,HH
D:\A_Research\A_doing_research\20250804_LLM_campus_restoration\shanghai\final_image\202003_113.9348723_22.508163400000004.png,202003,113.9348723,22.5081634,0.62871,0.75,0.48661988374922116,0.001,1,HH
D:\A_Research\A_doing_research\20250804_LLM_campus_restoration\shanghai\final_image\202003_113.96826110000002_22.557930099999997.png,202003,113.9682611,22.5579301,0.5376,0.63632,0.21232779152045492,0.001,1,HH
D:\A_Research\A_doing_research\20250804_LLM_campus_restoration\shanghai\final_image\202003_113.9804017_22.7328451.png,202003,113.9804017,22.7328451,0.49521,0.50407,-0.013716706795490927,0.083,4,Not significant
D:\A_Research\A_doing_research\20250804_LLM_campus_restoration\shanghai\final_image\202003_114.0251856_22.63805.png,202003,114.0251856,22.63805,0.33495,0.61889,0.11027698142807595,0.006,1,HH
D:\A_Research\A_doing_research\20250804_LLM_campus_restoration\shanghai\final_image\202003_114.0375625_22.5992669.png,202003,114.0375625,22.5992669,0.49858,0.7,0.10465205617820718,0.02,1,HH
D:\A_Research\A_doing_research\20250804_LLM_campus_restoration\shanghai\final_image\202003_114.04427320000002_22.599809599999997.png,202003,114.0442732,22.5998096,0.4135,0.231,-0.1346285213061514,0.002,2,LH
D:\A_Research\A_doing_research\20250804_LLM_campus_restoration\shanghai\final_image\202003_114.0504655_22.5620866.png,202003,114.0504655,22.5620866,0.35517,0.622,0.16460929210057684,0.001,1,HH
D:\A_Research\A_doing_research\20250804_LLM_campus_restoration\shanghai\final_image\202003_114.06102530000001_22.5212205.png,202003,114.0610253,22.5212205,0.47,0.38631,-0.07699222375178437,0.001,2,LH
D:\A_Research\A_doing_research\20250804_LLM_campus_restoration\shanghai\final_image\202003_114.13048140326143_22.56003436029725.png,202003,114.1304814,22.56003436,0.46,0.38792,-0.0580021979710337,0.004,2,LH
D:\A_Research\A_doing_research\20250804_LLM_campus_restoration\shanghai\final_image\202003_114.1333236765208_22.563765990519713.png,202003,114.1333237,22.56376599,0.42279,0.36677,-0.052013287791091656,0.035,2,LH
D:\A_Research\A_doing_research\20250804_LLM_campus_restoration\shanghai\final_image\202003_114.1608721_22.604458399999995.png,202003,114.1608721,22.6044584,0.28238,0.50758,-0.020476944357897497,0.036,4,HL
D:\A_Research\A_doing_research\20250804_LLM_campus_restoration\shanghai\final_image\202003_114.1726333_22.5626956.png,202003,114.1726333,22.5626956,0.635,0.53,0.02775256606227425,0.086,1,Not significant
D:\A_Research\A_doing_research\20250804_LLM_campus_restoration\shanghai\final_image\202003_114.1991135_22.709366499999998.png,202003,114.1991135,22.7093665,0.4916,0.516,0.01604483884118177,0.172,1,Not significant
D:\A_Research\A_doing_research\20250804_LLM_campus_restoration\shanghai\final_image\202003_114.2000427014398_22.692087883164596.png,202003,114.2000427,22.69208788,0.49958,0.345,-0.00035561521509495366,0.491,2,Not significant
D:\A_Research\A_doing_research\20250804_LLM_campus_restoration\shanghai\final_image\202003_114.2080935_22.731133000000003.png,202003,114.2080935,22.731133,0.37374,0.37263,0.00992877067503798,0.275,3,Not significant
D:\A_Research\A_doing_research\20250804_LLM_campus_restoration\shanghai\final_image\202003_114.21845661197705_22.735003135425835.png,202003,114.2184566,22.73500314,0.505,0.31318,0.02041717029712992,0.258,3,Not significant
D:\A_Research\A_doing_research\20250804_LLM_campus_restoration\shanghai\final_image\202003_114.2344425_22.715313099999996.png,202003,114.2344425,22.7153131,0.61,0.55137,0.027178112105418976,0.206,1,Not significant
D:\A_Research\A_doing_research\20250804_LLM_campus_restoration\shanghai\final_image\202003_114.23825474491608_22.69764445152608.png,202003,114.2382547,22.69764445,0.55024,0.65643,0.03505379905718331,0.273,1,Not significant
D:\A_Research\A_doing_research\20250804_LLM_campus_restoration\shanghai\final_image\202101_113.80201360000001_22.7740782.png,202101,113.8020136,22.7740782,0.6341,0.27041,0.1023446125541471,0.071,3,Not significant
D:\A_Research\A_doing_research\20250804_LLM_campus_restoration\shanghai\final_image\202101_113.80447898228654_22.773616876535506.png,202101,113.804479,22.77361688,0.37755,0.27,0.0834216956891708,0.093,3,Not significant
D:\A_Research\A_doing_research\20250804_LLM_campus_restoration\shanghai\final_image\202101_113.80844_22.772326999999997.png,202101,113.80844,22.772327,0.5274,0.50385,-0.027866413192311524,0.087,4,Not significant
D:\A_Research\A_doing_research\20250804_LLM_campus_restoration\shanghai\final_image\202101_113.83342653285803_22.74918405936302.png,202101,113.8334265,22.74918406,0.56,0.28531,0.04511637284278391,0.21,3,Not significant
D:\A_Research\A_doing_research\20250804_LLM_campus_restoration\shanghai\final_image\202101_113.8336765_22.7472615.png,202101,113.8336765,22.7472615,0.61535,0.29706,0.03969855807078669,0.24,3,Not significant
D:\A_Research\A_doing_research\20250804_LLM_campus_restoration\shanghai\final_image\202101_113.85154710000002_22.8175131.png,202101,113.8515471,22.8175131,0.49,0.35938,0.0416079295958575,0.128,3,Not significant
D:\A_Research\A_doing_research\20250804_LLM_campus_restoration\shanghai\final_image\202101_113.85347522474827_22.817266099271457.png,202101,113.8534752,22.8172661,0.44348,0.26533,0.060297211046144134,0.174,3,Not significant
D:\A_Research\A_doing_research\20250804_LLM_campus_restoration\shanghai\final_image\202101_113.85384977720011_22.78301523471154.png,202101,113.8538498,22.78301523,0.5376,0.2666,-0.02798043897170014,0.297,2,Not significant
D:\A_Research\A_doing_research\20250804_LLM_campus_restoration\shanghai\final_image\202101_113.8572412_22.7889175.png,202101,113.8572412,22.7889175,0.33735,0.65594,-0.026579462333786337,0.32,4,Not significant
D:\A_Research\A_doing_research\20250804_LLM_campus_restoration\shanghai\final_image\202101_113.864966_22.8152422.png,202101,113.864966,22.8152422,0.50195,0.35603,0.018513589434046223,0.233,3,Not significant
D:\A_Research\A_doing_research\20250804_LLM_campus_restoration\shanghai\final_image\202101_113.87012102889791_22.814717371422628.png,202101,113.870121,22.81471737,0.59,0.53308,-0.020771974455879947,0.202,4,Not significant
D:\A_Research\A_doing_research\20250804_LLM_campus_restoration\shanghai\final_image\202101_113.87311039651637_22.77659421765873.png,202101,113.8731104,22.77659422,0.57,0.33083,0.0004093710073851526,0.49,3,Not significant
D:\A_Research\A_doing_research\20250804_LLM_campus_restoration\shanghai\final_image\202101_113.8756763_22.7810458.png,202101,113.8756763,22.7810458,0.27547,0.58115,-0.04554067905326658,0.096,4,Not significant
D:\A_Research\A_doing_research\20250804_LLM_campus_restoration\shanghai\final_image\202101_113.87957025575385_22.774874576875614.png,202101,113.8795703,22.77487458,0.555,0.35814,-0.013005889405356796,0.321,2,Not significant
D:\A_Research\A_doing_research\20250804_LLM_campus_restoration\shanghai\final_image\202101_113.880601_22.783031199999996.png,202101,113.880601,22.7830312,0.64368,0.44336,0.0024208978756474165,0.117,3,Not significant
D:\A_Research\A_doing_research\20250804_LLM_campus_restoration\shanghai\final_image\202101_113.8825929_22.794455400000004.png,202101,113.8825929,22.7944554,0.33406,0.47766,-0.02339089589440186,0.007,4,HL
D:\A_Research\A_doing_research\20250804_LLM_campus_restoration\shanghai\final_image\202101_113.888855_22.791229200000004.png,202101,113.888855,22.7912292,0.23623,0.37087,0.05684850817326254,0.025,3,LL
D:\A_Research\A_doing_research\20250804_LLM_campus_restoration\shanghai\final_image\202101_113.88958986681777_22.787662603409807.png,202101,113.8895899,22.7876626,0.253,0.3,0.04243400186654956,0.217,3,Not significant
D:\A_Research\A_doing_research\20250804_LLM_campus_restoration\shanghai\final_image\202101_113.88974512796382_22.80741978228124.png,202101,113.8897451,22.80741978,0.375,0.399,0.03088312065147307,0.011,3,LL
D:\A_Research\A_doing_research\20250804_LLM_campus_restoration\shanghai\final_image\202101_113.89258477196802_22.772034598983364.png,202101,113.8925848,22.7720346,0.30559,0.50258,-0.005413877288502316,0.336,4,Not significant
D:\A_Research\A_doing_research\20250804_LLM_campus_restoration\shanghai\final_image\202101_113.89366539694939_22.80565751910822.png,202101,113.8936654,22.80565752,0.32907,0.4378,0.0069602713759959415,0.011,3,LL
D:\A_Research\A_doing_research\20250804_LLM_campus_restoration\shanghai\final_image\202101_113.89435860971831_22.778890662538604.png,202101,113.8943586,22.77889066,0.213,0.425,0.0027936276183996465,0.336,3,Not significant
D:\A_Research\A_doing_research\20250804_LLM_campus_restoration\shanghai\final_image\202101_113.90091646008864_22.799239870213608.png,202101,113.9009165,22.79923987,0.44987,0.395,0.026125816252813603,0.07,3,Not significant
D:\A_Research\A_doing_research\20250804_LLM_campus_restoration\shanghai\final_image\202101_113.90284136009325_22.812299926964318.png,202101,113.9028414,22.81229993,0.35227,0.4454,0.0016854272249558812,0.028,3,LL
D:\A_Research\A_doing_research\20250804_LLM_campus_restoration\shanghai\final_image\202101_113.90319820371188_22.78235567039747.png,202101,113.9031982,22.78235567,0.34,0.41,0.01062524172446821,0.174,3,Not significant
D:\A_Research\A_doing_research\20250804_LLM_campus_restoration\shanghai\final_image\202101_113.906632_22.795511199999996.png,202101,113.906632,22.7955112,0.58767,0.253,0.04901302099747551,0.153,3,Not significant
D:\A_Research\A_doing_research\20250804_LLM_campus_restoration\shanghai\final_image\202101_113.9103272_22.775714599999997.png,202101,113.9103272,22.7757146,0.5463,0.46637,-0.0045997557637891566,0.117,4,Not significant
D:\A_Research\A_doing_research\20250804_LLM_campus_restoration\shanghai\final_image\202101_113.91689857414367_22.778270270865313.png,202101,113.9168986,22.77827027,0.38306,0.185,0.02611604436796055,0.284,3,Not significant
D:\A_Research\A_doing_research\20250804_LLM_campus_restoration\shanghai\final_image\202101_113.9239607_22.754503.png,202101,113.9239607,22.754503,0.50804,0.51189,0.0011016263401924268,0.495,1,Not significant
D:\A_Research\A_doing_research\20250804_LLM_campus_restoration\shanghai\final_image\202101_113.9264278_22.747944499999996.png,202101,113.9264278,22.7479445,0.75065,0.54429,0.00039340479806676716,0.484,1,Not significant
D:\A_Research\A_doing_research\20250804_LLM_campus_restoration\shanghai\final_image\202101_113.9271088_22.770787799999997.png,202101,113.9271088,22.7707878,0.3637,0.4,0.0027067701910857356,0.397,3,Not significant
D:\A_Research\A_doing_research\20250804_LLM_campus_restoration\shanghai\final_image\202101_113.9315261_22.755908599999998.png,202101,113.9315261,22.7559086,0.31507,0.60961,0.015403132539241055,0.363,1,Not significant
D:\A_Research\A_doing_research\20250804_LLM_campus_restoration\shanghai\final_image\202101_113.93307367911147_22.76120495190542.png,202101,113.9330737,22.76120495,0.30888,0.68,0.011006496478709443,0.443,1,Not significant
D:\A_Research\A_doing_research\20250804_LLM_campus_restoration\shanghai\final_image\202101_113.9355022_22.767986599999997.png,202101,113.9355022,22.7679866,0.45901,0.22573,-0.015210070106640017,0.418,2,Not significant
D:\A_Research\A_doing_research\20250804_LLM_campus_restoration\shanghai\final_image\202101_113.93861180000002_22.7661842.png,202101,113.9386118,22.7661842,0.52582,0.49837,-0.009969086167223248,0.199,4,Not significant
D:\A_Research\A_doing_research\20250804_LLM_campus_restoration\shanghai\final_image\202101_113.9451862_22.7534533.png,202101,113.9451862,22.7534533,0.25959,0.52236,-0.0006576943324549364,0.466,4,Not significant
D:\A_Research\A_doing_research\20250804_LLM_campus_restoration\shanghai\final_image\202102_113.86557106263535_22.756260845601087.png,202102,113.8655711,22.75626085,0.215,0.2722,-0.018311436743150736,0.378,2,Not significant
D:\A_Research\A_doing_research\20250804_LLM_campus_restoration\shanghai\final_image\202102_113.867464_22.7540168.png,202102,113.867464,22.7540168,0.4114,0.49712,-0.009930097794277611,0.251,4,Not significant
D:\A_Research\A_doing_research\20250804_LLM_campus_restoration\shanghai\final_image\202102_113.88573230815422_22.724491667782058.png,202102,113.8857323,22.72449167,0.47018,0.24357,0.021165984993150897,0.339,3,Not significant
D:\A_Research\A_doing_research\20250804_LLM_campus_restoration\shanghai\final_image\202102_113.8942906_22.7551536.png,202102,113.8942906,22.7551536,0.31773,0.54758,-0.019874306856871252,0.189,4,Not significant
D:\A_Research\A_doing_research\20250804_LLM_campus_restoration\shanghai\final_image\202102_113.89467640681592_22.736402251351564.png,202102,113.8946764,22.73640225,0.57068,0.35829,0.007538757357062969,0.371,3,Not significant
D:\A_Research\A_doing_research\20250804_LLM_campus_restoration\shanghai\final_image\202102_113.89478710000002_22.7161406.png,202102,113.8947871,22.7161406,0.43105,0.41786,-0.0018990162547386164,0.399,2,Not significant
D:\A_Research\A_doing_research\20250804_LLM_campus_restoration\shanghai\final_image\202102_113.89582585177824_22.719618533346125.png,202102,113.8958259,22.71961853,0.37608,0.446,-0.0006466001711037209,0.258,2,Not significant
D:\A_Research\A_doing_research\20250804_LLM_campus_restoration\shanghai\final_image\202102_113.8963954_22.751473599999997.png,202102,113.8963954,22.7514736,0.13703,0.406,0.0060511465363760515,0.292,3,Not significant
D:\A_Research\A_doing_research\20250804_LLM_campus_restoration\shanghai\final_image\202102_113.89943658751562_22.748004081165895.png,202102,113.8994366,22.74800408,0.34968,0.28036,0.04369291736376476,0.172,3,Not significant
D:\A_Research\A_doing_research\20250804_LLM_campus_restoration\shanghai\final_image\202102_113.9007186_22.753091199999997.png,202102,113.9007186,22.7530912,0.34803,0.5415,-0.02289078978069162,0.167,4,Not significant
D:\A_Research\A_doing_research\20250804_LLM_campus_restoration\shanghai\final_image\202102_113.901387_22.747920999999998.png,202102,113.901387,22.747921,0.41541,0.28118,0.043457135657866894,0.176,3,Not significant
D:\A_Research\A_doing_research\20250804_LLM_campus_restoration\shanghai\final_image\202102_113.9043564_22.7164888.png,202102,113.9043564,22.7164888,0.13703,0.45859,0.0021869353259761654,0.139,1,Not significant
D:\A_Research\A_doing_research\20250804_LLM_campus_restoration\shanghai\final_image\202102_113.90977984885448_22.75289295655141.png,202102,113.9097798,22.75289296,0.515,0.36121,0.0218360112682073,0.127,3,Not significant
D:\A_Research\A_doing_research\20250804_LLM_campus_restoration\shanghai\final_image\202102_113.910861_22.760460599999995.png,202102,113.910861,22.7604606,0.38418,0.463,-0.003343426256862006,0.142,4,Not significant
D:\A_Research\A_doing_research\20250804_LLM_campus_restoration\shanghai\final_image\202102_113.9125654_22.754369999999998.png,202102,113.9125654,22.75437,0.5575,0.23491,0.025029422564405792,0.321,3,Not significant
D:\A_Research\A_doing_research\20250804_LLM_campus_restoration\shanghai\final_image\202102_113.91371846455706_22.760970536511298.png,202102,113.9137185,22.76097054,0.49835,0.37525,0.009096918957538383,0.292,3,Not significant
D:\A_Research\A_doing_research\20250804_LLM_campus_restoration\shanghai\final_image\202102_113.9170639_22.730492300000005.png,202102,113.9170639,22.7304923,0.26019,0.5375,-0.004977862812291516,0.409,4,Not significant
D:\A_Research\A_doing_research\20250804_LLM_campus_restoration\shanghai\final_image\202102_113.92301900000001_22.723020300000005.png,202102,113.923019,22.7230203,0.65,0.39732,-0.006462669476816619,0.28,2,Not significant
D:\A_Research\A_doing_research\20250804_LLM_campus_restoration\shanghai\final_image\202102_113.9288125_22.751456999999995.png,202102,113.9288125,22.751457,0.654,0.55573,0.005915988960492386,0.449,1,Not significant
D:\A_Research\A_doing_research\20250804_LLM_campus_restoration\shanghai\final_image\202102_113.9370435_22.743813999999997.png,202102,113.9370435,22.743814,0.46358,0.47,-0.0022498994656561483,0.311,4,Not significant
D:\A_Research\A_doing_research\20250804_LLM_campus_restoration\shanghai\final_image\202102_113.93889355748419_22.747817107098395.png,202102,113.9388936,22.74781711,0.38286,0.52743,-0.00822607081775297,0.361,4,Not significant
D:\A_Research\A_doing_research\20250804_LLM_campus_restoration\shanghai\final_image\202102_113.93986536670296_22.74202521285948.png,202102,113.9398654,22.74202521,0.56252,0.2,-0.041947252989410294,0.263,2,Not significant
D:\A_Research\A_doing_research\20250804_LLM_campus_restoration\shanghai\final_image\202102_113.946745_22.740813599999992.png,202102,113.946745,22.7408136,0.57304,0.36,-0.012494745938350307,0.322,2,Not significant
D:\A_Research\A_doing_research\20250804_LLM_campus_restoration\shanghai\final_image\202102_113.9516791_22.7421702.png,202102,113.9516791,22.7421702,0.63147,0.56,-0.007145778862904032,0.368,4,Not significant
D:\A_Research\A_doing_research\20250804_LLM_campus_restoration\shanghai\final_image\202102_113.9538377_22.7375443.png,202102,113.9538377,22.7375443,0.48048,0.47632,-0.0006694664277760977,0.45,4,Not significant
D:\A_Research\A_doing_research\20250804_LLM_campus_restoration\shanghai\final_image\202102_114.03627057212076_22.716917254090475.png,202102,114.0362706,22.71691725,0.48725,0.31257,0.007176292243859937,0.427,3,Not significant
D:\A_Research\A_doing_research\20250804_LLM_campus_restoration\shanghai\final_image\202102_114.0407923_22.714911899999993.png,202102,114.0407923,22.7149119,0.65398,0.63972,-0.03831158276580252,0.172,4,Not significant
D:\A_Research\A_doing_research\20250804_LLM_campus_restoration\shanghai\final_image\202102_114.0434234_22.704722999999998.png,202102,114.0434234,22.704723,0.57537,0.478,-0.0006815887716984275,0.466,4,Not significant
D:\A_Research\A_doing_research\20250804_LLM_campus_restoration\shanghai\final_image\202102_114.0584015_22.707032899999998.png,202102,114.0584015,22.7070329,0.5528,0.37636,0.010364248254734199,0.227,3,Not significant
D:\A_Research\A_doing_research\20250804_LLM_campus_restoration\shanghai\final_image\202103_113.7656173_22.704786999999993.png,202103,113.7656173,22.704787,0.14988,0.31869,0.10161520851789753,0.007,3,LL
D:\A_Research\A_doing_research\20250804_LLM_campus_restoration\shanghai\final_image\202103_113.76631606223413_22.71280954736008.png,202103,113.7663161,22.71280955,0.35333,0.31,0.057041236491263886,0.046,3,LL
D:\A_Research\A_doing_research\20250804_LLM_campus_restoration\shanghai\final_image\202103_113.76861229773174_22.704933994920147.png,202103,113.7686123,22.70493399,0.65398,0.0,0.14840054334773212,0.137,3,Not significant
D:\A_Research\A_doing_research\20250804_LLM_campus_restoration\shanghai\final_image\202103_113.77390564786799_22.707905661680474.png,202103,113.7739056,22.70790566,0.599,0.70615,-0.1808774161964699,0.037,4,HL
D:\A_Research\A_doing_research\20250804_LLM_campus_restoration\shanghai\final_image\202103_113.7740245_22.70971069999999.png,202103,113.7740245,22.7097107,0.413,0.46,-0.0017369579722931695,0.338,4,Not significant
D:\A_Research\A_doing_research\20250804_LLM_campus_restoration\shanghai\final_image\202103_113.7749707_22.721796299999998.png,202103,113.7749707,22.7217963,0.27563,0.30368,0.03640876429171109,0.244,3,Not significant
D:\A_Research\A_doing_research\20250804_LLM_campus_restoration\shanghai\final_image\202103_113.77588027878782_22.727882507006452.png,202103,113.7758803,22.72788251,0.418,0.3587,0.03251100648686913,0.171,3,Not significant
D:\A_Research\A_doing_research\20250804_LLM_campus_restoration\shanghai\final_image\202103_113.77808539352496_22.70661859855536.png,202103,113.7780854,22.7066186,0.374,0.17355,0.07647426662139295,0.225,3,Not significant
D:\A_Research\A_doing_research\20250804_LLM_campus_restoration\shanghai\final_image\202103_113.77830860000002_22.7044526.png,202103,113.7783086,22.7044526,0.35771,0.27,0.06260800431832077,0.189,3,Not significant
D:\A_Research\A_doing_research\20250804_LLM_campus_restoration\shanghai\final_image\202103_113.7783705_22.7105649.png,202103,113.7783705,22.7105649,0.374,0.52854,-0.037734614981804596,0.079,4,Not significant
D:\A_Research\A_doing_research\20250804_LLM_campus_restoration\shanghai\final_image\202103_113.77991694137965_22.686173222527366.png,202103,113.7799169,22.68617322,0.576,0.3795,0.037137412812252656,0.061,3,Not significant
D:\A_Research\A_doing_research\20250804_LLM_campus_restoration\shanghai\final_image\202103_113.78419385027524_22.68784275189919.png,202103,113.7841939,22.68784275,0.55751,0.49145,-0.028768473527608068,0.019,4,HL
D:\A_Research\A_doing_research\20250804_LLM_campus_restoration\shanghai\final_image\202103_113.78774241091746_22.712710262476318.png,202103,113.7877424,22.71271026,0.39644,0.2591,0.03877989721943925,0.29,3,Not significant
D:\A_Research\A_doing_research\20250804_LLM_campus_restoration\shanghai\final_image\202103_113.78992378529087_22.717583136571946.png,202103,113.7899238,22.71758314,0.17995,0.30775,0.024189720543845536,0.289,3,Not significant
D:\A_Research\A_doing_research\20250804_LLM_campus_restoration\shanghai\final_image\202103_113.7901657216306_22.72398358775932.png,202103,113.7901657,22.72398359,0.59999,0.3275,0.009207403556046986,0.427,3,Not significant
D:\A_Research\A_doing_research\20250804_LLM_campus_restoration\shanghai\final_image\202103_113.7902605081168_22.688835667704364.png,202103,113.7902605,22.68883567,0.6,0.213,0.09675785407335756,0.114,3,Not significant
D:\A_Research\A_doing_research\20250804_LLM_campus_restoration\shanghai\final_image\202103_113.79275561408598_22.71014694748712.png,202103,113.7927556,22.71014695,0.45594,0.47361,-0.012090331062011843,0.104,4,Not significant
D:\A_Research\A_doing_research\20250804_LLM_campus_restoration\shanghai\final_image\202103_113.7938446_22.742766299999996.png,202103,113.7938446,22.7427663,0.55024,0.52661,-0.01958906061069949,0.209,4,Not significant
D:\A_Research\A_doing_research\20250804_LLM_campus_restoration\shanghai\final_image\202103_113.7951149_22.726692299999996.png,202103,113.7951149,22.7266923,0.646,0.52123,-0.01129171039242096,0.305,4,Not significant
D:\A_Research\A_doing_research\20250804_LLM_campus_restoration\shanghai\final_image\202103_113.7962568_22.7854149.png,202103,113.7962568,22.7854149,0.64,0.33632,0.07017165540418488,0.038,3,LL
D:\A_Research\A_doing_research\20250804_LLM_campus_restoration\shanghai\final_image\202103_113.79842110713686_22.71370940966056.png,202103,113.7984211,22.71370941,0.52393,0.53,-0.014555049442498922,0.272,4,Not significant
D:\A_Research\A_doing_research\20250804_LLM_campus_restoration\shanghai\final_image\202103_113.7985873_22.785604599999996.png,202103,113.7985873,22.7856046,0.62,0.28368,0.08937391450182197,0.086,3,Not significant
D:\A_Research\A_doing_research\20250804_LLM_campus_restoration\shanghai\final_image\202103_113.79861303184678_22.75697971936553.png,202103,113.798613,22.75697972,0.5207,0.37,0.03594039205184647,0.092,3,Not significant
D:\A_Research\A_doing_research\20250804_LLM_campus_restoration\shanghai\final_image\202103_113.79969457870891_22.729618415021918.png,202103,113.7996946,22.72961842,0.28997,0.41842,0.0023762833837001358,0.438,3,Not significant
D:\A_Research\A_doing_research\20250804_LLM_campus_restoration\shanghai\final_image\202103_113.80167720630863_22.767949272862193.png,202103,113.8016772,22.76794927,0.719,0.4953,-0.015099266511369749,0.195,4,Not significant
D:\A_Research\A_doing_research\20250804_LLM_campus_restoration\shanghai\final_image\202103_113.80247024290705_22.719965951117953.png,202103,113.8024702,22.71996595,0.38383,0.43,-0.0010651135429055058,0.422,2,Not significant
D:\A_Research\A_doing_research\20250804_LLM_campus_restoration\shanghai\final_image\202103_113.80299162513776_22.766075043840637.png,202103,113.8029916,22.76607504,0.40819,0.53657,-0.03035860157184255,0.181,4,Not significant
D:\A_Research\A_doing_research\20250804_LLM_campus_restoration\shanghai\final_image\202103_113.804255129697_22.719249086640385.png,202103,113.8042551,22.71924909,0.45711,0.4889,2.4865824485137278e-05,0.489,1,Not significant
D:\A_Research\A_doing_research\20250804_LLM_campus_restoration\shanghai\final_image\202103_113.8068397_22.759983399999996.png,202103,113.8068397,22.7599834,0.31563,0.58,-0.07498157068707093,0.044,4,HL
D:\A_Research\A_doing_research\20250804_LLM_campus_restoration\shanghai\final_image\202103_113.8072468_22.710296499999995.png,202103,113.8072468,22.7102965,0.44043,0.58135,0.004630360197137052,0.436,1,Not significant
D:\A_Research\A_doing_research\20250804_LLM_campus_restoration\shanghai\final_image\202103_113.8106956_22.774374599999994.png,202103,113.8106956,22.7743746,0.38286,0.54989,-0.0458239398624554,0.078,4,Not significant
D:\A_Research\A_doing_research\20250804_LLM_campus_restoration\shanghai\final_image\202103_113.81288850694662_22.667950333592696.png,202103,113.8128885,22.66795033,0.57966,0.17,0.10222141706616918,0.154,3,Not significant
D:\A_Research\A_doing_research\20250804_LLM_campus_restoration\shanghai\final_image\202103_113.8152118670971_22.671702798823198.png,202103,113.8152119,22.6717028,0.24421,0.42849,0.006441469555665741,0.199,3,Not significant
D:\A_Research\A_doing_research\20250804_LLM_campus_restoration\shanghai\final_image\202103_113.8158374_22.755548599999997.png,202103,113.8158374,22.7555486,0.2797,0.3348,-0.004065797329358797,0.429,2,Not significant
D:\A_Research\A_doing_research\20250804_LLM_campus_restoration\shanghai\final_image\202103_113.8181914_22.6562631.png,202103,113.8181914,22.6562631,0.646,0.549,-0.04521119561401677,0.071,4,Not significant
D:\A_Research\A_doing_research\20250804_LLM_campus_restoration\shanghai\final_image\202103_113.8189835_22.7140162.png,202103,113.8189835,22.7140162,0.55024,0.5055,-0.005719729836193143,0.347,4,Not significant
D:\A_Research\A_doing_research\20250804_LLM_campus_restoration\shanghai\final_image\202103_113.81932524085896_22.657728831011585.png,202103,113.8193252,22.65772883,0.2881,0.44248,0.0021617497614116114,0.162,3,Not significant
D:\A_Research\A_doing_research\20250804_LLM_campus_restoration\shanghai\final_image\202103_113.81942047417743_22.761451196237168.png,202103,113.8194205,22.7614512,0.56,0.58115,5.427765253038369e-05,0.476,1,Not significant
D:\A_Research\A_doing_research\20250804_LLM_campus_restoration\shanghai\final_image\202103_113.81950332109274_22.755658556618048.png,202103,113.8195033,22.75565856,0.39861,0.64223,-0.03727351750458639,0.246,4,Not significant
D:\A_Research\A_doing_research\20250804_LLM_campus_restoration\shanghai\final_image\202103_113.81985679404843_22.765410691474077.png,202103,113.8198568,22.76541069,0.30588,0.63883,-0.04061293209589019,0.276,4,Not significant
D:\A_Research\A_doing_research\20250804_LLM_campus_restoration\shanghai\final_image\202103_113.82008186652787_22.75965661067105.png,202103,113.8200819,22.75965661,0.54645,0.54,0.006849173049503244,0.406,1,Not significant
D:\A_Research\A_doing_research\20250804_LLM_campus_restoration\shanghai\final_image\202103_113.82149994766364_22.77431879666303.png,202103,113.8214999,22.7743188,0.34857,0.43,0.006364632901160569,0.149,3,Not significant
D:\A_Research\A_doing_research\20250804_LLM_campus_restoration\shanghai\final_image\202103_113.82320452686358_22.745290926067998.png,202103,113.8232045,22.74529093,0.451,0.425,-0.001561577402475424,0.415,2,Not significant
D:\A_Research\A_doing_research\20250804_LLM_campus_restoration\shanghai\final_image\202103_113.8237318_22.6662939.png,202103,113.8237318,22.6662939,0.6258,0.41977,0.009516369707357503,0.101,3,Not significant
D:\A_Research\A_doing_research\20250804_LLM_campus_restoration\shanghai\final_image\202103_113.8239071796731_22.75151828962094.png,202103,113.8239072,22.75151829,0.75065,0.3608,0.0024266996369194365,0.442,3,Not significant
D:\A_Research\A_doing_research\20250804_LLM_campus_restoration\shanghai\final_image\202103_113.8244835_22.775231100000003.png,202103,113.8244835,22.7752311,0.2252,0.53289,-0.03169755190459608,0.139,4,Not significant
D:\A_Research\A_doing_research\20250804_LLM_campus_restoration\shanghai\final_image\202103_113.8247304_22.6439059.png,202103,113.8247304,22.6439059,0.66043,0.4695,-0.011655434905753893,0.017,4,HL
D:\A_Research\A_doing_research\20250804_LLM_campus_restoration\shanghai\final_image\202103_113.82555483300956_22.691434778147798.png,202103,113.8255548,22.69143478,0.36013,0.45131,-1.6862166650915197e-05,0.487,4,Not significant
D:\A_Research\A_doing_research\20250804_LLM_campus_restoration\shanghai\final_image\202103_113.8263529_22.676592799999995.png,202103,113.8263529,22.6765928,0.22,0.365,0.014863162708610564,0.298,3,Not significant
D:\A_Research\A_doing_research\20250804_LLM_campus_restoration\shanghai\final_image\202103_113.82636226744971_22.67478843036012.png,202103,113.8263623,22.67478843,0.4417,0.36613,0.012428820465682194,0.325,3,Not significant
D:\A_Research\A_doing_research\20250804_LLM_campus_restoration\shanghai\final_image\202103_113.8264963501249_22.68374108533307.png,202103,113.8264964,22.68374109,0.33802,0.32783,0.0057550516986678525,0.423,3,Not significant
D:\A_Research\A_doing_research\20250804_LLM_campus_restoration\shanghai\final_image\202103_113.832775_22.6944485.png,202103,113.832775,22.6944485,0.55555,0.595,-0.0482225154310304,0.12,4,Not significant
D:\A_Research\A_doing_research\20250804_LLM_campus_restoration\shanghai\final_image\202103_113.83313610000002_22.6414862.png,202103,113.8331361,22.6414862,0.44786,0.309,0.07088705464075644,0.046,3,LL
D:\A_Research\A_doing_research\20250804_LLM_campus_restoration\shanghai\final_image\202103_113.8344105_22.7221322.png,202103,113.8344105,22.7221322,0.43344,0.2982,0.020579383798322148,0.333,3,Not significant
D:\A_Research\A_doing_research\20250804_LLM_campus_restoration\shanghai\final_image\202103_113.83460728218415_22.717314912300743.png,202103,113.8346073,22.71731491,0.45,0.27535,0.07098444157749671,0.106,3,Not significant
D:\A_Research\A_doing_research\20250804_LLM_campus_restoration\shanghai\final_image\202103_113.8352526_22.7190171.png,202103,113.8352526,22.7190171,0.36817,0.30505,0.067738648518836,0.106,3,Not significant
D:\A_Research\A_doing_research\20250804_LLM_campus_restoration\shanghai\final_image\202103_113.83610066497062_22.683341158769842.png,202103,113.8361007,22.68334116,0.312,0.49751,-0.003890114188730306,0.342,4,Not significant
D:\A_Research\A_doing_research\20250804_LLM_campus_restoration\shanghai\final_image\202103_113.8369981_22.600661.png,202103,113.8369981,22.600661,0.56607,0.47132,-3.687644000865053e-05,0.495,4,Not significant
D:\A_Research\A_doing_research\20250804_LLM_campus_restoration\shanghai\final_image\202103_113.8370748202885_22.718386118054394.png,202103,113.8370748,22.71838612,0.58465,0.435,0.007814709871484473,0.055,3,Not significant
D:\A_Research\A_doing_research\20250804_LLM_campus_restoration\shanghai\final_image\202103_113.8374563_22.744681100000005.png,202103,113.8374563,22.7446811,0.26694,0.32553,0.023898233621071296,0.285,3,Not significant
D:\A_Research\A_doing_research\20250804_LLM_campus_restoration\shanghai\final_image\202103_113.837714_22.7391328.png,202103,113.837714,22.7391328,0.52881,0.54063,-0.030089413806203877,0.166,4,Not significant
D:\A_Research\A_doing_research\20250804_LLM_campus_restoration\shanghai\final_image\202103_113.8394057_22.623110999999994.png,202103,113.8394057,22.623111,0.65147,0.36,0.011096393587320242,0.319,3,Not significant
D:\A_Research\A_doing_research\20250804_LLM_campus_restoration\shanghai\final_image\202103_113.8397957_22.627127000000005.png,202103,113.8397957,22.627127,0.48241,0.46117,-0.0034066463584179777,0.121,4,Not significant
D:\A_Research\A_doing_research\20250804_LLM_campus_restoration\shanghai\final_image\202103_113.84089195965441_22.732804113336528.png,202103,113.840892,22.73280411,0.498,0.43185,0.0025206166912847307,0.279,3,Not significant
D:\A_Research\A_doing_research\20250804_LLM_campus_restoration\shanghai\final_image\202103_113.841394_22.632947100000003.png,202103,113.841394,22.6329471,0.31,0.48176,-0.013551765539880266,0.055,4,Not significant
D:\A_Research\A_doing_research\20250804_LLM_campus_restoration\shanghai\final_image\202103_113.84227470000002_22.765698599999997.png,202103,113.8422747,22.7656986,0.60739,0.60305,-0.0022132938047681947,0.474,4,Not significant
D:\A_Research\A_doing_research\20250804_LLM_campus_restoration\shanghai\final_image\202103_113.8423807507634_22.598042612373803.png,202103,113.8423808,22.59804261,0.14333,0.21374,-0.06439140491227845,0.111,2,Not significant
D:\A_Research\A_doing_research\20250804_LLM_campus_restoration\shanghai\final_image\202103_113.8435713_22.621687999999995.png,202103,113.8435713,22.621688,0.40276,0.48373,-0.004919950680938946,0.336,4,Not significant
D:\A_Research\A_doing_research\20250804_LLM_campus_restoration\shanghai\final_image\202103_113.84374726492761_22.758766387624267.png,202103,113.8437473,22.75876639,0.32507,0.22626,0.00012715166409635526,0.476,3,Not significant
D:\A_Research\A_doing_research\20250804_LLM_campus_restoration\shanghai\final_image\202103_113.8439888147524_22.715250541852388.png,202103,113.8439888,22.71525054,0.466,0.35311,0.012848483823379097,0.321,3,Not significant
D:\A_Research\A_doing_research\20250804_LLM_campus_restoration\shanghai\final_image\202103_113.84743210000002_22.743424800000003.png,202103,113.8474321,22.7434248,0.652,0.38,0.005361590227578743,0.39,3,Not significant
D:\A_Research\A_doing_research\20250804_LLM_campus_restoration\shanghai\final_image\202103_113.8474565_22.754367800000004.png,202103,113.8474565,22.7543678,0.6834,0.58171,-0.030071482817096404,0.182,4,Not significant
D:\A_Research\A_doing_research\20250804_LLM_campus_restoration\shanghai\final_image\202103_113.8482554_22.706193100000004.png,202103,113.8482554,22.7061931,0.32417,0.35751,0.004631164837845934,0.374,3,Not significant
D:\A_Research\A_doing_research\20250804_LLM_campus_restoration\shanghai\final_image\202103_113.84922368099801_22.74538812284384.png,202103,113.8492237,22.74538812,0.38286,0.48225,-0.004860020887950541,0.28,4,Not significant
D:\A_Research\A_doing_research\20250804_LLM_campus_restoration\shanghai\final_image\202103_113.8505731_22.571854.png,202103,113.8505731,22.571854,0.5163,0.70439,-0.0036686636751047425,0.499,4,Not significant
D:\A_Research\A_doing_research\20250804_LLM_campus_restoration\shanghai\final_image\202103_113.85128527796019_22.75136400234624.png,202103,113.8512853,22.751364,0.33,0.4504,-9.867866461934847e-05,0.336,4,Not significant
D:\A_Research\A_doing_research\20250804_LLM_campus_restoration\shanghai\final_image\202103_113.85131251466879_22.718063397632303.png,202103,113.8513125,22.7180634,0.29132,0.4969,-0.003938762689136377,0.407,4,Not significant
D:\A_Research\A_doing_research\20250804_LLM_campus_restoration\shanghai\final_image\202103_113.8521336_22.690685799999994.png,202103,113.8521336,22.6906858,0.5376,0.57654,-0.011743039587089745,0.26,4,Not significant
D:\A_Research\A_doing_research\20250804_LLM_campus_restoration\shanghai\final_image\202103_113.8543221_22.753289499999994.png,202103,113.8543221,22.7532895,0.575,0.2717,-0.005820163357701666,0.468,2,Not significant
D:\A_Research\A_doing_research\20250804_LLM_campus_restoration\shanghai\final_image\202103_113.85466762277312_22.734314833369442.png,202103,113.8546676,22.73431483,0.47,0.44545,0.00043350108752156707,0.299,3,Not significant
D:\A_Research\A_doing_research\20250804_LLM_campus_restoration\shanghai\final_image\202103_113.8550988_22.6202562.png,202103,113.8550988,22.6202562,0.64597,0.31314,-0.046960851641534275,0.094,2,Not significant
D:\A_Research\A_doing_research\20250804_LLM_campus_restoration\shanghai\final_image\202103_113.85631150000002_22.6166949.png,202103,113.8563115,22.6166949,0.41963,0.60994,0.01960984705723238,0.336,1,Not significant
D:\A_Research\A_doing_research\20250804_LLM_campus_restoration\shanghai\final_image\202103_113.85707134519878_22.76829642525124.png,202103,113.8570713,22.76829643,0.60782,0.48383,0.00040326548019372764,0.458,1,Not significant
D:\A_Research\A_doing_research\20250804_LLM_campus_restoration\shanghai\final_image\202103_113.85770470000001_22.582482999999996.png,202103,113.8577047,22.582483,0.23623,0.51932,0.027014248525749497,0.087,1,Not significant
D:\A_Research\A_doing_research\20250804_LLM_campus_restoration\shanghai\final_image\202103_113.86103623469046_22.661810988778555.png,202103,113.8610362,22.66181099,0.3151,0.57603,0.012563108368383388,0.335,1,Not significant
D:\A_Research\A_doing_research\20250804_LLM_campus_restoration\shanghai\final_image\202103_113.86201818150258_22.760920656155452.png,202103,113.8620182,22.76092066,0.73039,0.64459,-0.023776659844227062,0.297,4,Not significant
D:\A_Research\A_doing_research\20250804_LLM_campus_restoration\shanghai\final_image\202103_113.86604796706307_22.558280362407594.png,202103,113.866048,22.55828036,0.6265,0.44216,-0.003493231190346708,0.06,2,Not significant
D:\A_Research\A_doing_research\20250804_LLM_campus_restoration\shanghai\final_image\202103_113.866054_22.6085615.png,202103,113.866054,22.6085615,0.32103,0.34051,-0.03409284470815157,0.099,2,Not significant
D:\A_Research\A_doing_research\20250804_LLM_campus_restoration\shanghai\final_image\202103_113.86854584962914_22.602575394764475.png,202103,113.8685458,22.60257539,0.65,0.5758,0.04098487027281969,0.099,1,Not significant
D:\A_Research\A_doing_research\20250804_LLM_campus_restoration\shanghai\final_image\202103_113.86954305606807_22.57133658639084.png,202103,113.8695431,22.57133659,0.55713,0.45751,0.0030655313413670638,0.129,1,Not significant
D:\A_Research\A_doing_research\20250804_LLM_campus_restoration\shanghai\final_image\202103_113.8703657_22.786703699999997.png,202103,113.8703657,22.7867037,0.378,0.38132,0.01955922731638945,0.138,3,Not significant
D:\A_Research\A_doing_research\20250804_LLM_campus_restoration\shanghai\final_image\202103_113.87053797482604_22.51346733953433.png,202103,113.870538,22.51346734,0.58413,0.25,-0.03264047152257106,0.303,2,Not significant
D:\A_Research\A_doing_research\20250804_LLM_campus_restoration\shanghai\final_image\202103_113.8723694340504_22.496389709444315.png,202103,113.8723694,22.49638971,0.29866,0.398,-0.01708803560334068,0.083,2,Not significant
D:\A_Research\A_doing_research\20250804_LLM_campus_restoration\shanghai\final_image\202103_113.8728719_22.5602436.png,202103,113.8728719,22.5602436,0.646,0.5,0.029871108497654154,0.027,1,HH
D:\A_Research\A_doing_research\20250804_LLM_campus_restoration\shanghai\final_image\202103_113.87299925398183_22.768421512068993.png,202103,113.8729993,22.76842151,0.55024,0.423,-0.0019829836207004704,0.395,2,Not significant
D:\A_Research\A_doing_research\20250804_LLM_campus_restoration\shanghai\final_image\202103_113.87321897177686_22.597820643494256.png,202103,113.873219,22.59782064,0.53409,0.35946,-0.05699904465340524,0.021,2,LH
D:\A_Research\A_doing_research\20250804_LLM_campus_restoration\shanghai\final_image\202103_113.8770939_22.5847014.png,202103,113.8770939,22.5847014,0.55247,0.58212,0.05788320735688148,0.075,1,Not significant
D:\A_Research\A_doing_research\20250804_LLM_campus_restoration\shanghai\final_image\202103_113.8783431_22.5970722.png,202103,113.8783431,22.5970722,0.30939,0.3824,-0.05946336702107865,0.004,2,LH
D:\A_Research\A_doing_research\20250804_LLM_campus_restoration\shanghai\final_image\202103_113.87880600086551_22.78372813730076.png,202103,113.878806,22.78372814,0.649,0.27407,0.029488938256325557,0.32,3,Not significant
D:\A_Research\A_doing_research\20250804_LLM_campus_restoration\shanghai\final_image\202103_113.87967314810481_22.579691279734853.png,202103,113.8796731,22.57969128,0.654,0.2999,-0.09684422888634686,0.012,2,LH
D:\A_Research\A_doing_research\20250804_LLM_campus_restoration\shanghai\final_image\202103_113.882702_22.552306799999997.png,202103,113.882702,22.5523068,0.48241,0.5602,0.09429871894698261,0.003,1,HH
D:\A_Research\A_doing_research\20250804_LLM_campus_restoration\shanghai\final_image\202103_113.88342209873709_22.587698996643812.png,202103,113.8834221,22.587699,0.63805,0.30518,-0.08722971853252522,0.011,2,LH
D:\A_Research\A_doing_research\20250804_LLM_campus_restoration\shanghai\final_image\202103_113.8836665_22.767575199999996.png,202103,113.8836665,22.7675752,0.46647,0.53534,-0.009574421003549237,0.303,4,Not significant
D:\A_Research\A_doing_research\20250804_LLM_campus_restoration\shanghai\final_image\202103_113.88408657078014_22.515677427295483.png,202103,113.8840866,22.51567743,0.375,0.37171,-0.03336587896182861,0.052,2,Not significant
D:\A_Research\A_doing_research\20250804_LLM_campus_restoration\shanghai\final_image\202103_113.88436432040571_22.579528390250747.png,202103,113.8843643,22.57952839,0.75065,0.35,-0.07413479010464659,0.007,2,LH
D:\A_Research\A_doing_research\20250804_LLM_campus_restoration\shanghai\final_image\202103_113.8868901_22.530607999999997.png,202103,113.8868901,22.530608,0.615,0.48362,0.027495674903085188,0.002,1,HH
D:\A_Research\A_doing_research\20250804_LLM_campus_restoration\shanghai\final_image\202103_113.8871678_22.50216539999999.png,202103,113.8871678,22.5021654,0.694,0.421,-0.013061439502689476,0.084,2,Not significant
D:\A_Research\A_doing_research\20250804_LLM_campus_restoration\shanghai\final_image\202103_113.8879930722752_22.491444836920582.png,202103,113.8879931,22.49144484,0.65,0.40733,-0.03151289477414516,0.001,2,LH
D:\A_Research\A_doing_research\20250804_LLM_campus_restoration\shanghai\final_image\202103_113.8880818_22.527107900000004.png,202103,113.8880818,22.5271079,0.42993,0.6705,0.1606789370835917,0.009,1,HH
D:\A_Research\A_doing_research\20250804_LLM_campus_restoration\shanghai\final_image\202103_113.8881931_22.532944599999997.png,202103,113.8881931,22.5329446,0.43187,0.49621,0.03128457149218431,0.013,1,HH
D:\A_Research\A_doing_research\20250804_LLM_campus_restoration\shanghai\final_image\202103_113.8908125_22.593600699999996.png,202103,113.8908125,22.5936007,0.31268,0.39395,-0.033467059660058605,0.007,2,LH
D:\A_Research\A_doing_research\20250804_LLM_campus_restoration\shanghai\final_image\202103_113.8938372_22.5251348.png,202103,113.8938372,22.5251348,0.26174,0.4197,-0.027426081919989267,0.003,2,LH
D:\A_Research\A_doing_research\20250804_LLM_campus_restoration\shanghai\final_image\202103_113.8967224_22.5385513.png,202103,113.8967224,22.5385513,0.398,0.58,0.09706353851272224,0.005,1,HH
D:\A_Research\A_doing_research\20250804_LLM_campus_restoration\shanghai\final_image\202103_113.8967564_22.536102199999995.png,202103,113.8967564,22.5361022,0.35227,0.397,-0.050785799595699024,0.001,2,LH
D:\A_Research\A_doing_research\20250804_LLM_campus_restoration\shanghai\final_image\202103_113.8978857_22.5568815.png,202103,113.8978857,22.5568815,0.554,0.41535,-0.03325357439242121,0.001,2,LH
D:\A_Research\A_doing_research\20250804_LLM_campus_restoration\shanghai\final_image\202103_113.89841661553379_22.568377870367687.png,202103,113.8984166,22.56837787,0.55232,0.5546,0.0926967015566895,0.001,1,HH
D:\A_Research\A_doing_research\20250804_LLM_campus_restoration\shanghai\final_image\202103_113.89901508559747_22.574990283990804.png,202103,113.8990151,22.57499028,0.33975,0.37703,-0.0549640393923831,0.005,2,LH
D:\A_Research\A_doing_research\20250804_LLM_campus_restoration\shanghai\final_image\202103_113.9000001_22.7590412.png,202103,113.9000001,22.7590412,0.64353,0.25764,-0.01406959234209601,0.418,2,Not significant
D:\A_Research\A_doing_research\20250804_LLM_campus_restoration\shanghai\final_image\202103_113.9001383_22.534999899999995.png,202103,113.9001383,22.5349999,0.55,0.44056,-0.00891853220244072,0.001,2,LH
D:\A_Research\A_doing_research\20250804_LLM_campus_restoration\shanghai\final_image\202103_113.9020511833267_22.718847328837704.png,202103,113.9020512,22.71884733,0.61696,0.58,0.028599252925433416,0.185,1,Not significant
D:\A_Research\A_doing_research\20250804_LLM_campus_restoration\shanghai\final_image\202103_113.9021045_22.559116599999996.png,202103,113.9021045,22.5591166,0.27863,0.473,0.02084561872245537,0.001,1,HH
D:\A_Research\A_doing_research\20250804_LLM_campus_restoration\shanghai\final_image\202103_113.9024152_22.7378774.png,202103,113.9024152,22.7378774,0.33735,0.469,-0.0007289451914329168,0.454,4,Not significant
D:\A_Research\A_doing_research\20250804_LLM_campus_restoration\shanghai\final_image\202103_113.90253243626074_22.731529658514113.png,202103,113.9025324,22.73152966,0.58037,0.46815,0.0008410645758467477,0.446,1,Not significant
D:\A_Research\A_doing_research\20250804_LLM_campus_restoration\shanghai\final_image\202103_113.90380937988313_22.791965967926878.png,202103,113.9038094,22.79196597,0.4675,0.56444,-0.05186185038467225,0.039,4,HL
D:\A_Research\A_doing_research\20250804_LLM_campus_restoration\shanghai\final_image\202103_113.9066137_22.789513899999996.png,202103,113.9066137,22.7895139,0.38451,0.55014,-0.033938315977991095,0.117,4,Not significant
D:\A_Research\A_doing_research\20250804_LLM_campus_restoration\shanghai\final_image\202103_113.9068788_22.564466399999997.png,202103,113.9068788,22.5644664,0.70398,0.4508,0.001177932122579879,0.001,1,HH
D:\A_Research\A_doing_research\20250804_LLM_campus_restoration\shanghai\final_image\202103_113.9070024_22.779004599999993.png,202103,113.9070024,22.7790046,0.49253,0.421,0.00849010995960018,0.144,3,Not significant
D:\A_Research\A_doing_research\20250804_LLM_campus_restoration\shanghai\final_image\202103_113.9089658_22.4956331.png,202103,113.9089658,22.4956331,0.46952,0.524,0.09879456668489758,0.001,1,HH
D:\A_Research\A_doing_research\20250804_LLM_campus_restoration\shanghai\final_image\202103_113.9143308_22.5359747.png,202103,113.9143308,22.5359747,0.55024,0.49,0.05514746983519687,0.001,1,HH
D:\A_Research\A_doing_research\20250804_LLM_campus_restoration\shanghai\final_image\202103_113.9143614_22.489441899999996.png,202103,113.9143614,22.4894419,0.6989,0.7,0.36674204992723414,0.001,1,HH
D:\A_Research\A_doing_research\20250804_LLM_campus_restoration\shanghai\final_image\202103_113.9159635_22.4858451.png,202103,113.9159635,22.4858451,0.55024,0.51,0.09614922316534333,0.001,1,HH
D:\A_Research\A_doing_research\20250804_LLM_campus_restoration\shanghai\final_image\202103_113.9173027_22.521099399999997.png,202103,113.9173027,22.5210994,0.4532,0.45096,0.002489650969660223,0.001,1,HH
D:\A_Research\A_doing_research\20250804_LLM_campus_restoration\shanghai\final_image\202103_113.9184169_22.553542899999993.png,202103,113.9184169,22.5535429,0.41467,0.59453,0.14211728707436846,0.001,1,HH
D:\A_Research\A_doing_research\20250804_LLM_campus_restoration\shanghai\final_image\202103_113.9199618_22.496713399999997.png,202103,113.9199618,22.4967134,0.3651,0.58711,0.21651088139191071,0.001,1,HH
D:\A_Research\A_doing_research\20250804_LLM_campus_restoration\shanghai\final_image\202103_113.9210713_22.513636199999997.png,202103,113.9210713,22.5136362,0.5485,0.63,0.2917352503461862,0.001,1,HH
D:\A_Research\A_doing_research\20250804_LLM_campus_restoration\shanghai\final_image\202103_113.9228765_22.525948399999997.png,202103,113.9228765,22.5259484,0.45042,0.45013,0.0011028904413306357,0.001,1,HH
D:\A_Research\A_doing_research\20250804_LLM_campus_restoration\shanghai\final_image\202103_113.92463050000002_22.500260399999995.png,202103,113.9246305,22.5002604,0.58159,0.58068,0.2398956983256035,0.001,1,HH
D:\A_Research\A_doing_research\20250804_LLM_campus_restoration\shanghai\final_image\202103_113.9253774_22.496439900000002.png,202103,113.9253774,22.4964399,0.31167,0.50052,0.10272394778051043,0.001,1,HH
D:\A_Research\A_doing_research\20250804_LLM_campus_restoration\shanghai\final_image\202103_113.92717140000002_22.5002718.png,202103,113.9271714,22.5002718,0.30509,0.60384,0.3032032156576415,0.001,1,HH
D:\A_Research\A_doing_research\20250804_LLM_campus_restoration\shanghai\final_image\202103_113.9279679314043_22.503264673633566.png,202103,113.9279679,22.50326467,0.335,0.60703,0.2778906923241908,0.001,1,HH
D:\A_Research\A_doing_research\20250804_LLM_campus_restoration\shanghai\final_image\202103_113.92869280000001_22.5503963.png,202103,113.9286928,22.5503963,0.49358,0.56577,0.16828798145362564,0.001,1,HH
D:\A_Research\A_doing_research\20250804_LLM_campus_restoration\shanghai\final_image\202103_113.928851_22.557925799999996.png,202103,113.928851,22.5579258,0.34334,0.528,0.0848939219090673,0.001,1,HH
D:\A_Research\A_doing_research\20250804_LLM_campus_restoration\shanghai\final_image\202103_113.9291089_22.578710199999996.png,202103,113.9291089,22.5787102,0.4537,0.49063,0.035368703773947914,0.001,1,HH
D:\A_Research\A_doing_research\20250804_LLM_campus_restoration\shanghai\final_image\202103_113.9300789_22.4932089.png,202103,113.9300789,22.4932089,0.48,0.52,0.1256932990045503,0.001,1,HH
D:\A_Research\A_doing_research\20250804_LLM_campus_restoration\shanghai\final_image\202103_113.9317217_22.5611119.png,202103,113.9317217,22.5611119,0.57516,0.553,0.10151158708999825,0.001,1,HH
D:\A_Research\A_doing_research\20250804_LLM_campus_restoration\shanghai\final_image\202103_113.9319545_22.571548400000005.png,202103,113.9319545,22.5715484,0.56203,0.59028,0.11570459097232821,0.002,1,HH
D:\A_Research\A_doing_research\20250804_LLM_campus_restoration\shanghai\final_image\202103_113.9323061_22.5492064.png,202103,113.9323061,22.5492064,0.44581,0.593,0.21782437797590967,0.001,1,HH
D:\A_Research\A_doing_research\20250804_LLM_campus_restoration\shanghai\final_image\202103_113.93536795937055_22.561162273779612.png,202103,113.935368,22.56116227,0.3,0.55803,0.10400431891236538,0.001,1,HH
D:\A_Research\A_doing_research\20250804_LLM_campus_restoration\shanghai\final_image\202103_113.93672068874504_22.570695090848403.png,202103,113.9367207,22.57069509,0.55024,0.47701,0.021294310439017916,0.002,1,HH
D:\A_Research\A_doing_research\20250804_LLM_campus_restoration\shanghai\final_image\202103_113.9368625_22.5154676.png,202103,113.9368625,22.5154676,0.374,0.69124,0.4319756945357781,0.001,1,HH
D:\A_Research\A_doing_research\20250804_LLM_campus_restoration\shanghai\final_image\202103_113.9384321_22.532317300000003.png,202103,113.9384321,22.5323173,0.37792,0.52421,0.13355361545943553,0.001,1,HH
D:\A_Research\A_doing_research\20250804_LLM_campus_restoration\shanghai\final_image\202103_113.9384793_22.5211772.png,202103,113.9384793,22.5211772,0.2789,0.4197,-0.053116720481916985,0.001,2,LH
D:\A_Research\A_doing_research\20250804_LLM_campus_restoration\shanghai\final_image\202103_113.93864308334373_22.563376091861887.png,202103,113.9386431,22.56337609,0.40911,0.40725,-0.04004271194139322,0.001,2,LH
D:\A_Research\A_doing_research\20250804_LLM_campus_restoration\shanghai\final_image\202103_113.9391431_22.5892292.png,202103,113.9391431,22.5892292,0.58572,0.573,0.10216974006594157,0.001,1,HH
D:\A_Research\A_doing_research\20250804_LLM_campus_restoration\shanghai\final_image\202103_113.94040978379569_22.55313554517031.png,202103,113.9404098,22.55313555,0.55024,0.54409,0.13307996192290691,0.001,1,HH
D:\A_Research\A_doing_research\20250804_LLM_campus_restoration\shanghai\final_image\202103_113.9404968_22.5573683.png,202103,113.9404968,22.5573683,0.55024,0.42,-0.0370950522563708,0.001,2,LH
D:\A_Research\A_doing_research\20250804_LLM_campus_restoration\shanghai\final_image\202103_113.94053270000002_22.5461772.png,202103,113.9405327,22.5461772,0.47563,0.3917,-0.1036060983010468,0.001,2,LH
D:\A_Research\A_doing_research\20250804_LLM_campus_restoration\shanghai\final_image\202103_113.9405859_22.56340030000001.png,202103,113.9405859,22.5634003,0.63,0.49695,0.035161652859293874,0.006,1,HH
D:\A_Research\A_doing_research\20250804_LLM_campus_restoration\shanghai\final_image\202103_113.94171391966839_22.505405827948014.png,202103,113.9417139,22.50540583,0.65,0.44107,-0.014022634547098673,0.001,2,LH
D:\A_Research\A_doing_research\20250804_LLM_campus_restoration\shanghai\final_image\202103_113.941758_22.503601700000004.png,202103,113.941758,22.5036017,0.5801,0.52883,0.1219781136615484,0.001,1,HH
D:\A_Research\A_doing_research\20250804_LLM_campus_restoration\shanghai\final_image\202103_113.9429747_22.532584499999995.png,202103,113.9429747,22.5325845,0.73888,0.45829,0.016783668350584265,0.001,1,HH
D:\A_Research\A_doing_research\20250804_LLM_campus_restoration\shanghai\final_image\202103_113.9443552_22.542899200000004.png,202103,113.9443552,22.5428992,0.57155,0.457,0.0140648518025097,0.001,1,HH
D:\A_Research\A_doing_research\20250804_LLM_campus_restoration\shanghai\final_image\202103_113.9449013_22.519074.png,202103,113.9449013,22.519074,0.694,0.343,-0.17057630917667466,0.001,2,LH
D:\A_Research\A_doing_research\20250804_LLM_campus_restoration\shanghai\final_image\202103_113.9459981745746_22.551043820407106.png,202103,113.9459982,22.55104382,0.27507,0.65445,0.3057983043088529,0.001,1,HH
D:\A_Research\A_doing_research\20250804_LLM_campus_restoration\shanghai\final_image\202103_113.951248_22.5434546.png,202103,113.951248,22.5434546,0.34176,0.45,0.000886477260577816,0.001,1,HH
D:\A_Research\A_doing_research\20250804_LLM_campus_restoration\shanghai\final_image\202103_113.9539736_22.5413711.png,202103,113.9539736,22.5413711,0.35227,0.19708,-0.423337990241831,0.001,2,LH
D:\A_Research\A_doing_research\20250804_LLM_campus_restoration\shanghai\final_image\202103_113.9572307259974_22.543175451827373.png,202103,113.9572307,22.54317545,0.50692,0.66724,0.2887137279707988,0.001,1,HH
D:\A_Research\A_doing_research\20250804_LLM_campus_restoration\shanghai\final_image\202103_113.9617964_22.538243099999995.png,202103,113.9617964,22.5382431,0.47067,0.45657,0.010457224260627274,0.001,1,HH
D:\A_Research\A_doing_research\20250804_LLM_campus_restoration\shanghai\final_image\202103_113.96428759537906_22.525885213125715.png,202103,113.9642876,22.52588521,0.34593,0.309,-0.17192612231748625,0.001,2,LH
D:\A_Research\A_doing_research\20250804_LLM_campus_restoration\shanghai\final_image\202103_113.9651074_22.569433700000005.png,202103,113.9651074,22.5694337,0.43229,0.37171,-0.054654413322992416,0.002,2,LH
D:\A_Research\A_doing_research\20250804_LLM_campus_restoration\shanghai\final_image\202103_113.96578048081966_22.529220440839204.png,202103,113.9657805,22.52922044,0.49882,0.50373,0.05567833309672929,0.001,1,HH
D:\A_Research\A_doing_research\20250804_LLM_campus_restoration\shanghai\final_image\202103_113.9713224_22.539261799999995.png,202103,113.9713224,22.5392618,0.32311,0.45977,0.014803723080311477,0.001,1,HH
D:\A_Research\A_doing_research\20250804_LLM_campus_restoration\shanghai\final_image\202103_113.9722949_22.5515444.png,202103,113.9722949,22.5515444,0.39829,0.6233,0.22240408328818048,0.001,1,HH
D:\A_Research\A_doing_research\20250804_LLM_campus_restoration\shanghai\final_image\202103_113.9735247_22.5295713.png,202103,113.9735247,22.5295713,0.30357,0.54025,0.11793666282653054,0.001,1,HH
D:\A_Research\A_doing_research\20250804_LLM_campus_restoration\shanghai\final_image\202103_113.975326_22.563885.png,202103,113.975326,22.563885,0.57091,0.6551,0.20249487517869053,0.001,1,HH
D:\A_Research\A_doing_research\20250804_LLM_campus_restoration\shanghai\final_image\202103_113.9772284_22.566765299999997.png,202103,113.9772284,22.5667653,0.64597,0.57811,0.11431674670589567,0.002,1,HH
D:\A_Research\A_doing_research\20250804_LLM_campus_restoration\shanghai\final_image\202103_113.9790737_22.539599999999997.png,202103,113.9790737,22.5396,0.46952,0.52049,0.11476961188886867,0.001,1,HH
D:\A_Research\A_doing_research\20250804_LLM_campus_restoration\shanghai\final_image\202103_113.9795025_22.564937199999996.png,202103,113.9795025,22.5649372,0.5652,0.412,-0.039353985782813725,0.001,2,LH
D:\A_Research\A_doing_research\20250804_LLM_campus_restoration\shanghai\final_image\202103_113.9843801_22.529331499999998.png,202103,113.9843801,22.5293315,0.40636,0.58614,0.20209765441037936,0.001,1,HH
D:\A_Research\A_doing_research\20250804_LLM_campus_restoration\shanghai\final_image\202103_114.0028434_22.5361266.png,202103,114.0028434,22.5361266,0.55024,0.54562,0.1452436162517629,0.001,1,HH
D:\A_Research\A_doing_research\20250804_LLM_campus_restoration\shanghai\final_image\202103_114.0039809_22.5516573.png,202103,114.0039809,22.5516573,0.60797,0.65594,0.2508094480441492,0.001,1,HH
D:\A_Research\A_doing_research\20250804_LLM_campus_restoration\shanghai\final_image\202103_114.0075415_22.5619641.png,202103,114.0075415,22.5619641,0.5,0.57768,0.10291710940305741,0.001,1,HH
D:\A_Research\A_doing_research\20250804_LLM_campus_restoration\shanghai\final_image\202103_114.0119804_22.533219699999997.png,202103,114.0119804,22.5332197,0.60294,0.46521,0.021936794202934352,0.001,1,HH
D:\A_Research\A_doing_research\20250804_LLM_campus_restoration\shanghai\final_image\202103_114.01706236172443_22.538244643103535.png,202103,114.0170624,22.53824464,0.58909,0.42,-0.04002615555088782,0.001,2,LH
D:\A_Research\A_doing_research\20250804_LLM_campus_restoration\shanghai\final_image\202103_114.01995693415503_22.656406058340153.png,202103,114.0199569,22.65640606,0.48241,0.45897,0.005432056229500895,0.008,1,HH
D:\A_Research\A_doing_research\20250804_LLM_campus_restoration\shanghai\final_image\202103_114.02131640000002_22.728074.png,202103,114.0213164,22.728074,0.66699,0.24994,0.0777671874043852,0.036,3,LL
D:\A_Research\A_doing_research\20250804_LLM_campus_restoration\shanghai\final_image\202103_114.0214167_22.529604399999997.png,202103,114.0214167,22.5296044,0.4675,0.47179,0.026927194776386398,0.001,1,HH
D:\A_Research\A_doing_research\20250804_LLM_campus_restoration\shanghai\final_image\202103_114.0241822_22.697551699999998.png,202103,114.0241822,22.6975517,0.35227,0.38374,0.023609796135464753,0.069,3,Not significant
D:\A_Research\A_doing_research\20250804_LLM_campus_restoration\shanghai\final_image\202103_114.02429930515254_22.677948447961324.png,202103,114.0242993,22.67794845,0.37755,0.605,0.011023315235806307,0.359,1,Not significant
D:\A_Research\A_doing_research\20250804_LLM_campus_restoration\shanghai\final_image\202103_114.025194_22.64832.png,202103,114.025194,22.64832,0.32621,0.5829,0.0721342492633906,0.008,1,HH
D:\A_Research\A_doing_research\20250804_LLM_campus_restoration\shanghai\final_image\202103_114.0252407_22.540012299999997.png,202103,114.0252407,22.5400123,0.34639,0.3942,-0.0759018971609424,0.001,2,LH
D:\A_Research\A_doing_research\20250804_LLM_campus_restoration\shanghai\final_image\202103_114.02564157799715_22.660567813604136.png,202103,114.0256416,22.66056781,0.51806,0.3337,-0.08046335920456046,0.008,2,LH
D:\A_Research\A_doing_research\20250804_LLM_campus_restoration\shanghai\final_image\202103_114.0258997_22.6934115.png,202103,114.0258997,22.6934115,0.579,0.20185,0.054087010367735555,0.139,3,Not significant
D:\A_Research\A_doing_research\20250804_LLM_campus_restoration\shanghai\final_image\202103_114.0261129_22.6995447.png,202103,114.0261129,22.6995447,0.55,0.4,0.016941150993023228,0.055,3,Not significant
D:\A_Research\A_doing_research\20250804_LLM_campus_restoration\shanghai\final_image\202103_114.02614161348475_22.65384702810131.png,202103,114.0261416,22.65384703,0.6285,0.47901,0.01462418376075475,0.046,1,HH
D:\A_Research\A_doing_research\20250804_LLM_campus_restoration\shanghai\final_image\202103_114.0295192_22.6753357.png,202103,114.0295192,22.6753357,0.64368,0.49,0.013875311348613003,0.102,1,Not significant
D:\A_Research\A_doing_research\20250804_LLM_campus_restoration\shanghai\final_image\202103_114.0303417_22.7521348.png,202103,114.0303417,22.7521348,0.54632,0.4434,0.0028525235844865946,0.037,3,LL
D:\A_Research\A_doing_research\20250804_LLM_campus_restoration\shanghai\final_image\202103_114.0333119_22.6772935.png,202103,114.0333119,22.6772935,0.55744,0.421,-0.004767392655659209,0.252,2,Not significant
D:\A_Research\A_doing_research\20250804_LLM_campus_restoration\shanghai\final_image\202103_114.0336152_22.727613100000003.png,202103,114.0336152,22.7276131,0.48808,0.51979,-0.01999631013857897,0.167,4,Not significant
D:\A_Research\A_doing_research\20250804_LLM_campus_restoration\shanghai\final_image\202103_114.0343637_22.714637800000002.png,202103,114.0343637,22.7146378,0.43619,0.35059,0.01859320319942115,0.211,3,Not significant
D:\A_Research\A_doing_research\20250804_LLM_campus_restoration\shanghai\final_image\202103_114.0348349_22.7048846.png,202103,114.0348349,22.7048846,0.39574,0.351,0.021993393708073235,0.168,3,Not significant
D:\A_Research\A_doing_research\20250804_LLM_campus_restoration\shanghai\final_image\202103_114.03540604528543_22.659681375774273.png,202103,114.035406,22.65968138,0.54666,0.587,0.07261474282597133,0.037,1,HH
D:\A_Research\A_doing_research\20250804_LLM_campus_restoration\shanghai\final_image\202103_114.03556500000002_22.543814300000005.png,202103,114.035565,22.5438143,0.598,0.47,0.026515145273945485,0.001,1,HH
D:\A_Research\A_doing_research\20250804_LLM_campus_restoration\shanghai\final_image\202103_114.0382608_22.661168499999995.png,202103,114.0382608,22.6611685,0.59828,0.61109,0.06684567113860736,0.061,1,Not significant
D:\A_Research\A_doing_research\20250804_LLM_campus_restoration\shanghai\final_image\202103_114.0403131_22.522091.png,202103,114.0403131,22.522091,0.54507,0.36075,-0.07921517828417018,0.001,2,LH
D:\A_Research\A_doing_research\20250804_LLM_campus_restoration\shanghai\final_image\202103_114.0419238_22.517752200000004.png,202103,114.0419238,22.5177522,0.3875,0.45,0.0005351574975390834,0.001,1,HH
D:\A_Research\A_doing_research\20250804_LLM_campus_restoration\shanghai\final_image\202103_114.04193138324224_22.64859052597776.png,202103,114.0419314,22.64859053,0.4625,0.438,-0.0020036515720773212,0.21,2,Not significant
D:\A_Research\A_doing_research\20250804_LLM_campus_restoration\shanghai\final_image\202103_114.0433253_22.542509600000002.png,202103,114.0433253,22.5425096,0.11735,0.50359,0.07631138410014067,0.001,1,HH
D:\A_Research\A_doing_research\20250804_LLM_campus_restoration\shanghai\final_image\202103_114.04470779205663_22.75313704940826.png,202103,114.0447078,22.75313705,0.44636,0.539,-0.01412787627305423,0.255,4,Not significant
D:\A_Research\A_doing_research\20250804_LLM_campus_restoration\shanghai\final_image\202103_114.0453315_22.6931832.png,202103,114.0453315,22.6931832,0.60116,0.49843,-0.002397703294199894,0.407,4,Not significant
D:\A_Research\A_doing_research\20250804_LLM_campus_restoration\shanghai\final_image\202103_114.0456365_22.508059699999997.png,202103,114.0456365,22.5080597,0.23587,0.42311,-0.029333366458434023,0.001,2,LH
D:\A_Research\A_doing_research\20250804_LLM_campus_restoration\shanghai\final_image\202103_114.0460623_22.7341312.png,202103,114.0460623,22.7341312,0.2913,0.38132,-0.00461684047591691,0.417,2,Not significant
D:\A_Research\A_doing_research\20250804_LLM_campus_restoration\shanghai\final_image\202103_114.046224_22.646990999999996.png,202103,114.046224,22.646991,0.62314,0.50334,0.005440759206600911,0.316,1,Not significant
D:\A_Research\A_doing_research\20250804_LLM_campus_restoration\shanghai\final_image\202103_114.04664158073072_22.54721208820835.png,202103,114.0466416,22.54721209,0.5138,0.50648,0.08445031499325033,0.001,1,HH
D:\A_Research\A_doing_research\20250804_LLM_campus_restoration\shanghai\final_image\202103_114.0492532_22.503914999999996.png,202103,114.0492532,22.503915,0.47,0.38837,-0.0625338440248686,0.001,2,LH
D:\A_Research\A_doing_research\20250804_LLM_campus_restoration\shanghai\final_image\202103_114.0512453_22.503682.png,202103,114.0512453,22.503682,0.33208,0.46757,0.01647977492821106,0.001,1,HH
D:\A_Research\A_doing_research\20250804_LLM_campus_restoration\shanghai\final_image\202103_114.0523905_22.507256900000005.png,202103,114.0523905,22.5072569,0.23716,0.6269,0.15521877638784476,0.001,1,HH
D:\A_Research\A_doing_research\20250804_LLM_campus_restoration\shanghai\final_image\202103_114.0533205_22.5395383.png,202103,114.0533205,22.5395383,0.69897,0.438,-0.016813516199841935,0.001,2,LH
D:\A_Research\A_doing_research\20250804_LLM_campus_restoration\shanghai\final_image\202103_114.0536618_22.675706499999997.png,202103,114.0536618,22.6757065,0.21884,0.35684,-0.012705266848168424,0.281,2,Not significant
D:\A_Research\A_doing_research\20250804_LLM_campus_restoration\shanghai\final_image\202103_114.0552365_22.5092541.png,202103,114.0552365,22.5092541,0.45104,0.472,0.023674297169718354,0.001,1,HH
D:\A_Research\A_doing_research\20250804_LLM_campus_restoration\shanghai\final_image\202103_114.05568005891669_22.668509965401316.png,202103,114.0556801,22.66850997,0.36373,0.24357,-0.08242569798476004,0.056,2,Not significant
D:\A_Research\A_doing_research\20250804_LLM_campus_restoration\shanghai\final_image\202103_114.0582303_22.5335094.png,202103,114.0582303,22.5335094,0.47143,0.56041,0.1598218404454341,0.001,1,HH
D:\A_Research\A_doing_research\20250804_LLM_campus_restoration\shanghai\final_image\202103_114.05843317568561_22.67630894737166.png,202103,114.0584332,22.67630895,0.3956,0.49704,0.004386223269545291,0.341,1,Not significant
D:\A_Research\A_doing_research\20250804_LLM_campus_restoration\shanghai\final_image\202103_114.0625077_22.564344.png,202103,114.0625077,22.564344,0.653,0.54409,0.08278981707944987,0.001,1,HH
D:\A_Research\A_doing_research\20250804_LLM_campus_restoration\shanghai\final_image\202103_114.06255733613432_22.553281931357972.png,202103,114.0625573,22.55328193,0.13703,0.53304,0.10776435743813526,0.001,1,HH
D:\A_Research\A_doing_research\20250804_LLM_campus_restoration\shanghai\final_image\202103_114.0671931_22.531809499999998.png,202103,114.0671931,22.5318095,0.646,0.457,0.011832649606836436,0.001,1,HH
D:\A_Research\A_doing_research\20250804_LLM_campus_restoration\shanghai\final_image\202103_114.0727822_22.654202299999998.png,202103,114.0727822,22.6542023,0.55024,0.33209,0.0035540840816418633,0.443,3,Not significant
D:\A_Research\A_doing_research\20250804_LLM_campus_restoration\shanghai\final_image\202103_114.07638637601512_22.731645207801105.png,202103,114.0763864,22.73164521,0.55024,0.6884,-0.0724912562712173,0.026,4,HL
D:\A_Research\A_doing_research\20250804_LLM_campus_restoration\shanghai\final_image\202103_114.0769743_22.6950555.png,202103,114.0769743,22.6950555,0.45428,0.444,0.0010817411038168082,0.159,3,Not significant
D:\A_Research\A_doing_research\20250804_LLM_campus_restoration\shanghai\final_image\202103_114.0776478_22.6572467.png,202103,114.0776478,22.6572467,0.37761,0.38354,0.0036122649947655286,0.378,3,Not significant
D:\A_Research\A_doing_research\20250804_LLM_campus_restoration\shanghai\final_image\202103_114.07891630000002_22.555023900000002.png,202103,114.0789163,22.5550239,0.60739,0.425,-0.028105529883154193,0.001,2,LH
D:\A_Research\A_doing_research\20250804_LLM_campus_restoration\shanghai\final_image\202103_114.08177436810324_22.71047882066633.png,202103,114.0817744,22.71047882,0.34994,0.4703,-0.015284372194762537,0.008,4,HL
D:\A_Research\A_doing_research\20250804_LLM_campus_restoration\shanghai\final_image\202103_114.08429278885752_22.558251223708968.png,202103,114.0842928,22.55825122,0.40346,0.66506,0.2463416047153492,0.001,1,HH
D:\A_Research\A_doing_research\20250804_LLM_campus_restoration\shanghai\final_image\202103_114.0892795_22.7489908.png,202103,114.0892795,22.7489908,0.46647,0.47093,-0.005427440825565103,0.128,4,Not significant
D:\A_Research\A_doing_research\20250804_LLM_campus_restoration\shanghai\final_image\202103_114.0905174_22.742056099999996.png,202103,114.0905174,22.7420561,0.1646,0.475,-0.004862607187530308,0.141,4,Not significant
D:\A_Research\A_doing_research\20250804_LLM_campus_restoration\shanghai\final_image\202103_114.0913439186539_22.699804612375523.png,202103,114.0913439,22.69980461,0.46,0.478,-0.026594406872002017,0.004,4,HL
D:\A_Research\A_doing_research\20250804_LLM_campus_restoration\shanghai\final_image\202103_114.0931461_22.554121899999995.png,202103,114.0931461,22.5541219,0.40055,0.54011,0.11737795132552978,0.001,1,HH
D:\A_Research\A_doing_research\20250804_LLM_campus_restoration\shanghai\final_image\202103_114.09518_22.543358.png,202103,114.09518,22.543358,0.45104,0.4249,-0.0322363622283696,0.001,2,LH
D:\A_Research\A_doing_research\20250804_LLM_campus_restoration\shanghai\final_image\202103_114.0965628_22.577913999999996.png,202103,114.0965628,22.577914,0.487,0.435,-0.006148068545198417,0.018,2,LH
D:\A_Research\A_doing_research\20250804_LLM_campus_restoration\shanghai\final_image\202103_114.0968224_22.6314363.png,202103,114.0968224,22.6314363,0.3066,0.449,-5.632203730707152e-05,0.228,2,Not significant
D:\A_Research\A_doing_research\20250804_LLM_campus_restoration\shanghai\final_image\202103_114.0970567909583_22.7181553287723.png,202103,114.0970568,22.71815533,0.37782,0.36917,0.023191800228429205,0.092,3,Not significant
D:\A_Research\A_doing_research\20250804_LLM_campus_restoration\shanghai\final_image\202103_114.097324_22.7009943.png,202103,114.097324,22.7009943,0.646,0.345,0.05681709967332465,0.013,3,LL
D:\A_Research\A_doing_research\20250804_LLM_campus_restoration\shanghai\final_image\202103_114.0974749_22.5565291.png,202103,114.0974749,22.5565291,0.30014,0.48877,0.04370109723452502,0.001,1,HH
D:\A_Research\A_doing_research\20250804_LLM_campus_restoration\shanghai\final_image\202103_114.097968_22.712889199999996.png,202103,114.097968,22.7128892,0.51419,0.50407,-0.02760023189654126,0.01,4,HL
D:\A_Research\A_doing_research\20250804_LLM_campus_restoration\shanghai\final_image\202103_114.0988453_22.704682299999998.png,202103,114.0988453,22.7046823,0.4235,0.3297,0.061942593523897777,0.011,3,LL
D:\A_Research\A_doing_research\20250804_LLM_campus_restoration\shanghai\final_image\202103_114.0993432_22.561568599999998.png,202103,114.0993432,22.5615686,0.37203,0.47462,0.024906291026431347,0.001,1,HH
D:\A_Research\A_doing_research\20250804_LLM_campus_restoration\shanghai\final_image\202103_114.0993904_22.720913200000002.png,202103,114.0993904,22.7209132,0.52699,0.539,-0.0348360942732743,0.031,4,HL
D:\A_Research\A_doing_research\20250804_LLM_campus_restoration\shanghai\final_image\202103_114.10049030000002_22.551953199999996.png,202103,114.1004903,22.5519532,0.47,0.478,0.034013288513045685,0.001,1,HH
D:\A_Research\A_doing_research\20250804_LLM_campus_restoration\shanghai\final_image\202103_114.1017348_22.5586412.png,202103,114.1017348,22.5586412,0.52,0.35309,-0.11964317184686223,0.001,2,LH
D:\A_Research\A_doing_research\20250804_LLM_campus_restoration\shanghai\final_image\202103_114.1039115_22.5822323.png,202103,114.1039115,22.5822323,0.72735,0.265,-0.02412475095725747,0.281,2,Not significant
D:\A_Research\A_doing_research\20250804_LLM_campus_restoration\shanghai\final_image\202103_114.1102391_22.621661899999992.png,202103,114.1102391,22.6216619,0.56088,0.314,-0.007653619752415345,0.387,2,Not significant
D:\A_Research\A_doing_research\20250804_LLM_campus_restoration\shanghai\final_image\202103_114.1113791_22.6142769.png,202103,114.1113791,22.6142769,0.13703,0.46153,-0.0006007794334959507,0.395,4,Not significant
D:\A_Research\A_doing_research\20250804_LLM_campus_restoration\shanghai\final_image\202103_114.1124009_22.5851513.png,202103,114.1124009,22.5851513,0.353,0.53356,-0.00896682604748928,0.325,4,Not significant
D:\A_Research\A_doing_research\20250804_LLM_campus_restoration\shanghai\final_image\202103_114.1169143_22.600235199999997.png,202103,114.1169143,22.6002352,0.54267,0.58603,0.0021822874383338902,0.484,1,Not significant
D:\A_Research\A_doing_research\20250804_LLM_campus_restoration\shanghai\final_image\202103_114.11892340000001_22.630858799999995.png,202103,114.1189234,22.6308588,0.55024,0.30987,0.005913519213195856,0.428,3,Not significant
D:\A_Research\A_doing_research\20250804_LLM_campus_restoration\shanghai\final_image\202103_114.1198452_22.5910835.png,202103,114.1198452,22.5910835,0.3644,0.45965,0.0011159614083343322,0.3,1,Not significant
D:\A_Research\A_doing_research\20250804_LLM_campus_restoration\shanghai\final_image\202103_114.1205663_22.568866200000002.png,202103,114.1205663,22.5688662,0.137,0.41842,-0.028550657753209162,0.003,2,LH
D:\A_Research\A_doing_research\20250804_LLM_campus_restoration\shanghai\final_image\202103_114.1217117_22.6624626.png,202103,114.1217117,22.6624626,0.55548,0.65,-0.12104284988094917,0.008,4,HL
D:\A_Research\A_doing_research\20250804_LLM_campus_restoration\shanghai\final_image\202103_114.1218828_22.596607.png,202103,114.1218828,22.596607,0.49835,0.386,-0.007344811336437962,0.293,2,Not significant
D:\A_Research\A_doing_research\20250804_LLM_campus_restoration\shanghai\final_image\202103_114.12190805793112_22.627928023917203.png,202103,114.1219081,22.62792802,0.75,0.50373,-0.008848614132213915,0.234,4,Not significant
D:\A_Research\A_doing_research\20250804_LLM_campus_restoration\shanghai\final_image\202103_114.12194611798485_22.565742371359875.png,202103,114.1219461,22.56574237,0.21411,0.60384,0.11333638732175028,0.01,1,HH
D:\A_Research\A_doing_research\20250804_LLM_campus_restoration\shanghai\final_image\202103_114.1224915_22.7001825.png,202103,114.1224915,22.7001825,0.3,0.53963,-0.032681329445738254,0.016,4,HL
D:\A_Research\A_doing_research\20250804_LLM_campus_restoration\shanghai\final_image\202103_114.1227501_22.5559666.png,202103,114.1227501,22.5559666,0.38286,0.58115,0.10192908957496494,0.003,1,HH
D:\A_Research\A_doing_research\20250804_LLM_campus_restoration\shanghai\final_image\202103_114.1244425_22.603198499999994.png,202103,114.1244425,22.6031985,0.47,0.36517,-0.0016343406547126922,0.46,2,Not significant
D:\A_Research\A_doing_research\20250804_LLM_campus_restoration\shanghai\final_image\202103_114.1248786_22.577026099999998.png,202103,114.1248786,22.5770261,0.42325,0.40049,-0.018965179329623938,0.053,2,Not significant
D:\A_Research\A_doing_research\20250804_LLM_campus_restoration\shanghai\final_image\202103_114.1264201_22.6351297.png,202103,114.1264201,22.6351297,0.48241,0.48547,-0.007059646109130783,0.214,4,Not significant
D:\A_Research\A_doing_research\20250804_LLM_campus_restoration\shanghai\final_image\202103_114.1284662_22.625145700000004.png,202103,114.1284662,22.6251457,0.318,0.34719,0.004604939693398909,0.401,3,Not significant
D:\A_Research\A_doing_research\20250804_LLM_campus_restoration\shanghai\final_image\202103_114.1329303_22.616122899999997.png,202103,114.1329303,22.6161229,0.64682,0.53037,-0.016981594152707728,0.158,4,Not significant
D:\A_Research\A_doing_research\20250804_LLM_campus_restoration\shanghai\final_image\202103_114.1331601_22.550479200000005.png,202103,114.1331601,22.5504792,0.57513,0.3858,-0.04720493577577832,0.001,2,LH
D:\A_Research\A_doing_research\20250804_LLM_campus_restoration\shanghai\final_image\202103_114.13607955712085_22.56019460406232.png,202103,114.1360796,22.5601946,0.41616,0.5378,0.05356941491357873,0.035,1,HH
D:\A_Research\A_doing_research\20250804_LLM_campus_restoration\shanghai\final_image\202103_114.1367157_22.698665399999992.png,202103,114.1367157,22.6986654,0.43255,0.49441,-0.002102070056115292,0.444,4,Not significant
D:\A_Research\A_doing_research\20250804_LLM_campus_restoration\shanghai\final_image\202103_114.13746860000002_22.716279900000004.png,202103,114.1374686,22.7162799,0.352,0.34356,0.024815400835638105,0.085,3,Not significant
D:\A_Research\A_doing_research\20250804_LLM_campus_restoration\shanghai\final_image\202103_114.1378067_22.6029624.png,202103,114.1378067,22.6029624,0.58,0.34756,0.015610869197217839,0.218,3,Not significant
D:\A_Research\A_doing_research\20250804_LLM_campus_restoration\shanghai\final_image\202103_114.1462658_22.620422699999995.png,202103,114.1462658,22.6204227,0.19991,0.24058,0.03027481042374051,0.23,3,Not significant
D:\A_Research\A_doing_research\20250804_LLM_campus_restoration\shanghai\final_image\202103_114.150446_22.640353499999996.png,202103,114.150446,22.6403535,0.64597,0.443,0.0034619185110656868,0.002,3,LL
D:\A_Research\A_doing_research\20250804_LLM_campus_restoration\shanghai\final_image\202103_114.2034661_22.7108026.png,202103,114.2034661,22.7108026,0.52318,0.6451,0.030749410981080534,0.26,1,Not significant
D:\A_Research\A_doing_research\20250804_LLM_campus_restoration\shanghai\final_image\202103_114.2052193_22.662703799999996.png,202103,114.2052193,22.6627038,0.5671,0.453,-0.0017467871698356782,0.024,4,HL
D:\A_Research\A_doing_research\20250804_LLM_campus_restoration\shanghai\final_image\202103_114.21034396837918_22.675777386849283.png,202103,114.210344,22.67577739,0.60739,0.25606,0.029119446137604237,0.268,3,Not significant
D:\A_Research\A_doing_research\20250804_LLM_campus_restoration\shanghai\final_image\202103_114.2110935_22.721982699999998.png,202103,114.2110935,22.7219827,0.30344,0.48,-0.0005205962290819039,0.496,4,Not significant
D:\A_Research\A_doing_research\20250804_LLM_campus_restoration\shanghai\final_image\202103_114.2151047_22.555198599999997.png,202103,114.2151047,22.5551986,0.43129,0.38408,0.06636874691127609,0.001,3,LL
D:\A_Research\A_doing_research\20250804_LLM_campus_restoration\shanghai\final_image\202103_114.2173882_22.6723256.png,202103,114.2173882,22.6723256,0.3896,0.36879,-0.0003648234244361665,0.492,2,Not significant
D:\A_Research\A_doing_research\20250804_LLM_campus_restoration\shanghai\final_image\202103_114.21793862646713_22.67803233370238.png,202103,114.2179386,22.67803233,0.525,0.4628,-0.0011824596641064706,0.38,4,Not significant
D:\A_Research\A_doing_research\20250804_LLM_campus_restoration\shanghai\final_image\202103_114.2190778_22.674972899999997.png,202103,114.2190778,22.6749729,0.43044,0.44609,0.0004074195654553808,0.351,3,Not significant
D:\A_Research\A_doing_research\20250804_LLM_campus_restoration\shanghai\final_image\202103_114.2203088_22.750533599999997.png,202103,114.2203088,22.7505336,0.61678,0.37,0.029221075112075213,0.1,3,Not significant
D:\A_Research\A_doing_research\20250804_LLM_campus_restoration\shanghai\final_image\202103_114.2214132_22.722237199999995.png,202103,114.2214132,22.7222372,0.29793,0.2436,0.008072863781089741,0.447,3,Not significant
D:\A_Research\A_doing_research\20250804_LLM_campus_restoration\shanghai\final_image\202103_114.2240115_22.690695.png,202103,114.2240115,22.690695,0.37594,0.34345,-0.01601499670435182,0.255,2,Not significant
D:\A_Research\A_doing_research\20250804_LLM_campus_restoration\shanghai\final_image\202103_114.2242245_22.5554874.png,202103,114.2242245,22.5554874,0.48241,0.45104,-0.00013928153111898259,0.44,4,Not significant
D:\A_Research\A_doing_research\20250804_LLM_campus_restoration\shanghai\final_image\202103_114.22602540000001_22.734684800000004.png,202103,114.2260254,22.7346848,0.46952,0.55712,-0.035872300318886746,0.125,4,Not significant
D:\A_Research\A_doing_research\20250804_LLM_campus_restoration\shanghai\final_image\202103_114.2271675_22.554679599999993.png,202103,114.2271675,22.5546796,0.19853,0.425,-0.0012474281632123827,0.41,2,Not significant
D:\A_Research\A_doing_research\20250804_LLM_campus_restoration\shanghai\final_image\202103_114.2296563_22.5597124.png,202103,114.2296563,22.5597124,0.3892,0.52735,-0.023903173768821707,0.184,4,Not significant
D:\A_Research\A_doing_research\20250804_LLM_campus_restoration\shanghai\final_image\202103_114.23182215334009_22.704274352362827.png,202103,114.2318222,22.70427435,0.45925,0.38635,-0.02571768438400777,0.127,2,Not significant
D:\A_Research\A_doing_research\20250804_LLM_campus_restoration\shanghai\final_image\202103_114.23225276413545_22.67973649026038.png,202103,114.2322528,22.67973649,0.37547,0.49621,-0.011481437780364557,0.171,4,Not significant
D:\A_Research\A_doing_research\20250804_LLM_campus_restoration\shanghai\final_image\202103_114.2358123_22.728261600000003.png,202103,114.2358123,22.7282616,0.54698,0.77059,-0.0410205182360833,0.396,4,Not significant
D:\A_Research\A_doing_research\20250804_LLM_campus_restoration\shanghai\final_image\202103_114.2406577_22.724981399999997.png,202103,114.2406577,22.7249814,0.41467,0.52,0.015260543223554373,0.233,1,Not significant
D:\A_Research\A_doing_research\20250804_LLM_campus_restoration\shanghai\final_image\202103_114.2422502421771_22.56227045019431.png,202103,114.2422502,22.56227045,0.55024,0.41604,0.01174587499070476,0.141,3,Not significant
D:\A_Research\A_doing_research\20250804_LLM_campus_restoration\shanghai\final_image\202103_114.24886032892263_22.70519218145229.png,202103,114.2488603,22.70519218,0.39806,0.49738,0.00012678689452489544,0.488,1,Not significant
D:\A_Research\A_doing_research\20250804_LLM_campus_restoration\shanghai\final_image\202103_114.25011483600086_22.740615131287942.png,202103,114.2501148,22.74061513,0.37426,0.527,0.004559671246356439,0.399,1,Not significant
D:\A_Research\A_doing_research\20250804_LLM_campus_restoration\shanghai\final_image\202103_114.2520585_22.746504299999998.png,202103,114.2520585,22.7465043,0.45631,0.53701,-0.024916249643305324,0.16,4,Not significant
D:\A_Research\A_doing_research\20250804_LLM_campus_restoration\shanghai\final_image\202103_114.2549302_22.743100399999996.png,202103,114.2549302,22.7431004,0.48241,0.38303,0.012368739367026566,0.278,3,Not significant
D:\A_Research\A_doing_research\20250804_LLM_campus_restoration\shanghai\final_image\202103_114.2578653_22.7203272.png,202103,114.2578653,22.7203272,0.60427,0.60671,-0.024441691502462875,0.314,4,Not significant
D:\A_Research\A_doing_research\20250804_LLM_campus_restoration\shanghai\final_image\202103_114.2580832_22.585963900000003.png,202103,114.2580832,22.5859639,0.51809,0.26007,0.12025462333278139,0.007,3,LL
D:\A_Research\A_doing_research\20250804_LLM_campus_restoration\shanghai\final_image\202103_114.26684914823393_22.71538867852579.png,202103,114.2668491,22.71538868,0.4,0.46673,-0.0035715259956346466,0.198,4,Not significant
D:\A_Research\A_doing_research\20250804_LLM_campus_restoration\shanghai\final_image\202103_114.2679897_22.7206134.png,202103,114.2679897,22.7206134,0.451,0.477,-0.004650601012293765,0.256,4,Not significant
D:\A_Research\A_doing_research\20250804_LLM_campus_restoration\shanghai\final_image\202103_114.2694299_22.7328135.png,202103,114.2694299,22.7328135,0.65184,0.47526,-0.001268388264180514,0.444,4,Not significant
D:\A_Research\A_doing_research\20250804_LLM_campus_restoration\shanghai\final_image\202103_114.2739153_22.588342099999995.png,202103,114.2739153,22.5883421,0.74299,0.45085,-0.00037649138091647383,0.1,4,Not significant
D:\A_Research\A_doing_research\20250804_LLM_campus_restoration\shanghai\final_image\202103_114.2781623_22.7481021.png,202103,114.2781623,22.7481021,0.216,0.38615,0.021100535354579827,0.134,3,Not significant
D:\A_Research\A_doing_research\20250804_LLM_campus_restoration\shanghai\final_image\202103_114.2818492_22.7280577.png,202103,114.2818492,22.7280577,0.53429,0.31257,0.02387822455165747,0.282,3,Not significant
D:\A_Research\A_doing_research\20250804_LLM_campus_restoration\shanghai\final_image\202103_114.28479693246106_22.742720822742406.png,202103,114.2847969,22.74272082,0.65335,0.47537,-0.009887421908084218,0.121,4,Not significant
D:\A_Research\A_doing_research\20250804_LLM_campus_restoration\shanghai\final_image\202103_114.2850759_22.7272031.png,202103,114.2850759,22.7272031,0.72387,0.46315,-0.005228259885114697,0.1,4,Not significant
D:\A_Research\A_doing_research\20250804_LLM_campus_restoration\shanghai\final_image\202103_114.29001_22.6113186.png,202103,114.29001,22.6113186,0.53218,0.49286,-0.01834125216856782,0.003,4,HL
D:\A_Research\A_doing_research\20250804_LLM_campus_restoration\shanghai\final_image\202103_114.2927359_22.730804699999997.png,202103,114.2927359,22.7308047,0.3801,0.56551,-0.053118344888901006,0.046,4,HL
D:\A_Research\A_doing_research\20250804_LLM_campus_restoration\shanghai\final_image\202103_114.29401012603901_22.73801630608966.png,202103,114.2940101,22.73801631,0.42022,0.387,0.025467173819386592,0.053,3,Not significant
D:\A_Research\A_doing_research\20250804_LLM_campus_restoration\shanghai\final_image\202103_114.30650090000002_22.600766799999995.png,202103,114.3065009,22.6007668,0.75616,0.54627,-0.03320568877675766,0.1,4,Not significant
D:\A_Research\A_doing_research\20250804_LLM_campus_restoration\shanghai\final_image\202108_114.21894076622645_22.63182816908474.png,202108,114.2189408,22.63182817,0.44108,0.52091,-0.04042842504838939,0.004,4,HL
D:\A_Research\A_doing_research\20250804_LLM_campus_restoration\shanghai\final_image\202111_113.8737497_22.832217000000004.png,202111,113.8737497,22.832217,0.53429,0.25264,0.06011144326171606,0.04,3,LL
D:\A_Research\A_doing_research\20250804_LLM_campus_restoration\shanghai\final_image\202112_114.34117390815733_22.7026478475379.png,202112,114.3411739,22.70264785,0.5485,0.43735,0.011719299321743575,0.014,3,LL
D:\A_Research\A_doing_research\20250804_LLM_campus_restoration\shanghai\final_image\202201_114.2731717_22.634134700000004.png,202201,114.2731717,22.6341347,0.27166,0.731,-0.08719774937481152,0.064,4,Not significant
D:\A_Research\A_doing_research\20250804_LLM_campus_restoration\shanghai\final_image\202201_114.2807160931571_22.746562319789387.png,202201,114.2807161,22.74656232,0.43302,0.3873,0.022025204774759204,0.14,3,Not significant
D:\A_Research\A_doing_research\20250804_LLM_campus_restoration\shanghai\final_image\202202_113.8003438_22.765188499999997.png,202202,113.8003438,22.7651885,0.51079,0.546,-0.041270581273201636,0.135,4,Not significant
D:\A_Research\A_doing_research\20250804_LLM_campus_restoration\shanghai\final_image\202202_113.8507515_22.815353899999995.png,202202,113.8507515,22.8153539,0.34956,0.49876,-0.028177733952889878,0.088,4,Not significant
D:\A_Research\A_doing_research\20250804_LLM_campus_restoration\shanghai\final_image\202202_113.87826978307895_22.812386755821436.png,202202,113.8782698,22.81238676,0.737,0.45139,-0.0013217149802923764,0.023,4,HL
D:\A_Research\A_doing_research\20250804_LLM_campus_restoration\shanghai\final_image\202202_113.90250819161481_22.798201494461292.png,202202,113.9025082,22.79820149,0.53,0.4355,0.00759513342430826,0.053,3,Not significant
D:\A_Research\A_doing_research\20250804_LLM_campus_restoration\shanghai\final_image\202202_113.92040679807957_22.523559341736707.png,202202,113.9204068,22.52355934,0.33616,0.51913,0.11104581953882038,0.001,1,HH
D:\A_Research\A_doing_research\20250804_LLM_campus_restoration\shanghai\final_image\202202_113.96642646682037_22.611635078505937.png,202202,113.9664265,22.61163508,0.54242,0.54,0.057742630913997554,0.001,1,HH
D:\A_Research\A_doing_research\20250804_LLM_campus_restoration\shanghai\final_image\202203_113.8021443_22.735354999999995.png,202203,113.8021443,22.735355,0.2,0.52347,-0.0071195974308002575,0.357,4,Not significant
D:\A_Research\A_doing_research\20250804_LLM_campus_restoration\shanghai\final_image\202203_113.8044636404817_22.67523148030025.png,202203,113.8044636,22.67523148,0.34195,0.57349,-0.07762893382952278,0.04,4,HL
D:\A_Research\A_doing_research\20250804_LLM_campus_restoration\shanghai\final_image\202203_113.8828955708783_22.57293924034783.png,202203,113.8828956,22.57293924,0.318,0.65787,0.10051752669113011,0.051,1,Not significant
D:\A_Research\A_doing_research\20250804_LLM_campus_restoration\shanghai\final_image\202203_113.90067206584965_22.5678543452375.png,202203,113.9006721,22.56785435,0.58164,0.61359,0.13432046312943383,0.002,1,HH
D:\A_Research\A_doing_research\20250804_LLM_campus_restoration\shanghai\final_image\202203_113.91176155987927_22.577002831060557.png,202203,113.9117616,22.57700283,0.301,0.68924,0.09456582776816733,0.122,1,Not significant
D:\A_Research\A_doing_research\20250804_LLM_campus_restoration\shanghai\final_image\202207_113.7899513_22.7557094.png,202207,113.7899513,22.7557094,0.45508,0.35047,0.0609050331951126,0.021,3,LL
D:\A_Research\A_doing_research\20250804_LLM_campus_restoration\shanghai\final_image\202207_114.0390344_22.565740199999993.png,202207,114.0390344,22.5657402,0.39147,0.42953,-0.020113038348370117,0.001,2,LH
D:\A_Research\A_doing_research\20250804_LLM_campus_restoration\shanghai\final_image\202207_114.0415258_22.5271703.png,202207,114.0415258,22.5271703,0.39968,0.44,-0.01009528003535449,0.001,2,LH
D:\A_Research\A_doing_research\20250804_LLM_campus_restoration\shanghai\final_image\202207_114.0711204_22.525914400000005.png,202207,114.0711204,22.5259144,0.30575,0.26613,-0.221670829413091,0.001,2,LH
D:\A_Research\A_doing_research\20250804_LLM_campus_restoration\shanghai\final_image\202211_113.77505982771899_22.723719831714774.png,202211,113.7750598,22.72371983,0.58317,0.46695,-0.010136210671332462,0.054,4,Not significant
D:\A_Research\A_doing_research\20250804_LLM_campus_restoration\shanghai\final_image\202211_113.77730378065276_22.73701757854313.png,202211,113.7773038,22.73701758,0.447,0.52273,-0.017897708446096144,0.188,4,Not significant
D:\A_Research\A_doing_research\20250804_LLM_campus_restoration\shanghai\final_image\202211_113.7794258_22.7216817.png,202211,113.7794258,22.7216817,0.62315,0.5654,-0.05258625341270581,0.088,4,Not significant
D:\A_Research\A_doing_research\20250804_LLM_campus_restoration\shanghai\final_image\202211_113.77998670000001_22.727497899999996.png,202211,113.7799867,22.7274979,0.3623,0.37314,0.021211953396063698,0.179,3,Not significant
D:\A_Research\A_doing_research\20250804_LLM_campus_restoration\shanghai\final_image\202211_113.78170653341552_22.710430335930678.png,202211,113.7817065,22.71043034,0.3075,0.5166,-0.030930049132604734,0.075,4,Not significant
D:\A_Research\A_doing_research\20250804_LLM_campus_restoration\shanghai\final_image\202211_113.78291956179339_22.7216500714381.png,202211,113.7829196,22.72165007,0.70295,0.49227,-0.014856482536507449,0.142,4,Not significant
D:\A_Research\A_doing_research\20250804_LLM_campus_restoration\shanghai\final_image\202211_113.78304058960535_22.737725950145425.png,202211,113.7830406,22.73772595,0.352,0.46,-0.0018237644657630014,0.293,4,Not significant
D:\A_Research\A_doing_research\20250804_LLM_campus_restoration\shanghai\final_image\202211_113.78370155342758_22.7074816970686.png,202211,113.7837016,22.7074817,0.47,0.44702,0.0010211982733506673,0.083,3,Not significant
D:\A_Research\A_doing_research\20250804_LLM_campus_restoration\shanghai\final_image\202211_113.78558075179616_22.734401360164554.png,202211,113.7855808,22.73440136,0.63881,0.41299,0.005316129093621208,0.3,3,Not significant
D:\A_Research\A_doing_research\20250804_LLM_campus_restoration\shanghai\final_image\202211_113.7865158_22.714390699999996.png,202211,113.7865158,22.7143907,0.36204,0.58614,-0.10069065136469577,0.025,4,HL
D:\A_Research\A_doing_research\20250804_LLM_campus_restoration\shanghai\final_image\202211_113.7870944_22.721516699999995.png,202211,113.7870944,22.7215167,0.65,0.38988,0.014900970931290395,0.212,3,Not significant
D:\A_Research\A_doing_research\20250804_LLM_campus_restoration\shanghai\final_image\202211_113.78739203139185_22.72511476737532.png,202211,113.787392,22.72511477,0.3513,0.56909,-0.04752678066179043,0.113,4,Not significant
D:\A_Research\A_doing_research\20250804_LLM_campus_restoration\shanghai\final_image\202211_113.7875024254806_22.752434936078743.png,202211,113.7875024,22.75243494,0.38,0.27,0.12336011913813882,0.029,3,LL
D:\A_Research\A_doing_research\20250804_LLM_campus_restoration\shanghai\final_image\202211_113.7878427500912_22.730293811501266.png,202211,113.7878428,22.73029381,0.42411,0.35,0.012005355635083538,0.37,3,Not significant
D:\A_Research\A_doing_research\20250804_LLM_campus_restoration\shanghai\final_image\202211_113.78807238764684_22.679775888856494.png,202211,113.7880724,22.67977589,0.415,0.35453,0.04842215836217234,0.107,3,Not significant
D:\A_Research\A_doing_research\20250804_LLM_campus_restoration\shanghai\final_image\202211_113.7880901_22.6966198.png,202211,113.7880901,22.6966198,0.38355,0.29442,0.049626667273637626,0.168,3,Not significant
D:\A_Research\A_doing_research\20250804_LLM_campus_restoration\shanghai\final_image\202211_113.788117_22.677831.png,202211,113.788117,22.677831,0.58859,0.4623,-0.00910051163214148,0.033,4,HL
D:\A_Research\A_doing_research\20250804_LLM_campus_restoration\shanghai\final_image\202211_113.7885606_22.738446.png,202211,113.7885606,22.738446,0.24381,0.51979,0.0005008681604911435,0.486,1,Not significant
D:\A_Research\A_doing_research\20250804_LLM_campus_restoration\shanghai\final_image\202211_113.7887506388353_22.740704310661634.png,202211,113.7887506,22.74070431,0.56,0.67083,-0.05596642696140122,0.244,4,Not significant
D:\A_Research\A_doing_research\20250804_LLM_campus_restoration\shanghai\final_image\202211_113.78890354714758_22.74601816597424.png,202211,113.7889035,22.74601817,0.5889,0.35169,0.034300713332982874,0.14,3,Not significant
D:\A_Research\A_doing_research\20250804_LLM_campus_restoration\shanghai\final_image\202211_113.78918557199142_22.749255381384106.png,202211,113.7891856,22.74925538,0.55,0.40485,0.032907190017320787,0.014,3,LL
D:\A_Research\A_doing_research\20250804_LLM_campus_restoration\shanghai\final_image\202211_113.7894217_22.752072800000004.png,202211,113.7894217,22.7520728,0.43671,0.26098,0.1345472698841101,0.026,3,LL
D:\A_Research\A_doing_research\20250804_LLM_campus_restoration\shanghai\final_image\202211_113.789865366151_22.685985015913158.png,202211,113.7898654,22.68598502,0.6,0.274,0.09957907678519294,0.045,3,LL
D:\A_Research\A_doing_research\20250804_LLM_campus_restoration\shanghai\final_image\202211_113.79004667585805_22.70128916361529.png,202211,113.7900467,22.70128916,0.35227,0.35453,0.012252210654606644,0.36,3,Not significant
D:\A_Research\A_doing_research\20250804_LLM_campus_restoration\shanghai\final_image\202211_113.79055882943925_22.672146498544933.png,202211,113.7905588,22.6721465,0.64106,0.45599,-0.0032724624075218083,0.046,4,HL
D:\A_Research\A_doing_research\20250804_LLM_campus_restoration\shanghai\final_image\202211_113.7912695_22.7661087.png,202211,113.7912695,22.7661087,0.32609,0.44614,0.0012032537771650353,0.109,3,Not significant
D:\A_Research\A_doing_research\20250804_LLM_campus_restoration\shanghai\final_image\202211_113.79193981834086_22.71943767205122.png,202211,113.7919398,22.71943767,0.4297,0.55,-0.035201535694949465,0.165,4,Not significant
D:\A_Research\A_doing_research\20250804_LLM_campus_restoration\shanghai\final_image\202211_113.79229048303672_22.6689154022437.png,202211,113.7922905,22.6689154,0.219,0.48318,-0.019745447934103582,0.027,4,HL
D:\A_Research\A_doing_research\20250804_LLM_campus_restoration\shanghai\final_image\202211_113.79350177668738_22.737989125852156.png,202211,113.7935018,22.73798913,0.2917,0.53259,-0.019125988033535157,0.253,4,Not significant
D:\A_Research\A_doing_research\20250804_LLM_campus_restoration\shanghai\final_image\202211_113.79429692960518_22.764511153722612.png,202211,113.7942969,22.76451115,0.64357,0.55771,-0.05381547255342141,0.064,4,Not significant
D:\A_Research\A_doing_research\20250804_LLM_campus_restoration\shanghai\final_image\202211_113.79437007537138_22.682460288185617.png,202211,113.7943701,22.68246029,0.5766,0.36517,0.043994083012349,0.05,3,LL
D:\A_Research\A_doing_research\20250804_LLM_campus_restoration\shanghai\final_image\202211_113.794634_22.7212886.png,202211,113.794634,22.7212886,0.62314,0.52,-0.01129620023081846,0.314,4,Not significant
D:\A_Research\A_doing_research\20250804_LLM_campus_restoration\shanghai\final_image\202211_113.7948451_22.7100912.png,202211,113.7948451,22.7100912,0.33333,0.48089,-0.01200015795000846,0.153,4,Not significant
D:\A_Research\A_doing_research\20250804_LLM_campus_restoration\shanghai\final_image\202211_113.794994_22.703955800000003.png,202211,113.794994,22.7039558,0.28107,0.47,-0.00422383897740292,0.264,4,Not significant
D:\A_Research\A_doing_research\20250804_LLM_campus_restoration\shanghai\final_image\202211_113.79518530836098_22.76959929386346.png,202211,113.7951853,22.76959929,0.32501,0.38187,0.02503104494687852,0.104,3,Not significant
D:\A_Research\A_doing_research\20250804_LLM_campus_restoration\shanghai\final_image\202211_113.79544105251205_22.737848127648423.png,202211,113.7954411,22.73784813,0.47568,0.31493,-0.01682920673352853,0.342,2,Not significant
D:\A_Research\A_doing_research\20250804_LLM_campus_restoration\shanghai\final_image\202211_113.7957707_22.7341786.png,202211,113.7957707,22.7341786,0.55024,0.53098,-0.013142135683364857,0.304,4,Not significant
D:\A_Research\A_doing_research\20250804_LLM_campus_restoration\shanghai\final_image\202211_113.79678975316196_22.71011567786458.png,202211,113.7967898,22.71011568,0.20205,0.31567,0.003995157817629887,0.455,3,Not significant
D:\A_Research\A_doing_research\20250804_LLM_campus_restoration\shanghai\final_image\202211_113.7972678_22.751497699999998.png,202211,113.7972678,22.7514977,0.31243,0.267,0.06984193265966927,0.104,3,Not significant
D:\A_Research\A_doing_research\20250804_LLM_campus_restoration\shanghai\final_image\202211_113.79873311776561_22.754680687830483.png,202211,113.7987331,22.75468069,0.31132,0.45885,-0.006180188942375792,0.037,4,HL
D:\A_Research\A_doing_research\20250804_LLM_campus_restoration\shanghai\final_image\202211_113.7991550936337_22.686108842505572.png,202211,113.7991551,22.68610884,0.3638,0.34122,0.033662024831386805,0.157,3,Not significant
D:\A_Research\A_doing_research\20250804_LLM_campus_restoration\shanghai\final_image\202211_113.79916404413021_22.68246341157333.png,202211,113.799164,22.68246341,0.353,0.37244,0.034144528858914946,0.085,3,Not significant
D:\A_Research\A_doing_research\20250804_LLM_campus_restoration\shanghai\final_image\202211_113.7995817_22.704094600000005.png,202211,113.7995817,22.7040946,0.55024,0.47103,-0.0029159127003857447,0.355,4,Not significant
D:\A_Research\A_doing_research\20250804_LLM_campus_restoration\shanghai\final_image\202211_113.7997937_22.707590499999995.png,202211,113.7997937,22.7075905,0.32621,0.53306,-0.013635341676795507,0.304,4,Not significant
D:\A_Research\A_doing_research\20250804_LLM_campus_restoration\shanghai\final_image\202211_113.80012963169145_22.73168592170157.png,202211,113.8001296,22.73168592,0.55024,0.39826,0.0024784207359504163,0.458,3,Not significant
D:\A_Research\A_doing_research\20250804_LLM_campus_restoration\shanghai\final_image\202211_113.80026575345416_22.723921665747103.png,202211,113.8002658,22.72392167,0.60498,0.43801,-4.955258805369109e-06,0.487,2,Not significant
D:\A_Research\A_doing_research\20250804_LLM_campus_restoration\shanghai\final_image\202211_113.80055113151711_22.67389485421088.png,202211,113.8005511,22.67389485,0.64362,0.52817,-0.04528795133242583,0.038,4,HL
D:\A_Research\A_doing_research\20250804_LLM_campus_restoration\shanghai\final_image\202211_113.80061823030748_22.772759728708166.png,202211,113.8006182,22.77275973,0.48241,0.38132,0.04561245045658574,0.057,3,Not significant
D:\A_Research\A_doing_research\20250804_LLM_campus_restoration\shanghai\final_image\202211_113.8006675_22.7256871.png,202211,113.8006675,22.7256871,0.22,0.47783,-0.002125337946937676,0.41,4,Not significant
D:\A_Research\A_doing_research\20250804_LLM_campus_restoration\shanghai\final_image\202211_113.8017865_22.6838826.png,202211,113.8017865,22.6838826,0.63704,0.45183,-0.0010318848034047857,0.09,4,Not significant
D:\A_Research\A_doing_research\20250804_LLM_campus_restoration\shanghai\final_image\202211_113.8021243_22.703507899999998.png,202211,113.8021243,22.7035079,0.14576,0.28101,-0.026949597494832448,0.283,2,Not significant
D:\A_Research\A_doing_research\20250804_LLM_campus_restoration\shanghai\final_image\202211_113.802514016974_22.733077252307645.png,202211,113.802514,22.73307725,0.53652,0.41842,0.0002748463022259192,0.489,3,Not significant
D:\A_Research\A_doing_research\20250804_LLM_campus_restoration\shanghai\final_image\202211_113.8025674_22.754007199999997.png,202211,113.8025674,22.7540072,0.35227,0.26613,0.05489129797473123,0.139,3,Not significant
D:\A_Research\A_doing_research\20250804_LLM_campus_restoration\shanghai\final_image\202211_113.8041477_22.688541199999996.png,202211,113.8041477,22.6885412,0.41467,0.42,0.0052082435795516285,0.264,3,Not significant
D:\A_Research\A_doing_research\20250804_LLM_campus_restoration\shanghai\final_image\202211_113.8041727_22.7795268.png,202211,113.8041727,22.7795268,0.561,0.57209,-0.07899887069082168,0.018,4,HL
D:\A_Research\A_doing_research\20250804_LLM_campus_restoration\shanghai\final_image\202211_113.80511405552055_22.76084920992534.png,202211,113.8051141,22.76084921,0.28365,0.26916,0.012641987744054473,0.426,3,Not significant
D:\A_Research\A_doing_research\20250804_LLM_campus_restoration\shanghai\final_image\202211_113.8057355_22.673866700000005.png,202211,113.8057355,22.6738667,0.35375,0.31672,0.030681197899516493,0.274,3,Not significant
D:\A_Research\A_doing_research\20250804_LLM_campus_restoration\shanghai\final_image\202211_113.80604_22.7185322.png,202211,113.80604,22.7185322,0.32875,0.45711,0.000639793749820747,0.43,1,Not significant
D:\A_Research\A_doing_research\20250804_LLM_campus_restoration\shanghai\final_image\202211_113.80678275140282_22.722272628429288.png,202211,113.8067828,22.72227263,0.40754,0.55,-0.00012160871480910914,0.463,4,Not significant
D:\A_Research\A_doing_research\20250804_LLM_campus_restoration\shanghai\final_image\202211_113.80678930000002_22.665553.png,202211,113.8067893,22.665553,0.23623,0.43989,0.0032977130065288147,0.116,3,Not significant
D:\A_Research\A_doing_research\20250804_LLM_campus_restoration\shanghai\final_image\202211_113.8067898_22.7047194.png,202211,113.8067898,22.7047194,0.623,0.65175,-0.01103619529940914,0.442,4,Not significant
D:\A_Research\A_doing_research\20250804_LLM_campus_restoration\shanghai\final_image\202211_113.8077616_22.622286599999995.png,202211,113.8077616,22.6222866,0.64106,0.45143,4.348931933130174e-05,0.467,1,Not significant
D:\A_Research\A_doing_research\20250804_LLM_campus_restoration\shanghai\final_image\202211_113.8079517_22.735531800000004.png,202211,113.8079517,22.7355318,0.3868,0.28401,-0.0201556562722867,0.316,2,Not significant
D:\A_Research\A_doing_research\20250804_LLM_campus_restoration\shanghai\final_image\202211_113.8082633_22.674981199999994.png,202211,113.8082633,22.6749812,0.6166,0.3908,0.022510359397495204,0.091,3,Not significant
D:\A_Research\A_doing_research\20250804_LLM_campus_restoration\shanghai\final_image\202211_113.80912177043206_22.61110371298426.png,202211,113.8091218,22.61110371,0.335,0.43487,-0.0016594152481056595,0.301,2,Not significant
D:\A_Research\A_doing_research\20250804_LLM_campus_restoration\shanghai\final_image\202211_113.8092688_22.7242032.png,202211,113.8092688,22.7242032,0.62103,0.54152,-0.0027583490359053445,0.48,4,Not significant
D:\A_Research\A_doing_research\20250804_LLM_campus_restoration\shanghai\final_image\202211_113.8100430382602_22.746583540331518.png,202211,113.810043,22.74658354,0.563,0.46928,-0.0026218432634182347,0.29,4,Not significant
D:\A_Research\A_doing_research\20250804_LLM_campus_restoration\shanghai\final_image\202211_113.8102875_22.713581799999996.png,202211,113.8102875,22.7135818,0.55024,0.4752,0.0033238542267685104,0.306,1,Not significant
D:\A_Research\A_doing_research\20250804_LLM_campus_restoration\shanghai\final_image\202211_113.8104048_22.698300300000003.png,202211,113.8104048,22.6983003,0.646,0.528,-0.0004732893471276721,0.498,4,Not significant
D:\A_Research\A_doing_research\20250804_LLM_campus_restoration\shanghai\final_image\202211_113.8109161_22.7844666.png,202211,113.8109161,22.7844666,0.697,0.19724,0.07329296840192515,0.196,3,Not significant
D:\A_Research\A_doing_research\20250804_LLM_campus_restoration\shanghai\final_image\202211_113.81151710000002_22.7109241.png,202211,113.8115171,22.7109241,0.39906,0.60188,-0.003269026806140127,0.486,4,Not significant
D:\A_Research\A_doing_research\20250804_LLM_campus_restoration\shanghai\final_image\202211_113.8118071_22.6277088.png,202211,113.8118071,22.6277088,0.45104,0.61255,-0.025773962330961468,0.188,4,Not significant
D:\A_Research\A_doing_research\20250804_LLM_campus_restoration\shanghai\final_image\202211_113.8125125_22.7035565.png,202211,113.8125125,22.7035565,0.286,0.59405,-0.007493205046002138,0.45,4,Not significant
D:\A_Research\A_doing_research\20250804_LLM_campus_restoration\shanghai\final_image\202211_113.8128071_22.708036599999993.png,202211,113.8128071,22.7080366,0.497,0.314,-0.03328910012074175,0.187,2,Not significant
D:\A_Research\A_doing_research\20250804_LLM_campus_restoration\shanghai\final_image\202211_113.81289118247106_22.69315953144936.png,202211,113.8128912,22.69315953,0.48241,0.47871,-0.0037814280061391624,0.277,4,Not significant
D:\A_Research\A_doing_research\20250804_LLM_campus_restoration\shanghai\final_image\202211_113.8129691_22.612454500000002.png,202211,113.8129691,22.6124545,0.45327,0.499,0.0031178751113338523,0.394,1,Not significant
D:\A_Research\A_doing_research\20250804_LLM_campus_restoration\shanghai\final_image\202211_113.8131533_22.734941999999997.png,202211,113.8131533,22.734942,0.49218,0.69097,-0.040719817412495855,0.274,4,Not significant
D:\A_Research\A_doing_research\20250804_LLM_campus_restoration\shanghai\final_image\202211_113.81342750000002_22.609136699999993.png,202211,113.8134275,22.6091367,0.55024,0.55573,0.0008017407541017961,0.475,1,Not significant
D:\A_Research\A_doing_research\20250804_LLM_campus_restoration\shanghai\final_image\202211_113.813906_22.723575499999992.png,202211,113.813906,22.7235755,0.67828,0.34166,-0.004822338034682753,0.431,2,Not significant
D:\A_Research\A_doing_research\20250804_LLM_campus_restoration\shanghai\final_image\202211_113.81445444997044_22.71011397201815.png,202211,113.8144544,22.71011397,0.29206,0.50332,-0.0010621716522243069,0.483,4,Not significant
D:\A_Research\A_doing_research\20250804_LLM_campus_restoration\shanghai\final_image\202211_113.8148696_22.791219799999997.png,202211,113.8148696,22.7912198,0.43598,0.21309,0.11116709419269133,0.092,3,Not significant
D:\A_Research\A_doing_research\20250804_LLM_campus_restoration\shanghai\final_image\202211_113.8155625_22.6925975.png,202211,113.8155625,22.6925975,0.35227,0.3909,0.003108157162624344,0.407,3,Not significant
D:\A_Research\A_doing_research\20250804_LLM_campus_restoration\shanghai\final_image\202211_113.8166272_22.739275599999992.png,202211,113.8166272,22.7392756,0.47651,0.57327,-0.014048008273413824,0.373,4,Not significant
D:\A_Research\A_doing_research\20250804_LLM_campus_restoration\shanghai\final_image\202211_113.8169133_22.7276972.png,202211,113.8169133,22.7276972,0.56132,0.42734,0.0006061919902510702,0.473,3,Not significant
D:\A_Research\A_doing_research\20250804_LLM_campus_restoration\shanghai\final_image\202211_113.81788238289876_22.73720803948338.png,202211,113.8178824,22.73720804,0.28073,0.52102,-0.015601401674518182,0.279,4,Not significant
D:\A_Research\A_doing_research\20250804_LLM_campus_restoration\shanghai\final_image\202211_113.81906263455099_22.645171396168205.png,202211,113.8190626,22.6451714,0.7042,0.345,0.03793252981764523,0.053,3,Not significant
D:\A_Research\A_doing_research\20250804_LLM_campus_restoration\shanghai\final_image\202211_113.819258_22.731765400000004.png,202211,113.819258,22.7317654,0.435,0.42912,0.001395624009535264,0.436,3,Not significant
D:\A_Research\A_doing_research\20250804_LLM_campus_restoration\shanghai\final_image\202211_113.81947015099487_22.662134225639655.png,202211,113.8194702,22.66213423,0.20125,0.26613,0.061579638642454484,0.102,3,Not significant
D:\A_Research\A_doing_research\20250804_LLM_campus_restoration\shanghai\final_image\202211_113.8195161_22.77372370000001.png,202211,113.8195161,22.7737237,0.48913,0.37965,0.019919633675553775,0.183,3,Not significant
D:\A_Research\A_doing_research\20250804_LLM_campus_restoration\shanghai\final_image\202211_113.81980788593135_22.735630519639678.png,202211,113.8198079,22.73563052,0.26834,0.27178,0.008673373796767074,0.429,3,Not significant
D:\A_Research\A_doing_research\20250804_LLM_campus_restoration\shanghai\final_image\202211_113.8199394_22.793124199999998.png,202211,113.8199394,22.7931242,0.40837,0.412,0.020485654392354117,0.017,3,LL
D:\A_Research\A_doing_research\20250804_LLM_campus_restoration\shanghai\final_image\202211_113.82000803448553_22.737425312514915.png,202211,113.820008,22.73742531,0.14333,0.29,0.006204733126539768,0.449,3,Not significant
D:\A_Research\A_doing_research\20250804_LLM_campus_restoration\shanghai\final_image\202211_113.8205107_22.7671101.png,202211,113.8205107,22.7671101,0.219,0.46111,-8.952213383943375e-05,0.488,4,Not significant
D:\A_Research\A_doing_research\20250804_LLM_campus_restoration\shanghai\final_image\202211_113.82056086631368_22.770003645758248.png,202211,113.8205609,22.77000365,0.52725,0.35829,0.014511343077179424,0.275,3,Not significant
D:\A_Research\A_doing_research\20250804_LLM_campus_restoration\shanghai\final_image\202211_113.820637_22.746738299999997.png,202211,113.820637,22.7467383,0.43823,0.57891,-0.018875297924857266,0.324,4,Not significant
D:\A_Research\A_doing_research\20250804_LLM_campus_restoration\shanghai\final_image\202211_113.8215298_22.7856815.png,202211,113.8215298,22.7856815,0.47382,0.4079,0.01841320460609559,0.047,3,LL
D:\A_Research\A_doing_research\20250804_LLM_campus_restoration\shanghai\final_image\202211_113.8222678_22.6425994.png,202211,113.8222678,22.6425994,0.33085,0.29461,0.05335079984138035,0.094,3,Not significant
D:\A_Research\A_doing_research\20250804_LLM_campus_restoration\shanghai\final_image\202211_113.8224325_22.781893600000004.png,202211,113.8224325,22.7818936,0.56083,0.42311,0.00983928685733956,0.086,3,Not significant
D:\A_Research\A_doing_research\20250804_LLM_campus_restoration\shanghai\final_image\202211_113.8238756_22.7243285.png,202211,113.8238756,22.7243285,0.31874,0.635,-0.01845626379606165,0.367,4,Not significant
D:\A_Research\A_doing_research\20250804_LLM_campus_restoration\shanghai\final_image\202211_113.8240045_22.6143394.png,202211,113.8240045,22.6143394,0.50505,0.48362,-0.0015574343375996153,0.426,4,Not significant
D:\A_Research\A_doing_research\20250804_LLM_campus_restoration\shanghai\final_image\202211_113.82408051311815_22.728240040511928.png,202211,113.8240805,22.72824004,0.48721,0.677,-0.03520874592390977,0.298,4,Not significant
D:\A_Research\A_doing_research\20250804_LLM_campus_restoration\shanghai\final_image\202211_113.8243632337177_22.64904179448346.png,202211,113.8243632,22.64904179,0.37608,0.43589,0.006344728124519859,0.067,3,Not significant
D:\A_Research\A_doing_research\20250804_LLM_campus_restoration\shanghai\final_image\202211_113.82538028408688_22.719057105167444.png,202211,113.8253803,22.71905711,0.58006,0.52421,-0.014162128531458915,0.226,4,Not significant
D:\A_Research\A_doing_research\20250804_LLM_campus_restoration\shanghai\final_image\202211_113.82573916010743_22.61515316408649.png,202211,113.8257392,22.61515316,0.45286,0.48362,-0.001738389111602195,0.422,4,Not significant
D:\A_Research\A_doing_research\20250804_LLM_campus_restoration\shanghai\final_image\202211_113.8262261_22.649557699999992.png,202211,113.8262261,22.6495577,0.44843,0.40047,0.02050007949951915,0.091,3,Not significant
D:\A_Research\A_doing_research\20250804_LLM_campus_restoration\shanghai\final_image\202211_113.8262488_22.767480499999998.png,202211,113.8262488,22.7674805,0.465,0.354,0.020248648580949127,0.249,3,Not significant
D:\A_Research\A_doing_research\20250804_LLM_campus_restoration\shanghai\final_image\202211_113.8267783_22.775719399999996.png,202211,113.8267783,22.7757194,0.59312,0.39826,0.007168403099014756,0.313,3,Not significant
D:\A_Research\A_doing_research\20250804_LLM_campus_restoration\shanghai\final_image\202211_113.82747384253616_22.615966911644556.png,202211,113.8274738,22.61596691,0.48132,0.48362,-0.004539355002173394,0.341,4,Not significant
D:\A_Research\A_doing_research\20250804_LLM_campus_restoration\shanghai\final_image\202211_113.8287431434808_22.765775781659993.png,202211,113.8287431,22.76577578,0.59353,0.29234,0.02093478753374832,0.322,3,Not significant
D:\A_Research\A_doing_research\20250804_LLM_campus_restoration\shanghai\final_image\202211_113.8289369_22.620437200000005.png,202211,113.8289369,22.6204372,0.31373,0.40553,0.008825774457980785,0.224,3,Not significant
D:\A_Research\A_doing_research\20250804_LLM_campus_restoration\shanghai\final_image\202211_113.8290642_22.6334903.png,202211,113.8290642,22.6334903,0.33188,0.39,0.030314327696200113,0.023,3,LL
D:\A_Research\A_doing_research\20250804_LLM_campus_restoration\shanghai\final_image\202211_113.82909389190422_22.798728128163745.png,202211,113.8290939,22.79872813,0.334,0.251,0.0808600046205266,0.043,3,LL
D:\A_Research\A_doing_research\20250804_LLM_campus_restoration\shanghai\final_image\202211_113.8291359_22.6271889.png,202211,113.8291359,22.6271889,0.25408,0.21459,0.07036490425278662,0.11,3,Not significant
D:\A_Research\A_doing_research\20250804_LLM_campus_restoration\shanghai\final_image\202211_113.82926420000001_22.616800299999994.png,202211,113.8292642,22.6168003,0.486,0.42311,0.0030024246316554966,0.357,3,Not significant
D:\A_Research\A_doing_research\20250804_LLM_campus_restoration\shanghai\final_image\202211_113.8300241_22.720450199999995.png,202211,113.8300241,22.7204502,0.383,0.26,0.030540657884431124,0.266,3,Not significant
D:\A_Research\A_doing_research\20250804_LLM_campus_restoration\shanghai\final_image\202211_113.8305193_22.6370608.png,202211,113.8305193,22.6370608,0.46952,0.36693,0.040202987566540775,0.03,3,LL
D:\A_Research\A_doing_research\20250804_LLM_campus_restoration\shanghai\final_image\202211_113.8310197_22.774946600000003.png,202211,113.8310197,22.7749466,0.35227,0.48759,-0.007403417684767527,0.224,4,Not significant
D:\A_Research\A_doing_research\20250804_LLM_campus_restoration\shanghai\final_image\202211_113.831238_22.6301727.png,202211,113.831238,22.6301727,0.63853,0.26916,0.07563218508419438,0.043,3,LL
D:\A_Research\A_doing_research\20250804_LLM_campus_restoration\shanghai\final_image\202211_113.8319583_22.794324499999995.png,202211,113.8319583,22.7943245,0.37151,0.197,0.07931612251990781,0.094,3,Not significant
D:\A_Research\A_doing_research\20250804_LLM_campus_restoration\shanghai\final_image\202211_113.83197309305298_22.704721128144403.png,202211,113.8319731,22.70472113,0.33,0.227,0.03707330472588825,0.215,3,Not significant
D:\A_Research\A_doing_research\20250804_LLM_campus_restoration\shanghai\final_image\202211_113.83265292629095_22.7449197751454.png,202211,113.8326529,22.74491978,0.299,0.60886,-0.08584733339208625,0.061,4,Not significant
D:\A_Research\A_doing_research\20250804_LLM_campus_restoration\shanghai\final_image\202211_113.8329816_22.758148399999996.png,202211,113.8329816,22.7581484,0.66,0.5423,-0.02301136822490679,0.182,4,Not significant
D:\A_Research\A_doing_research\20250804_LLM_campus_restoration\shanghai\final_image\202211_113.8337082_22.6138481.png,202211,113.8337082,22.6138481,0.36635,0.33061,0.012221729425634226,0.367,3,Not significant
D:\A_Research\A_doing_research\20250804_LLM_campus_restoration\shanghai\final_image\202211_113.8340601_22.743501199999997.png,202211,113.8340601,22.7435012,0.30588,0.34743,0.01444884634447916,0.354,3,Not significant
D:\A_Research\A_doing_research\20250804_LLM_campus_restoration\shanghai\final_image\202211_113.834144_22.8052877.png,202211,113.834144,22.8052877,0.44504,0.42078,0.011283784065013423,0.062,3,Not significant
D:\A_Research\A_doing_research\20250804_LLM_campus_restoration\shanghai\final_image\202211_113.8345495_22.6195349.png,202211,113.8345495,22.6195349,0.5038,0.45633,-0.0014942764721600607,0.196,4,Not significant
D:\A_Research\A_doing_research\20250804_LLM_campus_restoration\shanghai\final_image\202211_113.8347799_22.784325.png,202211,113.8347799,22.784325,0.64597,0.41356,0.004998051511510843,0.308,3,Not significant
D:\A_Research\A_doing_research\20250804_LLM_campus_restoration\shanghai\final_image\202211_113.83491565605196_22.752468916215623.png,202211,113.8349157,22.75246892,0.7052,0.44727,0.0005769785527872694,0.223,3,Not significant
D:\A_Research\A_doing_research\20250804_LLM_campus_restoration\shanghai\final_image\202211_113.83508787706933_22.72382364074707.png,202211,113.8350879,22.72382364,0.21884,0.6015,-0.07959990953352593,0.049,4,HL
D:\A_Research\A_doing_research\20250804_LLM_campus_restoration\shanghai\final_image\202211_113.8352178_22.782021699999998.png,202211,113.8352178,22.7820217,0.37608,0.51043,-0.014468327148886836,0.2,4,Not significant
D:\A_Research\A_doing_research\20250804_LLM_campus_restoration\shanghai\final_image\202211_113.83526404667593_22.611700474525044.png,202211,113.835264,22.61170047,0.28069,0.39506,0.009831646467231609,0.273,3,Not significant
D:\A_Research\A_doing_research\20250804_LLM_campus_restoration\shanghai\final_image\202211_113.83579296108479_22.754490174676274.png,202211,113.835793,22.75449017,0.47,0.43957,0.001371708284169534,0.344,3,Not significant
D:\A_Research\A_doing_research\20250804_LLM_campus_restoration\shanghai\final_image\202211_113.8358525903324_22.742800056357705.png,202211,113.8358526,22.74280006,0.4635,0.53037,-0.042414023154451155,0.092,4,Not significant
D:\A_Research\A_doing_research\20250804_LLM_campus_restoration\shanghai\final_image\202211_113.83586272797584_22.70472169611849.png,202211,113.8358627,22.7047217,0.62533,0.4722,-0.007544245937590826,0.084,4,Not significant
D:\A_Research\A_doing_research\20250804_LLM_campus_restoration\shanghai\final_image\202211_113.836346_22.638564300000002.png,202211,113.836346,22.6385643,0.55077,0.53037,-0.061442379220277746,0.012,4,HL
D:\A_Research\A_doing_research\20250804_LLM_campus_restoration\shanghai\final_image\202211_113.83656867620411_22.582477907037116.png,202211,113.8365687,22.58247791,0.6489,0.59355,-0.02909401767067718,0.284,4,Not significant
D:\A_Research\A_doing_research\20250804_LLM_campus_restoration\shanghai\final_image\202211_113.83750776127192_22.58089821058533.png,202211,113.8375078,22.58089821,0.36325,0.449,6.971761470265317e-05,0.331,3,Not significant
D:\A_Research\A_doing_research\20250804_LLM_campus_restoration\shanghai\final_image\202211_113.83756681273348_22.74720177336638.png,202211,113.8375668,22.74720177,0.5236,0.47584,-0.011822931632183089,0.104,4,Not significant
D:\A_Research\A_doing_research\20250804_LLM_campus_restoration\shanghai\final_image\202211_113.8376261_22.770963599999998.png,202211,113.8376261,22.7709636,0.40561,0.53948,0.0018082569840054236,0.461,1,Not significant
D:\A_Research\A_doing_research\20250804_LLM_campus_restoration\shanghai\final_image\202211_113.8377868_22.6123292.png,202211,113.8377868,22.6123292,0.4707,0.2856,-0.016772198271134308,0.341,2,Not significant
D:\A_Research\A_doing_research\20250804_LLM_campus_restoration\shanghai\final_image\202211_113.8379821_22.8048093.png,202211,113.8379821,22.8048093,0.39678,0.383,0.019444556887392456,0.143,3,Not significant
D:\A_Research\A_doing_research\20250804_LLM_campus_restoration\shanghai\final_image\202211_113.83840317386104_22.70831987854843.png,202211,113.8384032,22.70831988,0.181,0.4379,0.0027833652070406,0.125,3,Not significant
D:\A_Research\A_doing_research\20250804_LLM_campus_restoration\shanghai\final_image\202211_113.8384272_22.814971900000003.png,202211,113.8384272,22.8149719,0.507,0.4506,-0.0002918970721493655,0.182,4,Not significant
D:\A_Research\A_doing_research\20250804_LLM_campus_restoration\shanghai\final_image\202211_113.8388462_22.767234999999992.png,202211,113.8388462,22.767235,0.28865,0.713,-0.024132028854123654,0.372,4,Not significant
D:\A_Research\A_doing_research\20250804_LLM_campus_restoration\shanghai\final_image\202211_113.84048360000001_22.7472003.png,202211,113.8404836,22.7472003,0.52111,0.41,0.012975470152180044,0.141,3,Not significant
D:\A_Research\A_doing_research\20250804_LLM_campus_restoration\shanghai\final_image\202211_113.8409071441885_22.61114609385476.png,202211,113.8409071,22.61114609,0.13703,0.59062,0.0022649187028516327,0.486,1,Not significant
D:\A_Research\A_doing_research\20250804_LLM_campus_restoration\shanghai\final_image\202211_113.8416652_22.818914499999998.png,202211,113.8416652,22.8189145,0.185,0.503,-0.015783335629872955,0.141,4,Not significant
D:\A_Research\A_doing_research\20250804_LLM_campus_restoration\shanghai\final_image\202211_113.8435965_22.806817799999997.png,202211,113.8435965,22.8068178,0.24905,0.38333,0.00963399421929789,0.282,3,Not significant
D:\A_Research\A_doing_research\20250804_LLM_campus_restoration\shanghai\final_image\202211_113.8436113_22.612272900000004.png,202211,113.8436113,22.6122729,0.56132,0.473,0.00667468078529928,0.162,1,Not significant
D:\A_Research\A_doing_research\20250804_LLM_campus_restoration\shanghai\final_image\202211_113.8441418_22.7605333.png,202211,113.8441418,22.7605333,0.64368,0.41977,0.008755069223948813,0.184,3,Not significant
D:\A_Research\A_doing_research\20250804_LLM_campus_restoration\shanghai\final_image\202211_113.8445352_22.568312200000005.png,202211,113.8445352,22.5683122,0.411,0.13403,0.020813756531020158,0.393,3,Not significant
D:\A_Research\A_doing_research\20250804_LLM_campus_restoration\shanghai\final_image\202211_113.8450785_22.766312099999997.png,202211,113.8450785,22.7663121,0.5298,0.46598,0.0013534505555842012,0.395,1,Not significant
D:\A_Research\A_doing_research\20250804_LLM_campus_restoration\shanghai\final_image\202211_113.8452123_22.763892499999994.png,202211,113.8452123,22.7638925,0.5511,0.4378,-0.00016838982288903669,0.479,2,Not significant
D:\A_Research\A_doing_research\20250804_LLM_campus_restoration\shanghai\final_image\202211_113.84544116937627_22.622180490002133.png,202211,113.8454412,22.62218049,0.65,0.43,0.0010800115923337464,0.429,3,Not significant
D:\A_Research\A_doing_research\20250804_LLM_campus_restoration\shanghai\final_image\202211_113.84613757974533_22.56585661525154.png,202211,113.8461376,22.56585662,0.42,0.15,0.053065444898882735,0.264,3,Not significant
D:\A_Research\A_doing_research\20250804_LLM_campus_restoration\shanghai\final_image\202211_113.8463772_22.792220699999998.png,202211,113.8463772,22.7922207,0.50012,0.42604,0.0022106081538133793,0.362,3,Not significant
D:\A_Research\A_doing_research\20250804_LLM_campus_restoration\shanghai\final_image\202211_113.8464365_22.8117333.png,202211,113.8464365,22.8117333,0.29292,0.6357,-0.04141145837438756,0.207,4,Not significant
D:\A_Research\A_doing_research\20250804_LLM_campus_restoration\shanghai\final_image\202211_113.84689619117535_22.61361905618809.png,202211,113.8468962,22.61361906,0.55626,0.607,0.028749508866900607,0.221,1,Not significant
D:\A_Research\A_doing_research\20250804_LLM_campus_restoration\shanghai\final_image\202211_113.8474883_22.564213200000005.png,202211,113.8474883,22.5642132,0.56917,0.3155,0.03928868384449383,0.166,3,Not significant
D:\A_Research\A_doing_research\20250804_LLM_campus_restoration\shanghai\final_image\202211_113.84852700762849_22.610222404648848.png,202211,113.848527,22.6102224,0.21884,0.55241,0.028526828273890706,0.1,1,Not significant
D:\A_Research\A_doing_research\20250804_LLM_campus_restoration\shanghai\final_image\202211_113.8491307_22.735909299999996.png,202211,113.8491307,22.7359093,0.46655,0.47361,-0.003551782639005168,0.253,4,Not significant
D:\A_Research\A_doing_research\20250804_LLM_campus_restoration\shanghai\final_image\202211_113.8492719_22.793544899999997.png,202211,113.8492719,22.7935449,0.5,0.37352,-0.004324197983910943,0.436,2,Not significant
D:\A_Research\A_doing_research\20250804_LLM_campus_restoration\shanghai\final_image\202211_113.849368_22.779738199999997.png,202211,113.849368,22.7797382,0.525,0.72023,-0.040509195624325894,0.241,4,Not significant
D:\A_Research\A_doing_research\20250804_LLM_campus_restoration\shanghai\final_image\202211_113.8501178_22.796285799999996.png,202211,113.8501178,22.7962858,0.64597,0.4765,-0.001603942229207868,0.381,4,Not significant
D:\A_Research\A_doing_research\20250804_LLM_campus_restoration\shanghai\final_image\202211_113.8507415_22.7159106.png,202211,113.8507415,22.7159106,0.44805,0.52347,-0.007149114432848241,0.347,4,Not significant
D:\A_Research\A_doing_research\20250804_LLM_campus_restoration\shanghai\final_image\202211_113.8508916_22.813327999999995.png,202211,113.8508916,22.813328,0.37699,0.34511,0.01416744325392592,0.358,3,Not significant
D:\A_Research\A_doing_research\20250804_LLM_campus_restoration\shanghai\final_image\202211_113.85112164037977_22.720627309694084.png,202211,113.8511216,22.72062731,0.30993,0.37887,0.0003404728787336857,0.493,3,Not significant
D:\A_Research\A_doing_research\20250804_LLM_campus_restoration\shanghai\final_image\202211_113.85216690715575_22.747787628110483.png,202211,113.8521669,22.74778763,0.35897,0.60791,-0.034771064124134124,0.205,4,Not significant
D:\A_Research\A_doing_research\20250804_LLM_campus_restoration\shanghai\final_image\202211_113.8523632_22.618814899999997.png,202211,113.8523632,22.6188149,0.71479,0.59454,0.009385048992891151,0.407,1,Not significant
D:\A_Research\A_doing_research\20250804_LLM_campus_restoration\shanghai\final_image\202211_113.8534078_22.777853299999993.png,202211,113.8534078,22.7778533,0.214,0.39903,-0.002681980918649809,0.425,2,Not significant
D:\A_Research\A_doing_research\20250804_LLM_campus_restoration\shanghai\final_image\202211_113.85353622471642_22.792182942651333.png,202211,113.8535362,22.79218294,0.219,0.64193,-0.02025515139154227,0.356,4,Not significant
D:\A_Research\A_doing_research\20250804_LLM_campus_restoration\shanghai\final_image\202211_113.8544726_22.604321299999995.png,202211,113.8544726,22.6043213,0.61027,0.42305,-0.008107611829316881,0.061,2,Not significant
D:\A_Research\A_doing_research\20250804_LLM_campus_restoration\shanghai\final_image\202211_113.8545909_22.612307399999995.png,202211,113.8545909,22.6123074,0.56132,0.62063,0.03202907614785377,0.218,1,Not significant
D:\A_Research\A_doing_research\20250804_LLM_campus_restoration\shanghai\final_image\202211_113.8551173_22.768481100000006.png,202211,113.8551173,22.7684811,0.55024,0.48973,0.00022474200143461076,0.492,1,Not significant
D:\A_Research\A_doing_research\20250804_LLM_campus_restoration\shanghai\final_image\202211_113.8551969_22.763327199999996.png,202211,113.8551969,22.7633272,0.45104,0.449,-3.0529895390097067e-06,0.493,2,Not significant
D:\A_Research\A_doing_research\20250804_LLM_campus_restoration\shanghai\final_image\202211_113.8553345_22.800462200000002.png,202211,113.8553345,22.8004622,0.412,0.5499,-0.01672701313368396,0.266,4,Not significant
D:\A_Research\A_doing_research\20250804_LLM_campus_restoration\shanghai\final_image\202211_113.85560042621323_22.806993254660956.png,202211,113.8556004,22.80699325,0.40726,0.41989,0.004670583577887652,0.24,3,Not significant
D:\A_Research\A_doing_research\20250804_LLM_campus_restoration\shanghai\final_image\202211_113.8558568_22.722151499999992.png,202211,113.8558568,22.7221515,0.49047,0.43801,9.795363934857331e-05,0.478,3,Not significant
D:\A_Research\A_doing_research\20250804_LLM_campus_restoration\shanghai\final_image\202211_113.85615404954251_22.626227870133516.png,202211,113.856154,22.62622787,0.55235,0.54433,-0.0028382245230875146,0.428,4,Not significant
D:\A_Research\A_doing_research\20250804_LLM_campus_restoration\shanghai\final_image\202211_113.8574057_22.545159999999996.png,202211,113.8574057,22.54516,0.2,0.18205,-0.09096863328770864,0.04,2,LH
D:\A_Research\A_doing_research\20250804_LLM_campus_restoration\shanghai\final_image\202211_113.8575257_22.717668000000003.png,202211,113.8575257,22.717668,0.2587,0.59993,-0.01679408472880601,0.295,4,Not significant
D:\A_Research\A_doing_research\20250804_LLM_campus_restoration\shanghai\final_image\202211_113.85819613679381_22.725170089436336.png,202211,113.8581961,22.72517009,0.56769,0.52305,-0.008619752159557346,0.288,4,Not significant
D:\A_Research\A_doing_research\20250804_LLM_campus_restoration\shanghai\final_image\202211_113.85825947310444_22.797703343849943.png,202211,113.8582595,22.79770334,0.445,0.388,-0.0004846666050591343,0.49,2,Not significant
D:\A_Research\A_doing_research\20250804_LLM_campus_restoration\shanghai\final_image\202211_113.8582945936846_22.61049962520455.png,202211,113.8582946,22.61049963,0.64353,0.49441,0.006710994050566291,0.318,1,Not significant
D:\A_Research\A_doing_research\20250804_LLM_campus_restoration\shanghai\final_image\202211_113.8584858_22.612618199999996.png,202211,113.8584858,22.6126182,0.55024,0.28676,-0.07249625584773718,0.055,2,Not significant
D:\A_Research\A_doing_research\20250804_LLM_campus_restoration\shanghai\final_image\202211_113.8590358_22.729269499999997.png,202211,113.8590358,22.7292695,0.41312,0.47,-0.0026608423099994346,0.265,4,Not significant
D:\A_Research\A_doing_research\20250804_LLM_campus_restoration\shanghai\final_image\202211_113.8590416_22.6640496.png,202211,113.8590416,22.6640496,0.45619,0.65535,0.0030938707025202883,0.482,1,Not significant
D:\A_Research\A_doing_research\20250804_LLM_campus_restoration\shanghai\final_image\202211_113.8593708_22.63093.png,202211,113.8593708,22.63093,0.5701,0.54527,-0.006305304990664229,0.371,4,Not significant
D:\A_Research\A_doing_research\20250804_LLM_campus_restoration\shanghai\final_image\202211_113.8596726_22.652348399999997.png,202211,113.8596726,22.6523484,0.48241,0.415,0.0022017159343709018,0.345,3,Not significant
D:\A_Research\A_doing_research\20250804_LLM_campus_restoration\shanghai\final_image\202211_113.8602927_22.553017099999998.png,202211,113.8602927,22.5530171,0.42,0.35399,-0.02986718988184264,0.102,2,Not significant
D:\A_Research\A_doing_research\20250804_LLM_campus_restoration\shanghai\final_image\202211_113.86074745378154_22.627523570188313.png,202211,113.8607475,22.62752357,0.48742,0.44017,-0.0010677766391611837,0.303,2,Not significant
D:\A_Research\A_doing_research\20250804_LLM_campus_restoration\shanghai\final_image\202211_113.861656_22.609471699999997.png,202211,113.861656,22.6094717,0.31268,0.46793,0.003834271696588102,0.213,1,Not significant
D:\A_Research\A_doing_research\20250804_LLM_campus_restoration\shanghai\final_image\202211_113.8620948_22.728321099999995.png,202211,113.8620948,22.7283211,0.64597,0.34771,0.0003363524750325411,0.48,3,Not significant
D:\A_Research\A_doing_research\20250804_LLM_campus_restoration\shanghai\final_image\202211_113.8627652_22.818618999999998.png,202211,113.8627652,22.818619,0.273,0.36613,0.029310652310679326,0.103,3,Not significant
D:\A_Research\A_doing_research\20250804_LLM_campus_restoration\shanghai\final_image\202211_113.86285746284707_22.779830557045134.png,202211,113.8628575,22.77983056,0.52458,0.44746,0.00015430272733076356,0.342,3,Not significant
D:\A_Research\A_doing_research\20250804_LLM_campus_restoration\shanghai\final_image\202211_113.86309133403947_22.787612110341776.png,202211,113.8630913,22.78761211,0.47,0.43591,0.0016248930689848088,0.301,3,Not significant
D:\A_Research\A_doing_research\20250804_LLM_campus_restoration\shanghai\final_image\202211_113.8635362_22.560423499999995.png,202211,113.8635362,22.5604235,0.646,0.52854,0.02445512429163568,0.158,1,Not significant
D:\A_Research\A_doing_research\20250804_LLM_campus_restoration\shanghai\final_image\202211_113.8641105_22.65899359999999.png,202211,113.8641105,22.6589936,0.46952,0.45,2.4147378637749617e-05,0.428,1,Not significant
D:\A_Research\A_doing_research\20250804_LLM_campus_restoration\shanghai\final_image\202211_113.8660106_22.562435099999995.png,202211,113.8660106,22.5624351,0.3513,0.498,0.01904314630283275,0.11,1,Not significant
D:\A_Research\A_doing_research\20250804_LLM_campus_restoration\shanghai\final_image\202211_113.8662235_22.822643900000003.png,202211,113.8662235,22.8226439,0.6723,0.36316,0.031182180931142844,0.067,3,Not significant
D:\A_Research\A_doing_research\20250804_LLM_campus_restoration\shanghai\final_image\202211_113.86772208369885_22.594224140244894.png,202211,113.8677221,22.59422414,0.72056,0.59085,0.06805460271292144,0.025,1,HH
D:\A_Research\A_doing_research\20250804_LLM_campus_restoration\shanghai\final_image\202211_113.8685909_22.584936799999998.png,202211,113.8685909,22.5849368,0.64597,0.635,0.06813932270182133,0.084,1,Not significant
D:\A_Research\A_doing_research\20250804_LLM_campus_restoration\shanghai\final_image\202211_113.8704171_22.562697100000005.png,202211,113.8704171,22.5626971,0.40573,0.4605,0.005731255796817424,0.04,1,HH
D:\A_Research\A_doing_research\20250804_LLM_campus_restoration\shanghai\final_image\202211_113.8704657_22.589568399999997.png,202211,113.8704657,22.5895684,0.47349,0.44756,-0.001280735602990481,0.009,2,LH
D:\A_Research\A_doing_research\20250804_LLM_campus_restoration\shanghai\final_image\202211_113.8705711_22.5535704.png,202211,113.8705711,22.5535704,0.35675,0.497,0.027074792616849443,0.05,1,HH
D:\A_Research\A_doing_research\20250804_LLM_campus_restoration\shanghai\final_image\202211_113.8713453310081_22.724809115067085.png,202211,113.8713453,22.72480912,0.5787,0.61432,-0.024667247778868934,0.15,4,Not significant
D:\A_Research\A_doing_research\20250804_LLM_campus_restoration\shanghai\final_image\202211_113.8713587_22.8123886.png,202211,113.8713587,22.8123886,0.31507,0.449,-1.2838416740688431e-05,0.465,2,Not significant
D:\A_Research\A_doing_research\20250804_LLM_campus_restoration\shanghai\final_image\202211_113.87191125363528_22.599155458008703.png,202211,113.8719113,22.59915546,0.4049,0.43156,-0.009035696085427022,0.056,2,Not significant
D:\A_Research\A_doing_research\20250804_LLM_campus_restoration\shanghai\final_image\202211_113.8722763_22.551879099999997.png,202211,113.8722763,22.5518791,0.4,0.498,0.029174831140742256,0.033,1,HH
D:\A_Research\A_doing_research\20250804_LLM_campus_restoration\shanghai\final_image\202211_113.87349693118158_22.585965639453615.png,202211,113.8734969,22.58596564,0.46952,0.39377,-0.03411851023322898,0.035,2,LH
D:\A_Research\A_doing_research\20250804_LLM_campus_restoration\shanghai\final_image\202211_113.8747501368284_22.5845865660805.png,202211,113.8747501,22.58458657,0.40353,0.405,-0.02500247952262377,0.06,2,Not significant
D:\A_Research\A_doing_research\20250804_LLM_campus_restoration\shanghai\final_image\202211_113.87563624374211_22.816066522327347.png,202211,113.8756362,22.81606652,0.50836,0.335,0.039317317537190206,0.101,3,Not significant
D:\A_Research\A_doing_research\20250804_LLM_campus_restoration\shanghai\final_image\202211_113.8767886_22.5528646.png,202211,113.8767886,22.5528646,0.46647,0.59708,0.09566295918962751,0.019,1,HH
D:\A_Research\A_doing_research\20250804_LLM_campus_restoration\shanghai\final_image\202211_113.8772481_22.595554199999995.png,202211,113.8772481,22.5955542,0.219,0.68371,0.09178663505717614,0.087,1,Not significant
D:\A_Research\A_doing_research\20250804_LLM_campus_restoration\shanghai\final_image\202211_113.8773508_22.600538799999992.png,202211,113.8773508,22.6005388,0.136,0.59694,0.07810753821041229,0.036,1,HH
D:\A_Research\A_doing_research\20250804_LLM_campus_restoration\shanghai\final_image\202211_113.8774333_22.591904599999996.png,202211,113.8774333,22.5919046,0.26744,0.43159,-0.011195313372313935,0.01,2,LH
D:\A_Research\A_doing_research\20250804_LLM_campus_restoration\shanghai\final_image\202211_113.8795867_22.5997255.png,202211,113.8795867,22.5997255,0.646,0.57717,0.07220799571491579,0.019,1,HH
D:\A_Research\A_doing_research\20250804_LLM_campus_restoration\shanghai\final_image\202211_113.87991546962877_22.58326823724113.png,202211,113.8799155,22.58326824,0.3829,0.5908,0.06312425988404648,0.078,1,Not significant
D:\A_Research\A_doing_research\20250804_LLM_campus_restoration\shanghai\final_image\202211_113.8801092_22.5758283.png,202211,113.8801092,22.5758283,0.65189,0.481,0.01743874789859652,0.018,1,HH
D:\A_Research\A_doing_research\20250804_LLM_campus_restoration\shanghai\final_image\202211_113.8801836_22.8211271.png,202211,113.8801836,22.8211271,0.61586,0.55301,-0.062265676896415545,0.026,4,HL
D:\A_Research\A_doing_research\20250804_LLM_campus_restoration\shanghai\final_image\202211_113.880414_22.5504836.png,202211,113.880414,22.5504836,0.43445,0.41991,-0.026962935292221574,0.003,2,LH
D:\A_Research\A_doing_research\20250804_LLM_campus_restoration\shanghai\final_image\202211_113.8805085_22.552745300000005.png,202211,113.8805085,22.5527453,0.34257,0.56539,0.09139021155229876,0.014,1,HH
D:\A_Research\A_doing_research\20250804_LLM_campus_restoration\shanghai\final_image\202211_113.88136_22.584475199999996.png,202211,113.88136,22.5844752,0.4838,0.4717,0.013063404298776256,0.036,1,HH
D:\A_Research\A_doing_research\20250804_LLM_campus_restoration\shanghai\final_image\202211_113.8822775_22.5709209.png,202211,113.8822775,22.5709209,0.728,0.31823,-0.11189272791491017,0.002,2,LH
D:\A_Research\A_doing_research\20250804_LLM_campus_restoration\shanghai\final_image\202211_113.8823335_22.5577071.png,202211,113.8823335,22.5577071,0.46952,0.30077,-0.1352096221092282,0.001,2,LH
D:\A_Research\A_doing_research\20250804_LLM_campus_restoration\shanghai\final_image\202211_113.8829096_22.57660509999999.png,202211,113.8829096,22.5766051,0.33636,0.48482,0.024141639957351958,0.018,1,HH
D:\A_Research\A_doing_research\20250804_LLM_campus_restoration\shanghai\final_image\202211_113.88349655044284_22.72249531366094.png,202211,113.8834966,22.72249531,0.21884,0.38383,0.015534135710067046,0.134,3,Not significant
D:\A_Research\A_doing_research\20250804_LLM_campus_restoration\shanghai\final_image\202211_113.88388774733852_22.581637683111726.png,202211,113.8838877,22.58163768,0.41787,0.48434,0.01630986268899923,0.064,1,Not significant
D:\A_Research\A_doing_research\20250804_LLM_campus_restoration\shanghai\final_image\202211_113.8846382_22.7474346.png,202211,113.8846382,22.7474346,0.62157,0.45034,-4.5780134411738086e-05,0.377,4,Not significant
D:\A_Research\A_doing_research\20250804_LLM_campus_restoration\shanghai\final_image\202211_113.8865092_22.733605699999995.png,202211,113.8865092,22.7336057,0.39,0.27566,0.018870375181267315,0.292,3,Not significant
D:\A_Research\A_doing_research\20250804_LLM_campus_restoration\shanghai\final_image\202211_113.88679688991533_22.57914480276345.png,202211,113.8867969,22.5791448,0.1781,0.56,0.062477882408916385,0.019,1,HH
D:\A_Research\A_doing_research\20250804_LLM_campus_restoration\shanghai\final_image\202211_113.88693347520126_22.584208832517255.png,202211,113.8869335,22.58420883,0.51782,0.25764,-0.12666302381824504,0.007,2,LH
D:\A_Research\A_doing_research\20250804_LLM_campus_restoration\shanghai\final_image\202211_113.8878473_22.7457221.png,202211,113.8878473,22.7457221,0.66888,0.577,-0.022525295737331672,0.201,4,Not significant
D:\A_Research\A_doing_research\20250804_LLM_campus_restoration\shanghai\final_image\202211_113.888147074404_22.725700933733467.png,202211,113.8881471,22.72570093,0.46952,0.47427,-0.00915203929598641,0.107,4,Not significant
D:\A_Research\A_doing_research\20250804_LLM_campus_restoration\shanghai\final_image\202211_113.88817707007732_22.568747956014306.png,202211,113.8881771,22.56874796,0.34131,0.43174,-0.014458614550888437,0.001,2,LH
D:\A_Research\A_doing_research\20250804_LLM_campus_restoration\shanghai\final_image\202211_113.88911447484408_22.72927073636687.png,202211,113.8891145,22.72927074,0.42,0.43118,0.004474978112377892,0.164,3,Not significant
D:\A_Research\A_doing_research\20250804_LLM_campus_restoration\shanghai\final_image\202211_113.8917553_22.565572700000004.png,202211,113.8917553,22.5655727,0.55024,0.50232,0.04575164682276207,0.001,1,HH
D:\A_Research\A_doing_research\20250804_LLM_campus_restoration\shanghai\final_image\202211_113.8920878_22.7257467.png,202211,113.8920878,22.7257467,0.35227,0.276,-0.002168902302473058,0.474,2,Not significant
D:\A_Research\A_doing_research\20250804_LLM_campus_restoration\shanghai\final_image\202211_113.8936166_22.7324695.png,202211,113.8936166,22.7324695,0.53569,0.45421,-0.0008327302649826919,0.271,4,Not significant
D:\A_Research\A_doing_research\20250804_LLM_campus_restoration\shanghai\final_image\202211_113.89438222471337_22.73412834603495.png,202211,113.8943822,22.73412835,0.53207,0.45421,-0.0009757628101262893,0.247,4,Not significant
D:\A_Research\A_doing_research\20250804_LLM_campus_restoration\shanghai\final_image\202211_113.89464611194347_22.724018202496094.png,202211,113.8946461,22.7240182,0.47,0.55244,-0.019859422219488873,0.254,4,Not significant
D:\A_Research\A_doing_research\20250804_LLM_campus_restoration\shanghai\final_image\202211_113.89627595979832_22.575069943346904.png,202211,113.896276,22.57506994,0.595,0.35,-0.07469085882422417,0.006,2,LH
D:\A_Research\A_doing_research\20250804_LLM_campus_restoration\shanghai\final_image\202211_113.89760881344573_22.72424305959817.png,202211,113.8976088,22.72424306,0.6257,0.24,-0.051248027710396944,0.171,2,Not significant
D:\A_Research\A_doing_research\20250804_LLM_campus_restoration\shanghai\final_image\202211_113.8992378_22.5719486.png,202211,113.8992378,22.5719486,0.47,0.47034,0.016716590219618972,0.003,1,HH
D:\A_Research\A_doing_research\20250804_LLM_campus_restoration\shanghai\final_image\202211_113.9018775_22.757258799999995.png,202211,113.9018775,22.7572588,0.43079,0.64,-0.07257476873222495,0.076,4,Not significant
D:\A_Research\A_doing_research\20250804_LLM_campus_restoration\shanghai\final_image\202211_113.902409_22.7217534.png,202211,113.902409,22.7217534,0.45059,0.69952,0.026712580101762747,0.322,1,Not significant
D:\A_Research\A_doing_research\20250804_LLM_campus_restoration\shanghai\final_image\202211_113.90342022600008_22.567752452204896.png,202211,113.9034202,22.56775245,0.55024,0.41063,-0.03818671234197111,0.001,2,LH
D:\A_Research\A_doing_research\20250804_LLM_campus_restoration\shanghai\final_image\202211_113.9051576_22.7397657.png,202211,113.9051576,22.7397657,0.5108,0.5068,-0.0039047418510443064,0.393,4,Not significant
D:\A_Research\A_doing_research\20250804_LLM_campus_restoration\shanghai\final_image\202211_113.90574290000002_22.577700399999998.png,202211,113.9057429,22.5777004,0.36223,0.43632,-0.010295018338916601,0.002,2,LH
D:\A_Research\A_doing_research\20250804_LLM_campus_restoration\shanghai\final_image\202211_113.90697703046054_22.567940805295795.png,202211,113.906977,22.56794081,0.21884,0.54144,0.07615416058471972,0.002,1,HH
D:\A_Research\A_doing_research\20250804_LLM_campus_restoration\shanghai\final_image\202211_113.9070775_22.675143499999997.png,202211,113.9070775,22.6751435,0.55024,0.44614,-0.0006647848473680678,0.17,2,Not significant
D:\A_Research\A_doing_research\20250804_LLM_campus_restoration\shanghai\final_image\202211_113.90742801865805_22.725712172937747.png,202211,113.907428,22.72571217,0.57,0.72047,0.024249141192815623,0.326,1,Not significant
D:\A_Research\A_doing_research\20250804_LLM_campus_restoration\shanghai\final_image\202211_113.90878697536927_22.671312602817387.png,202211,113.908787,22.6713126,0.58923,0.52635,0.01435152829322691,0.242,1,Not significant
D:\A_Research\A_doing_research\20250804_LLM_campus_restoration\shanghai\final_image\202211_113.90896476644085_22.56979410159586.png,202211,113.9089648,22.5697941,0.561,0.46614,0.014328061462697972,0.004,1,HH
D:\A_Research\A_doing_research\20250804_LLM_campus_restoration\shanghai\final_image\202211_113.909002_22.5679899.png,202211,113.909002,22.5679899,0.65024,0.54385,0.06982665596506088,0.016,1,HH
D:\A_Research\A_doing_research\20250804_LLM_campus_restoration\shanghai\final_image\202211_113.909003_22.737634599999996.png,202211,113.909003,22.7376346,0.56132,0.48972,0.00011714547086991664,0.492,1,Not significant
D:\A_Research\A_doing_research\20250804_LLM_campus_restoration\shanghai\final_image\202211_113.90970177804846_22.721098932815558.png,202211,113.9097018,22.72109893,0.45,0.37,-0.04548890901165476,0.015,2,LH
D:\A_Research\A_doing_research\20250804_LLM_campus_restoration\shanghai\final_image\202211_113.91070652772326_22.67302849408122.png,202211,113.9107065,22.67302849,0.70507,0.54631,0.019547746602928632,0.227,1,Not significant
D:\A_Research\A_doing_research\20250804_LLM_campus_restoration\shanghai\final_image\202211_113.9115938_22.720679999999994.png,202211,113.9115938,22.72068,0.2898,0.69873,0.006469397580847928,0.47,1,Not significant
D:\A_Research\A_doing_research\20250804_LLM_campus_restoration\shanghai\final_image\202211_113.9117943_22.665487700000003.png,202211,113.9117943,22.6654877,0.3343,0.57,0.0071845007135614885,0.398,1,Not significant
D:\A_Research\A_doing_research\20250804_LLM_campus_restoration\shanghai\final_image\202211_113.9124974_22.668271199999992.png,202211,113.9124974,22.6682712,0.53024,0.48017,0.006976518112024348,0.17,1,Not significant
D:\A_Research\A_doing_research\20250804_LLM_campus_restoration\shanghai\final_image\202211_113.91287063157836_22.729977328317002.png,202211,113.9128706,22.72997733,0.35405,0.48362,0.004656943456606634,0.271,1,Not significant
D:\A_Research\A_doing_research\20250804_LLM_campus_restoration\shanghai\final_image\202211_113.9136635_22.675389800000005.png,202211,113.9136635,22.6753898,0.45,0.42106,-0.011586007840262903,0.048,2,LH
D:\A_Research\A_doing_research\20250804_LLM_campus_restoration\shanghai\final_image\202211_113.9146583_22.678016.png,202211,113.9146583,22.678016,0.63166,0.6939,0.022402583217832842,0.325,1,Not significant
D:\A_Research\A_doing_research\20250804_LLM_campus_restoration\shanghai\final_image\202211_113.9159803_22.655209499999998.png,202211,113.9159803,22.6552095,0.28989,0.3,-0.019597842485930442,0.252,2,Not significant
D:\A_Research\A_doing_research\20250804_LLM_campus_restoration\shanghai\final_image\202211_113.91780780000002_22.647731699999998.png,202211,113.9178078,22.6477317,0.3956,0.52,0.009182334282634392,0.212,1,Not significant
D:\A_Research\A_doing_research\20250804_LLM_campus_restoration\shanghai\final_image\202211_113.9204277_22.670825999999998.png,202211,113.9204277,22.670826,0.3,0.495,0.006263203739421156,0.189,1,Not significant
D:\A_Research\A_doing_research\20250804_LLM_campus_restoration\shanghai\final_image\202211_113.9206367_22.7418.png,202211,113.9206367,22.7418,0.6138,0.48484,-0.0016492889024032754,0.424,4,Not significant
D:\A_Research\A_doing_research\20250804_LLM_campus_restoration\shanghai\final_image\202211_113.921566914685_22.692212677311126.png,202211,113.9215669,22.69221268,0.4589,0.52347,0.008855084257355941,0.331,1,Not significant
D:\A_Research\A_doing_research\20250804_LLM_campus_restoration\shanghai\final_image\202211_113.9216169_22.6482451.png,202211,113.9216169,22.6482451,0.3513,0.47117,0.004215925565931508,0.12,1,Not significant
D:\A_Research\A_doing_research\20250804_LLM_campus_restoration\shanghai\final_image\202211_113.9221276_22.687319399999996.png,202211,113.9221276,22.6873194,0.34344,0.52421,0.016777182936565622,0.188,1,Not significant
D:\A_Research\A_doing_research\20250804_LLM_campus_restoration\shanghai\final_image\202211_113.9227536_22.727050399999996.png,202211,113.9227536,22.7270504,0.21884,0.5306,0.0012701358818795088,0.5,1,Not significant
D:\A_Research\A_doing_research\20250804_LLM_campus_restoration\shanghai\final_image\202211_113.92292441756912_22.689422567040562.png,202211,113.9229244,22.68942257,0.50853,0.60703,0.011317631629301552,0.425,1,Not significant
D:\A_Research\A_doing_research\20250804_LLM_campus_restoration\shanghai\final_image\202211_113.92448041422081_22.693147527486474.png,202211,113.9244804,22.69314753,0.47384,0.37346,-0.013876610625020607,0.293,2,Not significant
D:\A_Research\A_doing_research\20250804_LLM_campus_restoration\shanghai\final_image\202211_113.9248291_22.688974099999996.png,202211,113.9248291,22.6889741,0.32325,0.4005,-0.015209761164909175,0.162,2,Not significant
D:\A_Research\A_doing_research\20250804_LLM_campus_restoration\shanghai\final_image\202211_113.92484152239916_22.7051726408131.png,202211,113.9248415,22.70517264,0.51419,0.33592,-0.007290776293501759,0.357,2,Not significant
D:\A_Research\A_doing_research\20250804_LLM_campus_restoration\shanghai\final_image\202211_113.92520629582631_22.697558592741856.png,202211,113.9252063,22.69755859,0.38871,0.51873,-0.0007498806044638403,0.475,4,Not significant
D:\A_Research\A_doing_research\20250804_LLM_campus_restoration\shanghai\final_image\202211_113.9253078_22.7618506.png,202211,113.9253078,22.7618506,0.13593,0.55603,0.012828856559187269,0.367,1,Not significant
D:\A_Research\A_doing_research\20250804_LLM_campus_restoration\shanghai\final_image\202211_113.9259899_22.7421768.png,202211,113.9259899,22.7421768,0.33273,0.27178,-0.0319102442266051,0.251,2,Not significant
D:\A_Research\A_doing_research\20250804_LLM_campus_restoration\shanghai\final_image\202211_113.9263628_22.5912654.png,202211,113.9263628,22.5912654,0.318,0.57023,0.07286415968295772,0.001,1,HH
D:\A_Research\A_doing_research\20250804_LLM_campus_restoration\shanghai\final_image\202211_113.9265475_22.693543899999998.png,202211,113.9265475,22.6935439,0.14409,0.431,-0.00036967380841448016,0.481,2,Not significant
D:\A_Research\A_doing_research\20250804_LLM_campus_restoration\shanghai\final_image\202211_113.9267793_22.679833899999995.png,202211,113.9267793,22.6798339,0.43818,0.48389,0.004276035967327701,0.277,1,Not significant
D:\A_Research\A_doing_research\20250804_LLM_campus_restoration\shanghai\final_image\202211_113.92725478501447_22.736770270252634.png,202211,113.9272548,22.73677027,0.48147,0.56041,-0.006360307808681671,0.375,4,Not significant
D:\A_Research\A_doing_research\20250804_LLM_campus_restoration\shanghai\final_image\202211_113.92732766201836_22.67553680968978.png,202211,113.9273277,22.67553681,0.25221,0.51,0.004707580395171735,0.34,1,Not significant
D:\A_Research\A_doing_research\20250804_LLM_campus_restoration\shanghai\final_image\202211_113.92887058598346_22.75854674049593.png,202211,113.9288706,22.75854674,0.64795,0.42432,-0.0069972959267206244,0.15,2,Not significant
D:\A_Research\A_doing_research\20250804_LLM_campus_restoration\shanghai\final_image\202211_113.92888130000001_22.691593299999997.png,202211,113.9288813,22.6915933,0.45018,0.3975,-0.003380717711666607,0.409,2,Not significant
D:\A_Research\A_doing_research\20250804_LLM_campus_restoration\shanghai\final_image\202211_113.92993471694594_22.75313338146949.png,202211,113.9299347,22.75313338,0.294,0.42485,-0.007615991193456802,0.159,2,Not significant
D:\A_Research\A_doing_research\20250804_LLM_campus_restoration\shanghai\final_image\202211_113.9321752_22.675359599999997.png,202211,113.9321752,22.6753596,0.21884,0.431,-0.00030924323530451373,0.499,2,Not significant
D:\A_Research\A_doing_research\20250804_LLM_campus_restoration\shanghai\final_image\202211_113.9328649640436_22.697613307792725.png,202211,113.932865,22.69761331,0.23623,0.4529,-7.033157051108855e-05,0.442,4,Not significant
D:\A_Research\A_doing_research\20250804_LLM_campus_restoration\shanghai\final_image\202211_113.9336117_22.629924599999995.png,202211,113.9336117,22.6299246,0.48241,0.61432,0.05575150307366781,0.001,1,HH
D:\A_Research\A_doing_research\20250804_LLM_campus_restoration\shanghai\final_image\202211_113.9360468_22.758895699999997.png,202211,113.9360468,22.7588957,0.37195,0.4585,0.002687091057909449,0.15,1,Not significant
D:\A_Research\A_doing_research\20250804_LLM_campus_restoration\shanghai\final_image\202211_113.9368539_22.690225699999996.png,202211,113.9368539,22.6902257,0.45658,0.45955,-0.00021160946213928265,0.434,4,Not significant
D:\A_Research\A_doing_research\20250804_LLM_campus_restoration\shanghai\final_image\202211_113.9373523_22.6753916.png,202211,113.9373523,22.6753916,0.55024,0.45,2.765905864498587e-06,0.496,1,Not significant
D:\A_Research\A_doing_research\20250804_LLM_campus_restoration\shanghai\final_image\202211_113.9414209_22.683555099999996.png,202211,113.9414209,22.6835551,0.45041,0.43071,0.0003178446613133648,0.479,3,Not significant
D:\A_Research\A_doing_research\20250804_LLM_campus_restoration\shanghai\final_image\202211_113.94225220000001_22.753719199999995.png,202211,113.9422522,22.7537192,0.415,0.47361,0.0019259667240924248,0.384,1,Not significant
D:\A_Research\A_doing_research\20250804_LLM_campus_restoration\shanghai\final_image\202211_113.94254643727618_22.59207327166163.png,202211,113.9425464,22.59207327,0.40955,0.5335,0.0771385129912845,0.001,1,HH
D:\A_Research\A_doing_research\20250804_LLM_campus_restoration\shanghai\final_image\202211_113.9432455_22.587066.png,202211,113.9432455,22.587066,0.45724,0.41039,-0.040306269662766785,0.001,2,LH
D:\A_Research\A_doing_research\20250804_LLM_campus_restoration\shanghai\final_image\202211_113.94342557009044_22.595511079528276.png,202211,113.9434256,22.59551108,0.13025,0.61556,0.1305306282116908,0.001,1,HH
D:\A_Research\A_doing_research\20250804_LLM_campus_restoration\shanghai\final_image\202211_113.9444364_22.7636997.png,202211,113.9444364,22.7636997,0.43032,0.37791,0.014096832780418372,0.204,3,Not significant
D:\A_Research\A_doing_research\20250804_LLM_campus_restoration\shanghai\final_image\202211_113.94713426497022_22.58369575357855.png,202211,113.9471343,22.58369575,0.37965,0.61432,0.17041183951882946,0.001,1,HH
D:\A_Research\A_doing_research\20250804_LLM_campus_restoration\shanghai\final_image\202211_113.9506242_22.6892578.png,202211,113.9506242,22.6892578,0.47182,0.41896,0.005813143634097627,0.164,3,Not significant
D:\A_Research\A_doing_research\20250804_LLM_campus_restoration\shanghai\final_image\202211_113.9517394_22.7620258.png,202211,113.9517394,22.7620258,0.4565,0.71916,-0.09292813488190367,0.052,4,Not significant
D:\A_Research\A_doing_research\20250804_LLM_campus_restoration\shanghai\final_image\202211_113.9561873_22.686525999999997.png,202211,113.9561873,22.686526,0.36,0.46229,-0.0029835401161012356,0.144,4,Not significant
D:\A_Research\A_doing_research\20250804_LLM_campus_restoration\shanghai\final_image\202211_113.9570976_22.583883199999995.png,202211,113.9570976,22.5838832,0.37608,0.47513,0.02355506638170968,0.001,1,HH
D:\A_Research\A_doing_research\20250804_LLM_campus_restoration\shanghai\final_image\202211_113.95836790652298_22.69236529229209.png,202211,113.9583679,22.69236529,0.44787,0.37201,0.019343881583993864,0.15,3,Not significant
D:\A_Research\A_doing_research\20250804_LLM_campus_restoration\shanghai\final_image\202211_113.9594759_22.6869193.png,202211,113.9594759,22.6869193,0.62652,0.4131,0.006989628780770153,0.198,3,Not significant
D:\A_Research\A_doing_research\20250804_LLM_campus_restoration\shanghai\final_image\202211_113.96124870000001_22.693383099999995.png,202211,113.9612487,22.6933831,0.6125,0.468,-0.006472136782173963,0.077,4,Not significant
D:\A_Research\A_doing_research\20250804_LLM_campus_restoration\shanghai\final_image\202211_113.96500278761941_22.7057305940868.png,202211,113.9650028,22.70573059,0.29292,0.2615,0.0662784151222891,0.02,3,LL
D:\A_Research\A_doing_research\20250804_LLM_campus_restoration\shanghai\final_image\202211_113.9662081_22.695615500000002.png,202211,113.9662081,22.6956155,0.42659,0.4653,-0.004997683514618044,0.075,4,Not significant
D:\A_Research\A_doing_research\20250804_LLM_campus_restoration\shanghai\final_image\202211_113.9707677_22.696726400000003.png,202211,113.9707677,22.6967264,0.39,0.51103,-0.025056966345155172,0.029,4,HL
D:\A_Research\A_doing_research\20250804_LLM_campus_restoration\shanghai\final_image\202211_113.9724363_22.693400699999998.png,202211,113.9724363,22.6934007,0.51036,0.26916,0.042243668189254,0.152,3,Not significant
D:\A_Research\A_doing_research\20250804_LLM_campus_restoration\shanghai\final_image\202211_113.9736811_22.681122699999992.png,202211,113.9736811,22.6811227,0.59831,0.4,0.0032543972218080142,0.417,3,Not significant
D:\A_Research\A_doing_research\20250804_LLM_campus_restoration\shanghai\final_image\202211_113.97663050000001_22.677637000000004.png,202211,113.9766305,22.677637,0.21884,0.61432,-0.028806399042681084,0.201,4,Not significant
D:\A_Research\A_doing_research\20250804_LLM_campus_restoration\shanghai\final_image\202211_113.9770576_22.680456799999998.png,202211,113.9770576,22.6804568,0.44,0.39063,-0.0036934473068076625,0.405,2,Not significant
D:\A_Research\A_doing_research\20250804_LLM_campus_restoration\shanghai\final_image\202211_113.9790278_22.699194899999995.png,202211,113.9790278,22.6991949,0.33496,0.5304,-0.028825084953032043,0.04,4,HL
D:\A_Research\A_doing_research\20250804_LLM_campus_restoration\shanghai\final_image\202211_113.97920184951224_22.69279470795537.png,202211,113.9792018,22.69279471,0.3256,0.47161,-0.011469275283693504,0.036,4,HL
D:\A_Research\A_doing_research\20250804_LLM_campus_restoration\shanghai\final_image\202211_113.98367039433224_22.672815120621834.png,202211,113.9836704,22.67281512,0.51953,0.28064,-0.00358252512714567,0.477,2,Not significant
D:\A_Research\A_doing_research\20250804_LLM_campus_restoration\shanghai\final_image\202211_113.9854985_22.685279299999994.png,202211,113.9854985,22.6852793,0.45678,0.48,-0.0062832159496030646,0.16,4,Not significant
D:\A_Research\A_doing_research\20250804_LLM_campus_restoration\shanghai\final_image\202211_113.9858528_22.704467899999997.png,202211,113.9858528,22.7044679,0.50601,0.46611,-0.00455594771314094,0.065,4,Not significant
D:\A_Research\A_doing_research\20250804_LLM_campus_restoration\shanghai\final_image\202211_113.987769_22.6774694.png,202211,113.987769,22.6774694,0.60091,0.59799,-0.02939556819455362,0.17,4,Not significant
D:\A_Research\A_doing_research\20250804_LLM_campus_restoration\shanghai\final_image\202211_113.9879906_22.665906999999997.png,202211,113.9879906,22.665907,0.5425,0.3103,0.0052239017150798005,0.422,3,Not significant
D:\A_Research\A_doing_research\20250804_LLM_campus_restoration\shanghai\final_image\202211_113.9890723_22.693102999999994.png,202211,113.9890723,22.693103,0.14787,0.60384,-0.0482457302244542,0.06,4,Not significant
D:\A_Research\A_doing_research\20250804_LLM_campus_restoration\shanghai\final_image\202211_113.9901884_22.6640908.png,202211,113.9901884,22.6640908,0.475,0.3815,0.004785234758939022,0.377,3,Not significant
D:\A_Research\A_doing_research\20250804_LLM_campus_restoration\shanghai\final_image\202211_113.9905027_22.681737499999997.png,202211,113.9905027,22.6817375,0.3513,0.4151,0.003948489837435613,0.274,3,Not significant
D:\A_Research\A_doing_research\20250804_LLM_campus_restoration\shanghai\final_image\202211_113.991308_22.668160299999993.png,202211,113.991308,22.6681603,0.45853,0.36646,0.007872187048770149,0.37,3,Not significant
D:\A_Research\A_doing_research\20250804_LLM_campus_restoration\shanghai\final_image\202211_113.9923096_22.666352000000003.png,202211,113.9923096,22.666352,0.5825,0.44746,0.0003647642786234076,0.235,3,Not significant
D:\A_Research\A_doing_research\20250804_LLM_campus_restoration\shanghai\final_image\202211_113.9939903_22.673004600000002.png,202211,113.9939903,22.6730046,0.355,0.49619,-0.007113544669240048,0.244,4,Not significant
D:\A_Research\A_doing_research\20250804_LLM_campus_restoration\shanghai\final_image\202211_113.996054_22.668308199999995.png,202211,113.996054,22.6683082,0.33046,0.3391,0.00417842574404037,0.449,3,Not significant
D:\A_Research\A_doing_research\20250804_LLM_campus_restoration\shanghai\final_image\202211_113.9964751_22.657575699999995.png,202211,113.9964751,22.6575757,0.34407,0.39565,-0.011569492084678825,0.195,2,Not significant
D:\A_Research\A_doing_research\20250804_LLM_campus_restoration\shanghai\final_image\202211_113.9978556_22.662229899999996.png,202211,113.9978556,22.6622299,0.48149,0.51889,0.004715693329053244,0.385,1,Not significant
D:\A_Research\A_doing_research\20250804_LLM_campus_restoration\shanghai\final_image\202211_113.9984381_22.681373299999997.png,202211,113.9984381,22.6813733,0.64597,0.42794,0.00401090968971374,0.189,3,Not significant
D:\A_Research\A_doing_research\20250804_LLM_campus_restoration\shanghai\final_image\202211_114.0001142_22.672967399999997.png,202211,114.0001142,22.6729674,0.34759,0.45983,-0.0019877234117873996,0.242,4,Not significant
D:\A_Research\A_doing_research\20250804_LLM_campus_restoration\shanghai\final_image\202211_114.0016995_22.664829299999997.png,202211,114.0016995,22.6648293,0.33933,0.55573,0.0010565729497707846,0.464,1,Not significant
D:\A_Research\A_doing_research\20250804_LLM_campus_restoration\shanghai\final_image\202211_114.001936_22.656943199999997.png,202211,114.001936,22.6569432,0.56562,0.33309,-0.03799479031180723,0.112,2,Not significant
D:\A_Research\A_doing_research\20250804_LLM_campus_restoration\shanghai\final_image\202211_114.0032822_22.681515600000004.png,202211,114.0032822,22.6815156,0.65398,0.39436,0.02025922032942447,0.09,3,Not significant
D:\A_Research\A_doing_research\20250804_LLM_campus_restoration\shanghai\final_image\202211_114.0032842_22.655026699999997.png,202211,114.0032842,22.6550267,0.2423,0.41253,-0.010039617025094627,0.156,2,Not significant
D:\A_Research\A_doing_research\20250804_LLM_campus_restoration\shanghai\final_image\202211_114.0051723768474_22.681067740455443.png,202211,114.0051724,22.68106774,0.36063,0.25764,0.03612239241249328,0.219,3,Not significant
D:\A_Research\A_doing_research\20250804_LLM_campus_restoration\shanghai\final_image\202211_114.00540480242616_22.65630467035494.png,202211,114.0054048,22.65630467,0.25598,0.4453,-0.0018466268086933097,0.071,2,Not significant
D:\A_Research\A_doing_research\20250804_LLM_campus_restoration\shanghai\final_image\202211_114.0067388_22.657706199999996.png,202211,114.0067388,22.6577062,0.38133,0.675,0.04449043354891025,0.245,1,Not significant
D:\A_Research\A_doing_research\20250804_LLM_campus_restoration\shanghai\final_image\202211_114.00752030000001_22.644621500000003.png,202211,114.0075203,22.6446215,0.313,0.58711,0.05743784068008798,0.028,1,HH
D:\A_Research\A_doing_research\20250804_LLM_campus_restoration\shanghai\final_image\202211_114.0078292_22.639066599999996.png,202211,114.0078292,22.6390666,0.59365,0.531,0.04040621800536843,0.025,1,HH
D:\A_Research\A_doing_research\20250804_LLM_campus_restoration\shanghai\final_image\202211_114.00808370000001_22.647836700000003.png,202211,114.0080837,22.6478367,0.51651,0.45508,0.0029697233152275676,0.014,1,HH
D:\A_Research\A_doing_research\20250804_LLM_campus_restoration\shanghai\final_image\202211_114.0083_22.6611993.png,202211,114.0083,22.6611993,0.32462,0.39607,-0.021615740078414568,0.038,2,LH
D:\A_Research\A_doing_research\20250804_LLM_campus_restoration\shanghai\final_image\202211_114.00958_22.6768807.png,202211,114.00958,22.6768807,0.38314,0.3,0.013298461014112676,0.315,3,Not significant
D:\A_Research\A_doing_research\20250804_LLM_campus_restoration\shanghai\final_image\202211_114.01052248887245_22.649428427414882.png,202211,114.0105225,22.64942843,0.33636,0.48,0.017495712807454523,0.02,1,HH
D:\A_Research\A_doing_research\20250804_LLM_campus_restoration\shanghai\final_image\202211_114.0114565_22.7516805.png,202211,114.0114565,22.7516805,0.65398,0.70995,-0.10062459494472047,0.007,4,HL
D:\A_Research\A_doing_research\20250804_LLM_campus_restoration\shanghai\final_image\202211_114.0120856_22.6380701.png,202211,114.0120856,22.6380701,0.137,0.41935,-0.016715761373862784,0.006,2,LH
D:\A_Research\A_doing_research\20250804_LLM_campus_restoration\shanghai\final_image\202211_114.01226702670839_22.65062289331344.png,202211,114.012267,22.65062289,0.41467,0.57569,0.06221008636855678,0.022,1,HH
D:\A_Research\A_doing_research\20250804_LLM_campus_restoration\shanghai\final_image\202211_114.0122966_22.6592225.png,202211,114.0122966,22.6592225,0.31884,0.47728,0.011789827195887585,0.028,1,HH
D:\A_Research\A_doing_research\20250804_LLM_campus_restoration\shanghai\final_image\202211_114.0132668_22.726755799999992.png,202211,114.0132668,22.7267558,0.646,0.2194,0.10672016403441285,0.025,3,LL
D:\A_Research\A_doing_research\20250804_LLM_campus_restoration\shanghai\final_image\202211_114.01360720000001_22.6653999.png,202211,114.0136072,22.6653999,0.47568,0.59,0.035275507392561856,0.092,1,Not significant
D:\A_Research\A_doing_research\20250804_LLM_campus_restoration\shanghai\final_image\202211_114.01383709611049_22.67024418987094.png,202211,114.0138371,22.67024419,0.25498,0.39357,-0.01256767082205633,0.127,2,Not significant
D:\A_Research\A_doing_research\20250804_LLM_campus_restoration\shanghai\final_image\202211_114.0143483_22.629982700000003.png,202211,114.0143483,22.6299827,0.42896,0.51994,0.041020189127273586,0.004,1,HH
D:\A_Research\A_doing_research\20250804_LLM_campus_restoration\shanghai\final_image\202211_114.01481627634406_22.65261985076098.png,202211,114.0148163,22.65261985,0.35231,0.54892,0.05142079938351366,0.042,1,HH
D:\A_Research\A_doing_research\20250804_LLM_campus_restoration\shanghai\final_image\202211_114.01569978609133_22.728512338937833.png,202211,114.0156998,22.72851234,0.56032,0.22626,0.11364184243267372,0.015,3,LL
D:\A_Research\A_doing_research\20250804_LLM_campus_restoration\shanghai\final_image\202211_114.01617567742461_22.720944442198924.png,202211,114.0161757,22.72094444,0.39628,0.531,-0.038967249455235844,0.012,4,HL
D:\A_Research\A_doing_research\20250804_LLM_campus_restoration\shanghai\final_image\202211_114.0163689_22.653706200000002.png,202211,114.0163689,22.6537062,0.48491,0.4585,0.005574300621493314,0.009,1,HH
D:\A_Research\A_doing_research\20250804_LLM_campus_restoration\shanghai\final_image\202211_114.0177091_22.748998399999998.png,202211,114.0177091,22.7489984,0.65,0.2816,0.03096094914796859,0.116,3,Not significant
D:\A_Research\A_doing_research\20250804_LLM_campus_restoration\shanghai\final_image\202211_114.0181294_22.6263421.png,202211,114.0181294,22.6263421,0.48766,0.54844,0.06235276098206076,0.005,1,HH
D:\A_Research\A_doing_research\20250804_LLM_campus_restoration\shanghai\final_image\202211_114.0187342_22.630308.png,202211,114.0187342,22.630308,0.4796,0.43936,-0.007483210680338321,0.003,2,LH
D:\A_Research\A_doing_research\20250804_LLM_campus_restoration\shanghai\final_image\202211_114.0190127_22.633466399999996.png,202211,114.0190127,22.6334664,0.47,0.47451,0.015717796211166566,0.012,1,HH
D:\A_Research\A_doing_research\20250804_LLM_campus_restoration\shanghai\final_image\202211_114.0191639_22.662296299999998.png,202211,114.0191639,22.6622963,0.46858,0.635,0.07203631680388944,0.036,1,HH
D:\A_Research\A_doing_research\20250804_LLM_campus_restoration\shanghai\final_image\202211_114.01958120000002_22.706928199999997.png,202211,114.0195812,22.7069282,0.48241,0.41576,0.01178997793492994,0.047,3,LL
D:\A_Research\A_doing_research\20250804_LLM_campus_restoration\shanghai\final_image\202211_114.0203987_22.653373900000002.png,202211,114.0203987,22.6533739,0.3997,0.47453,0.013855776524966754,0.01,1,HH
D:\A_Research\A_doing_research\20250804_LLM_campus_restoration\shanghai\final_image\202211_114.02076763342716_22.6417675560083.png,202211,114.0207676,22.64176756,0.30703,0.58258,0.07708202617873805,0.007,1,HH
D:\A_Research\A_doing_research\20250804_LLM_campus_restoration\shanghai\final_image\202211_114.0209513_22.704005600000002.png,202211,114.0209513,22.7040056,0.48241,0.3097,0.03614361979672538,0.11,3,Not significant
D:\A_Research\A_doing_research\20250804_LLM_campus_restoration\shanghai\final_image\202211_114.0210043_22.668622000000003.png,202211,114.0210043,22.668622,0.37189,0.573,0.04229290017705557,0.051,1,Not significant
D:\A_Research\A_doing_research\20250804_LLM_campus_restoration\shanghai\final_image\202211_114.0211632_22.610719899999992.png,202211,114.0211632,22.6107199,0.48241,0.49,0.02569841179170252,0.001,1,HH
D:\A_Research\A_doing_research\20250804_LLM_campus_restoration\shanghai\final_image\202211_114.0217305_22.724620699999992.png,202211,114.0217305,22.7246207,0.295,0.41187,0.019689585161744686,0.022,3,LL
D:\A_Research\A_doing_research\20250804_LLM_campus_restoration\shanghai\final_image\202211_114.02214683204099_22.66441188077592.png,202211,114.0221468,22.66441188,0.33636,0.413,-0.021133294863863433,0.006,2,LH
D:\A_Research\A_doing_research\20250804_LLM_campus_restoration\shanghai\final_image\202211_114.0226689_22.6581417.png,202211,114.0226689,22.6581417,0.45952,0.57,0.053320795241846276,0.039,1,HH
D:\A_Research\A_doing_research\20250804_LLM_campus_restoration\shanghai\final_image\202211_114.024513_22.7198635.png,202211,114.024513,22.7198635,0.31933,0.31672,0.045355480561166554,0.152,3,Not significant
D:\A_Research\A_doing_research\20250804_LLM_campus_restoration\shanghai\final_image\202211_114.02458397103088_22.636186228414157.png,202211,114.024584,22.63618623,0.646,0.49309,0.035422404147167845,0.002,1,HH
D:\A_Research\A_doing_research\20250804_LLM_campus_restoration\shanghai\final_image\202211_114.02504000000002_22.655338899999997.png,202211,114.02504,22.6553389,0.43504,0.45665,0.0036261560878430156,0.055,1,Not significant
D:\A_Research\A_doing_research\20250804_LLM_campus_restoration\shanghai\final_image\202211_114.02556840000001_22.630214099999996.png,202211,114.0255684,22.6302141,0.27286,0.53619,0.061419267154936306,0.001,1,HH
D:\A_Research\A_doing_research\20250804_LLM_campus_restoration\shanghai\final_image\202211_114.02588041586304_22.667103762999158.png,202211,114.0258804,22.66710376,0.55024,0.64,0.0721987809438519,0.038,1,HH
D:\A_Research\A_doing_research\20250804_LLM_campus_restoration\shanghai\final_image\202211_114.02623188381102_22.719018468589184.png,202211,114.0262319,22.71901847,0.58969,0.46,-0.00535211779998564,0.052,4,Not significant
D:\A_Research\A_doing_research\20250804_LLM_campus_restoration\shanghai\final_image\202211_114.026409_22.61672.png,202211,114.026409,22.61672,0.7,0.52421,0.049276927473319895,0.001,1,HH
D:\A_Research\A_doing_research\20250804_LLM_campus_restoration\shanghai\final_image\202211_114.02685327941492_22.65665801526316.png,202211,114.0268533,22.65665802,0.55024,0.35,-0.05909643985850497,0.013,2,LH
D:\A_Research\A_doing_research\20250804_LLM_campus_restoration\shanghai\final_image\202211_114.026955_22.724973.png,202211,114.026955,22.724973,0.623,0.39256,0.01978339431733424,0.077,3,Not significant
D:\A_Research\A_doing_research\20250804_LLM_campus_restoration\shanghai\final_image\202211_114.0270607_22.728646699999995.png,202211,114.0270607,22.7286467,0.51837,0.4501,-0.00025636089102888513,0.05,4,HL
D:\A_Research\A_doing_research\20250804_LLM_campus_restoration\shanghai\final_image\202211_114.0271165_22.5685268.png,202211,114.0271165,22.5685268,0.3725,0.42305,-0.02066315752847131,0.001,2,LH
D:\A_Research\A_doing_research\20250804_LLM_campus_restoration\shanghai\final_image\202211_114.02749850000001_22.661723400000003.png,202211,114.0274985,22.6617234,0.178,0.637,0.06474193546409077,0.087,1,Not significant
D:\A_Research\A_doing_research\20250804_LLM_campus_restoration\shanghai\final_image\202211_114.02779052763432_22.67313863258654.png,202211,114.0277905,22.67313863,0.59711,0.615,0.04689859143217329,0.106,1,Not significant
D:\A_Research\A_doing_research\20250804_LLM_campus_restoration\shanghai\final_image\202211_114.02830793021995_22.63514802817295.png,202211,114.0283079,22.63514803,0.22578,0.445,-0.003314070245649939,0.001,2,LH
D:\A_Research\A_doing_research\20250804_LLM_campus_restoration\shanghai\final_image\202211_114.0283491_22.604311499999998.png,202211,114.0283491,22.6043115,0.39238,0.58731,0.09078351158107444,0.001,1,HH
D:\A_Research\A_doing_research\20250804_LLM_campus_restoration\shanghai\final_image\202211_114.0284235_22.621682199999995.png,202211,114.0284235,22.6216822,0.3127,0.53082,0.056799104371506204,0.004,1,HH
D:\A_Research\A_doing_research\20250804_LLM_campus_restoration\shanghai\final_image\202211_114.0294217_22.556639199999996.png,202211,114.0294217,22.5566392,0.44908,0.447,-0.0023440218870368454,0.001,2,LH
D:\A_Research\A_doing_research\20250804_LLM_campus_restoration\shanghai\final_image\202211_114.0296143_22.644204099999996.png,202211,114.0296143,22.6442041,0.20205,0.50211,0.031452729550032546,0.001,1,HH
D:\A_Research\A_doing_research\20250804_LLM_campus_restoration\shanghai\final_image\202211_114.0297621_22.617970299999996.png,202211,114.0297621,22.6179703,0.29206,0.41966,-0.021178894742296485,0.001,2,LH
D:\A_Research\A_doing_research\20250804_LLM_campus_restoration\shanghai\final_image\202211_114.0297753_22.638127799999996.png,202211,114.0297753,22.6381278,0.654,0.54839,0.06285914282868467,0.003,1,HH
D:\A_Research\A_doing_research\20250804_LLM_campus_restoration\shanghai\final_image\202211_114.02983454916154_22.679820432382865.png,202211,114.0298345,22.67982043,0.54696,0.32368,-0.007795652191646764,0.399,2,Not significant
D:\A_Research\A_doing_research\20250804_LLM_campus_restoration\shanghai\final_image\202211_114.03131508752195_22.741494572876128.png,202211,114.0313151,22.74149457,0.49288,0.69368,-0.03654171436236335,0.276,4,Not significant
D:\A_Research\A_doing_research\20250804_LLM_campus_restoration\shanghai\final_image\202211_114.0314997_22.736269000000007.png,202211,114.0314997,22.736269,0.52635,0.26613,0.0073246246885078845,0.417,3,Not significant
D:\A_Research\A_doing_research\20250804_LLM_campus_restoration\shanghai\final_image\202211_114.0318018_22.674518099999997.png,202211,114.0318018,22.6745181,0.21884,0.5929,0.02716016543664341,0.25,1,Not significant
D:\A_Research\A_doing_research\20250804_LLM_campus_restoration\shanghai\final_image\202211_114.0321921_22.630447800000002.png,202211,114.0321921,22.6304478,0.64607,0.3843,-0.04493706763201539,0.001,2,LH
D:\A_Research\A_doing_research\20250804_LLM_campus_restoration\shanghai\final_image\202211_114.032242_22.6575483.png,202211,114.032242,22.6575483,0.55024,0.58,0.062077597455319565,0.015,1,HH
D:\A_Research\A_doing_research\20250804_LLM_campus_restoration\shanghai\final_image\202211_114.0323309_22.668993499999996.png,202211,114.0323309,22.6689935,0.33649,0.42824,-0.00840477066867615,0.027,2,LH
D:\A_Research\A_doing_research\20250804_LLM_campus_restoration\shanghai\final_image\202211_114.033416_22.553516.png,202211,114.033416,22.553516,0.57803,0.567,0.1294717796463894,0.001,1,HH
D:\A_Research\A_doing_research\20250804_LLM_campus_restoration\shanghai\final_image\202211_114.0336272_22.661090499999997.png,202211,114.0336272,22.6610905,0.50344,0.4552,0.003835194199584977,0.004,1,HH
D:\A_Research\A_doing_research\20250804_LLM_campus_restoration\shanghai\final_image\202211_114.0337351_22.567145599999996.png,202211,114.0337351,22.5671456,0.6347,0.65517,0.1567044967619552,0.001,1,HH
D:\A_Research\A_doing_research\20250804_LLM_campus_restoration\shanghai\final_image\202211_114.0340117_22.761769300000005.png,202211,114.0340117,22.7617693,0.483,0.629,-0.10394533987372154,0.006,4,HL
D:\A_Research\A_doing_research\20250804_LLM_campus_restoration\shanghai\final_image\202211_114.034455_22.602106200000005.png,202211,114.034455,22.6021062,0.5,0.42311,-0.019701689429517735,0.001,2,LH
D:\A_Research\A_doing_research\20250804_LLM_campus_restoration\shanghai\final_image\202211_114.03539635041923_22.72043432710625.png,202211,114.0353964,22.72043433,0.3513,0.62893,-0.05868753948565651,0.079,4,Not significant
D:\A_Research\A_doing_research\20250804_LLM_campus_restoration\shanghai\final_image\202211_114.0356317_22.694531300000005.png,202211,114.0356317,22.6945313,0.32621,0.39188,0.007251466046865112,0.262,3,Not significant
D:\A_Research\A_doing_research\20250804_LLM_campus_restoration\shanghai\final_image\202211_114.0357926_22.662275299999997.png,202211,114.0357926,22.6622753,0.50966,0.56475,0.05964989961292418,0.038,1,HH
D:\A_Research\A_doing_research\20250804_LLM_campus_restoration\shanghai\final_image\202211_114.03583020000002_22.633432100000004.png,202211,114.0358302,22.6334321,0.55,0.43293,-0.010561111576073038,0.002,2,LH
D:\A_Research\A_doing_research\20250804_LLM_campus_restoration\shanghai\final_image\202211_114.0358766_22.6473671.png,202211,114.0358766,22.6473671,0.41467,0.56,0.04331058301169404,0.013,1,HH
D:\A_Research\A_doing_research\20250804_LLM_campus_restoration\shanghai\final_image\202211_114.0367861_22.750203300000003.png,202211,114.0367861,22.7502033,0.42443,0.21,0.016287408943068918,0.354,3,Not significant
D:\A_Research\A_doing_research\20250804_LLM_campus_restoration\shanghai\final_image\202211_114.0370413_22.667363200000004.png,202211,114.0370413,22.6673632,0.64357,0.39,-0.022076794844062827,0.051,2,Not significant
D:\A_Research\A_doing_research\20250804_LLM_campus_restoration\shanghai\final_image\202211_114.03708640000002_22.7299134.png,202211,114.0370864,22.7299134,0.565,0.55586,-0.03567669234732625,0.163,4,Not significant
D:\A_Research\A_doing_research\20250804_LLM_campus_restoration\shanghai\final_image\202211_114.0370963_22.6127813.png,202211,114.0370963,22.6127813,0.34636,0.627,0.0991914780090206,0.002,1,HH
D:\A_Research\A_doing_research\20250804_LLM_campus_restoration\shanghai\final_image\202211_114.0372554_22.607285599999997.png,202211,114.0372554,22.6072856,0.36448,0.47951,0.021287294281523945,0.001,1,HH
D:\A_Research\A_doing_research\20250804_LLM_campus_restoration\shanghai\final_image\202211_114.0373116_22.658199100000004.png,202211,114.0373116,22.6581991,0.6726,0.46,0.0061002246340983125,0.012,1,HH
D:\A_Research\A_doing_research\20250804_LLM_campus_restoration\shanghai\final_image\202211_114.03749670000002_22.7061488.png,202211,114.0374967,22.7061488,0.45685,0.277,0.011357082507303893,0.387,3,Not significant
D:\A_Research\A_doing_research\20250804_LLM_campus_restoration\shanghai\final_image\202211_114.0383343_22.670064099999998.png,202211,114.0383343,22.6700641,0.6856,0.4585,0.0020507207414688852,0.148,1,Not significant
D:\A_Research\A_doing_research\20250804_LLM_campus_restoration\shanghai\final_image\202211_114.0384587_22.6523063.png,202211,114.0384587,22.6523063,0.3151,0.43876,-0.003999123317728134,0.034,2,LH
D:\A_Research\A_doing_research\20250804_LLM_campus_restoration\shanghai\final_image\202211_114.0392108_22.633060299999997.png,202211,114.0392108,22.6330603,0.55629,0.49703,0.024656122983386892,0.009,1,HH
D:\A_Research\A_doing_research\20250804_LLM_campus_restoration\shanghai\final_image\202211_114.03978245388089_22.60607904267013.png,202211,114.0397825,22.60607904,0.30926,0.55051,0.060943552791397286,0.002,1,HH
D:\A_Research\A_doing_research\20250804_LLM_campus_restoration\shanghai\final_image\202211_114.03979010000002_22.544423999999996.png,202211,114.0397901,22.544424,0.6975,0.4745,0.033516724804834364,0.001,1,HH
D:\A_Research\A_doing_research\20250804_LLM_campus_restoration\shanghai\final_image\202211_114.0400041_22.7100435.png,202211,114.0400041,22.7100435,0.48,0.61401,-0.031161676995428607,0.221,4,Not significant
D:\A_Research\A_doing_research\20250804_LLM_campus_restoration\shanghai\final_image\202211_114.040342_22.699437499999995.png,202211,114.040342,22.6994375,0.49428,0.4722,-0.001074257879855932,0.41,4,Not significant
D:\A_Research\A_doing_research\20250804_LLM_campus_restoration\shanghai\final_image\202211_114.0411497_22.561641499999997.png,202211,114.0411497,22.5616415,0.31445,0.52817,0.07574508097188849,0.001,1,HH
D:\A_Research\A_doing_research\20250804_LLM_campus_restoration\shanghai\final_image\202211_114.0418664_22.615342299999995.png,202211,114.0418664,22.6153423,0.38567,0.39,-0.03798955746100356,0.001,2,LH
D:\A_Research\A_doing_research\20250804_LLM_campus_restoration\shanghai\final_image\202211_114.0420587_22.570514200000005.png,202211,114.0420587,22.5705142,0.64,0.51659,0.05497452036317785,0.001,1,HH
D:\A_Research\A_doing_research\20250804_LLM_campus_restoration\shanghai\final_image\202211_114.0433479_22.733619999999995.png,202211,114.0433479,22.73362,0.56432,0.63033,-0.03985577529783009,0.205,4,Not significant
D:\A_Research\A_doing_research\20250804_LLM_campus_restoration\shanghai\final_image\202211_114.0436549_22.566394400000004.png,202211,114.0436549,22.5663944,0.5493,0.6078,0.12947984564382162,0.002,1,HH
D:\A_Research\A_doing_research\20250804_LLM_campus_restoration\shanghai\final_image\202211_114.0438439_22.556771700000002.png,202211,114.0438439,22.5567717,0.59615,0.60177,0.18736476582972056,0.001,1,HH
D:\A_Research\A_doing_research\20250804_LLM_campus_restoration\shanghai\final_image\202211_114.0442153_22.7004492.png,202211,114.0442153,22.7004492,0.21884,0.58068,-0.011982658167035096,0.369,4,Not significant
D:\A_Research\A_doing_research\20250804_LLM_campus_restoration\shanghai\final_image\202211_114.044294_22.550718700000004.png,202211,114.044294,22.5507187,0.48241,0.61808,0.23453459551716604,0.001,1,HH
D:\A_Research\A_doing_research\20250804_LLM_campus_restoration\shanghai\final_image\202211_114.0444805_22.532850000000003.png,202211,114.0444805,22.53285,0.45307,0.61192,0.20033187514767173,0.001,1,HH
D:\A_Research\A_doing_research\20250804_LLM_campus_restoration\shanghai\final_image\202211_114.0445019_22.545124799999996.png,202211,114.0445019,22.5451248,0.46,0.61432,0.22143704689486007,0.001,1,HH
D:\A_Research\A_doing_research\20250804_LLM_campus_restoration\shanghai\final_image\202211_114.0445563_22.536196300000004.png,202211,114.0445563,22.5361963,0.3513,0.65759,0.261338567027575,0.001,1,HH
D:\A_Research\A_doing_research\20250804_LLM_campus_restoration\shanghai\final_image\202211_114.0447215_22.6747501.png,202211,114.0447215,22.6747501,0.55,0.52534,0.006954851708022678,0.311,1,Not significant
D:\A_Research\A_doing_research\20250804_LLM_campus_restoration\shanghai\final_image\202211_114.0458089_22.749670200000004.png,202211,114.0458089,22.7496702,0.64106,0.43179,-0.001549161789365306,0.41,2,Not significant
D:\A_Research\A_doing_research\20250804_LLM_campus_restoration\shanghai\final_image\202211_114.04783120000002_22.750205699999995.png,202211,114.0478312,22.7502057,0.4,0.55986,-0.013374873565443356,0.316,4,Not significant
D:\A_Research\A_doing_research\20250804_LLM_campus_restoration\shanghai\final_image\202211_114.04826360000001_22.572488899999996.png,202211,114.0482636,22.5724889,0.62066,0.47935,0.02005905318664569,0.004,1,HH
D:\A_Research\A_doing_research\20250804_LLM_campus_restoration\shanghai\final_image\202211_114.049461_22.743669.png,202211,114.049461,22.743669,0.4,0.58485,-0.017178840423368605,0.238,4,Not significant
D:\A_Research\A_doing_research\20250804_LLM_campus_restoration\shanghai\final_image\202211_114.0506629_22.622426099999995.png,202211,114.0506629,22.6224261,0.21884,0.54014,0.04394466620642506,0.015,1,HH
D:\A_Research\A_doing_research\20250804_LLM_campus_restoration\shanghai\final_image\202211_114.05071875681584_22.635629412882473.png,202211,114.0507188,22.63562941,0.33539,0.37678,-0.031490136108117905,0.049,2,LH
D:\A_Research\A_doing_research\20250804_LLM_campus_restoration\shanghai\final_image\202211_114.0508553_22.5182639.png,202211,114.0508553,22.5182639,0.30177,0.35357,-0.10873530352318539,0.001,2,LH
D:\A_Research\A_doing_research\20250804_LLM_campus_restoration\shanghai\final_image\202211_114.0510165_22.551339899999995.png,202211,114.0510165,22.5513399,0.48592,0.59596,0.20025738082578645,0.001,1,HH
D:\A_Research\A_doing_research\20250804_LLM_campus_restoration\shanghai\final_image\202211_114.0510343_22.567276599999996.png,202211,114.0510343,22.5672766,0.36158,0.507,0.047999854361452265,0.001,1,HH
D:\A_Research\A_doing_research\20250804_LLM_campus_restoration\shanghai\final_image\202211_114.0511516749918_22.520491450643974.png,202211,114.0511517,22.52049145,0.6477,0.44159,-0.00800698143203863,0.001,2,LH
D:\A_Research\A_doing_research\20250804_LLM_campus_restoration\shanghai\final_image\202211_114.0513555_22.6373346.png,202211,114.0513555,22.6373346,0.45973,0.56109,0.015906665278196813,0.297,1,Not significant
D:\A_Research\A_doing_research\20250804_LLM_campus_restoration\shanghai\final_image\202211_114.0514137_22.533238599999994.png,202211,114.0514137,22.5332386,0.4042,0.3636,-0.12120823274520216,0.001,2,LH
D:\A_Research\A_doing_research\20250804_LLM_campus_restoration\shanghai\final_image\202211_114.0519255_22.7122363.png,202211,114.0519255,22.7122363,0.30407,0.171,0.009984007484232692,0.408,3,Not significant
D:\A_Research\A_doing_research\20250804_LLM_campus_restoration\shanghai\final_image\202211_114.052132_22.579492399999996.png,202211,114.052132,22.5794924,0.63,0.4651,0.008589957116243585,0.002,1,HH
D:\A_Research\A_doing_research\20250804_LLM_campus_restoration\shanghai\final_image\202211_114.0527317_22.6539903.png,202211,114.0527317,22.6539903,0.50139,0.63884,0.004036377125430167,0.46,1,Not significant
D:\A_Research\A_doing_research\20250804_LLM_campus_restoration\shanghai\final_image\202211_114.0532611389115_22.537487752685507.png,202211,114.0532611,22.53748775,0.32403,0.5753,0.16181165659216498,0.001,1,HH
D:\A_Research\A_doing_research\20250804_LLM_campus_restoration\shanghai\final_image\202211_114.0534887_22.648944400000005.png,202211,114.0534887,22.6489444,0.55024,0.6,0.03133636080026636,0.176,1,Not significant
D:\A_Research\A_doing_research\20250804_LLM_campus_restoration\shanghai\final_image\202211_114.0535786_22.679672700000005.png,202211,114.0535786,22.6796727,0.59451,0.52168,-0.0012458062825455869,0.483,4,Not significant
D:\A_Research\A_doing_research\20250804_LLM_campus_restoration\shanghai\final_image\202211_114.053605_22.718885899999997.png,202211,114.053605,22.7188859,0.54894,0.33772,0.023216919194144793,0.211,3,Not significant
D:\A_Research\A_doing_research\20250804_LLM_campus_restoration\shanghai\final_image\202211_114.0540545_22.6082435.png,202211,114.0540545,22.6082435,0.3729,0.52536,0.039791396037109156,0.004,1,HH
D:\A_Research\A_doing_research\20250804_LLM_campus_restoration\shanghai\final_image\202211_114.0544058_22.6444327.png,202211,114.0544058,22.6444327,0.75,0.468,0.005658557274500522,0.121,1,Not significant
D:\A_Research\A_doing_research\20250804_LLM_campus_restoration\shanghai\final_image\202211_114.0551483_22.6402828.png,202211,114.0551483,22.6402828,0.60076,0.33457,-0.03346525711771888,0.107,2,Not significant
D:\A_Research\A_doing_research\20250804_LLM_campus_restoration\shanghai\final_image\202211_114.0553629_22.5431187.png,202211,114.0553629,22.5431187,0.646,0.47519,0.03785908531947826,0.001,1,HH
D:\A_Research\A_doing_research\20250804_LLM_campus_restoration\shanghai\final_image\202211_114.0556394_22.6776329.png,202211,114.0556394,22.6776329,0.35,0.36,-0.014742413268771353,0.282,2,Not significant
D:\A_Research\A_doing_research\20250804_LLM_campus_restoration\shanghai\final_image\202211_114.0558493_22.615251100000002.png,202211,114.0558493,22.6152511,0.268,0.55586,0.04818839891845182,0.02,1,HH
D:\A_Research\A_doing_research\20250804_LLM_campus_restoration\shanghai\final_image\202211_114.056985622683_22.646688059603026.png,202211,114.0569856,22.64668806,0.5211,0.64647,0.03232558136116829,0.264,1,Not significant
D:\A_Research\A_doing_research\20250804_LLM_campus_restoration\shanghai\final_image\202211_114.0571543_22.663891599999996.png,202211,114.0571543,22.6638916,0.54842,0.38132,-0.007925271012234086,0.301,2,Not significant
D:\A_Research\A_doing_research\20250804_LLM_campus_restoration\shanghai\final_image\202211_114.0571795_22.670173699999996.png,202211,114.0571795,22.6701737,0.26652,0.73578,-0.043231195835668854,0.3,4,Not significant
D:\A_Research\A_doing_research\20250804_LLM_campus_restoration\shanghai\final_image\202211_114.0572344_22.644393399999995.png,202211,114.0572344,22.6443934,0.54477,0.47519,0.008080978426875466,0.149,1,Not significant
D:\A_Research\A_doing_research\20250804_LLM_campus_restoration\shanghai\final_image\202211_114.0576238_22.740609200000005.png,202211,114.0576238,22.7406092,0.28205,0.4738,-0.0029313820881069473,0.22,4,Not significant
D:\A_Research\A_doing_research\20250804_LLM_campus_restoration\shanghai\final_image\202211_114.0578282_22.578562.png,202211,114.0578282,22.578562,0.45605,0.57684,0.06413298137809256,0.003,1,HH
D:\A_Research\A_doing_research\20250804_LLM_campus_restoration\shanghai\final_image\202211_114.0578369_22.551453299999995.png,202211,114.0578369,22.5514533,0.43549,0.63,0.23007400084304183,0.001,1,HH
D:\A_Research\A_doing_research\20250804_LLM_campus_restoration\shanghai\final_image\202211_114.0580773408319_22.685469298315436.png,202211,114.0580773,22.6854693,0.75065,0.50348,0.0031351112107119356,0.405,1,Not significant
D:\A_Research\A_doing_research\20250804_LLM_campus_restoration\shanghai\final_image\202211_114.05853155717254_22.724492512449242.png,202211,114.0585316,22.72449251,0.64597,0.48214,-0.008035881823582785,0.119,4,Not significant
D:\A_Research\A_doing_research\20250804_LLM_campus_restoration\shanghai\final_image\202211_114.0589736_22.646539200000003.png,202211,114.0589736,22.6465392,0.21915,0.43,-0.007349771951928718,0.097,2,Not significant
D:\A_Research\A_doing_research\20250804_LLM_campus_restoration\shanghai\final_image\202211_114.0590525_22.653881399999996.png,202211,114.0590525,22.6538814,0.23623,0.407,-0.012385608946293708,0.122,2,Not significant
D:\A_Research\A_doing_research\20250804_LLM_campus_restoration\shanghai\final_image\202211_114.059173_22.6942178.png,202211,114.059173,22.6942178,0.37162,0.6459,0.002713898468399756,0.457,1,Not significant
D:\A_Research\A_doing_research\20250804_LLM_campus_restoration\shanghai\final_image\202211_114.0597178_22.624512499999994.png,202211,114.0597178,22.6245125,0.571,0.54014,0.02002059152062988,0.189,1,Not significant
D:\A_Research\A_doing_research\20250804_LLM_campus_restoration\shanghai\final_image\202211_114.06041650000002_22.541971899999997.png,202211,114.0604165,22.5419719,0.54985,0.47198,0.03462938444531804,0.001,1,HH
D:\A_Research\A_doing_research\20250804_LLM_campus_restoration\shanghai\final_image\202211_114.0604666_22.576447899999998.png,202211,114.0604666,22.5764479,0.3725,0.34,-0.08308949689126989,0.001,2,LH
D:\A_Research\A_doing_research\20250804_LLM_campus_restoration\shanghai\final_image\202211_114.060862_22.691273400000004.png,202211,114.060862,22.6912734,0.65,0.61178,0.018007087621757546,0.304,1,Not significant
D:\A_Research\A_doing_research\20250804_LLM_campus_restoration\shanghai\final_image\202211_114.0615053_22.722665999999997.png,202211,114.0615053,22.722666,0.38287,0.5059,-0.018739591951716938,0.059,4,Not significant
D:\A_Research\A_doing_research\20250804_LLM_campus_restoration\shanghai\final_image\202211_114.06232570000002_22.5495498.png,202211,114.0623257,22.5495498,0.67425,0.48133,0.04314116175962916,0.001,1,HH
D:\A_Research\A_doing_research\20250804_LLM_campus_restoration\shanghai\final_image\202211_114.0624934_22.556890700000004.png,202211,114.0624934,22.5568907,0.64597,0.578,0.14533564120702566,0.001,1,HH
D:\A_Research\A_doing_research\20250804_LLM_campus_restoration\shanghai\final_image\202211_114.0624975_22.5355538.png,202211,114.0624975,22.5355538,0.55708,0.634,0.2618447686619396,0.001,1,HH
D:\A_Research\A_doing_research\20250804_LLM_campus_restoration\shanghai\final_image\202211_114.0627656_22.5229418.png,202211,114.0627656,22.5229418,0.21884,0.62685,0.1633701584451285,0.003,1,HH
D:\A_Research\A_doing_research\20250804_LLM_campus_restoration\shanghai\final_image\202211_114.0628273_22.5474701.png,202211,114.0628273,22.5474701,0.72735,0.45372,0.00580645740735919,0.001,1,HH
D:\A_Research\A_doing_research\20250804_LLM_campus_restoration\shanghai\final_image\202211_114.06349_22.686220400000003.png,202211,114.06349,22.6862204,0.675,0.67522,0.020351002519458452,0.352,1,Not significant
D:\A_Research\A_doing_research\20250804_LLM_campus_restoration\shanghai\final_image\202211_114.0641599_22.626087899999998.png,202211,114.0641599,22.6260879,0.36,0.375,-0.02212767028179306,0.103,2,Not significant
D:\A_Research\A_doing_research\20250804_LLM_campus_restoration\shanghai\final_image\202211_114.06481200000002_22.657803599999998.png,202211,114.064812,22.6578036,0.451,0.56424,0.013805147258917714,0.32,1,Not significant
D:\A_Research\A_doing_research\20250804_LLM_campus_restoration\shanghai\final_image\202211_114.06487710000002_22.633098699999998.png,202211,114.0648771,22.6330987,0.654,0.55573,0.01018586206469809,0.349,1,Not significant
D:\A_Research\A_doing_research\20250804_LLM_campus_restoration\shanghai\final_image\202211_114.0650669_22.682274200000002.png,202211,114.0650669,22.6822742,0.41104,0.5,0.010505777054035315,0.171,1,Not significant
D:\A_Research\A_doing_research\20250804_LLM_campus_restoration\shanghai\final_image\202211_114.06520580000002_22.644341599999997.png,202211,114.0652058,22.6443416,0.40503,0.387,-0.003669260283508843,0.399,2,Not significant
D:\A_Research\A_doing_research\20250804_LLM_campus_restoration\shanghai\final_image\202211_114.0665036_22.627860199999997.png,202211,114.0665036,22.6278602,0.2419,0.36327,-0.02449359380311685,0.114,2,Not significant
D:\A_Research\A_doing_research\20250804_LLM_campus_restoration\shanghai\final_image\202211_114.0665292_22.716657700000003.png,202211,114.0665292,22.7166577,0.3523,0.26613,0.04872152021892016,0.075,3,Not significant
D:\A_Research\A_doing_research\20250804_LLM_campus_restoration\shanghai\final_image\202211_114.0671695_22.622888399999994.png,202211,114.0671695,22.6228884,0.53429,0.553,0.023695582685245666,0.137,1,Not significant
D:\A_Research\A_doing_research\20250804_LLM_campus_restoration\shanghai\final_image\202211_114.0672245_22.619196.png,202211,114.0672245,22.619196,0.56101,0.46898,0.007027754218245519,0.044,1,HH
D:\A_Research\A_doing_research\20250804_LLM_campus_restoration\shanghai\final_image\202211_114.0674914_22.7259638.png,202211,114.0674914,22.7259638,0.42,0.26613,0.05234589610760205,0.078,3,Not significant
D:\A_Research\A_doing_research\20250804_LLM_campus_restoration\shanghai\final_image\202211_114.06762820000002_22.541651099999996.png,202211,114.0676282,22.5416511,0.492,0.52817,0.10552307277943491,0.001,1,HH
D:\A_Research\A_doing_research\20250804_LLM_campus_restoration\shanghai\final_image\202211_114.0679141_22.563537199999995.png,202211,114.0679141,22.5635372,0.55,0.26718,-0.1870527678938674,0.001,2,LH
D:\A_Research\A_doing_research\20250804_LLM_campus_restoration\shanghai\final_image\202211_114.068191_22.536007499999997.png,202211,114.068191,22.5360075,0.49604,0.6368,0.24504019336038366,0.001,1,HH
D:\A_Research\A_doing_research\20250804_LLM_campus_restoration\shanghai\final_image\202211_114.0683281_22.644526199999998.png,202211,114.0683281,22.6445262,0.55,0.38324,0.0017262181940558815,0.411,3,Not significant
D:\A_Research\A_doing_research\20250804_LLM_campus_restoration\shanghai\final_image\202211_114.0695717_22.630429799999995.png,202211,114.0695717,22.6304298,0.33019,0.51111,0.011521130103514026,0.24,1,Not significant
D:\A_Research\A_doing_research\20250804_LLM_campus_restoration\shanghai\final_image\202211_114.0696888_22.642016399999996.png,202211,114.0696888,22.6420164,0.3164,0.34224,-0.008608738178433557,0.377,2,Not significant
D:\A_Research\A_doing_research\20250804_LLM_campus_restoration\shanghai\final_image\202211_114.0714429_22.5480405.png,202211,114.0714429,22.5480405,0.43498,0.63669,0.22612069568145018,0.001,1,HH
D:\A_Research\A_doing_research\20250804_LLM_campus_restoration\shanghai\final_image\202211_114.07173230000001_22.629936.png,202211,114.0717323,22.629936,0.31773,0.46404,0.003238614097901988,0.205,1,Not significant
D:\A_Research\A_doing_research\20250804_LLM_campus_restoration\shanghai\final_image\202211_114.0721434_22.531278799999995.png,202211,114.0721434,22.5312788,0.391,0.4453,-0.005142190669581639,0.001,2,LH
D:\A_Research\A_doing_research\20250804_LLM_campus_restoration\shanghai\final_image\202211_114.0726525_22.687373499999996.png,202211,114.0726525,22.6873735,0.4645,0.2604,-0.004167442054876841,0.475,2,Not significant
D:\A_Research\A_doing_research\20250804_LLM_campus_restoration\shanghai\final_image\202211_114.0728802_22.656325199999998.png,202211,114.0728802,22.6563252,0.43189,0.47132,-0.0036155345274686062,0.261,4,Not significant
D:\A_Research\A_doing_research\20250804_LLM_campus_restoration\shanghai\final_image\202211_114.07432253296145_22.638316220884164.png,202211,114.0743225,22.63831622,0.54179,0.41305,-0.009533189360215334,0.136,2,Not significant
D:\A_Research\A_doing_research\20250804_LLM_campus_restoration\shanghai\final_image\202211_114.0745257_22.683408699999998.png,202211,114.0745257,22.6834087,0.31507,0.46,-0.0012189577480359321,0.27,4,Not significant
D:\A_Research\A_doing_research\20250804_LLM_campus_restoration\shanghai\final_image\202211_114.0746631_22.6338718.png,202211,114.0746631,22.6338718,0.55209,0.70174,0.012177609449278062,0.414,1,Not significant
D:\A_Research\A_doing_research\20250804_LLM_campus_restoration\shanghai\final_image\202211_114.074749_22.6295701.png,202211,114.074749,22.6295701,0.35227,0.30196,-0.050365713088798995,0.068,2,Not significant
D:\A_Research\A_doing_research\20250804_LLM_campus_restoration\shanghai\final_image\202211_114.07514405889465_22.670319898873846.png,202211,114.0751441,22.6703199,0.20205,0.52662,-0.0018534630840359781,0.437,4,Not significant
D:\A_Research\A_doing_research\20250804_LLM_campus_restoration\shanghai\final_image\202211_114.0757488_22.663631199999998.png,202211,114.0757488,22.6636312,0.421,0.42311,8.457084840344168e-05,0.467,3,Not significant
D:\A_Research\A_doing_research\20250804_LLM_campus_restoration\shanghai\final_image\202211_114.07806492913375_22.579018427051174.png,202211,114.0780649,22.57901843,0.61656,0.61454,0.09146738329085895,0.001,1,HH
D:\A_Research\A_doing_research\20250804_LLM_campus_restoration\shanghai\final_image\202211_114.07913570000001_22.7079778.png,202211,114.0791357,22.7079778,0.34369,0.27378,0.07567862224295276,0.03,3,LL
D:\A_Research\A_doing_research\20250804_LLM_campus_restoration\shanghai\final_image\202211_114.08191756826112_22.63148896198925.png,202211,114.0819176,22.63148896,0.34524,0.47176,0.003225139708470688,0.199,1,Not significant
D:\A_Research\A_doing_research\20250804_LLM_campus_restoration\shanghai\final_image\202211_114.0874612_22.571961899999998.png,202211,114.0874612,22.5719619,0.49015,0.4528,0.0021367363546739657,0.001,1,HH
D:\A_Research\A_doing_research\20250804_LLM_campus_restoration\shanghai\final_image\202211_114.0877995_22.564690599999995.png,202211,114.0877995,22.5646906,0.51,0.30518,-0.1466045530882132,0.001,2,LH
D:\A_Research\A_doing_research\20250804_LLM_campus_restoration\shanghai\final_image\202211_114.09092050000001_22.701566099999997.png,202211,114.0909205,22.7015661,0.55776,0.17829,0.14053193507721456,0.085,3,Not significant
D:\A_Research\A_doing_research\20250804_LLM_campus_restoration\shanghai\final_image\202211_114.0909805_22.5517268.png,202211,114.0909805,22.5517268,0.3365,0.60865,0.21587060056869778,0.001,1,HH
D:\A_Research\A_doing_research\20250804_LLM_campus_restoration\shanghai\final_image\202211_114.091143_22.541469199999998.png,202211,114.091143,22.5414692,0.3513,0.5608,0.12150520355935064,0.001,1,HH
D:\A_Research\A_doing_research\20250804_LLM_campus_restoration\shanghai\final_image\202211_114.0916635_22.747129500000003.png,202211,114.0916635,22.7471295,0.26638,0.34623,0.009465887540547028,0.306,3,Not significant
D:\A_Research\A_doing_research\20250804_LLM_campus_restoration\shanghai\final_image\202211_114.092021_22.716234699999998.png,202211,114.092021,22.7162347,0.22011,0.29,0.05119694692864173,0.033,3,LL
D:\A_Research\A_doing_research\20250804_LLM_campus_restoration\shanghai\final_image\202211_114.09283016380192_22.701909368974583.png,202211,114.0928302,22.70190937,0.46952,0.26613,0.12929932126266253,0.014,3,LL
D:\A_Research\A_doing_research\20250804_LLM_campus_restoration\shanghai\final_image\202211_114.09309454919806_22.731257073279288.png,202211,114.0930945,22.73125707,0.55024,0.675,-0.06186406451704134,0.05,4,HL
D:\A_Research\A_doing_research\20250804_LLM_campus_restoration\shanghai\final_image\202211_114.0932195_22.5702165.png,202211,114.0932195,22.5702165,0.523,0.51,0.04447073896131991,0.001,1,HH
D:\A_Research\A_doing_research\20250804_LLM_campus_restoration\shanghai\final_image\202211_114.0951316_22.546393199999994.png,202211,114.0951316,22.5463932,0.56932,0.831,0.38748123619758024,0.001,1,HH
D:\A_Research\A_doing_research\20250804_LLM_campus_restoration\shanghai\final_image\202211_114.0961111_22.615301999999993.png,202211,114.0961111,22.615302,0.31785,0.47401,0.002394427607714762,0.234,1,Not significant
D:\A_Research\A_doing_research\20250804_LLM_campus_restoration\shanghai\final_image\202211_114.0963676_22.572977699999996.png,202211,114.0963676,22.5729777,0.3151,0.59393,0.07513134724177915,0.006,1,HH
D:\A_Research\A_doing_research\20250804_LLM_campus_restoration\shanghai\final_image\202211_114.1005657_22.731975799999997.png,202211,114.1005657,22.7319758,0.3151,0.45833,-0.0015029242209390276,0.11,4,Not significant
D:\A_Research\A_doing_research\20250804_LLM_campus_restoration\shanghai\final_image\202211_114.1011581_22.699633800000004.png,202211,114.1011581,22.6996338,0.44709,0.42208,0.013102312725894454,0.023,3,LL
D:\A_Research\A_doing_research\20250804_LLM_campus_restoration\shanghai\final_image\202211_114.10231030000001_22.624254699999998.png,202211,114.1023103,22.6242547,0.35781,0.46548,0.00357084717116752,0.141,1,Not significant
D:\A_Research\A_doing_research\20250804_LLM_campus_restoration\shanghai\final_image\202211_114.1030966_22.689401099999998.png,202211,114.1030966,22.6894011,0.48999,0.46079,-0.0044972166824911305,0.069,4,Not significant
D:\A_Research\A_doing_research\20250804_LLM_campus_restoration\shanghai\final_image\202211_114.1035643_22.6872075.png,202211,114.1035643,22.6872075,0.45041,0.37011,0.022142939808960364,0.139,3,Not significant
D:\A_Research\A_doing_research\20250804_LLM_campus_restoration\shanghai\final_image\202211_114.1042198_22.553105699999996.png,202211,114.1042198,22.5531057,0.35461,0.63813,0.19129621692744508,0.001,1,HH
D:\A_Research\A_doing_research\20250804_LLM_campus_restoration\shanghai\final_image\202211_114.1047764_22.6093842.png,202211,114.1047764,22.6093842,0.686,0.22694,-0.02516556894600962,0.28,2,Not significant
D:\A_Research\A_doing_research\20250804_LLM_campus_restoration\shanghai\final_image\202211_114.10521776143314_22.698746943293884.png,202211,114.1052178,22.69874694,0.30588,0.50355,-0.026627959439405633,0.011,4,HL
D:\A_Research\A_doing_research\20250804_LLM_campus_restoration\shanghai\final_image\202211_114.1060149_22.615623499999998.png,202211,114.1060149,22.6156235,0.24885,0.37171,-0.0011098980782073373,0.467,2,Not significant
D:\A_Research\A_doing_research\20250804_LLM_campus_restoration\shanghai\final_image\202211_114.10629653022042_22.69430970272127.png,202211,114.1062965,22.6943097,0.30962,0.463,-0.005478168009804837,0.029,4,HL
D:\A_Research\A_doing_research\20250804_LLM_campus_restoration\shanghai\final_image\202211_114.1067933_22.562345200000003.png,202211,114.1067933,22.5623452,0.55024,0.42794,-0.01902593962410162,0.001,2,LH
D:\A_Research\A_doing_research\20250804_LLM_campus_restoration\shanghai\final_image\202211_114.107342_22.5666593.png,202211,114.107342,22.5666593,0.49033,0.48637,0.02441878685740202,0.004,1,HH
D:\A_Research\A_doing_research\20250804_LLM_campus_restoration\shanghai\final_image\202211_114.1079496_22.572552100000003.png,202211,114.1079496,22.5725521,0.58795,0.47117,0.009069468921690051,0.044,1,HH
D:\A_Research\A_doing_research\20250804_LLM_campus_restoration\shanghai\final_image\202211_114.10983452552101_22.659198364377513.png,202211,114.1098345,22.65919836,0.376,0.535,-0.024031770101283788,0.096,4,Not significant
D:\A_Research\A_doing_research\20250804_LLM_campus_restoration\shanghai\final_image\202211_114.1103926_22.609482.png,202211,114.1103926,22.609482,0.65,0.4248,0.00035667488749505945,0.463,3,Not significant
D:\A_Research\A_doing_research\20250804_LLM_campus_restoration\shanghai\final_image\202211_114.1109541_22.697445399999996.png,202211,114.1109541,22.6974454,0.22,0.34487,0.05060387529291643,0.024,3,LL
D:\A_Research\A_doing_research\20250804_LLM_campus_restoration\shanghai\final_image\202211_114.1119794_22.656217199999997.png,202211,114.1119794,22.6562172,0.47,0.468,-0.0028280626114111484,0.241,4,Not significant
D:\A_Research\A_doing_research\20250804_LLM_campus_restoration\shanghai\final_image\202211_114.112463_22.71322719999999.png,202211,114.112463,22.7132272,0.64368,0.47834,-0.016953367262121558,0.025,4,HL
D:\A_Research\A_doing_research\20250804_LLM_campus_restoration\shanghai\final_image\202211_114.1129015_22.5992305.png,202211,114.1129015,22.5992305,0.54309,0.456,0.0008027570866192006,0.249,1,Not significant
D:\A_Research\A_doing_research\20250804_LLM_campus_restoration\shanghai\final_image\202211_114.1158762_22.6470264.png,202211,114.1158762,22.6470264,0.38887,0.6357,-0.04936160830385438,0.118,4,Not significant
D:\A_Research\A_doing_research\20250804_LLM_campus_restoration\shanghai\final_image\202211_114.1170252_22.6245105.png,202211,114.1170252,22.6245105,0.73174,0.4677,-0.0009985164145062295,0.402,4,Not significant
D:\A_Research\A_doing_research\20250804_LLM_campus_restoration\shanghai\final_image\202211_114.1177549_22.5965032.png,202211,114.1177549,22.5965032,0.3613,0.503,0.004791822237937771,0.329,1,Not significant
D:\A_Research\A_doing_research\20250804_LLM_campus_restoration\shanghai\final_image\202211_114.1178114_22.571050499999995.png,202211,114.1178114,22.5710505,0.5455,0.55253,0.06264433125935873,0.01,1,HH
D:\A_Research\A_doing_research\20250804_LLM_campus_restoration\shanghai\final_image\202211_114.1182373_22.5657563.png,202211,114.1182373,22.5657563,0.35595,0.60075,0.10859216017036133,0.003,1,HH
D:\A_Research\A_doing_research\20250804_LLM_campus_restoration\shanghai\final_image\202211_114.1188259_22.619971699999997.png,202211,114.1188259,22.6199717,0.65487,0.56015,-0.008937079121558314,0.338,4,Not significant
D:\A_Research\A_doing_research\20250804_LLM_campus_restoration\shanghai\final_image\202211_114.1197684_22.6355119.png,202211,114.1197684,22.6355119,0.48241,0.50064,-0.011946172333219995,0.117,4,Not significant
D:\A_Research\A_doing_research\20250804_LLM_campus_restoration\shanghai\final_image\202211_114.1202768_22.6900755.png,202211,114.1202768,22.6900755,0.30406,0.52063,-0.027095012789467268,0.046,4,HL
D:\A_Research\A_doing_research\20250804_LLM_campus_restoration\shanghai\final_image\202211_114.1204075_22.6482116.png,202211,114.1204075,22.6482116,0.47309,0.386,0.009219333033241725,0.23,3,Not significant
D:\A_Research\A_doing_research\20250804_LLM_campus_restoration\shanghai\final_image\202211_114.1213079_22.6233272.png,202211,114.1213079,22.6233272,0.56132,0.50295,-0.003478061022659022,0.378,4,Not significant
D:\A_Research\A_doing_research\20250804_LLM_campus_restoration\shanghai\final_image\202211_114.1219976_22.6565409.png,202211,114.1219976,22.6565409,0.56793,0.34743,0.027233394556646813,0.082,3,Not significant
D:\A_Research\A_doing_research\20250804_LLM_campus_restoration\shanghai\final_image\202211_114.1230868_22.608538499999998.png,202211,114.1230868,22.6085385,0.39727,0.5,-0.004597386126872296,0.304,4,Not significant
D:\A_Research\A_doing_research\20250804_LLM_campus_restoration\shanghai\final_image\202211_114.1252032_22.559106599999996.png,202211,114.1252032,22.5591066,0.635,0.494,0.035090446275662206,0.004,1,HH
D:\A_Research\A_doing_research\20250804_LLM_campus_restoration\shanghai\final_image\202211_114.12602319776069_22.61048710187174.png,202211,114.1260232,22.6104871,0.18,0.47242,-0.004199414696430772,0.216,4,Not significant
D:\A_Research\A_doing_research\20250804_LLM_campus_restoration\shanghai\final_image\202211_114.1265996_22.6505152.png,202211,114.1265996,22.6505152,0.48,0.45,-0.00020021938797730666,0.022,4,HL
D:\A_Research\A_doing_research\20250804_LLM_campus_restoration\shanghai\final_image\202211_114.1271246_22.659764699999993.png,202211,114.1271246,22.6597647,0.47613,0.26026,0.07924106558247884,0.021,3,LL
D:\A_Research\A_doing_research\20250804_LLM_campus_restoration\shanghai\final_image\202211_114.127291_22.6774182.png,202211,114.127291,22.6774182,0.53704,0.4043,0.01692129314459345,0.027,3,LL
D:\A_Research\A_doing_research\20250804_LLM_campus_restoration\shanghai\final_image\202211_114.1278554_22.633320999999995.png,202211,114.1278554,22.633321,0.48867,0.476,-0.00469116910257817,0.222,4,Not significant
D:\A_Research\A_doing_research\20250804_LLM_campus_restoration\shanghai\final_image\202211_114.1290905_22.6113102.png,202211,114.1290905,22.6113102,0.51419,0.25763,0.006106929418200382,0.431,3,Not significant
D:\A_Research\A_doing_research\20250804_LLM_campus_restoration\shanghai\final_image\202211_114.1297294_22.571899599999995.png,202211,114.1297294,22.5718996,0.46199,0.69688,0.07228274916843588,0.107,1,Not significant
D:\A_Research\A_doing_research\20250804_LLM_campus_restoration\shanghai\final_image\202211_114.13011830000002_22.620062400000002.png,202211,114.1301183,22.6200624,0.55437,0.35,0.0029176826015832324,0.436,3,Not significant
D:\A_Research\A_doing_research\20250804_LLM_campus_restoration\shanghai\final_image\202211_114.1302464_22.554833399999993.png,202211,114.1302464,22.5548334,0.5625,0.52997,0.055932513566488984,0.006,1,HH
D:\A_Research\A_doing_research\20250804_LLM_campus_restoration\shanghai\final_image\202211_114.13115568027233_22.70972758510674.png,202211,114.1311557,22.70972759,0.42065,0.39145,0.016249215918804634,0.184,3,Not significant
D:\A_Research\A_doing_research\20250804_LLM_campus_restoration\shanghai\final_image\202211_114.1317136_22.6857221.png,202211,114.1317136,22.6857221,0.49584,0.5077,-0.02899147132063383,0.023,4,HL
D:\A_Research\A_doing_research\20250804_LLM_campus_restoration\shanghai\final_image\202211_114.1318029_22.630163299999996.png,202211,114.1318029,22.6301633,0.27991,0.372,8.423852637117606e-06,0.497,3,Not significant
D:\A_Research\A_doing_research\20250804_LLM_campus_restoration\shanghai\final_image\202211_114.13195110000001_22.681132199999997.png,202211,114.1319511,22.6811322,0.54465,0.28898,0.05439504950462799,0.062,3,Not significant
D:\A_Research\A_doing_research\20250804_LLM_campus_restoration\shanghai\final_image\202211_114.13244062094806_22.71108266161979.png,202211,114.1324406,22.71108266,0.35227,0.43278,0.006028875481489956,0.155,3,Not significant
D:\A_Research\A_doing_research\20250804_LLM_campus_restoration\shanghai\final_image\202211_114.133277_22.62872249999999.png,202211,114.133277,22.6287225,0.49851,0.5753,-0.03345209735907199,0.184,4,Not significant
D:\A_Research\A_doing_research\20250804_LLM_campus_restoration\shanghai\final_image\202211_114.1335341_22.623544999999996.png,202211,114.1335341,22.623545,0.45981,0.615,-0.025833588580327322,0.274,4,Not significant
D:\A_Research\A_doing_research\20250804_LLM_campus_restoration\shanghai\final_image\202211_114.13372558661142_22.712437730192388.png,202211,114.1337256,22.71243773,0.45278,0.4437,0.0020080210333411263,0.122,3,Not significant
D:\A_Research\A_doing_research\20250804_LLM_campus_restoration\shanghai\final_image\202211_114.1347208_22.689938899999998.png,202211,114.1347208,22.6899389,0.37846,0.45081,-0.00045562999320999383,0.077,4,Not significant
D:\A_Research\A_doing_research\20250804_LLM_campus_restoration\shanghai\final_image\202211_114.1348213_22.632774600000005.png,202211,114.1348213,22.6327746,0.47,0.52457,-0.02359592790229719,0.084,4,Not significant
D:\A_Research\A_doing_research\20250804_LLM_campus_restoration\shanghai\final_image\202211_114.1349762_22.558610499999997.png,202211,114.1349762,22.5586105,0.45104,0.5399,0.06705744416073893,0.01,1,HH
D:\A_Research\A_doing_research\20250804_LLM_campus_restoration\shanghai\final_image\202211_114.1355611_22.676161700000005.png,202211,114.1355611,22.6761617,0.46952,0.4291,0.010859480279469,0.004,3,LL
D:\A_Research\A_doing_research\20250804_LLM_campus_restoration\shanghai\final_image\202211_114.1362693_22.6242506.png,202211,114.1362693,22.6242506,0.38511,0.52735,-0.0049901710766144984,0.422,4,Not significant
D:\A_Research\A_doing_research\20250804_LLM_campus_restoration\shanghai\final_image\202211_114.1369354_22.6212028.png,202211,114.1369354,22.6212028,0.318,0.53438,-0.009101624425345789,0.326,4,Not significant
D:\A_Research\A_doing_research\20250804_LLM_campus_restoration\shanghai\final_image\202211_114.1377721_22.626094.png,202211,114.1377721,22.626094,0.33134,0.42239,0.0016502871710878406,0.39,3,Not significant
D:\A_Research\A_doing_research\20250804_LLM_campus_restoration\shanghai\final_image\202211_114.1389329_22.697220100000003.png,202211,114.1389329,22.6972201,0.353,0.59678,0.0038733482804437654,0.48,1,Not significant
D:\A_Research\A_doing_research\20250804_LLM_campus_restoration\shanghai\final_image\202211_114.1406575_22.696127500000003.png,202211,114.1406575,22.6961275,0.65467,0.67883,-0.030871225506437946,0.314,4,Not significant
D:\A_Research\A_doing_research\20250804_LLM_campus_restoration\shanghai\final_image\202211_114.1413619_22.633429600000003.png,202211,114.1413619,22.6334296,0.29213,0.2076,0.07302280337635761,0.055,3,Not significant
D:\A_Research\A_doing_research\20250804_LLM_campus_restoration\shanghai\final_image\202211_114.14223940000001_22.685515900000002.png,202211,114.1422394,22.6855159,0.51858,0.321,0.04510977464727821,0.059,3,Not significant
D:\A_Research\A_doing_research\20250804_LLM_campus_restoration\shanghai\final_image\202211_114.1424149_22.670925099999998.png,202211,114.1424149,22.6709251,0.34567,0.27431,0.07510378468240664,0.01,3,LL
D:\A_Research\A_doing_research\20250804_LLM_campus_restoration\shanghai\final_image\202211_114.1432958_22.6223257.png,202211,114.1432958,22.6223257,0.3841,0.58346,-0.053634791473606135,0.038,4,HL
D:\A_Research\A_doing_research\20250804_LLM_campus_restoration\shanghai\final_image\202211_114.1442062_22.6431672.png,202211,114.1442062,22.6431672,0.4,0.19,0.14742181595948314,0.006,3,LL
D:\A_Research\A_doing_research\20250804_LLM_campus_restoration\shanghai\final_image\202211_114.14458594103891_22.691730256908752.png,202211,114.1445859,22.69173026,0.37777,0.42812,0.004499224215815233,0.25,3,Not significant
D:\A_Research\A_doing_research\20250804_LLM_campus_restoration\shanghai\final_image\202211_114.14501728737399_22.680650006105953.png,202211,114.1450173,22.68065001,0.65143,0.4291,0.010180346956360525,0.004,3,LL
D:\A_Research\A_doing_research\20250804_LLM_campus_restoration\shanghai\final_image\202211_114.1486314_22.6915968.png,202211,114.1486314,22.6915968,0.48453,0.4291,0.006902358788778347,0.066,3,Not significant
D:\A_Research\A_doing_research\20250804_LLM_campus_restoration\shanghai\final_image\202211_114.15089995076461_22.61058709992979.png,202211,114.1509,22.6105871,0.31507,0.34008,0.0392316143793452,0.056,3,Not significant
D:\A_Research\A_doing_research\20250804_LLM_campus_restoration\shanghai\final_image\202211_114.151315_22.614566799999995.png,202211,114.151315,22.6145668,0.37166,0.5417,-0.05144778327228976,0.008,4,HL
D:\A_Research\A_doing_research\20250804_LLM_campus_restoration\shanghai\final_image\202211_114.1528439_22.5965293.png,202211,114.1528439,22.5965293,0.60997,0.47718,-0.013305823571232582,0.01,4,HL
D:\A_Research\A_doing_research\20250804_LLM_campus_restoration\shanghai\final_image\202211_114.1538046_22.6086347.png,202211,114.1538046,22.6086347,0.46952,0.5829,-0.08627470639036898,0.003,4,HL
D:\A_Research\A_doing_research\20250804_LLM_campus_restoration\shanghai\final_image\202211_114.1538696_22.680154999999996.png,202211,114.1538696,22.680155,0.5459,0.4291,0.009748305454177816,0.012,3,LL
D:\A_Research\A_doing_research\20250804_LLM_campus_restoration\shanghai\final_image\202211_114.1600517_22.632023799999995.png,202211,114.1600517,22.6320238,0.38432,0.51052,-0.02594323311422219,0.007,4,HL
D:\A_Research\A_doing_research\20250804_LLM_campus_restoration\shanghai\final_image\202211_114.1655038_22.5668733.png,202211,114.1655038,22.5668733,0.64597,0.553,0.026724697726257532,0.112,1,Not significant
D:\A_Research\A_doing_research\20250804_LLM_campus_restoration\shanghai\final_image\202211_114.1670239_22.571633.png,202211,114.1670239,22.571633,0.352,0.5,0.01065933567187275,0.166,1,Not significant
D:\A_Research\A_doing_research\20250804_LLM_campus_restoration\shanghai\final_image\202211_114.1701521_22.563167000000007.png,202211,114.1701521,22.563167,0.63697,0.61308,0.04211678139814734,0.141,1,Not significant
D:\A_Research\A_doing_research\20250804_LLM_campus_restoration\shanghai\final_image\202211_114.17582261611952_22.568911402923646.png,202211,114.1758226,22.5689114,0.41345,0.5829,0.012190771341364568,0.289,1,Not significant
D:\A_Research\A_doing_research\20250804_LLM_campus_restoration\shanghai\final_image\202211_114.1790494_22.6381448.png,202211,114.1790494,22.6381448,0.55197,0.2717,0.06946010398729621,0.032,3,LL
D:\A_Research\A_doing_research\20250804_LLM_campus_restoration\shanghai\final_image\202211_114.1903821_22.654378699999995.png,202211,114.1903821,22.6543787,0.326,0.4535,-0.0016229311537004597,0.041,4,HL
D:\A_Research\A_doing_research\20250804_LLM_campus_restoration\shanghai\final_image\202211_114.19179562381086_22.63432322223352.png,202211,114.1917956,22.63432322,0.213,0.493,-0.02791006435378994,0.027,4,HL
D:\A_Research\A_doing_research\20250804_LLM_campus_restoration\shanghai\final_image\202211_114.1925591_22.6441486.png,202211,114.1925591,22.6441486,0.34774,0.48974,-0.01898416463573996,0.017,4,HL
D:\A_Research\A_doing_research\20250804_LLM_campus_restoration\shanghai\final_image\202211_114.1929199_22.650131799999997.png,202211,114.1929199,22.6501318,0.41625,0.51778,-0.030580270635200753,0.028,4,HL
D:\A_Research\A_doing_research\20250804_LLM_campus_restoration\shanghai\final_image\202211_114.20062780000002_22.6509532.png,202211,114.2006278,22.6509532,0.298,0.34449,0.03340535523618489,0.162,3,Not significant
D:\A_Research\A_doing_research\20250804_LLM_campus_restoration\shanghai\final_image\202211_114.200859_22.685211899999995.png,202211,114.200859,22.6852119,0.43241,0.5975,-0.03391693820153254,0.095,4,Not significant
D:\A_Research\A_doing_research\20250804_LLM_campus_restoration\shanghai\final_image\202211_114.2009761_22.648597000000002.png,202211,114.2009761,22.648597,0.29206,0.45315,-0.0019792310249842344,0.033,4,HL
D:\A_Research\A_doing_research\20250804_LLM_campus_restoration\shanghai\final_image\202211_114.2025910032097_22.705040919089097.png,202211,114.202591,22.70504092,0.62315,0.63702,0.01905320009469636,0.312,1,Not significant
D:\A_Research\A_doing_research\20250804_LLM_campus_restoration\shanghai\final_image\202211_114.206255_22.6442666.png,202211,114.206255,22.6442666,0.21884,0.374,0.0315202329841731,0.025,3,LL
D:\A_Research\A_doing_research\20250804_LLM_campus_restoration\shanghai\final_image\202211_114.2070831_22.698659.png,202211,114.2070831,22.698659,0.5245,0.506,0.004672095145139011,0.333,1,Not significant
D:\A_Research\A_doing_research\20250804_LLM_campus_restoration\shanghai\final_image\202211_114.2071742_22.712280299999996.png,202211,114.2071742,22.7122803,0.65539,0.47607,0.009905882993515134,0.095,1,Not significant
D:\A_Research\A_doing_research\20250804_LLM_campus_restoration\shanghai\final_image\202211_114.2083202_22.715130499999997.png,202211,114.2083202,22.7151305,0.48731,0.7051,0.009781931769244679,0.427,1,Not significant
D:\A_Research\A_doing_research\20250804_LLM_campus_restoration\shanghai\final_image\202211_114.209548_22.709836299999996.png,202211,114.209548,22.7098363,0.64597,0.38356,-0.021796221263668345,0.11,2,Not significant
D:\A_Research\A_doing_research\20250804_LLM_campus_restoration\shanghai\final_image\202211_114.2095628_22.656468500000003.png,202211,114.2095628,22.6564685,0.563,0.24747,0.03430124855195545,0.249,3,Not significant
D:\A_Research\A_doing_research\20250804_LLM_campus_restoration\shanghai\final_image\202211_114.21056272753292_22.691179477761683.png,202211,114.2105627,22.69117948,0.52342,0.4646,0.0007755170529985822,0.395,1,Not significant
D:\A_Research\A_doing_research\20250804_LLM_campus_restoration\shanghai\final_image\202211_114.2110069_22.724954699999998.png,202211,114.2110069,22.7249547,0.58,0.456,-0.0005587295730095265,0.379,4,Not significant
D:\A_Research\A_doing_research\20250804_LLM_campus_restoration\shanghai\final_image\202211_114.2111792_22.658679700000004.png,202211,114.2111792,22.6586797,0.36012,0.60902,-0.08266328912497532,0.032,4,HL
D:\A_Research\A_doing_research\20250804_LLM_campus_restoration\shanghai\final_image\202211_114.211648_22.6408939.png,202211,114.211648,22.6408939,0.646,0.425,0.010553520951297132,0.033,3,LL
D:\A_Research\A_doing_research\20250804_LLM_campus_restoration\shanghai\final_image\202211_114.21343850000001_22.661376999999995.png,202211,114.2134385,22.661377,0.5484,0.55,-0.023158962445469035,0.152,4,Not significant
D:\A_Research\A_doing_research\20250804_LLM_campus_restoration\shanghai\final_image\202211_114.2136296_22.711242799999997.png,202211,114.2136296,22.7112428,0.646,0.47198,0.005847777289551701,0.213,1,Not significant
D:\A_Research\A_doing_research\20250804_LLM_campus_restoration\shanghai\final_image\202211_114.2137225_22.704182899999996.png,202211,114.2137225,22.7041829,0.382,0.391,-0.01315227693569586,0.177,2,Not significant
D:\A_Research\A_doing_research\20250804_LLM_campus_restoration\shanghai\final_image\202211_114.21377545201952_22.709439044268187.png,202211,114.2137755,22.70943904,0.3,0.55744,0.009822525929362181,0.392,1,Not significant
D:\A_Research\A_doing_research\20250804_LLM_campus_restoration\shanghai\final_image\202211_114.2140182_22.699868299999995.png,202211,114.2140182,22.6998683,0.43262,0.49601,0.008715357839389308,0.238,1,Not significant
D:\A_Research\A_doing_research\20250804_LLM_campus_restoration\shanghai\final_image\202211_114.2152767_22.6288732.png,202211,114.2152767,22.6288732,0.69,0.322,0.049921042569967725,0.029,3,LL
D:\A_Research\A_doing_research\20250804_LLM_campus_restoration\shanghai\final_image\202211_114.2152921_22.6662057.png,202211,114.2152921,22.6662057,0.21884,0.65168,-0.04970001851363934,0.142,4,Not significant
D:\A_Research\A_doing_research\20250804_LLM_campus_restoration\shanghai\final_image\202211_114.2165249_22.5598495.png,202211,114.2165249,22.5598495,0.24,0.3756,0.09118488666632531,0.001,3,LL
D:\A_Research\A_doing_research\20250804_LLM_campus_restoration\shanghai\final_image\202211_114.216765_22.6974888.png,202211,114.216765,22.6974888,0.22487,0.57388,0.02327143295516901,0.235,1,Not significant
D:\A_Research\A_doing_research\20250804_LLM_campus_restoration\shanghai\final_image\202211_114.21723136608922_22.72370956084027.png,202211,114.2172314,22.72370956,0.65,0.523,-0.017446688293239247,0.183,4,Not significant
D:\A_Research\A_doing_research\20250804_LLM_campus_restoration\shanghai\final_image\202211_114.21841473396591_22.669481821462988.png,202211,114.2184147,22.66948182,0.4985,0.6359,-0.04926796488523926,0.164,4,Not significant
D:\A_Research\A_doing_research\20250804_LLM_campus_restoration\shanghai\final_image\202211_114.2186117_22.6258602.png,202211,114.2186117,22.6258602,0.4,0.50463,-0.03398805548632402,0.002,4,HL
D:\A_Research\A_doing_research\20250804_LLM_campus_restoration\shanghai\final_image\202211_114.2186295_22.689443500000003.png,202211,114.2186295,22.6894435,0.45902,0.58731,0.010006458799675835,0.37,1,Not significant
D:\A_Research\A_doing_research\20250804_LLM_campus_restoration\shanghai\final_image\202211_114.218944_22.6850716.png,202211,114.218944,22.6850716,0.352,0.637,-0.01343118973863866,0.424,4,Not significant
D:\A_Research\A_doing_research\20250804_LLM_campus_restoration\shanghai\final_image\202211_114.2197791_22.7005555.png,202211,114.2197791,22.7005555,0.29581,0.5032,0.012210878911885338,0.205,1,Not significant
D:\A_Research\A_doing_research\20250804_LLM_campus_restoration\shanghai\final_image\202211_114.219882_22.7063203.png,202211,114.219882,22.7063203,0.232,0.391,-0.010358739635944612,0.253,2,Not significant
D:\A_Research\A_doing_research\20250804_LLM_campus_restoration\shanghai\final_image\202211_114.22021710639932_22.69469510712122.png,202211,114.2202171,22.69469511,0.56552,0.61432,0.020637316123308245,0.301,1,Not significant
D:\A_Research\A_doing_research\20250804_LLM_campus_restoration\shanghai\final_image\202211_114.2212838_22.7300893.png,202211,114.2212838,22.7300893,0.475,0.52817,-0.023642680085925637,0.115,4,Not significant
D:\A_Research\A_doing_research\20250804_LLM_campus_restoration\shanghai\final_image\202211_114.2217688_22.679681299999995.png,202211,114.2217688,22.6796813,0.3821,0.63499,-0.03454785563859427,0.257,4,Not significant
D:\A_Research\A_doing_research\20250804_LLM_campus_restoration\shanghai\final_image\202211_114.22393428345467_22.558017270859764.png,202211,114.2239343,22.55801727,0.39341,0.54346,-0.04287312370940921,0.118,4,Not significant
D:\A_Research\A_doing_research\20250804_LLM_campus_restoration\shanghai\final_image\202211_114.2240142_22.552070799999996.png,202211,114.2240142,22.5520708,0.50998,0.59689,-0.030250444015252946,0.276,4,Not significant
D:\A_Research\A_doing_research\20250804_LLM_campus_restoration\shanghai\final_image\202211_114.2249337_22.701915199999995.png,202211,114.2249337,22.7019152,0.34585,0.5813,0.025199117793419924,0.299,1,Not significant
D:\A_Research\A_doing_research\20250804_LLM_campus_restoration\shanghai\final_image\202211_114.22552806929458_22.72382851725978.png,202211,114.2255281,22.72382852,0.59813,0.33829,0.03297290533635252,0.201,3,Not significant
D:\A_Research\A_doing_research\20250804_LLM_campus_restoration\shanghai\final_image\202211_114.22559054555936_22.75456210097526.png,202211,114.2255905,22.7545621,0.55057,0.45,-0.00035686705953993724,0.044,4,HL
D:\A_Research\A_doing_research\20250804_LLM_campus_restoration\shanghai\final_image\202211_114.22576155036519_22.705585978362734.png,202211,114.2257616,22.70558598,0.50012,0.32869,-0.035099529022750195,0.173,2,Not significant
D:\A_Research\A_doing_research\20250804_LLM_campus_restoration\shanghai\final_image\202211_114.2257622453882_22.66166275803583.png,202211,114.2257622,22.66166276,0.49144,0.35745,0.027366344916173953,0.193,3,Not significant
D:\A_Research\A_doing_research\20250804_LLM_campus_restoration\shanghai\final_image\202211_114.22593259004171_22.659822980095043.png,202211,114.2259326,22.65982298,0.57337,0.418,0.012958790242926203,0.107,3,Not significant
D:\A_Research\A_doing_research\20250804_LLM_campus_restoration\shanghai\final_image\202211_114.22635561203406_22.703459565260093.png,202211,114.2263556,22.70345957,0.6153,0.46133,0.003007331424571792,0.249,1,Not significant
D:\A_Research\A_doing_research\20250804_LLM_campus_restoration\shanghai\final_image\202211_114.22642830617639_22.700759857544092.png,202211,114.2264283,22.70075986,0.326,0.51913,0.025081303525174972,0.148,1,Not significant
D:\A_Research\A_doing_research\20250804_LLM_campus_restoration\shanghai\final_image\202211_114.2273256_22.557942800000003.png,202211,114.2273256,22.5579428,0.47,0.58436,-0.04194782680501196,0.214,4,Not significant
D:\A_Research\A_doing_research\20250804_LLM_campus_restoration\shanghai\final_image\202211_114.22747330000001_22.7238673.png,202211,114.2274733,22.7238673,0.336,0.31333,0.02623601961364174,0.277,3,Not significant
D:\A_Research\A_doing_research\20250804_LLM_campus_restoration\shanghai\final_image\202211_114.22753639470436_22.75459197828047.png,202211,114.2275364,22.75459198,0.34507,0.34345,0.04154773543180778,0.126,3,Not significant
D:\A_Research\A_doing_research\20250804_LLM_campus_restoration\shanghai\final_image\202211_114.22760830000001_22.662230599999997.png,202211,114.2276083,22.6622306,0.48241,0.434,0.006698962231142774,0.117,3,Not significant
D:\A_Research\A_doing_research\20250804_LLM_campus_restoration\shanghai\final_image\202211_114.2285259_22.729094399999997.png,202211,114.2285259,22.7290944,0.26038,0.26837,0.009006298633301577,0.425,3,Not significant
D:\A_Research\A_doing_research\20250804_LLM_campus_restoration\shanghai\final_image\202211_114.2286373_22.699013700000002.png,202211,114.2286373,22.6990137,0.45994,0.56644,0.022696545169012466,0.24,1,Not significant
D:\A_Research\A_doing_research\20250804_LLM_campus_restoration\shanghai\final_image\202211_114.2288073_22.7091804.png,202211,114.2288073,22.7091804,0.38286,0.3536,-0.036572709184270365,0.109,2,Not significant
D:\A_Research\A_doing_research\20250804_LLM_campus_restoration\shanghai\final_image\202211_114.23005136136408_22.7412320600931.png,202211,114.2300514,22.74123206,0.646,0.53822,-0.03575538450105484,0.16,4,Not significant
D:\A_Research\A_doing_research\20250804_LLM_campus_restoration\shanghai\final_image\202211_114.23009038256129_22.739427480281865.png,202211,114.2300904,22.73942748,0.46952,0.44068,0.0027683360324812943,0.255,3,Not significant
D:\A_Research\A_doing_research\20250804_LLM_campus_restoration\shanghai\final_image\202211_114.2301294_22.737622900000005.png,202211,114.2301294,22.7376229,0.55528,0.28968,0.013980395283120424,0.421,3,Not significant
D:\A_Research\A_doing_research\20250804_LLM_campus_restoration\shanghai\final_image\202211_114.23029818539506_22.710536319149565.png,202211,114.2302982,22.71053632,0.65972,0.56793,0.020552378745612058,0.325,1,Not significant
D:\A_Research\A_doing_research\20250804_LLM_campus_restoration\shanghai\final_image\202211_114.23214660795145_22.712494305055838.png,202211,114.2321466,22.71249431,0.654,0.65318,0.04226675401340028,0.259,1,Not significant
D:\A_Research\A_doing_research\20250804_LLM_campus_restoration\shanghai\final_image\202211_114.23223641815308_22.74057723096635.png,202211,114.2322364,22.74057723,0.42303,0.487,-0.012828639548082721,0.196,4,Not significant
D:\A_Research\A_doing_research\20250804_LLM_campus_restoration\shanghai\final_image\202211_114.2327879_22.705841199999995.png,202211,114.2327879,22.7058412,0.35227,0.46469,0.0049506259829999386,0.196,1,Not significant
D:\A_Research\A_doing_research\20250804_LLM_campus_restoration\shanghai\final_image\202211_114.2332424_22.736479599999996.png,202211,114.2332424,22.7364796,0.57156,0.47401,-0.007311620487649304,0.172,4,Not significant
D:\A_Research\A_doing_research\20250804_LLM_campus_restoration\shanghai\final_image\202211_114.2334866_22.7224102.png,202211,114.2334866,22.7224102,0.29911,0.4728,0.0030030398740191677,0.344,1,Not significant
D:\A_Research\A_doing_research\20250804_LLM_campus_restoration\shanghai\final_image\202211_114.23443416997084_22.70443946701597.png,202211,114.2344342,22.70443947,0.31507,0.604,0.02676285341963708,0.287,1,Not significant
D:\A_Research\A_doing_research\20250804_LLM_campus_restoration\shanghai\final_image\202211_114.2356123_22.7239809.png,202211,114.2356123,22.7239809,0.48723,0.516,0.011794992063388918,0.293,1,Not significant
D:\A_Research\A_doing_research\20250804_LLM_campus_restoration\shanghai\final_image\202211_114.2361757_22.730064800000008.png,202211,114.2361757,22.7300648,0.53134,0.413,-0.01595581279806436,0.129,2,Not significant
D:\A_Research\A_doing_research\20250804_LLM_campus_restoration\shanghai\final_image\202211_114.23770541411518_22.717890583475636.png,202211,114.2377054,22.71789058,0.55024,0.50064,0.010913024081743742,0.255,1,Not significant
D:\A_Research\A_doing_research\20250804_LLM_campus_restoration\shanghai\final_image\202211_114.23812123202822_22.7300937988924.png,202211,114.2381212,22.7300938,0.63385,0.42794,-0.006913159670927901,0.182,2,Not significant
D:\A_Research\A_doing_research\20250804_LLM_campus_restoration\shanghai\final_image\202211_114.23813391942721_22.704002782484192.png,202211,114.2381339,22.70400278,0.646,0.47694,0.009801615037670604,0.096,1,Not significant
D:\A_Research\A_doing_research\20250804_LLM_campus_restoration\shanghai\final_image\202211_114.2383985_22.711510399999998.png,202211,114.2383985,22.7115104,0.64367,0.46037,0.004849715922130211,0.084,1,Not significant
D:\A_Research\A_doing_research\20250804_LLM_campus_restoration\shanghai\final_image\202211_114.238919_22.740653100000003.png,202211,114.238919,22.7406531,0.4717,0.26424,0.06767600194134747,0.138,3,Not significant
D:\A_Research\A_doing_research\20250804_LLM_campus_restoration\shanghai\final_image\202211_114.2400699_22.699791799999993.png,202211,114.2400699,22.6997918,0.36309,0.635,0.04089432204195027,0.189,1,Not significant
D:\A_Research\A_doing_research\20250804_LLM_campus_restoration\shanghai\final_image\202211_114.2404083_22.713298600000005.png,202211,114.2404083,22.7132986,0.65,0.65,0.029728049821718717,0.301,1,Not significant
D:\A_Research\A_doing_research\20250804_LLM_campus_restoration\shanghai\final_image\202211_114.24092502102194_22.72834490326265.png,202211,114.240925,22.7283449,0.38334,0.73462,-0.004106367681368133,0.493,4,Not significant
D:\A_Research\A_doing_research\20250804_LLM_campus_restoration\shanghai\final_image\202211_114.24117857820256_22.736602871530195.png,202211,114.2411786,22.73660287,0.47913,0.424,0.006351566464839453,0.236,3,Not significant
D:\A_Research\A_doing_research\20250804_LLM_campus_restoration\shanghai\final_image\202211_114.24131554309736_22.708746307157305.png,202211,114.2413155,22.70874631,0.51,0.54172,0.0210410494449068,0.202,1,Not significant
D:\A_Research\A_doing_research\20250804_LLM_campus_restoration\shanghai\final_image\202211_114.2417927_22.721100999999997.png,202211,114.2417927,22.721101,0.43782,0.31314,-0.03755890091122717,0.163,2,Not significant
D:\A_Research\A_doing_research\20250804_LLM_campus_restoration\shanghai\final_image\202211_114.2425205_22.5659879.png,202211,114.2425205,22.5659879,0.48241,0.409,0.035229093083990984,0.001,3,LL
D:\A_Research\A_doing_research\20250804_LLM_campus_restoration\shanghai\final_image\202211_114.24312418731222_22.736633147589387.png,202211,114.2431242,22.73663315,0.5224,0.36,0.0021969798983549325,0.494,3,Not significant
D:\A_Research\A_doing_research\20250804_LLM_campus_restoration\shanghai\final_image\202211_114.2450698_22.7366634.png,202211,114.2450698,22.7366634,0.55427,0.52944,-0.020671712411766446,0.258,4,Not significant
D:\A_Research\A_doing_research\20250804_LLM_campus_restoration\shanghai\final_image\202211_114.245535_22.724478399999995.png,202211,114.245535,22.7244784,0.55024,0.4742,0.0020376672475605783,0.363,1,Not significant
D:\A_Research\A_doing_research\20250804_LLM_campus_restoration\shanghai\final_image\202211_114.2473978_22.734376399999995.png,202211,114.2473978,22.7343764,0.65,0.36,-0.0038134989885097643,0.435,2,Not significant
D:\A_Research\A_doing_research\20250804_LLM_campus_restoration\shanghai\final_image\202211_114.24781360000001_22.7408709.png,202211,114.2478136,22.7408709,0.45,0.70593,-0.05613704739811351,0.267,4,Not significant
D:\A_Research\A_doing_research\20250804_LLM_campus_restoration\shanghai\final_image\202211_114.2481382_22.719207700000002.png,202211,114.2481382,22.7192077,0.47077,0.50407,-0.00038150934864252347,0.48,4,Not significant
D:\A_Research\A_doing_research\20250804_LLM_campus_restoration\shanghai\final_image\202211_114.25240049211995_22.71598604493676.png,202211,114.2524005,22.71598604,0.66275,0.353,-0.0041026434137643505,0.423,2,Not significant
D:\A_Research\A_doing_research\20250804_LLM_campus_restoration\shanghai\final_image\202211_114.25520290000001_22.7195498.png,202211,114.2552029,22.7195498,0.48241,0.41526,-0.0032522869016176686,0.381,2,Not significant
D:\A_Research\A_doing_research\20250804_LLM_campus_restoration\shanghai\final_image\202211_114.2553826_22.7219132.png,202211,114.2553826,22.7219132,0.44547,0.48684,0.00014168605060561751,0.482,1,Not significant
D:\A_Research\A_doing_research\20250804_LLM_campus_restoration\shanghai\final_image\202211_114.2567779_22.732173299999996.png,202211,114.2567779,22.7321733,0.31773,0.53037,-0.008933902973433749,0.374,4,Not significant
D:\A_Research\A_doing_research\20250804_LLM_campus_restoration\shanghai\final_image\202211_114.2581402_22.735127600000002.png,202211,114.2581402,22.7351276,0.49851,0.5032,-0.006363609708598858,0.369,4,Not significant
D:\A_Research\A_doing_research\20250804_LLM_campus_restoration\shanghai\final_image\202211_114.2582836_22.742992200000003.png,202211,114.2582836,22.7429922,0.66753,0.3286,0.027517575238378847,0.235,3,Not significant
D:\A_Research\A_doing_research\20250804_LLM_campus_restoration\shanghai\final_image\202211_114.2597717_22.748227099999998.png,202211,114.2597717,22.7482271,0.598,0.37,0.02509516780700259,0.148,3,Not significant
D:\A_Research\A_doing_research\20250804_LLM_campus_restoration\shanghai\final_image\202211_114.25984672471368_22.724509384105325.png,202211,114.2598467,22.72450938,0.27352,0.443,0.00013842635545685208,0.489,3,Not significant
D:\A_Research\A_doing_research\20250804_LLM_campus_restoration\shanghai\final_image\202211_114.2615314_22.725412499999997.png,202211,114.2615314,22.7254125,0.29148,0.45066,-9.131578522893758e-05,0.426,4,Not significant
D:\A_Research\A_doing_research\20250804_LLM_campus_restoration\shanghai\final_image\202211_114.2615504_22.7339659.png,202211,114.2615504,22.7339659,0.55024,0.47454,-0.0034560892271841654,0.356,4,Not significant
D:\A_Research\A_doing_research\20250804_LLM_campus_restoration\shanghai\final_image\202211_114.2639582_22.746419699999997.png,202211,114.2639582,22.7464197,0.45974,0.40601,0.019552239447423174,0.146,3,Not significant
D:\A_Research\A_doing_research\20250804_LLM_campus_restoration\shanghai\final_image\202211_114.26398611778227_22.744614900122613.png,202211,114.2639861,22.7446149,0.46952,0.387,0.022594654030797575,0.159,3,Not significant
D:\A_Research\A_doing_research\20250804_LLM_campus_restoration\shanghai\final_image\202211_114.2654511_22.749518999999996.png,202211,114.2654511,22.749519,0.236,0.45128,-0.0007469371065990808,0.161,4,Not significant
D:\A_Research\A_doing_research\20250804_LLM_campus_restoration\shanghai\final_image\202211_114.26545658124965_22.747714020246537.png,202211,114.2654566,22.74771402,0.19366,0.38728,0.02082519594779647,0.218,3,Not significant
D:\A_Research\A_doing_research\20250804_LLM_campus_restoration\shanghai\final_image\202211_114.26567204911491_22.730635825414787.png,202211,114.265672,22.73063583,0.33797,0.43666,0.0010854457626402422,0.378,3,Not significant
D:\A_Research\A_doing_research\20250804_LLM_campus_restoration\shanghai\final_image\202211_114.266167_22.759514999999997.png,202211,114.266167,22.759515,0.32621,0.62341,-0.08948158059891238,0.015,4,HL
D:\A_Research\A_doing_research\20250804_LLM_campus_restoration\shanghai\final_image\202211_114.2690539_22.690821300000003.png,202211,114.2690539,22.6908213,0.19409,0.3862,0.022616803678404202,0.059,3,Not significant
D:\A_Research\A_doing_research\20250804_LLM_campus_restoration\shanghai\final_image\202211_114.2723347_22.731047399999998.png,202211,114.2723347,22.7310474,0.5907,0.65613,-0.05150776420600475,0.192,4,Not significant
D:\A_Research\A_doing_research\20250804_LLM_campus_restoration\shanghai\final_image\202211_114.27234334478574_22.75042433588219.png,202211,114.2723433,22.75042434,0.318,0.60132,-0.06205137916580265,0.059,4,Not significant
D:\A_Research\A_doing_research\20250804_LLM_campus_restoration\shanghai\final_image\202211_114.2725162_22.696644900000003.png,202211,114.2725162,22.6966449,0.44939,0.44501,0.0010997933178024475,0.19,3,Not significant
D:\A_Research\A_doing_research\20250804_LLM_campus_restoration\shanghai\final_image\202211_114.2726936_22.7415585.png,202211,114.2726936,22.7415585,0.4565,0.54214,-0.027641302272960435,0.135,4,Not significant
D:\A_Research\A_doing_research\20250804_LLM_campus_restoration\shanghai\final_image\202211_114.27273476714161_22.77035872925934.png,202211,114.2727348,22.77035873,0.5766,0.42296,0.01237550583083157,0.013,3,LL
D:\A_Research\A_doing_research\20250804_LLM_campus_restoration\shanghai\final_image\202211_114.27581599321013_22.69406434446471.png,202211,114.275816,22.69406434,0.28,0.52756,-0.020490204681125834,0.202,4,Not significant
D:\A_Research\A_doing_research\20250804_LLM_campus_restoration\shanghai\final_image\202211_114.2760337_22.7631342.png,202211,114.2760337,22.7631342,0.57506,0.57118,-0.06440209234664647,0.012,4,HL
D:\A_Research\A_doing_research\20250804_LLM_campus_restoration\shanghai\final_image\202211_114.2775438_22.731313999999994.png,202211,114.2775438,22.731314,0.50966,0.5,-0.01187925100707618,0.201,4,Not significant
D:\A_Research\A_doing_research\20250804_LLM_campus_restoration\shanghai\final_image\202211_114.27821_22.724613199999997.png,202211,114.27821,22.7246132,0.673,0.40339,0.009237771029676446,0.231,3,Not significant
D:\A_Research\A_doing_research\20250804_LLM_campus_restoration\shanghai\final_image\202211_114.27840400000001_22.694100599999995.png,202211,114.278404,22.6941006,0.42373,0.52802,-0.0218966229126939,0.182,4,Not significant
D:\A_Research\A_doing_research\20250804_LLM_campus_restoration\shanghai\final_image\202211_114.27997043805485_22.742280218958573.png,202211,114.2799704,22.74228022,0.49781,0.428,0.00645775410111692,0.194,3,Not significant
D:\A_Research\A_doing_research\20250804_LLM_campus_restoration\shanghai\final_image\202211_114.28120859325674_22.723283424694912.png,202211,114.2812086,22.72328342,0.56058,0.4782,-0.006878285379690178,0.255,4,Not significant
D:\A_Research\A_doing_research\20250804_LLM_campus_restoration\shanghai\final_image\202211_114.2813912_22.756487600000003.png,202211,114.2813912,22.7564876,0.23623,0.41535,0.015365089780593456,0.021,3,LL
D:\A_Research\A_doing_research\20250804_LLM_campus_restoration\shanghai\final_image\202211_114.2819875_22.690948999999996.png,202211,114.2819875,22.690949,0.56812,0.4556,-0.0020035714342692907,0.105,4,Not significant
D:\A_Research\A_doing_research\20250804_LLM_campus_restoration\shanghai\final_image\202211_114.2822374_22.742074400000003.png,202211,114.2822374,22.7420744,0.30588,0.45841,-0.0030992152866069996,0.184,4,Not significant
D:\A_Research\A_doing_research\20250804_LLM_campus_restoration\shanghai\final_image\202211_114.28325520000001_22.7446148.png,202211,114.2832552,22.7446148,0.58557,0.4703,-0.008422640724375282,0.15,4,Not significant
D:\A_Research\A_doing_research\20250804_LLM_campus_restoration\shanghai\final_image\202211_114.28544010000002_22.781407799999997.png,202211,114.2854401,22.7814078,0.63907,0.38335,0.031361916096733354,0.058,3,Not significant
D:\A_Research\A_doing_research\20250804_LLM_campus_restoration\shanghai\final_image\202211_114.28546740000002_22.785401799999995.png,202211,114.2854674,22.7854018,0.64368,0.47307,-0.012088982358194002,0.04,4,HL
D:\A_Research\A_doing_research\20250804_LLM_campus_restoration\shanghai\final_image\202211_114.28566222857216_22.665868047689063.png,202211,114.2856622,22.66586805,0.38988,0.54921,-0.08510569281552799,0.001,4,HL
D:\A_Research\A_doing_research\20250804_LLM_campus_restoration\shanghai\final_image\202211_114.2873667_22.697519499999995.png,202211,114.2873667,22.6975195,0.5821,0.5,-0.020294294416561012,0.049,4,HL
D:\A_Research\A_doing_research\20250804_LLM_campus_restoration\shanghai\final_image\202211_114.2888354_22.761052399999997.png,202211,114.2888354,22.7610524,0.28301,0.38718,0.03846189018387813,0.014,3,LL
D:\A_Research\A_doing_research\20250804_LLM_campus_restoration\shanghai\final_image\202211_114.289187_22.702380399999996.png,202211,114.289187,22.7023804,0.40983,0.372,0.023851037835344608,0.097,3,Not significant
D:\A_Research\A_doing_research\20250804_LLM_campus_restoration\shanghai\final_image\202211_114.2892879_22.691186399999996.png,202211,114.2892879,22.6911864,0.55024,0.35357,0.031538658746962454,0.094,3,Not significant
D:\A_Research\A_doing_research\20250804_LLM_campus_restoration\shanghai\final_image\202211_114.28940234571579_22.732666954198482.png,202211,114.2894023,22.73266695,0.47104,0.49853,-0.017506291098934115,0.082,4,Not significant
D:\A_Research\A_doing_research\20250804_LLM_campus_restoration\shanghai\final_image\202211_114.29010120000001_22.7889905.png,202211,114.2901012,22.7889905,0.57,0.48089,-0.0138955845068013,0.05,4,HL
D:\A_Research\A_doing_research\20250804_LLM_campus_restoration\shanghai\final_image\202211_114.29145377862082_22.72440749735727.png,202211,114.2914538,22.7244075,0.602,0.317,0.03643406398255946,0.14,3,Not significant
D:\A_Research\A_doing_research\20250804_LLM_campus_restoration\shanghai\final_image\202211_114.2928763_22.697509499999995.png,202211,114.2928763,22.6975095,0.654,0.52183,-0.03089909489735418,0.044,4,HL
D:\A_Research\A_doing_research\20250804_LLM_campus_restoration\shanghai\final_image\202211_114.2954426_22.676837.png,202211,114.2954426,22.676837,0.40043,0.44248,0.005774437886444227,0.001,3,LL
D:\A_Research\A_doing_research\20250804_LLM_campus_restoration\shanghai\final_image\202211_114.2956031_22.764479600000005.png,202211,114.2956031,22.7644796,0.654,0.34655,0.06969448039684725,0.008,3,LL
D:\A_Research\A_doing_research\20250804_LLM_campus_restoration\shanghai\final_image\202211_114.2970542_22.734420499999995.png,202211,114.2970542,22.7344205,0.59278,0.45446,-0.0023788090358575122,0.039,4,HL
D:\A_Research\A_doing_research\20250804_LLM_campus_restoration\shanghai\final_image\202211_114.2984209_22.768718899999996.png,202211,114.2984209,22.7687189,0.23623,0.455,-0.004368209251655124,0.008,4,HL
D:\A_Research\A_doing_research\20250804_LLM_campus_restoration\shanghai\final_image\202211_114.29967391060126_22.668395381640753.png,202211,114.2996739,22.66839538,0.64597,0.62,-0.1557992946087316,0.015,4,HL
D:\A_Research\A_doing_research\20250804_LLM_campus_restoration\shanghai\final_image\202211_114.3009074_22.770798799999998.png,202211,114.3009074,22.7707988,0.55024,0.48017,-0.025758571412231836,0.003,4,HL
D:\A_Research\A_doing_research\20250804_LLM_campus_restoration\shanghai\final_image\202211_114.3011382_22.6976226.png,202211,114.3011382,22.6976226,0.61534,0.43483,0.006765768949284681,0.033,3,LL
D:\A_Research\A_doing_research\20250804_LLM_campus_restoration\shanghai\final_image\202211_114.301909_22.7820227.png,202211,114.301909,22.7820227,0.654,0.47633,-0.01748163403851732,0.029,4,HL
D:\A_Research\A_doing_research\20250804_LLM_campus_restoration\shanghai\final_image\202211_114.30192942015853_22.69137286015424.png,202211,114.3019294,22.69137286,0.3325,0.34224,0.027543856315531585,0.175,3,Not significant
D:\A_Research\A_doing_research\20250804_LLM_campus_restoration\shanghai\final_image\202211_114.3020113_22.788649799999995.png,202211,114.3020113,22.7886498,0.47,0.58731,-0.08667720981289112,0.016,4,HL
D:\A_Research\A_doing_research\20250804_LLM_campus_restoration\shanghai\final_image\202211_114.3022634_22.676692100000004.png,202211,114.3022634,22.6766921,0.51,0.16027,0.18151436667085324,0.012,3,LL
D:\A_Research\A_doing_research\20250804_LLM_campus_restoration\shanghai\final_image\202211_114.30635815636455_22.710292430258725.png,202211,114.3063582,22.71029243,0.55,0.6435,-0.1198270024505705,0.016,4,HL
D:\A_Research\A_doing_research\20250804_LLM_campus_restoration\shanghai\final_image\202211_114.30676170000001_22.6703835.png,202211,114.3067617,22.6703835,0.62314,0.67528,-0.2049703740022191,0.027,4,HL
D:\A_Research\A_doing_research\20250804_LLM_campus_restoration\shanghai\final_image\202211_114.3070435_22.786400099999998.png,202211,114.3070435,22.7864001,0.55024,0.51571,-0.061704001696203985,0.013,4,HL
D:\A_Research\A_doing_research\20250804_LLM_campus_restoration\shanghai\final_image\202211_114.3072554_22.766458099999998.png,202211,114.3072554,22.7664581,0.35227,0.363,0.09726834983242136,0.002,3,LL
D:\A_Research\A_doing_research\20250804_LLM_campus_restoration\shanghai\final_image\202211_114.3079004_22.716158199999995.png,202211,114.3079004,22.7161582,0.34336,0.3391,0.0533237433827129,0.041,3,LL
D:\A_Research\A_doing_research\20250804_LLM_campus_restoration\shanghai\final_image\202211_114.3090179_22.7845181.png,202211,114.3090179,22.7845181,0.40148,0.23335,0.13250109500322307,0.073,3,Not significant
D:\A_Research\A_doing_research\20250804_LLM_campus_restoration\shanghai\final_image\202211_114.30902102413474_22.671889266942024.png,202211,114.309021,22.67188927,0.69,0.47856,-0.021814932553984555,0.045,4,HL
D:\A_Research\A_doing_research\20250804_LLM_campus_restoration\shanghai\final_image\202211_114.3097075_22.6782036.png,202211,114.3097075,22.6782036,0.3513,0.35746,0.0742036675420228,0.011,3,LL
D:\A_Research\A_doing_research\20250804_LLM_campus_restoration\shanghai\final_image\202211_114.31003453056034_22.781030334116412.png,202211,114.3100345,22.78103033,0.3976,0.4463,0.0033976183661636496,0.029,3,LL
D:\A_Research\A_doing_research\20250804_LLM_campus_restoration\shanghai\final_image\202211_114.3106308_22.723215000000003.png,202211,114.3106308,22.723215,0.65398,0.48689,-0.023921384192719483,0.008,4,HL
D:\A_Research\A_doing_research\20250804_LLM_campus_restoration\shanghai\final_image\202211_114.3107973_22.668331399999996.png,202211,114.3107973,22.6683314,0.18429,0.48,-0.020148536572062694,0.022,4,HL
D:\A_Research\A_doing_research\20250804_LLM_campus_restoration\shanghai\final_image\202211_114.31123978480922_22.78835509521841.png,202211,114.3112398,22.7883551,0.236,0.35,0.07062106670476742,0.024,3,LL
D:\A_Research\A_doing_research\20250804_LLM_campus_restoration\shanghai\final_image\202211_114.3130786_22.778376100000003.png,202211,114.3130786,22.7783761,0.64106,0.3124,0.13001761974026135,0.013,3,LL
D:\A_Research\A_doing_research\20250804_LLM_campus_restoration\shanghai\final_image\202211_114.31334558589079_22.712692741138135.png,202211,114.3133456,22.71269274,0.43521,0.42715,0.01155353640191836,0.034,3,LL
D:\A_Research\A_doing_research\20250804_LLM_campus_restoration\shanghai\final_image\202211_114.31441280650962_22.67996343438464.png,202211,114.3144128,22.67996343,0.2841,0.66475,-0.18312868374118962,0.008,4,HL
D:\A_Research\A_doing_research\20250804_LLM_campus_restoration\shanghai\final_image\202211_114.3147431_22.707786899999995.png,202211,114.3147431,22.7077869,0.512,0.47611,-0.0017221547043921432,0.43,4,Not significant
D:\A_Research\A_doing_research\20250804_LLM_campus_restoration\shanghai\final_image\202211_114.3157553_22.67778.png,202211,114.3157553,22.67778,0.393,0.54989,-0.06282963199315426,0.042,4,HL
D:\A_Research\A_doing_research\20250804_LLM_campus_restoration\shanghai\final_image\202211_114.3162351_22.766853299999998.png,202211,114.3162351,22.7668533,0.45116,0.41305,0.043675489946888205,0.003,3,LL
D:\A_Research\A_doing_research\20250804_LLM_campus_restoration\shanghai\final_image\202211_114.3163896_22.7063872.png,202211,114.3163896,22.7063872,0.47568,0.75199,-0.163073450841191,0.046,4,HL
D:\A_Research\A_doing_research\20250804_LLM_campus_restoration\shanghai\final_image\202211_114.3164787_22.7790009.png,202211,114.3164787,22.7790009,0.49013,0.42134,0.030156818464568757,0.003,3,LL
D:\A_Research\A_doing_research\20250804_LLM_campus_restoration\shanghai\final_image\202211_114.3165021_22.771690299999996.png,202211,114.3165021,22.7716903,0.343,0.17468,0.26452142961471026,0.002,3,LL
D:\A_Research\A_doing_research\20250804_LLM_campus_restoration\shanghai\final_image\202211_114.3173622_22.7265075.png,202211,114.3173622,22.7265075,0.3267,0.3725,0.035399188707285964,0.112,3,Not significant
D:\A_Research\A_doing_research\20250804_LLM_campus_restoration\shanghai\final_image\202211_114.31953956727372_22.788356333124437.png,202211,114.3195396,22.78835633,0.53429,0.45957,-0.012363268268955006,0.012,4,HL
D:\A_Research\A_doing_research\20250804_LLM_campus_restoration\shanghai\final_image\202211_114.3216382_22.723274800000002.png,202211,114.3216382,22.7232748,0.52156,0.47841,-0.016146388701719135,0.025,4,HL
D:\A_Research\A_doing_research\20250804_LLM_campus_restoration\shanghai\final_image\202211_114.32350494257476_22.67201955728786.png,202211,114.3235049,22.67201956,0.6675,0.3165,0.10386703592808559,0.01,3,LL
D:\A_Research\A_doing_research\20250804_LLM_campus_restoration\shanghai\final_image\202211_114.32387870000001_22.6783551.png,202211,114.3238787,22.6783551,0.6178,0.39292,0.029371415414524916,0.078,3,Not significant
D:\A_Research\A_doing_research\20250804_LLM_campus_restoration\shanghai\final_image\202211_114.3245814_22.770254999999995.png,202211,114.3245814,22.770255,0.14335,0.45368,-0.004049786525814978,0.001,4,HL
D:\A_Research\A_doing_research\20250804_LLM_campus_restoration\shanghai\final_image\202211_114.3254350036764_22.68151625721614.png,202211,114.325435,22.68151626,0.64597,0.4387,0.004343917653409043,0.151,3,Not significant
D:\A_Research\A_doing_research\20250804_LLM_campus_restoration\shanghai\final_image\202211_114.3268672_22.690378.png,202211,114.3268672,22.690378,0.14409,0.54758,-0.05042403448211699,0.039,4,HL
D:\A_Research\A_doing_research\20250804_LLM_campus_restoration\shanghai\final_image\202211_114.3303307356525_22.671067726692538.png,202211,114.3303307,22.67106773,0.332,0.4885,-0.031060933420783293,0.023,4,HL
D:\A_Research\A_doing_research\20250804_LLM_campus_restoration\shanghai\final_image\202211_114.33041262094612_22.699174530065097.png,202211,114.3304126,22.69917453,0.7052,0.3809,0.03245937244914236,0.046,3,LL
D:\A_Research\A_doing_research\20250804_LLM_campus_restoration\shanghai\final_image\202211_114.3313859655242_22.768633985156832.png,202211,114.331386,22.76863399,0.17538,0.36113,0.061690654316890185,0.004,3,LL
D:\A_Research\A_doing_research\20250804_LLM_campus_restoration\shanghai\final_image\202211_114.3321844029824_22.67161460111895.png,202211,114.3321844,22.6716146,0.36227,0.49,-0.026746065467891857,0.039,4,HL
D:\A_Research\A_doing_research\20250804_LLM_campus_restoration\shanghai\final_image\202211_114.3327813_22.6854391.png,202211,114.3327813,22.6854391,0.44868,0.58711,-0.06758502950419862,0.046,4,HL
D:\A_Research\A_doing_research\20250804_LLM_campus_restoration\shanghai\final_image\202211_114.3351278_22.708945700000005.png,202211,114.3351278,22.7089457,0.48241,0.55871,-0.061695040074361274,0.064,4,Not significant
D:\A_Research\A_doing_research\20250804_LLM_campus_restoration\shanghai\final_image\202211_114.3357352_22.680754599999997.png,202211,114.3357352,22.6807546,0.457,0.69704,-0.1453600954263516,0.024,4,HL
D:\A_Research\A_doing_research\20250804_LLM_campus_restoration\shanghai\final_image\202211_114.3388551_22.6894784.png,202211,114.3388551,22.6894784,0.67485,0.34574,0.05989166488084052,0.067,3,Not significant
D:\A_Research\A_doing_research\20250804_LLM_campus_restoration\shanghai\final_image\202211_114.33888767774044_22.709904250746963.png,202211,114.3388877,22.70990425,0.44736,0.706,-0.175615810999229,0.022,4,HL
D:\A_Research\A_doing_research\20250804_LLM_campus_restoration\shanghai\final_image\202211_114.3404670682303_22.697019432676996.png,202211,114.3404671,22.69701943,0.179,0.29518,0.10757905482543675,0.018,3,LL
D:\A_Research\A_doing_research\20250804_LLM_campus_restoration\shanghai\final_image\202211_114.34195740000001_22.706933000000003.png,202211,114.3419574,22.706933,0.571,0.34743,0.05701534009838894,0.059,3,Not significant
D:\A_Research\A_doing_research\20250804_LLM_campus_restoration\shanghai\final_image\202211_114.3429147_22.701841800000004.png,202211,114.3429147,22.7018418,0.35937,0.30937,0.11109308767739501,0.032,3,LL
D:\A_Research\A_doing_research\20250804_LLM_campus_restoration\shanghai\final_image\202211_114.34365240000001_22.687192099999997.png,202211,114.3436524,22.6871921,0.39099,0.5496,-0.08453107514903574,0.035,4,HL
D:\A_Research\A_doing_research\20250804_LLM_campus_restoration\shanghai\final_image\202211_114.3437535_22.6918068.png,202211,114.3437535,22.6918068,0.57645,0.38338,0.05071950264192147,0.015,3,LL
D:\A_Research\A_doing_research\20250804_LLM_campus_restoration\shanghai\final_image\202211_114.3459751_22.707297799999996.png,202211,114.3459751,22.7072978,0.49149,0.33393,0.0634479370131176,0.087,3,Not significant
D:\A_Research\A_doing_research\20250804_LLM_campus_restoration\shanghai\final_image\202211_114.3483821_22.701610899999995.png,202211,114.3483821,22.7016109,0.21884,0.47113,-0.017160672327976495,0.01,4,HL
D:\A_Research\A_doing_research\20250804_LLM_campus_restoration\shanghai\final_image\202211_114.3504077_22.7119996.png,202211,114.3504077,22.7119996,0.21884,0.525,-0.034431319774975946,0.096,4,Not significant
D:\A_Research\A_doing_research\20250804_LLM_campus_restoration\shanghai\final_image\202211_114.35089203748632_22.683509370509395.png,202211,114.350892,22.68350937,0.162,0.309,0.06286724603834482,0.154,3,Not significant
D:\A_Research\A_doing_research\20250804_LLM_campus_restoration\shanghai\final_image\202211_114.3510608_22.719964600000004.png,202211,114.3510608,22.7199646,0.35227,0.4,0.01757534874192029,0.148,3,Not significant
D:\A_Research\A_doing_research\20250804_LLM_campus_restoration\shanghai\final_image\202211_114.3511078_22.681715400000005.png,202211,114.3511078,22.6817154,0.55024,0.58491,-0.13597174447474364,0.021,4,HL
D:\A_Research\A_doing_research\20250804_LLM_campus_restoration\shanghai\final_image\202211_114.3512642_22.7251506.png,202211,114.3512642,22.7251506,0.55975,0.52003,-0.05585942733914692,0.027,4,HL
D:\A_Research\A_doing_research\20250804_LLM_campus_restoration\shanghai\final_image\202211_114.3528219_22.7287395.png,202211,114.3528219,22.7287395,0.31607,0.47132,-0.00956841615306025,0.098,4,Not significant
D:\A_Research\A_doing_research\20250804_LLM_campus_restoration\shanghai\final_image\202211_114.353722337401_22.712501928980274.png,202211,114.3537223,22.71250193,0.654,0.45415,-0.0014836537315401576,0.177,4,Not significant
D:\A_Research\A_doing_research\20250804_LLM_campus_restoration\shanghai\final_image\202211_114.3541891_22.6916494.png,202211,114.3541891,22.6916494,0.3577,0.345,0.06034377050344057,0.041,3,LL
D:\A_Research\A_doing_research\20250804_LLM_campus_restoration\shanghai\final_image\202211_114.3546865_22.757565699999997.png,202211,114.3546865,22.7575657,0.35956,0.6,-0.0717859164383341,0.053,4,Not significant
D:\A_Research\A_doing_research\20250804_LLM_campus_restoration\shanghai\final_image\202211_114.3569203_22.6889893.png,202211,114.3569203,22.6889893,0.55362,0.54892,-0.08152402459247356,0.007,4,HL
D:\A_Research\A_doing_research\20250804_LLM_campus_restoration\shanghai\final_image\202211_114.35772670303169_22.751752755502764.png,202211,114.3577267,22.75175276,0.33636,0.55821,-0.05892603880040946,0.05,4,HL
D:\A_Research\A_doing_research\20250804_LLM_campus_restoration\shanghai\final_image\202211_114.3613663915453_22.716670605416358.png,202211,114.3613664,22.71667061,0.47951,0.59504,-0.027048038094227726,0.331,4,Not significant
D:\A_Research\A_doing_research\20250804_LLM_campus_restoration\shanghai\final_image\202211_114.3624588_22.713162700000005.png,202211,114.3624588,22.7131627,0.32689,0.47519,0.00018722856434163807,0.495,1,Not significant
D:\A_Research\A_doing_research\20250804_LLM_campus_restoration\shanghai\final_image\202211_114.3626573_22.733189099999997.png,202211,114.3626573,22.7331891,0.31507,0.55241,-0.021508480662622682,0.275,4,Not significant
D:\A_Research\A_doing_research\20250804_LLM_campus_restoration\shanghai\final_image\202211_114.36333728540241_22.70685412485956.png,202211,114.3633373,22.70685412,0.35714,0.63435,-0.08640026901145823,0.129,4,Not significant
D:\A_Research\A_doing_research\20250804_LLM_campus_restoration\shanghai\final_image\202211_114.3635603334527_22.72234030001783.png,202211,114.3635603,22.7223403,0.335,0.31894,0.03626434083767496,0.229,3,Not significant
D:\A_Research\A_doing_research\20250804_LLM_campus_restoration\shanghai\final_image\202211_114.36447568930114_22.713789011610604.png,202211,114.3644757,22.71378901,0.54,0.57572,-0.020794761521414087,0.363,4,Not significant
D:\A_Research\A_doing_research\20250804_LLM_campus_restoration\shanghai\final_image\202211_114.364903_22.7308243.png,202211,114.364903,22.7308243,0.40721,0.55601,-0.01836261462075985,0.319,4,Not significant
D:\A_Research\A_doing_research\20250804_LLM_campus_restoration\shanghai\final_image\202211_114.3649148_22.7565855.png,202211,114.3649148,22.7565855,0.28629,0.35829,0.039639572677572836,0.085,3,Not significant
D:\A_Research\A_doing_research\20250804_LLM_campus_restoration\shanghai\final_image\202211_114.365416_22.707167199999997.png,202211,114.365416,22.7071672,0.3446,0.466,-0.0017028491308763456,0.412,4,Not significant
D:\A_Research\A_doing_research\20250804_LLM_campus_restoration\shanghai\final_image\202211_114.3658786_22.743978499999994.png,202211,114.3658786,22.7439785,0.75065,0.49634,-0.024117601281626187,0.077,4,Not significant
D:\A_Research\A_doing_research\20250804_LLM_campus_restoration\shanghai\final_image\202211_114.36843760000001_22.6984556.png,202211,114.3684376,22.6984556,0.60552,0.41515,0.017862230017008623,0.061,3,Not significant
D:\A_Research\A_doing_research\20250804_LLM_campus_restoration\shanghai\final_image\202211_114.368547_22.736087599999998.png,202211,114.368547,22.7360876,0.361,0.57039,-0.022700344707891187,0.327,4,Not significant
D:\A_Research\A_doing_research\20250804_LLM_campus_restoration\shanghai\final_image\202211_114.3688344_22.7260431.png,202211,114.3688344,22.7260431,0.45104,0.44232,0.0012843533927931591,0.342,3,Not significant
D:\A_Research\A_doing_research\20250804_LLM_campus_restoration\shanghai\final_image\202211_114.3705303_22.733745999999996.png,202211,114.3705303,22.733746,0.47,0.42482,-0.0045610714497860355,0.319,2,Not significant
D:\A_Research\A_doing_research\20250804_LLM_campus_restoration\shanghai\final_image\202211_114.3718744_22.74649859999999.png,202211,114.3718744,22.7464986,0.17608,0.47519,-0.012395184168249121,0.136,4,Not significant
D:\A_Research\A_doing_research\20250804_LLM_campus_restoration\shanghai\final_image\202211_114.37215326558275_22.730109705730648.png,202211,114.3721533,22.73010971,0.57083,0.65355,-0.01972535720350782,0.425,4,Not significant
D:\A_Research\A_doing_research\20250804_LLM_campus_restoration\shanghai\final_image\202211_114.37216358443696_22.71620413078513.png,202211,114.3721636,22.71620413,0.62315,0.26981,0.02664755101947229,0.373,3,Not significant
D:\A_Research\A_doing_research\20250804_LLM_campus_restoration\shanghai\final_image\202211_114.3726385_22.7528864.png,202211,114.3726385,22.7528864,0.318,0.42284,0.0121966718096254,0.12,3,Not significant
D:\A_Research\A_doing_research\20250804_LLM_campus_restoration\shanghai\final_image\202211_114.37290520601623_22.705520768332626.png,202211,114.3729052,22.70552077,0.23623,0.258,0.04472392060375604,0.261,3,Not significant
D:\A_Research\A_doing_research\20250804_LLM_campus_restoration\shanghai\final_image\202211_114.37297580000002_22.6996042.png,202211,114.3729758,22.6996042,0.61476,0.38573,0.028824301014664353,0.094,3,Not significant
D:\A_Research\A_doing_research\20250804_LLM_campus_restoration\shanghai\final_image\202211_114.3734899_22.7272945.png,202211,114.3734899,22.7272945,0.522,0.49203,0.006622649444245245,0.339,1,Not significant
D:\A_Research\A_doing_research\20250804_LLM_campus_restoration\shanghai\final_image\202211_114.3737531_22.6925205.png,202211,114.3737531,22.6925205,0.25,0.635,-0.12935373206982437,0.036,4,HL
D:\A_Research\A_doing_research\20250804_LLM_campus_restoration\shanghai\final_image\202211_114.37411355873853_22.743729715556338.png,202211,114.3741136,22.74372972,0.55,0.38568,0.029891350995778148,0.156,3,Not significant
D:\A_Research\A_doing_research\20250804_LLM_campus_restoration\shanghai\final_image\202211_114.37418_22.717451199999996.png,202211,114.37418,22.7174512,0.21884,0.39,0.010074344368031224,0.342,3,Not significant
D:\A_Research\A_doing_research\20250804_LLM_campus_restoration\shanghai\final_image\202211_114.3754539_22.749961399999997.png,202211,114.3754539,22.7499614,0.61788,0.501,-0.02799810341787247,0.112,4,Not significant
D:\A_Research\A_doing_research\20250804_LLM_campus_restoration\shanghai\final_image\202211_114.37561489812998_22.690434165694633.png,202211,114.3756149,22.69043417,0.30292,0.34291,0.013067689209695801,0.383,3,Not significant
D:\A_Research\A_doing_research\20250804_LLM_campus_restoration\shanghai\final_image\202211_114.37575931840017_22.714180260607723.png,202211,114.3757593,22.71418026,0.33783,0.26618,0.0005019236256302794,0.498,3,Not significant
D:\A_Research\A_doing_research\20250804_LLM_campus_restoration\shanghai\final_image\202211_114.3760545_22.7438619.png,202211,114.3760545,22.7438619,0.31873,0.33829,0.04539364509740815,0.199,3,Not significant
D:\A_Research\A_doing_research\20250804_LLM_campus_restoration\shanghai\final_image\202211_114.3769458_22.689101.png,202211,114.3769458,22.689101,0.37374,0.49998,-0.03200341112372671,0.079,4,Not significant
D:\A_Research\A_doing_research\20250804_LLM_campus_restoration\shanghai\final_image\202211_114.3770237285758_22.717493878785035.png,202211,114.3770237,22.71749388,0.49,0.695,-0.08697415622319178,0.227,4,Not significant
D:\A_Research\A_doing_research\20250804_LLM_campus_restoration\shanghai\final_image\202211_114.3780006_22.750091500000003.png,202211,114.3780006,22.7500915,0.413,0.43333,0.006674102851690636,0.154,3,Not significant
D:\A_Research\A_doing_research\20250804_LLM_campus_restoration\shanghai\final_image\202211_114.3789689_22.7388526.png,202211,114.3789689,22.7388526,0.548,0.47744,-0.009846015932757971,0.212,4,Not significant
D:\A_Research\A_doing_research\20250804_LLM_campus_restoration\shanghai\final_image\202211_114.37926503467969_22.710328170153257.png,202211,114.379265,22.71032817,0.30936,0.42273,0.0034575268544952205,0.372,3,Not significant
D:\A_Research\A_doing_research\20250804_LLM_campus_restoration\shanghai\final_image\202211_114.37933435809285_22.716357377642815.png,202211,114.3793344,22.71635738,0.47263,0.566,-0.003644187466276578,0.472,4,Not significant
D:\A_Research\A_doing_research\20250804_LLM_campus_restoration\shanghai\final_image\202211_114.3801386_22.7251291.png,202211,114.3801386,22.7251291,0.35184,0.48017,0.0010651095936794043,0.497,1,Not significant
D:\A_Research\A_doing_research\20250804_LLM_campus_restoration\shanghai\final_image\202211_114.38063190000001_22.6953099.png,202211,114.3806319,22.6953099,0.46175,0.3908,0.03242441272778468,0.05,3,LL
D:\A_Research\A_doing_research\20250804_LLM_campus_restoration\shanghai\final_image\202211_114.38183270133445_22.712869299702188.png,202211,114.3818327,22.7128693,0.219,0.474,0.003881978040705327,0.38,1,Not significant
D:\A_Research\A_doing_research\20250804_LLM_campus_restoration\shanghai\final_image\202211_114.38262218100118_22.741044855901382.png,202211,114.3826222,22.74104486,0.30588,0.49911,-0.028252696920953013,0.106,4,Not significant
D:\A_Research\A_doing_research\20250804_LLM_campus_restoration\shanghai\final_image\202211_114.3829262_22.711376199999997.png,202211,114.3829262,22.7113762,0.49357,0.62851,-0.04104748657966448,0.296,4,Not significant
D:\A_Research\A_doing_research\20250804_LLM_campus_restoration\shanghai\final_image\202211_114.3836078_22.744371099999995.png,202211,114.3836078,22.7443711,0.4346,0.41603,0.015077960056269057,0.135,3,Not significant
D:\A_Research\A_doing_research\20250804_LLM_campus_restoration\shanghai\final_image\202211_114.3885396714301_22.72494845407528.png,202211,114.3885397,22.72494845,0.51419,0.47828,-0.008175000144680384,0.211,4,Not significant
D:\A_Research\A_doing_research\20250804_LLM_campus_restoration\shanghai\final_image\202211_114.38859630000002_22.711395700000004.png,202211,114.3885963,22.7113957,0.37626,0.65257,-0.08926258479328858,0.137,4,Not significant
D:\A_Research\A_doing_research\20250804_LLM_campus_restoration\shanghai\final_image\202211_114.3958517_22.7037017.png,202211,114.3958517,22.7037017,0.312,0.55575,-0.058294591963759926,0.065,4,Not significant
D:\A_Research\A_doing_research\20250804_LLM_campus_restoration\shanghai\final_image\202211_114.3960034_22.713549999999994.png,202211,114.3960034,22.71355,0.46952,0.4739,-0.007701420197835397,0.193,4,Not significant
D:\A_Research\A_doing_research\20250804_LLM_campus_restoration\shanghai\final_image\202211_114.39797537460862_22.69997712940125.png,202211,114.3979754,22.69997713,0.48403,0.39058,0.0287138157634615,0.121,3,Not significant
D:\A_Research\A_doing_research\20250804_LLM_campus_restoration\shanghai\final_image\202211_114.4006707_22.700936599999995.png,202211,114.4006707,22.7009366,0.51738,0.35858,0.03744994360808024,0.127,3,Not significant
D:\A_Research\A_doing_research\20250804_LLM_campus_restoration\shanghai\final_image\202211_114.40298750000001_22.696152799999997.png,202211,114.4029875,22.6961528,0.54863,0.585,-0.1011658944270401,0.015,4,HL
D:\A_Research\A_doing_research\20250804_LLM_campus_restoration\shanghai\final_image\202212_113.7706539_22.6919045.png,202212,113.7706539,22.6919045,0.545,0.4556,-0.0029328399850311725,0.026,4,HL
D:\A_Research\A_doing_research\20250804_LLM_campus_restoration\shanghai\final_image\202212_113.7760428_22.682739900000005.png,202212,113.7760428,22.6827399,0.372,0.40749,0.02035804363542778,0.061,3,Not significant
D:\A_Research\A_doing_research\20250804_LLM_campus_restoration\shanghai\final_image\202212_113.77622511234814_22.685078715476987.png,202212,113.7762251,22.68507872,0.60607,0.47427,-0.01525015406385255,0.029,4,HL
D:\A_Research\A_doing_research\20250804_LLM_campus_restoration\shanghai\final_image\202212_113.77643691902465_22.689496014406288.png,202212,113.7764369,22.68949601,0.44976,0.34117,0.04567704964717511,0.096,3,Not significant
D:\A_Research\A_doing_research\20250804_LLM_campus_restoration\shanghai\final_image\202212_113.77664210000002_22.6918.png,202212,113.7766421,22.6918,0.47,0.48297,-0.020961795131701613,0.038,4,HL
D:\A_Research\A_doing_research\20250804_LLM_campus_restoration\shanghai\final_image\202212_113.7770034_22.6960229.png,202212,113.7770034,22.6960229,0.353,0.35345,0.029106093720133275,0.205,3,Not significant
D:\A_Research\A_doing_research\20250804_LLM_campus_restoration\shanghai\final_image\202212_113.77716570462783_22.697838758711498.png,202212,113.7771657,22.69783876,0.39527,0.46509,-0.006084868766557415,0.171,4,Not significant
D:\A_Research\A_doing_research\20250804_LLM_campus_restoration\shanghai\final_image\202212_113.7773688_22.700072399999996.png,202212,113.7773688,22.7000724,0.525,0.5757,-0.04844393616249437,0.156,4,Not significant
D:\A_Research\A_doing_research\20250804_LLM_campus_restoration\shanghai\final_image\202212_113.77754406329456_22.702272195989906.png,202212,113.7775441,22.7022722,0.62315,0.624,-0.10533223080589915,0.058,4,Not significant
D:\A_Research\A_doing_research\20250804_LLM_campus_restoration\shanghai\final_image\202212_113.78080880458923_22.697984700257628.png,202212,113.7808088,22.6979847,0.37059,0.53404,-0.043429400668083325,0.059,4,Not significant
D:\A_Research\A_doing_research\20250804_LLM_campus_restoration\shanghai\final_image\202212_113.78390219620883_22.68438099114962.png,202212,113.7839022,22.68438099,0.55672,0.45,-0.000345922442897248,0.025,4,HL
D:\A_Research\A_doing_research\20250804_LLM_campus_restoration\shanghai\final_image\202212_113.78422759928661_22.677907193302335.png,202212,113.7842276,22.67790719,0.71073,0.22626,0.09477495027627601,0.063,3,Not significant
D:\A_Research\A_doing_research\20250804_LLM_campus_restoration\shanghai\final_image\202212_113.7893081_22.6995396.png,202212,113.7893081,22.6995396,0.46952,0.64617,-0.1328099521466043,0.041,4,HL
D:\A_Research\A_doing_research\20250804_LLM_campus_restoration\shanghai\final_image\202212_113.7919554_22.761629.png,202212,113.7919554,22.761629,0.45279,0.41187,0.014627549838350557,0.089,3,Not significant
D:\A_Research\A_doing_research\20250804_LLM_campus_restoration\shanghai\final_image\202212_113.7921612_22.6907336.png,202212,113.7921612,22.6907336,0.60739,0.52711,-0.04785447857874936,0.023,4,HL
D:\A_Research\A_doing_research\20250804_LLM_campus_restoration\shanghai\final_image\202212_113.79269734176862_22.699597675685844.png,202212,113.7926973,22.69959768,0.38307,0.33925,0.00905458750744607,0.398,3,Not significant
D:\A_Research\A_doing_research\20250804_LLM_campus_restoration\shanghai\final_image\202212_113.79425614705413_22.67808043412009.png,202212,113.7942561,22.67808043,0.53099,0.47824,-0.017490273312804592,0.035,4,HL
D:\A_Research\A_doing_research\20250804_LLM_campus_restoration\shanghai\final_image\202212_113.7951026_22.699638300000004.png,202212,113.7951026,22.6996383,0.62769,0.57902,-0.03724684551931379,0.214,4,Not significant
D:\A_Research\A_doing_research\20250804_LLM_campus_restoration\shanghai\final_image\202212_113.7965581_22.6914605.png,202212,113.7965581,22.6914605,0.18102,0.51979,-0.018900500739780904,0.166,4,Not significant
D:\A_Research\A_doing_research\20250804_LLM_campus_restoration\shanghai\final_image\202212_113.79688929487973_22.680480331073678.png,202212,113.7968893,22.68048033,0.5663,0.39887,0.026945600380725968,0.056,3,Not significant
D:\A_Research\A_doing_research\20250804_LLM_campus_restoration\shanghai\final_image\202212_113.79732490662863_22.699688611407787.png,202212,113.7973249,22.69968861,0.29292,0.50258,-0.003393036517395842,0.414,4,Not significant
D:\A_Research\A_doing_research\20250804_LLM_campus_restoration\shanghai\final_image\202212_113.7981085_22.7763653.png,202212,113.7981085,22.7763653,0.70569,0.34056,0.05660585796952421,0.055,3,Not significant
D:\A_Research\A_doing_research\20250804_LLM_campus_restoration\shanghai\final_image\202212_113.79954410330456_22.76311905878979.png,202212,113.7995441,22.76311906,0.288,0.37,0.017982290793736578,0.253,3,Not significant
D:\A_Research\A_doing_research\20250804_LLM_campus_restoration\shanghai\final_image\202212_113.79978353701117_22.784181482720076.png,202212,113.7997835,22.78418148,0.25538,0.43577,0.010885470599797798,0.019,3,LL
D:\A_Research\A_doing_research\20250804_LLM_campus_restoration\shanghai\final_image\202212_113.8004834_22.692171200000004.png,202212,113.8004834,22.6921712,0.45943,0.64129,-0.04848126782584605,0.196,4,Not significant
D:\A_Research\A_doing_research\20250804_LLM_campus_restoration\shanghai\final_image\202212_113.8016499_22.770999099999994.png,202212,113.8016499,22.7709991,0.55,0.4752,-0.016243652454714933,0.072,4,Not significant
D:\A_Research\A_doing_research\20250804_LLM_campus_restoration\shanghai\final_image\202212_113.802167_22.6997762.png,202212,113.802167,22.6997762,0.22394,0.54,-0.008251752247968858,0.374,4,Not significant
D:\A_Research\A_doing_research\20250804_LLM_campus_restoration\shanghai\final_image\202212_113.8052854_22.6785739.png,202212,113.8052854,22.6785739,0.47,0.43801,0.003933278494478626,0.109,3,Not significant
D:\A_Research\A_doing_research\20250804_LLM_campus_restoration\shanghai\final_image\202212_113.8063905_22.6961283.png,202212,113.8063905,22.6961283,0.59879,0.53903,-0.0041377418383561244,0.442,4,Not significant
D:\A_Research\A_doing_research\20250804_LLM_campus_restoration\shanghai\final_image\202212_113.8082494_22.6673306.png,202212,113.8082494,22.6673306,0.60739,0.58205,-0.08135954724683335,0.027,4,HL
D:\A_Research\A_doing_research\20250804_LLM_campus_restoration\shanghai\final_image\202212_113.81152624040243_22.669452211760223.png,202212,113.8115262,22.66945221,0.37755,0.29094,0.07741464647028085,0.087,3,Not significant
D:\A_Research\A_doing_research\20250804_LLM_campus_restoration\shanghai\final_image\202212_113.8132765_22.670424.png,202212,113.8132765,22.670424,0.21903,0.5242,-0.056666097385247534,0.03,4,HL
D:\A_Research\A_doing_research\20250804_LLM_campus_restoration\shanghai\final_image\202212_113.8150205_22.6618553.png,202212,113.8150205,22.6618553,0.4209,0.36,0.04040624151809071,0.061,3,Not significant
D:\A_Research\A_doing_research\20250804_LLM_campus_restoration\shanghai\final_image\202212_113.81679555932082_22.672749584586846.png,202212,113.8167956,22.67274958,0.59621,0.47501,-0.006673878132533829,0.233,4,Not significant
D:\A_Research\A_doing_research\20250804_LLM_campus_restoration\shanghai\final_image\202212_113.8190906_22.674250599999997.png,202212,113.8190906,22.6742506,0.6325,0.5457,-0.01968621285609706,0.237,4,Not significant
D:\A_Research\A_doing_research\20250804_LLM_campus_restoration\shanghai\final_image\202212_113.8201269_22.6803143.png,202212,113.8201269,22.6803143,0.56608,0.43601,0.002039883848325435,0.241,3,Not significant
D:\A_Research\A_doing_research\20250804_LLM_campus_restoration\shanghai\final_image\202212_113.82278221359138_22.660946501906267.png,202212,113.8227822,22.6609465,0.46952,0.39915,0.02040023838653372,0.071,3,Not significant
D:\A_Research\A_doing_research\20250804_LLM_campus_restoration\shanghai\final_image\202212_113.8228422307068_22.685889345283847.png,202212,113.8228422,22.68588935,0.219,0.48533,-0.0034960055359604413,0.376,4,Not significant
D:\A_Research\A_doing_research\20250804_LLM_campus_restoration\shanghai\final_image\202212_113.822997_22.673369699999995.png,202212,113.822997,22.6733697,0.40158,0.7,-0.08988656485983905,0.096,4,Not significant
D:\A_Research\A_doing_research\20250804_LLM_campus_restoration\shanghai\final_image\202212_113.82393590702738_22.688062888130222.png,202212,113.8239359,22.68806289,0.63819,0.55573,-0.016148872454089927,0.306,4,Not significant
D:\A_Research\A_doing_research\20250804_LLM_campus_restoration\shanghai\final_image\202212_113.8280624_22.6933492.png,202212,113.8280624,22.6933492,0.75065,0.57569,-0.020262636338409162,0.256,4,Not significant
D:\A_Research\A_doing_research\20250804_LLM_campus_restoration\shanghai\final_image\202212_113.8289756_22.602438.png,202212,113.8289756,22.602438,0.318,0.34743,0.012645723058723515,0.295,3,Not significant
D:\A_Research\A_doing_research\20250804_LLM_campus_restoration\shanghai\final_image\202212_113.8333147_22.5931892.png,202212,113.8333147,22.5931892,0.4865,0.40882,0.0021435743209578043,0.405,3,Not significant
D:\A_Research\A_doing_research\20250804_LLM_campus_restoration\shanghai\final_image\202212_113.8344402_22.6735336.png,202212,113.8344402,22.6735336,0.38536,0.56778,-0.023731800429876597,0.137,4,Not significant
D:\A_Research\A_doing_research\20250804_LLM_campus_restoration\shanghai\final_image\202212_113.83941768799392_22.687545072466857.png,202212,113.8394177,22.68754507,0.46588,0.4,-0.0013931526442276414,0.438,2,Not significant
D:\A_Research\A_doing_research\20250804_LLM_campus_restoration\shanghai\final_image\202212_113.8403271_22.6070878.png,202212,113.8403271,22.6070878,0.3092,0.60676,0.007950762030231841,0.398,1,Not significant
D:\A_Research\A_doing_research\20250804_LLM_campus_restoration\shanghai\final_image\202212_113.840464_22.591003999999995.png,202212,113.840464,22.591004,0.57085,0.57886,0.012218818364786232,0.338,1,Not significant
D:\A_Research\A_doing_research\20250804_LLM_campus_restoration\shanghai\final_image\202212_113.8410661_22.588008799999997.png,202212,113.8410661,22.5880088,0.55024,0.52374,0.014212553301058037,0.211,1,Not significant
D:\A_Research\A_doing_research\20250804_LLM_campus_restoration\shanghai\final_image\202212_113.84548710000001_22.595948799999995.png,202212,113.8454871,22.5959488,0.46647,0.465,0.002041408746316861,0.29,1,Not significant
D:\A_Research\A_doing_research\20250804_LLM_campus_restoration\shanghai\final_image\202212_113.8455067_22.571828900000003.png,202212,113.8455067,22.5718289,0.54912,0.38,0.0011029396159895498,0.483,3,Not significant
D:\A_Research\A_doing_research\20250804_LLM_campus_restoration\shanghai\final_image\202212_113.846285_22.624865999999997.png,202212,113.846285,22.624866,0.48398,0.34743,0.005640518757321309,0.423,3,Not significant
D:\A_Research\A_doing_research\20250804_LLM_campus_restoration\shanghai\final_image\202212_113.8478075_22.593366299999992.png,202212,113.8478075,22.5933663,0.34354,0.43092,-0.006505582671883879,0.093,2,Not significant
D:\A_Research\A_doing_research\20250804_LLM_campus_restoration\shanghai\final_image\202212_113.8489848_22.57978779999999.png,202212,113.8489848,22.5797878,0.46952,0.4005,-0.019590098129611176,0.076,2,Not significant
D:\A_Research\A_doing_research\20250804_LLM_campus_restoration\shanghai\final_image\202212_113.8491118341458_22.573043267955963.png,202212,113.8491118,22.57304327,0.27992,0.38251,-0.030917286575452133,0.076,2,Not significant
D:\A_Research\A_doing_research\20250804_LLM_campus_restoration\shanghai\final_image\202212_113.85030766374354_22.59389652490922.png,202212,113.8503077,22.59389652,0.55024,0.5611,0.02744568987532502,0.189,1,Not significant
D:\A_Research\A_doing_research\20250804_LLM_campus_restoration\shanghai\final_image\202212_113.8513437_22.57787529999999.png,202212,113.8513437,22.5778753,0.55974,0.5773,0.03408506133806665,0.176,1,Not significant
D:\A_Research\A_doing_research\20250804_LLM_campus_restoration\shanghai\final_image\202212_113.85231545034476_22.592494737526415.png,202212,113.8523155,22.59249474,0.55537,0.48084,0.012328567658213224,0.062,1,Not significant
D:\A_Research\A_doing_research\20250804_LLM_campus_restoration\shanghai\final_image\202212_113.8541558_22.575586900000005.png,202212,113.8541558,22.5755869,0.37466,0.63,0.023267824141168496,0.323,1,Not significant
D:\A_Research\A_doing_research\20250804_LLM_campus_restoration\shanghai\final_image\202212_113.8545129_22.757254.png,202212,113.8545129,22.757254,0.45104,0.49703,-0.005636211957851974,0.319,4,Not significant
D:\A_Research\A_doing_research\20250804_LLM_campus_restoration\shanghai\final_image\202212_113.8545892_22.5812425.png,202212,113.8545892,22.5812425,0.58778,0.50601,0.0200690721747874,0.095,1,Not significant
D:\A_Research\A_doing_research\20250804_LLM_campus_restoration\shanghai\final_image\202212_113.85654014549672_22.5764781366429.png,202212,113.8565401,22.57647814,0.47863,0.2201,-0.1270588899271769,0.025,2,LH
D:\A_Research\A_doing_research\20250804_LLM_campus_restoration\shanghai\final_image\202212_113.8580102_22.7474771.png,202212,113.8580102,22.7474771,0.26104,0.34743,0.006297537133888294,0.389,3,Not significant
D:\A_Research\A_doing_research\20250804_LLM_campus_restoration\shanghai\final_image\202212_113.8596866_22.584260100000005.png,202212,113.8596866,22.5842601,0.21884,0.5397,0.03400068801400462,0.095,1,Not significant
D:\A_Research\A_doing_research\20250804_LLM_campus_restoration\shanghai\final_image\202212_113.8597812_22.757076.png,202212,113.8597812,22.757076,0.375,0.56794,-0.01081842389895163,0.345,4,Not significant
D:\A_Research\A_doing_research\20250804_LLM_campus_restoration\shanghai\final_image\202212_113.86139183326183_22.587593857146626.png,202212,113.8613918,22.58759386,0.37533,0.47011,0.009019269383415088,0.054,1,Not significant
D:\A_Research\A_doing_research\20250804_LLM_campus_restoration\shanghai\final_image\202212_113.8632908_22.5739675.png,202212,113.8632908,22.5739675,0.646,0.45957,0.0026664592741859716,0.163,1,Not significant
D:\A_Research\A_doing_research\20250804_LLM_campus_restoration\shanghai\final_image\202212_113.8636945_22.562847000000005.png,202212,113.8636945,22.562847,0.48241,0.38631,-0.03107083933236013,0.061,2,Not significant
D:\A_Research\A_doing_research\20250804_LLM_campus_restoration\shanghai\final_image\202212_113.8640649_22.567990099999996.png,202212,113.8640649,22.5679901,0.4686,0.55833,0.029408864526012893,0.176,1,Not significant
D:\A_Research\A_doing_research\20250804_LLM_campus_restoration\shanghai\final_image\202212_113.86414052903964_22.586332519108115.png,202212,113.8641405,22.58633252,0.13025,0.37071,-0.04402561830083026,0.022,2,LH
D:\A_Research\A_doing_research\20250804_LLM_campus_restoration\shanghai\final_image\202212_113.86498786842455_22.57777518918295.png,202212,113.8649879,22.57777519,0.26756,0.22,-0.09225911378543117,0.064,2,Not significant
D:\A_Research\A_doing_research\20250804_LLM_campus_restoration\shanghai\final_image\202212_113.86570061161206_22.794354983772386.png,202212,113.8657006,22.79435498,0.70865,0.45307,-0.0007585811302309249,0.185,4,Not significant
D:\A_Research\A_doing_research\20250804_LLM_campus_restoration\shanghai\final_image\202212_113.8657175_22.5720624.png,202212,113.8657175,22.5720624,0.2198,0.54074,0.025484879419290264,0.178,1,Not significant
D:\A_Research\A_doing_research\20250804_LLM_campus_restoration\shanghai\final_image\202212_113.86692496876104_22.779669474003793.png,202212,113.866925,22.77966947,0.27433,0.53306,-0.015934804845203827,0.222,4,Not significant
D:\A_Research\A_doing_research\20250804_LLM_campus_restoration\shanghai\final_image\202212_113.86693239299775_22.5059467417505.png,202212,113.8669324,22.50594674,0.2138,0.33887,-0.028505545784471543,0.132,2,Not significant
D:\A_Research\A_doing_research\20250804_LLM_campus_restoration\shanghai\final_image\202212_113.8678988863987_22.7557755812611.png,202212,113.8678989,22.75577558,0.3448,0.4275,0.0009059999332586512,0.446,3,Not significant
D:\A_Research\A_doing_research\20250804_LLM_campus_restoration\shanghai\final_image\202212_113.8680685_22.5560727.png,202212,113.8680685,22.5560727,0.33,0.456,0.0035881867411142704,0.049,1,HH
D:\A_Research\A_doing_research\20250804_LLM_campus_restoration\shanghai\final_image\202212_113.8682293_22.500636199999995.png,202212,113.8682293,22.5006362,0.38286,0.33385,-0.03691352909679678,0.136,2,Not significant
D:\A_Research\A_doing_research\20250804_LLM_campus_restoration\shanghai\final_image\202212_113.86833378117981_22.75753436225509.png,202212,113.8683338,22.75753436,0.4973,0.595,-0.049853436644874724,0.174,4,Not significant
D:\A_Research\A_doing_research\20250804_LLM_campus_restoration\shanghai\final_image\202212_113.86841_22.5698707.png,202212,113.86841,22.5698707,0.13025,0.4737,0.009128750244647047,0.131,1,Not significant
D:\A_Research\A_doing_research\20250804_LLM_campus_restoration\shanghai\final_image\202212_113.86893823759733_22.512196730888455.png,202212,113.8689382,22.51219673,0.141,0.34117,-0.0011585335621207634,0.492,2,Not significant
D:\A_Research\A_doing_research\20250804_LLM_campus_restoration\shanghai\final_image\202212_113.8695148_22.550518499999992.png,202212,113.8695148,22.5505185,0.43765,0.323,-0.08054700811491643,0.021,2,LH
D:\A_Research\A_doing_research\20250804_LLM_campus_restoration\shanghai\final_image\202212_113.8699438_22.493329299999992.png,202212,113.8699438,22.4933293,0.43338,0.32963,-0.0536638515964226,0.024,2,LH
D:\A_Research\A_doing_research\20250804_LLM_campus_restoration\shanghai\final_image\202212_113.87025091027085_22.757214906927555.png,202212,113.8702509,22.75721491,0.47638,0.37223,-0.0026724900199865433,0.465,2,Not significant
D:\A_Research\A_doing_research\20250804_LLM_campus_restoration\shanghai\final_image\202212_113.87041220000002_22.5580962.png,202212,113.8704122,22.5580962,0.3983,0.524,0.041682965180728934,0.036,1,HH
D:\A_Research\A_doing_research\20250804_LLM_campus_restoration\shanghai\final_image\202212_113.87061531067916_22.501340995918188.png,202212,113.8706153,22.501341,0.547,0.45717,0.0010293718567787316,0.315,1,Not significant
D:\A_Research\A_doing_research\20250804_LLM_campus_restoration\shanghai\final_image\202212_113.8707263_22.568021299999998.png,202212,113.8707263,22.5680213,0.47,0.39,-0.027108678725064426,0.056,2,Not significant
D:\A_Research\A_doing_research\20250804_LLM_campus_restoration\shanghai\final_image\202212_113.87181100000001_22.5878447.png,202212,113.871811,22.5878447,0.48722,0.596,0.06615726435596082,0.078,1,Not significant
D:\A_Research\A_doing_research\20250804_LLM_campus_restoration\shanghai\final_image\202212_113.8729224_22.555575599999997.png,202212,113.8729224,22.5555756,0.47,0.5236,0.04835394721943705,0.017,1,HH
D:\A_Research\A_doing_research\20250804_LLM_campus_restoration\shanghai\final_image\202212_113.8740603_22.5500979.png,202212,113.8740603,22.5500979,0.47041,0.497,0.02964238913940604,0.018,1,HH
D:\A_Research\A_doing_research\20250804_LLM_campus_restoration\shanghai\final_image\202212_113.8741326_22.565286099999998.png,202212,113.8741326,22.5652861,0.46855,0.45096,0.0007000432921950166,0.069,1,Not significant
D:\A_Research\A_doing_research\20250804_LLM_campus_restoration\shanghai\final_image\202212_113.87458380000001_22.582022299999995.png,202212,113.8745838,22.5820223,0.38139,0.42469,-0.011697331770985994,0.053,2,Not significant
D:\A_Research\A_doing_research\20250804_LLM_campus_restoration\shanghai\final_image\202212_113.8750762_22.7877928.png,202212,113.8750762,22.7877928,0.47054,0.2816,0.049644492213428724,0.113,3,Not significant
D:\A_Research\A_doing_research\20250804_LLM_campus_restoration\shanghai\final_image\202212_113.875372_22.7684626.png,202212,113.875372,22.7684626,0.26892,0.65883,-0.045498492835760324,0.209,4,Not significant
D:\A_Research\A_doing_research\20250804_LLM_campus_restoration\shanghai\final_image\202212_113.8757923_22.514260899999996.png,202212,113.8757923,22.5142609,0.31,0.34327,-0.024716750527404747,0.164,2,Not significant
D:\A_Research\A_doing_research\20250804_LLM_campus_restoration\shanghai\final_image\202212_113.87583200000002_22.5712724.png,202212,113.875832,22.5712724,0.56122,0.3536,-0.04840337916604686,0.025,2,LH
D:\A_Research\A_doing_research\20250804_LLM_campus_restoration\shanghai\final_image\202212_113.8764399_22.5633237.png,202212,113.8764399,22.5633237,0.43209,0.412,-0.023840603446801015,0.014,2,LH
D:\A_Research\A_doing_research\20250804_LLM_campus_restoration\shanghai\final_image\202212_113.8767009_22.5506245.png,202212,113.8767009,22.5506245,0.5605,0.40574,-0.03718401776530821,0.006,2,LH
D:\A_Research\A_doing_research\20250804_LLM_campus_restoration\shanghai\final_image\202212_113.87765440000001_22.775584799999997.png,202212,113.8776544,22.7755848,0.61175,0.645,-0.060764984573666386,0.168,4,Not significant
D:\A_Research\A_doing_research\20250804_LLM_campus_restoration\shanghai\final_image\202212_113.8790022_22.50900620000001.png,202212,113.8790022,22.5090062,0.35,0.397,-0.01011180825363322,0.238,2,Not significant
D:\A_Research\A_doing_research\20250804_LLM_campus_restoration\shanghai\final_image\202212_113.8790194_22.5608856.png,202212,113.8790194,22.5608856,0.45205,0.58249,0.07741481086879647,0.015,1,HH
D:\A_Research\A_doing_research\20250804_LLM_campus_restoration\shanghai\final_image\202212_113.879215_22.5202798.png,202212,113.879215,22.5202798,0.31507,0.3158,-0.05384151990411188,0.084,2,Not significant
D:\A_Research\A_doing_research\20250804_LLM_campus_restoration\shanghai\final_image\202212_113.88112989451119_22.800107612098568.png,202212,113.8811299,22.80010761,0.30865,0.27988,0.09305569588149452,0.019,3,LL
D:\A_Research\A_doing_research\20250804_LLM_campus_restoration\shanghai\final_image\202212_113.881676_22.5046663.png,202212,113.881676,22.5046663,0.50238,0.34327,-0.025193372757004277,0.207,2,Not significant
D:\A_Research\A_doing_research\20250804_LLM_campus_restoration\shanghai\final_image\202212_113.8820283_22.786342899999998.png,202212,113.8820283,22.7863429,0.4,0.44811,0.0004883062151812811,0.106,3,Not significant
D:\A_Research\A_doing_research\20250804_LLM_campus_restoration\shanghai\final_image\202212_113.8823777_22.5221444.png,202212,113.8823777,22.5221444,0.45997,0.47302,0.01097511084748576,0.044,1,HH
D:\A_Research\A_doing_research\20250804_LLM_campus_restoration\shanghai\final_image\202212_113.8828072_22.5116265.png,202212,113.8828072,22.5116265,0.39739,0.412,-0.007748171550809762,0.243,2,Not significant
D:\A_Research\A_doing_research\20250804_LLM_campus_restoration\shanghai\final_image\202212_113.8831621_22.5645249.png,202212,113.8831621,22.5645249,0.43986,0.499,0.033313636915694396,0.002,1,HH
D:\A_Research\A_doing_research\20250804_LLM_campus_restoration\shanghai\final_image\202212_113.88385370925388_22.501175719282536.png,202212,113.8838537,22.50117572,0.24206,0.40258,-0.017323435064683798,0.1,2,Not significant
D:\A_Research\A_doing_research\20250804_LLM_campus_restoration\shanghai\final_image\202212_113.8839338_22.792216499999995.png,202212,113.8839338,22.7922165,0.38371,0.25,0.09555338207652841,0.063,3,Not significant
D:\A_Research\A_doing_research\20250804_LLM_campus_restoration\shanghai\final_image\202212_113.8847561_22.7854292.png,202212,113.8847561,22.7854292,0.439,0.56,-0.045389404883844575,0.111,4,Not significant
D:\A_Research\A_doing_research\20250804_LLM_campus_restoration\shanghai\final_image\202212_113.8849908_22.5489006.png,202212,113.8849908,22.5489006,0.48241,0.45973,0.009060126967290787,0.002,1,HH
D:\A_Research\A_doing_research\20250804_LLM_campus_restoration\shanghai\final_image\202212_113.8850821_22.800133999999996.png,202212,113.8850821,22.800134,0.26541,0.26916,0.1198820544394605,0.013,3,LL
D:\A_Research\A_doing_research\20250804_LLM_campus_restoration\shanghai\final_image\202212_113.8850943_22.7812449.png,202212,113.8850943,22.7812449,0.415,0.56,-0.027559088987637377,0.175,4,Not significant
D:\A_Research\A_doing_research\20250804_LLM_campus_restoration\shanghai\final_image\202212_113.8854323_22.554729599999998.png,202212,113.8854323,22.5547296,0.45104,0.58909,0.11389201070256039,0.002,1,HH
D:\A_Research\A_doing_research\20250804_LLM_campus_restoration\shanghai\final_image\202212_113.8857684_22.813489699999998.png,202212,113.8857684,22.8134897,0.4314,0.37306,0.04925940650778152,0.01,3,LL
D:\A_Research\A_doing_research\20250804_LLM_campus_restoration\shanghai\final_image\202212_113.88602950000002_22.482492799999996.png,202212,113.8860295,22.4824928,0.3,0.555,0.09069578181521395,0.001,1,HH
D:\A_Research\A_doing_research\20250804_LLM_campus_restoration\shanghai\final_image\202212_113.8862681_22.5508395.png,202212,113.8862681,22.5508395,0.42001,0.5,0.04714082550623188,0.002,1,HH
D:\A_Research\A_doing_research\20250804_LLM_campus_restoration\shanghai\final_image\202212_113.8864527_22.5249772.png,202212,113.8864527,22.5249772,0.46952,0.5462,0.0808017940709915,0.002,1,HH
D:\A_Research\A_doing_research\20250804_LLM_campus_restoration\shanghai\final_image\202212_113.8871212311432_22.59073404108649.png,202212,113.8871212,22.59073404,0.53,0.544,0.04380459788736022,0.018,1,HH
D:\A_Research\A_doing_research\20250804_LLM_campus_restoration\shanghai\final_image\202212_113.8873515_22.494999999999997.png,202212,113.8873515,22.495,0.21884,0.397,-0.03220342967174525,0.022,2,LH
D:\A_Research\A_doing_research\20250804_LLM_campus_restoration\shanghai\final_image\202212_113.88794576517202_22.47006173226548.png,202212,113.8879458,22.47006173,0.29244,0.61038,0.15026420566181067,0.001,1,HH
D:\A_Research\A_doing_research\20250804_LLM_campus_restoration\shanghai\final_image\202212_113.887967_22.552325399999997.png,202212,113.887967,22.5523254,0.29292,0.554,0.09319899063592683,0.002,1,HH
D:\A_Research\A_doing_research\20250804_LLM_campus_restoration\shanghai\final_image\202212_113.8889769_22.5227376.png,202212,113.8889769,22.5227376,0.40837,0.52465,0.06993815375002056,0.001,1,HH
D:\A_Research\A_doing_research\20250804_LLM_campus_restoration\shanghai\final_image\202212_113.8890628_22.783663699999995.png,202212,113.8890628,22.7836637,0.5821,0.4802,-0.008254966303920837,0.203,4,Not significant
D:\A_Research\A_doing_research\20250804_LLM_campus_restoration\shanghai\final_image\202212_113.889295_22.4965517.png,202212,113.889295,22.4965517,0.35227,0.39256,-0.037982290576328306,0.008,2,LH
D:\A_Research\A_doing_research\20250804_LLM_campus_restoration\shanghai\final_image\202212_113.88941312771921_22.586060774361265.png,202212,113.8894131,22.58606077,0.654,0.5006,0.023798022036414967,0.03,1,HH
D:\A_Research\A_doing_research\20250804_LLM_campus_restoration\shanghai\final_image\202212_113.8895968_22.505542500000004.png,202212,113.8895968,22.5055425,0.6759,0.4335,-0.007627268770400964,0.074,2,Not significant
D:\A_Research\A_doing_research\20250804_LLM_campus_restoration\shanghai\final_image\202212_113.88988389932364_22.53406064010756.png,202212,113.8898839,22.53406064,0.374,0.35,-0.08551954143151526,0.001,2,LH
D:\A_Research\A_doing_research\20250804_LLM_campus_restoration\shanghai\final_image\202212_113.89013793409188_22.77905016065612.png,202212,113.8901379,22.77905016,0.65076,0.49063,-0.006885384326164801,0.281,4,Not significant
D:\A_Research\A_doing_research\20250804_LLM_campus_restoration\shanghai\final_image\202212_113.8901847_22.5280826.png,202212,113.8901847,22.5280826,0.19995,0.42723,-0.022343427746984907,0.001,2,LH
D:\A_Research\A_doing_research\20250804_LLM_campus_restoration\shanghai\final_image\202212_113.8906631_22.5097598.png,202212,113.8906631,22.5097598,0.58737,0.25566,-0.07209688387438327,0.094,2,Not significant
D:\A_Research\A_doing_research\20250804_LLM_campus_restoration\shanghai\final_image\202212_113.89069028552879_22.521237535308856.png,202212,113.8906903,22.52123754,0.25315,0.64193,0.14309199006482495,0.005,1,HH
D:\A_Research\A_doing_research\20250804_LLM_campus_restoration\shanghai\final_image\202212_113.8908356_22.50234199999999.png,202212,113.8908356,22.502342,0.43437,0.50761,0.03838406911149601,0.024,1,HH
D:\A_Research\A_doing_research\20250804_LLM_campus_restoration\shanghai\final_image\202212_113.8909361_22.4762928.png,202212,113.8909361,22.4762928,0.37463,0.63659,0.1845166822236685,0.001,1,HH
D:\A_Research\A_doing_research\20250804_LLM_campus_restoration\shanghai\final_image\202212_113.8914436_22.790544900000004.png,202212,113.8914436,22.7905449,0.31316,0.282,0.09441993805337708,0.074,3,Not significant
D:\A_Research\A_doing_research\20250804_LLM_campus_restoration\shanghai\final_image\202212_113.891474774064_22.785579979547432.png,202212,113.8914748,22.78557998,0.59497,0.4734,-0.007736279980248551,0.208,4,Not significant
D:\A_Research\A_doing_research\20250804_LLM_campus_restoration\shanghai\final_image\202212_113.8915262_22.7874822.png,202212,113.8915262,22.7874822,0.305,0.57861,-0.09112488690322401,0.046,4,HL
D:\A_Research\A_doing_research\20250804_LLM_campus_restoration\shanghai\final_image\202212_113.8917504_22.5683063.png,202212,113.8917504,22.5683063,0.64597,0.59971,0.1120358794600288,0.001,1,HH
D:\A_Research\A_doing_research\20250804_LLM_campus_restoration\shanghai\final_image\202212_113.89180624418951_22.79290449136687.png,202212,113.8918062,22.79290449,0.5575,0.38835,0.05618758960302979,0.011,3,LL
D:\A_Research\A_doing_research\20250804_LLM_campus_restoration\shanghai\final_image\202212_113.8919451_22.504159799999996.png,202212,113.8919451,22.5041598,0.3386,0.54,0.05883537943408858,0.019,1,HH
D:\A_Research\A_doing_research\20250804_LLM_campus_restoration\shanghai\final_image\202212_113.8925627_22.768965.png,202212,113.8925627,22.768965,0.53262,0.54875,-0.017478749274563367,0.232,4,Not significant
D:\A_Research\A_doing_research\20250804_LLM_campus_restoration\shanghai\final_image\202212_113.8927901_22.761324599999995.png,202212,113.8927901,22.7613246,0.4587,0.43697,0.0015603972507457218,0.239,3,Not significant
D:\A_Research\A_doing_research\20250804_LLM_campus_restoration\shanghai\final_image\202212_113.89288255776624_22.794407888931023.png,202212,113.8928826,22.79440789,0.3523,0.26613,0.11623671317507418,0.038,3,LL
D:\A_Research\A_doing_research\20250804_LLM_campus_restoration\shanghai\final_image\202212_113.8930679_22.540563199999998.png,202212,113.8930679,22.5405632,0.495,0.42824,-0.016446488033649908,0.003,2,LH
D:\A_Research\A_doing_research\20250804_LLM_campus_restoration\shanghai\final_image\202212_113.8930728_22.5107957.png,202212,113.8930728,22.5107957,0.49675,0.09309,-0.25147551679381214,0.007,2,LH
D:\A_Research\A_doing_research\20250804_LLM_campus_restoration\shanghai\final_image\202212_113.8931113_22.538090200000003.png,202212,113.8931113,22.5380902,0.45,0.38667,-0.051858813836186735,0.002,2,LH
D:\A_Research\A_doing_research\20250804_LLM_campus_restoration\shanghai\final_image\202212_113.8936749_22.546827800000003.png,202212,113.8936749,22.5468278,0.55998,0.52284,0.05509585544736368,0.002,1,HH
D:\A_Research\A_doing_research\20250804_LLM_campus_restoration\shanghai\final_image\202212_113.8943005_22.776301499999995.png,202212,113.8943005,22.7763015,0.39926,0.5462,-0.021693116572060873,0.199,4,Not significant
D:\A_Research\A_doing_research\20250804_LLM_campus_restoration\shanghai\final_image\202212_113.8954994_22.5238619.png,202212,113.8954994,22.5238619,0.43241,0.43475,-0.013340461049617254,0.001,2,LH
D:\A_Research\A_doing_research\20250804_LLM_campus_restoration\shanghai\final_image\202212_113.8968186_22.5829807.png,202212,113.8968186,22.5829807,0.68268,0.45326,0.0027337423640435613,0.004,1,HH
D:\A_Research\A_doing_research\20250804_LLM_campus_restoration\shanghai\final_image\202212_113.8970715_22.5647726.png,202212,113.8970715,22.5647726,0.46952,0.44943,-6.852827313172729e-06,0.001,2,LH
D:\A_Research\A_doing_research\20250804_LLM_campus_restoration\shanghai\final_image\202212_113.89762626150477_22.76805970185577.png,202212,113.8976263,22.7680597,0.467,0.28933,0.012837761181076683,0.36,3,Not significant
D:\A_Research\A_doing_research\20250804_LLM_campus_restoration\shanghai\final_image\202212_113.89803890000002_22.472269599999997.png,202212,113.8980389,22.4722696,0.47509,0.49301,0.04720441737564378,0.001,1,HH
D:\A_Research\A_doing_research\20250804_LLM_campus_restoration\shanghai\final_image\202212_113.8982409_22.550873.png,202212,113.8982409,22.550873,0.55024,0.656,0.15700371384667045,0.002,1,HH
D:\A_Research\A_doing_research\20250804_LLM_campus_restoration\shanghai\final_image\202212_113.89919588637308_22.514262033985645.png,202212,113.8991959,22.51426203,0.26999,0.40519,-0.045381852723528585,0.001,2,LH
D:\A_Research\A_doing_research\20250804_LLM_campus_restoration\shanghai\final_image\202212_113.89926574258234_22.584803084582735.png,202212,113.8992657,22.58480308,0.36,0.647,0.10761101267531134,0.011,1,HH
D:\A_Research\A_doing_research\20250804_LLM_campus_restoration\shanghai\final_image\202212_113.8993527_22.7867448.png,202212,113.8993527,22.7867448,0.30588,0.41,0.013044542647921768,0.085,3,Not significant
D:\A_Research\A_doing_research\20250804_LLM_campus_restoration\shanghai\final_image\202212_113.8994872_22.4809686.png,202212,113.8994872,22.4809686,0.42807,0.6285,0.19776944364540286,0.001,1,HH
D:\A_Research\A_doing_research\20250804_LLM_campus_restoration\shanghai\final_image\202212_113.90004392649917_22.540017152868153.png,202212,113.9000439,22.54001715,0.46952,0.486,0.03433187057955651,0.001,1,HH
D:\A_Research\A_doing_research\20250804_LLM_campus_restoration\shanghai\final_image\202212_113.9007474100415_22.77763015527308.png,202212,113.9007474,22.77763016,0.55024,0.425,0.00597920226335872,0.169,3,Not significant
D:\A_Research\A_doing_research\20250804_LLM_campus_restoration\shanghai\final_image\202212_113.90181678152064_22.55362767441567.png,202212,113.9018168,22.55362767,0.37,0.6596,0.17676210355173516,0.001,1,HH
D:\A_Research\A_doing_research\20250804_LLM_campus_restoration\shanghai\final_image\202212_113.90203875985169_22.596490384445456.png,202212,113.9020388,22.59649038,0.48241,0.65142,0.08497871355734976,0.012,1,HH
D:\A_Research\A_doing_research\20250804_LLM_campus_restoration\shanghai\final_image\202212_113.90245330000002_22.580992999999996.png,202212,113.9024533,22.580993,0.46952,0.52735,0.0549130268421685,0.004,1,HH
D:\A_Research\A_doing_research\20250804_LLM_campus_restoration\shanghai\final_image\202212_113.9032191_22.7853983.png,202212,113.9032191,22.7853983,0.47049,0.41187,0.009529393264166755,0.18,3,Not significant
D:\A_Research\A_doing_research\20250804_LLM_campus_restoration\shanghai\final_image\202212_113.90390698964444_22.774286045161404.png,202212,113.903907,22.77428605,0.4537,0.412,0.008456947562980705,0.175,3,Not significant
D:\A_Research\A_doing_research\20250804_LLM_campus_restoration\shanghai\final_image\202212_113.9047575_22.5314773.png,202212,113.9047575,22.5314773,0.13507,0.48089,0.03453813885500002,0.001,1,HH
D:\A_Research\A_doing_research\20250804_LLM_campus_restoration\shanghai\final_image\202212_113.90481946989334_22.537548032462794.png,202212,113.9048195,22.53754803,0.58497,0.64614,0.18937637244951114,0.001,1,HH
D:\A_Research\A_doing_research\20250804_LLM_campus_restoration\shanghai\final_image\202212_113.9048747_22.5351983.png,202212,113.9048747,22.5351983,0.47196,0.47049,0.024647005473877305,0.001,1,HH
D:\A_Research\A_doing_research\20250804_LLM_campus_restoration\shanghai\final_image\202212_113.904887_22.525975400000004.png,202212,113.904887,22.5259754,0.64106,0.44689,-0.003060277965311595,0.001,2,LH
D:\A_Research\A_doing_research\20250804_LLM_campus_restoration\shanghai\final_image\202212_113.9052629_22.544617799999997.png,202212,113.9052629,22.5446178,0.65,0.34999,-0.10183041527643794,0.001,2,LH
D:\A_Research\A_doing_research\20250804_LLM_campus_restoration\shanghai\final_image\202212_113.90588_22.572369.png,202212,113.90588,22.572369,0.21411,0.64685,0.14267038736796478,0.003,1,HH
D:\A_Research\A_doing_research\20250804_LLM_campus_restoration\shanghai\final_image\202212_113.90703711639695_22.781499274355372.png,202212,113.9070371,22.78149927,0.57351,0.35357,0.01242787902889898,0.345,3,Not significant
D:\A_Research\A_doing_research\20250804_LLM_campus_restoration\shanghai\final_image\202212_113.9071875_22.784018599999996.png,202212,113.9071875,22.7840186,0.646,0.6175,-0.07482026678378426,0.08,4,Not significant
D:\A_Research\A_doing_research\20250804_LLM_campus_restoration\shanghai\final_image\202212_113.9079124_22.4861306.png,202212,113.9079124,22.4861306,0.13703,0.47397,0.04193285099397824,0.001,1,HH
D:\A_Research\A_doing_research\20250804_LLM_campus_restoration\shanghai\final_image\202212_113.9088971_22.5624485.png,202212,113.9088971,22.5624485,0.3615,0.49421,0.0368183132969978,0.001,1,HH
D:\A_Research\A_doing_research\20250804_LLM_campus_restoration\shanghai\final_image\202212_113.9090281_22.475081299999996.png,202212,113.9090281,22.4750813,0.46952,0.2475,-0.25605015938515474,0.001,2,LH
D:\A_Research\A_doing_research\20250804_LLM_campus_restoration\shanghai\final_image\202212_113.909758_22.487155499999997.png,202212,113.909758,22.4871555,0.357,0.75968,0.41024509953479193,0.001,1,HH
D:\A_Research\A_doing_research\20250804_LLM_campus_restoration\shanghai\final_image\202212_113.9097868_22.4838288.png,202212,113.9097868,22.4838288,0.46952,0.48505,0.05514426923225483,0.001,1,HH
D:\A_Research\A_doing_research\20250804_LLM_campus_restoration\shanghai\final_image\202212_113.9101226_22.5151741.png,202212,113.9101226,22.5151741,0.38878,0.69877,0.29952985173675667,0.001,1,HH
D:\A_Research\A_doing_research\20250804_LLM_campus_restoration\shanghai\final_image\202212_113.9101582_22.5185216.png,202212,113.9101582,22.5185216,0.48,0.47317,0.03354608695481494,0.001,1,HH
D:\A_Research\A_doing_research\20250804_LLM_campus_restoration\shanghai\final_image\202212_113.91085916435753_22.76927076485941.png,202212,113.9108592,22.76927076,0.55024,0.49043,-0.008103166539142205,0.157,4,Not significant
D:\A_Research\A_doing_research\20250804_LLM_campus_restoration\shanghai\final_image\202212_113.9112664_22.481579000000004.png,202212,113.9112664,22.481579,0.38499,0.5075,0.07855976377041939,0.001,1,HH
D:\A_Research\A_doing_research\20250804_LLM_campus_restoration\shanghai\final_image\202212_113.9114993_22.587506.png,202212,113.9114993,22.587506,0.37608,0.57405,0.06645183485214455,0.004,1,HH
D:\A_Research\A_doing_research\20250804_LLM_campus_restoration\shanghai\final_image\202212_113.913214_22.49994269999999.png,202212,113.913214,22.4999427,0.50745,0.56014,0.146472993782473,0.001,1,HH
D:\A_Research\A_doing_research\20250804_LLM_campus_restoration\shanghai\final_image\202212_113.9136098_22.531193499999997.png,202212,113.9136098,22.5311935,0.35227,0.48017,0.04068085630667114,0.001,1,HH
D:\A_Research\A_doing_research\20250804_LLM_campus_restoration\shanghai\final_image\202212_113.9141295_22.584776300000005.png,202212,113.9141295,22.5847763,0.31773,0.3724,-0.05346893345410483,0.001,2,LH
D:\A_Research\A_doing_research\20250804_LLM_campus_restoration\shanghai\final_image\202212_113.91433130000001_22.5436095.png,202212,113.9143313,22.5436095,0.39917,0.38301,-0.07920489572484794,0.001,2,LH
D:\A_Research\A_doing_research\20250804_LLM_campus_restoration\shanghai\final_image\202212_113.9144565_22.508373499999998.png,202212,113.9144565,22.5083735,0.46952,0.471,0.03237313739925443,0.001,1,HH
D:\A_Research\A_doing_research\20250804_LLM_campus_restoration\shanghai\final_image\202212_113.9148524_22.517607299999998.png,202212,113.9148524,22.5176073,0.21884,0.375,-0.1168251889420081,0.001,2,LH
D:\A_Research\A_doing_research\20250804_LLM_campus_restoration\shanghai\final_image\202212_113.9154625_22.5104906.png,202212,113.9154625,22.5104906,0.6475,0.56803,0.17273994815622487,0.001,1,HH
D:\A_Research\A_doing_research\20250804_LLM_campus_restoration\shanghai\final_image\202212_113.9167425_22.5385963.png,202212,113.9167425,22.5385963,0.48558,0.521,0.10353378606365095,0.001,1,HH
D:\A_Research\A_doing_research\20250804_LLM_campus_restoration\shanghai\final_image\202212_113.9169587_22.503296799999998.png,202212,113.9169587,22.5032968,0.48241,0.52458,0.10850110101056919,0.001,1,HH
D:\A_Research\A_doing_research\20250804_LLM_campus_restoration\shanghai\final_image\202212_113.9169837_22.524702500000004.png,202212,113.9169837,22.5247025,0.41467,0.699,0.3313609103237526,0.001,1,HH
D:\A_Research\A_doing_research\20250804_LLM_campus_restoration\shanghai\final_image\202212_113.9172702_22.5816745.png,202212,113.9172702,22.5816745,0.4565,0.55749,0.054912379237923366,0.016,1,HH
D:\A_Research\A_doing_research\20250804_LLM_campus_restoration\shanghai\final_image\202212_113.9175375_22.5687916.png,202212,113.9175375,22.5687916,0.55024,0.43,-0.010668748298206578,0.017,2,LH
D:\A_Research\A_doing_research\20250804_LLM_campus_restoration\shanghai\final_image\202212_113.9181364_22.5882418.png,202212,113.9181364,22.5882418,0.6732,0.53306,0.039559385894575756,0.006,1,HH
D:\A_Research\A_doing_research\20250804_LLM_campus_restoration\shanghai\final_image\202212_113.9185767_22.7716986.png,202212,113.9185767,22.7716986,0.54842,0.58731,-0.031975364110291594,0.116,4,Not significant
D:\A_Research\A_doing_research\20250804_LLM_campus_restoration\shanghai\final_image\202212_113.91857970000001_22.56204509999999.png,202212,113.9185797,22.5620451,0.5766,0.4963,0.036022225706840716,0.001,1,HH
D:\A_Research\A_doing_research\20250804_LLM_campus_restoration\shanghai\final_image\202212_113.918782_22.507989899999995.png,202212,113.918782,22.5079899,0.31656,0.5371,0.14071770422168328,0.001,1,HH
D:\A_Research\A_doing_research\20250804_LLM_campus_restoration\shanghai\final_image\202212_113.9191287_22.543243499999996.png,202212,113.9191287,22.5432435,0.55024,0.44056,-0.012894407028332864,0.001,2,LH
D:\A_Research\A_doing_research\20250804_LLM_campus_restoration\shanghai\final_image\202212_113.9191967_22.505651799999995.png,202212,113.9191967,22.5056518,0.39749,0.4624,0.021260302350503017,0.001,1,HH
D:\A_Research\A_doing_research\20250804_LLM_campus_restoration\shanghai\final_image\202212_113.9195267_22.530506399999997.png,202212,113.9195267,22.5305064,0.54125,0.37617,-0.11803970240979157,0.001,2,LH
D:\A_Research\A_doing_research\20250804_LLM_campus_restoration\shanghai\final_image\202212_113.919858_22.502453599999996.png,202212,113.919858,22.5024536,0.55024,0.38775,-0.09801764063936365,0.001,2,LH
D:\A_Research\A_doing_research\20250804_LLM_campus_restoration\shanghai\final_image\202212_113.9199595_22.5193042.png,202212,113.9199595,22.5193042,0.3513,0.65333,0.30955248088429266,0.001,1,HH
D:\A_Research\A_doing_research\20250804_LLM_campus_restoration\shanghai\final_image\202212_113.919993_22.5354385.png,202212,113.919993,22.5354385,0.56313,0.647,0.31815201857075315,0.001,1,HH
D:\A_Research\A_doing_research\20250804_LLM_campus_restoration\shanghai\final_image\202212_113.9200199_22.4932087.png,202212,113.9200199,22.4932087,0.57288,0.54311,0.15651048260937045,0.001,1,HH
D:\A_Research\A_doing_research\20250804_LLM_campus_restoration\shanghai\final_image\202212_113.9207442_22.585634100000004.png,202212,113.9207442,22.5856341,0.57398,0.14891,-0.24122124947647905,0.001,2,LH
D:\A_Research\A_doing_research\20250804_LLM_campus_restoration\shanghai\final_image\202212_113.9219362_22.502629899999995.png,202212,113.9219362,22.5026299,0.46073,0.31672,-0.2385823947785303,0.001,2,LH
D:\A_Research\A_doing_research\20250804_LLM_campus_restoration\shanghai\final_image\202212_113.9220025_22.517857700000004.png,202212,113.9220025,22.5178577,0.41443,0.44705,-0.004353196420538702,0.001,2,LH
D:\A_Research\A_doing_research\20250804_LLM_campus_restoration\shanghai\final_image\202212_113.9224188_22.538887600000006.png,202212,113.9224188,22.5388876,0.41467,0.73278,0.4565394343345442,0.001,1,HH
D:\A_Research\A_doing_research\20250804_LLM_campus_restoration\shanghai\final_image\202212_113.92298935213402_22.551725246566924.png,202212,113.9229894,22.55172525,0.61052,0.36517,-0.11094795196975796,0.001,2,LH
D:\A_Research\A_doing_research\20250804_LLM_campus_restoration\shanghai\final_image\202212_113.9232015_22.533973500000002.png,202212,113.9232015,22.5339735,0.50966,0.7175,0.43894949320061083,0.001,1,HH
D:\A_Research\A_doing_research\20250804_LLM_campus_restoration\shanghai\final_image\202212_113.9234315_22.765904799999998.png,202212,113.9234315,22.7659048,0.40705,0.53018,0.003769220982576681,0.452,1,Not significant
D:\A_Research\A_doing_research\20250804_LLM_campus_restoration\shanghai\final_image\202212_113.9235709_22.507961199999997.png,202212,113.9235709,22.5079612,0.6558,0.67803,0.38623220472820774,0.001,1,HH
D:\A_Research\A_doing_research\20250804_LLM_campus_restoration\shanghai\final_image\202212_113.9238439_22.4897914.png,202212,113.9238439,22.4897914,0.51419,0.65366,0.3225423691591446,0.001,1,HH
D:\A_Research\A_doing_research\20250804_LLM_campus_restoration\shanghai\final_image\202212_113.9239898_22.504820799999997.png,202212,113.9239898,22.5048208,0.16,0.53306,0.1486647438605608,0.001,1,HH
D:\A_Research\A_doing_research\20250804_LLM_campus_restoration\shanghai\final_image\202212_113.92403650000001_22.7635856.png,202212,113.9240365,22.7635856,0.6,0.53018,0.012576834913919399,0.293,1,Not significant
D:\A_Research\A_doing_research\20250804_LLM_campus_restoration\shanghai\final_image\202212_113.9242124_22.519510999999998.png,202212,113.9242124,22.519511,0.47,0.549,0.1649123429829913,0.001,1,HH
D:\A_Research\A_doing_research\20250804_LLM_campus_restoration\shanghai\final_image\202212_113.9244485_22.5285296.png,202212,113.9244485,22.5285296,0.31515,0.51934,0.11158292203100406,0.001,1,HH
D:\A_Research\A_doing_research\20250804_LLM_campus_restoration\shanghai\final_image\202212_113.9264576_22.542926699999995.png,202212,113.9264576,22.5429267,0.54114,0.52817,0.14317720415929466,0.001,1,HH
D:\A_Research\A_doing_research\20250804_LLM_campus_restoration\shanghai\final_image\202212_113.9270181_22.5401367.png,202212,113.9270181,22.5401367,0.48241,0.64,0.32934536786924457,0.001,1,HH
D:\A_Research\A_doing_research\20250804_LLM_campus_restoration\shanghai\final_image\202212_113.9272727_22.510836999999995.png,202212,113.9272727,22.510837,0.62315,0.495,0.08478091795225065,0.001,1,HH
D:\A_Research\A_doing_research\20250804_LLM_campus_restoration\shanghai\final_image\202212_113.9273794_22.5460211.png,202212,113.9273794,22.5460211,0.19181,0.717,0.4217440148458394,0.001,1,HH
D:\A_Research\A_doing_research\20250804_LLM_campus_restoration\shanghai\final_image\202212_113.9274017_22.4976544.png,202212,113.9274017,22.4976544,0.21884,0.73278,0.5062432630276007,0.001,1,HH
D:\A_Research\A_doing_research\20250804_LLM_campus_restoration\shanghai\final_image\202212_113.9276643_22.528331500000004.png,202212,113.9276643,22.5283315,0.30588,0.48087,0.053055172695851645,0.001,1,HH
D:\A_Research\A_doing_research\20250804_LLM_campus_restoration\shanghai\final_image\202212_113.9281393_22.7900159.png,202212,113.9281393,22.7900159,0.25221,0.45085,-0.00048698421394440276,0.157,4,Not significant
D:\A_Research\A_doing_research\20250804_LLM_campus_restoration\shanghai\final_image\202212_113.9297827_22.5814899.png,202212,113.9297827,22.5814899,0.41599,0.47746,0.023427558611488875,0.001,1,HH
D:\A_Research\A_doing_research\20250804_LLM_campus_restoration\shanghai\final_image\202212_113.9300666_22.484872799999998.png,202212,113.9300666,22.4848728,0.64766,0.64,0.27140577035909375,0.001,1,HH
D:\A_Research\A_doing_research\20250804_LLM_campus_restoration\shanghai\final_image\202212_113.9301571_22.5029952.png,202212,113.9301571,22.5029952,0.33234,0.38102,-0.1350646219501951,0.001,2,LH
D:\A_Research\A_doing_research\20250804_LLM_campus_restoration\shanghai\final_image\202212_113.9303129_22.7637627.png,202212,113.9303129,22.7637627,0.42805,0.58046,0.01116314862733517,0.379,1,Not significant
D:\A_Research\A_doing_research\20250804_LLM_campus_restoration\shanghai\final_image\202212_113.9307835_22.518959599999995.png,202212,113.9307835,22.5189596,0.40495,0.53806,0.1625182543611703,0.001,1,HH
D:\A_Research\A_doing_research\20250804_LLM_campus_restoration\shanghai\final_image\202212_113.93087370000002_22.545790199999995.png,202212,113.9308737,22.5457902,0.60287,0.676,0.3758869170338768,0.001,1,HH
D:\A_Research\A_doing_research\20250804_LLM_campus_restoration\shanghai\final_image\202212_113.9311179_22.517039299999997.png,202212,113.9311179,22.5170393,0.55024,0.45369,0.008489620046529494,0.001,1,HH
D:\A_Research\A_doing_research\20250804_LLM_campus_restoration\shanghai\final_image\202212_113.931886_22.7478105.png,202212,113.931886,22.7478105,0.43336,0.40607,-0.004910907826833071,0.315,2,Not significant
D:\A_Research\A_doing_research\20250804_LLM_campus_restoration\shanghai\final_image\202212_113.93193850904419_22.576194066026474.png,202212,113.9319385,22.57619407,0.49138,0.58306,0.11731264785421439,0.001,1,HH
D:\A_Research\A_doing_research\20250804_LLM_campus_restoration\shanghai\final_image\202212_113.93228114603475_22.79179135641364.png,202212,113.9322811,22.79179136,0.29935,0.5806,-0.07228752349574963,0.014,4,HL
D:\A_Research\A_doing_research\20250804_LLM_campus_restoration\shanghai\final_image\202212_113.9325175_22.522305099999997.png,202212,113.9325175,22.5223051,0.75745,0.61785,0.2893495836915082,0.001,1,HH
D:\A_Research\A_doing_research\20250804_LLM_campus_restoration\shanghai\final_image\202212_113.9329528_22.5130839.png,202212,113.9329528,22.5130839,0.53577,0.587,0.26530477386429646,0.001,1,HH
D:\A_Research\A_doing_research\20250804_LLM_campus_restoration\shanghai\final_image\202212_113.932972_22.505377099999997.png,202212,113.932972,22.5053771,0.27895,0.34719,-0.194504543158637,0.001,2,LH
D:\A_Research\A_doing_research\20250804_LLM_campus_restoration\shanghai\final_image\202212_113.9340142_22.516298099999997.png,202212,113.9340142,22.5162981,0.46952,0.71,0.500680846139492,0.001,1,HH
D:\A_Research\A_doing_research\20250804_LLM_campus_restoration\shanghai\final_image\202212_113.9341788_22.527984300000004.png,202212,113.9341788,22.5279843,0.35055,0.37421,-0.14856632737861805,0.001,2,LH
D:\A_Research\A_doing_research\20250804_LLM_campus_restoration\shanghai\final_image\202212_113.93446830000002_22.5181941.png,202212,113.9344683,22.5181941,0.47,0.60213,0.30488393456618096,0.001,1,HH
D:\A_Research\A_doing_research\20250804_LLM_campus_restoration\shanghai\final_image\202212_113.9345955_22.4965955.png,202212,113.9345955,22.4965955,0.48138,0.56015,0.2194999217184572,0.001,1,HH
D:\A_Research\A_doing_research\20250804_LLM_campus_restoration\shanghai\final_image\202212_113.9355131_22.5427938.png,202212,113.9355131,22.5427938,0.45,0.55601,0.18694698865436224,0.001,1,HH
D:\A_Research\A_doing_research\20250804_LLM_campus_restoration\shanghai\final_image\202212_113.9356375_22.5753551.png,202212,113.9356375,22.5753551,0.47359,0.56963,0.107245981238526,0.001,1,HH
D:\A_Research\A_doing_research\20250804_LLM_campus_restoration\shanghai\final_image\202212_113.9363267_22.505489500000003.png,202212,113.9363267,22.5054895,0.77177,0.357,-0.17338167054625325,0.001,2,LH
D:\A_Research\A_doing_research\20250804_LLM_campus_restoration\shanghai\final_image\202212_113.9365131_22.5279406.png,202212,113.9365131,22.5279406,0.33162,0.706,0.40211537070761594,0.001,1,HH
D:\A_Research\A_doing_research\20250804_LLM_campus_restoration\shanghai\final_image\202212_113.93686530000001_22.496623499999995.png,202212,113.9368653,22.4966235,0.64597,0.831,0.5913944674312678,0.001,1,HH
D:\A_Research\A_doing_research\20250804_LLM_campus_restoration\shanghai\final_image\202212_113.9370477_22.5107985.png,202212,113.9370477,22.5107985,0.50966,0.64,0.34526451064801716,0.001,1,HH
D:\A_Research\A_doing_research\20250804_LLM_campus_restoration\shanghai\final_image\202212_113.93705539747813_22.55130023242226.png,202212,113.9370554,22.55130023,0.418,0.43213,-0.025211693339334932,0.001,2,LH
D:\A_Research\A_doing_research\20250804_LLM_campus_restoration\shanghai\final_image\202212_113.9377818_22.757183499999996.png,202212,113.9377818,22.7571835,0.32069,0.58984,0.007270452677820054,0.423,1,Not significant
D:\A_Research\A_doing_research\20250804_LLM_campus_restoration\shanghai\final_image\202212_113.9384694_22.50815679999999.png,202212,113.9384694,22.5081568,0.40197,0.47259,0.04198819902877708,0.001,1,HH
D:\A_Research\A_doing_research\20250804_LLM_campus_restoration\shanghai\final_image\202212_113.9391332_22.4966602.png,202212,113.9391332,22.4966602,0.49327,0.45055,0.0021838706743232076,0.001,1,HH
D:\A_Research\A_doing_research\20250804_LLM_campus_restoration\shanghai\final_image\202212_113.93948100000001_22.543091199999996.png,202212,113.939481,22.5430912,0.47,0.67,0.3644860078736823,0.001,1,HH
D:\A_Research\A_doing_research\20250804_LLM_campus_restoration\shanghai\final_image\202212_113.9397023_22.516917099999993.png,202212,113.9397023,22.5169171,0.39526,0.28,-0.3269276667254027,0.001,2,LH
D:\A_Research\A_doing_research\20250804_LLM_campus_restoration\shanghai\final_image\202212_113.9398151_22.524065299999993.png,202212,113.9398151,22.5240653,0.47016,0.52817,0.12871704976351764,0.001,1,HH
D:\A_Research\A_doing_research\20250804_LLM_campus_restoration\shanghai\final_image\202212_113.9402644_22.519026199999995.png,202212,113.9402644,22.5190262,0.55024,0.54477,0.1427448888088383,0.001,1,HH
D:\A_Research\A_doing_research\20250804_LLM_campus_restoration\shanghai\final_image\202212_113.9406368_22.535663900000003.png,202212,113.9406368,22.5356639,0.33167,0.572,0.2244347732136404,0.001,1,HH
D:\A_Research\A_doing_research\20250804_LLM_campus_restoration\shanghai\final_image\202212_113.94082000000002_22.748110899999997.png,202212,113.94082,22.7481109,0.35737,0.37204,-0.011119312619961902,0.318,2,Not significant
D:\A_Research\A_doing_research\20250804_LLM_campus_restoration\shanghai\final_image\202212_113.9410612_22.507190699999992.png,202212,113.9410612,22.5071907,0.65333,0.45,0.0009375216076784939,0.001,1,HH
D:\A_Research\A_doing_research\20250804_LLM_campus_restoration\shanghai\final_image\202212_113.94107680706209_22.530103987263914.png,202212,113.9410768,22.53010399,0.39375,0.52094,0.12258258367700857,0.001,1,HH
D:\A_Research\A_doing_research\20250804_LLM_campus_restoration\shanghai\final_image\202212_113.9430205_22.530012400000004.png,202212,113.9430205,22.5300124,0.5422,0.51475,0.11122967582159436,0.001,1,HH
D:\A_Research\A_doing_research\20250804_LLM_campus_restoration\shanghai\final_image\202212_113.9430714_22.527387.png,202212,113.9430714,22.527387,0.45928,0.354,-0.16900379758623554,0.001,2,LH
D:\A_Research\A_doing_research\20250804_LLM_campus_restoration\shanghai\final_image\202212_113.9436688_22.539266799999996.png,202212,113.9436688,22.5392668,0.554,0.706,0.4455593682243591,0.001,1,HH
D:\A_Research\A_doing_research\20250804_LLM_campus_restoration\shanghai\final_image\202212_113.9437139_22.7347301.png,202212,113.9437139,22.7347301,0.30998,0.348,0.0024676293043256366,0.445,3,Not significant
D:\A_Research\A_doing_research\20250804_LLM_campus_restoration\shanghai\final_image\202212_113.9448364_22.5462337.png,202212,113.9448364,22.5462337,0.53387,0.63691,0.30985048413085875,0.001,1,HH
D:\A_Research\A_doing_research\20250804_LLM_campus_restoration\shanghai\final_image\202212_113.9450404_22.535707799999997.png,202212,113.9450404,22.5357078,0.47,0.706,0.44962815416641894,0.001,1,HH
D:\A_Research\A_doing_research\20250804_LLM_campus_restoration\shanghai\final_image\202212_113.9450831_22.532614599999995.png,202212,113.9450831,22.5326146,0.65137,0.485,0.06851357033078363,0.001,1,HH
D:\A_Research\A_doing_research\20250804_LLM_campus_restoration\shanghai\final_image\202212_113.9459821_22.5082536.png,202212,113.9459821,22.5082536,0.551,0.58454,0.19804578751761368,0.001,1,HH
D:\A_Research\A_doing_research\20250804_LLM_campus_restoration\shanghai\final_image\202212_113.94629651068989_22.542967760048658.png,202212,113.9462965,22.54296776,0.375,0.4825,0.05893087079075319,0.001,1,HH
D:\A_Research\A_doing_research\20250804_LLM_campus_restoration\shanghai\final_image\202212_113.9470978_22.576772299999995.png,202212,113.9470978,22.5767723,0.48241,0.31189,-0.14856507394138102,0.001,2,LH
D:\A_Research\A_doing_research\20250804_LLM_campus_restoration\shanghai\final_image\202212_113.94745420000001_22.5326484.png,202212,113.9474542,22.5326484,0.56048,0.65729,0.3508730952383789,0.001,1,HH
D:\A_Research\A_doing_research\20250804_LLM_campus_restoration\shanghai\final_image\202212_113.94775846119718_22.530135360848515.png,202212,113.9477585,22.53013536,0.53216,0.54074,0.1595620603068385,0.001,1,HH
D:\A_Research\A_doing_research\20250804_LLM_campus_restoration\shanghai\final_image\202212_113.9490199_22.546030899999998.png,202212,113.9490199,22.5460309,0.21884,0.72975,0.41739747801638416,0.001,1,HH
D:\A_Research\A_doing_research\20250804_LLM_campus_restoration\shanghai\final_image\202212_113.9492952_22.578552499999997.png,202212,113.9492952,22.5785525,0.45,0.61432,0.13751831098240805,0.001,1,HH
D:\A_Research\A_doing_research\20250804_LLM_campus_restoration\shanghai\final_image\202212_113.9494489_22.5835412.png,202212,113.9494489,22.5835412,0.21884,0.56335,0.1305567195265015,0.001,1,HH
D:\A_Research\A_doing_research\20250804_LLM_campus_restoration\shanghai\final_image\202212_113.9498905_22.530109799999998.png,202212,113.9498905,22.5301098,0.468,0.54611,0.15752311096861177,0.001,1,HH
D:\A_Research\A_doing_research\20250804_LLM_campus_restoration\shanghai\final_image\202212_113.9499065_22.586730500000005.png,202212,113.9499065,22.5867305,0.37399,0.67,0.21820629044201653,0.001,1,HH
D:\A_Research\A_doing_research\20250804_LLM_campus_restoration\shanghai\final_image\202212_113.9500057105782_22.531911222888294.png,202212,113.9500057,22.53191122,0.30588,0.44928,-0.00028306158297638595,0.001,2,LH
D:\A_Research\A_doing_research\20250804_LLM_campus_restoration\shanghai\final_image\202212_113.9545483_22.523418799999998.png,202212,113.9545483,22.5234188,0.33405,0.55241,0.1554522830765751,0.001,1,HH
D:\A_Research\A_doing_research\20250804_LLM_campus_restoration\shanghai\final_image\202212_113.957409_22.523398700000005.png,202212,113.957409,22.5233987,0.45273,0.70942,0.332875503918394,0.001,1,HH
D:\A_Research\A_doing_research\20250804_LLM_campus_restoration\shanghai\final_image\202212_113.9586343818181_22.526308153355252.png,202212,113.9586344,22.52630815,0.29631,0.42311,-0.0379894406278021,0.001,2,LH
D:\A_Research\A_doing_research\20250804_LLM_campus_restoration\shanghai\final_image\202212_113.95892840000002_22.530997099999993.png,202212,113.9589284,22.5309971,0.54563,0.275,-0.25118255546715884,0.001,2,LH
D:\A_Research\A_doing_research\20250804_LLM_campus_restoration\shanghai\final_image\202212_113.95960670000001_22.543149499999995.png,202212,113.9596067,22.5431495,0.65297,0.43374,-0.02678981338546135,0.001,2,LH
D:\A_Research\A_doing_research\20250804_LLM_campus_restoration\shanghai\final_image\202212_113.9620692_22.54229159999999.png,202212,113.9620692,22.5422916,0.39,0.5867,0.2109290873744112,0.001,1,HH
D:\A_Research\A_doing_research\20250804_LLM_campus_restoration\shanghai\final_image\202212_113.9620767_22.533686399999997.png,202212,113.9620767,22.5336864,0.21884,0.33242,-0.17799271436034353,0.001,2,LH
D:\A_Research\A_doing_research\20250804_LLM_campus_restoration\shanghai\final_image\202212_113.9622251_22.525877099999995.png,202212,113.9622251,22.5258771,0.55874,0.59648,0.1409480689331078,0.002,1,HH
D:\A_Research\A_doing_research\20250804_LLM_campus_restoration\shanghai\final_image\202212_113.96385619829_22.528218699192326.png,202212,113.9638562,22.5282187,0.23,0.26,-0.24728689031401188,0.001,2,LH
D:\A_Research\A_doing_research\20250804_LLM_campus_restoration\shanghai\final_image\202212_113.9657473_22.531024799999994.png,202212,113.9657473,22.5310248,0.395,0.42,-0.03786257702281924,0.001,2,LH
D:\A_Research\A_doing_research\20250804_LLM_campus_restoration\shanghai\final_image\202212_113.9673397_22.5402911.png,202212,113.9673397,22.5402911,0.66671,0.47145,0.032531277755860524,0.001,1,HH
D:\A_Research\A_doing_research\20250804_LLM_campus_restoration\shanghai\final_image\202212_113.9694544_22.528250199999995.png,202212,113.9694544,22.5282502,0.41306,0.51331,0.07751024134632233,0.001,1,HH
D:\A_Research\A_doing_research\20250804_LLM_campus_restoration\shanghai\final_image\202212_113.9699617_22.5669829.png,202212,113.9699617,22.5669829,0.36286,0.49835,0.04174974651786756,0.001,1,HH
D:\A_Research\A_doing_research\20250804_LLM_campus_restoration\shanghai\final_image\202212_113.9707424_22.556888399999995.png,202212,113.9707424,22.5568884,0.311,0.54022,0.11665948253991164,0.001,1,HH
D:\A_Research\A_doing_research\20250804_LLM_campus_restoration\shanghai\final_image\202212_113.97205731173776_22.525946144985248.png,202212,113.9720573,22.52594614,0.48241,0.5054,0.06754091398750985,0.001,1,HH
D:\A_Research\A_doing_research\20250804_LLM_campus_restoration\shanghai\final_image\202212_113.9763109_22.537413099999995.png,202212,113.9763109,22.5374131,0.55024,0.40604,-0.0662688825379162,0.001,2,LH
D:\A_Research\A_doing_research\20250804_LLM_campus_restoration\shanghai\final_image\202212_113.9776265_22.5282479.png,202212,113.9776265,22.5282479,0.48771,0.42311,-0.03956074862707333,0.001,2,LH
D:\A_Research\A_doing_research\20250804_LLM_campus_restoration\shanghai\final_image\202212_113.9777356_22.525999399999996.png,202212,113.9777356,22.5259994,0.456,0.62777,0.21105253179249567,0.001,1,HH
D:\A_Research\A_doing_research\20250804_LLM_campus_restoration\shanghai\final_image\202212_113.9781346_22.541591999999998.png,202212,113.9781346,22.541592,0.31507,0.683,0.33363489045954703,0.001,1,HH
D:\A_Research\A_doing_research\20250804_LLM_campus_restoration\shanghai\final_image\202212_113.9784782_22.546958099999998.png,202212,113.9784782,22.5469581,0.38717,0.66724,0.2900179390959775,0.001,1,HH
D:\A_Research\A_doing_research\20250804_LLM_campus_restoration\shanghai\final_image\202212_113.9796876_22.550089899999996.png,202212,113.9796876,22.5500899,0.54703,0.41535,-0.048223916023134396,0.001,2,LH
D:\A_Research\A_doing_research\20250804_LLM_campus_restoration\shanghai\final_image\202212_113.983475_22.5611423.png,202212,113.983475,22.5611423,0.38474,0.34535,-0.10553159483337751,0.001,2,LH
D:\A_Research\A_doing_research\20250804_LLM_campus_restoration\shanghai\final_image\202212_113.9847278_22.5463916.png,202212,113.9847278,22.5463916,0.45151,0.63134,0.23966313197868536,0.001,1,HH
D:\A_Research\A_doing_research\20250804_LLM_campus_restoration\shanghai\final_image\202212_113.9864589_22.5384042.png,202212,113.9864589,22.5384042,0.23623,0.57606,0.21027298319457702,0.001,1,HH
D:\A_Research\A_doing_research\20250804_LLM_campus_restoration\shanghai\final_image\202212_113.9874362_22.5298992.png,202212,113.9874362,22.5298992,0.75,0.53333,0.14159756861236564,0.001,1,HH
D:\A_Research\A_doing_research\20250804_LLM_campus_restoration\shanghai\final_image\202212_113.9877001_22.541408800000003.png,202212,113.9877001,22.5414088,0.663,0.60703,0.25682468883834775,0.001,1,HH
D:\A_Research\A_doing_research\20250804_LLM_campus_restoration\shanghai\final_image\202212_113.9878482_22.594933299999997.png,202212,113.9878482,22.5949333,0.41467,0.41384,-0.023710989526595522,0.002,2,LH
D:\A_Research\A_doing_research\20250804_LLM_campus_restoration\shanghai\final_image\202212_113.99079950000001_22.530676999999994.png,202212,113.9907995,22.530677,0.34766,0.69483,0.4095071943696469,0.001,1,HH
D:\A_Research\A_doing_research\20250804_LLM_campus_restoration\shanghai\final_image\202212_113.99163940000001_22.541493000000003.png,202212,113.9916394,22.541493,0.55024,0.664,0.3567789788148478,0.001,1,HH
D:\A_Research\A_doing_research\20250804_LLM_campus_restoration\shanghai\final_image\202212_113.99192240405_22.53970759280385.png,202212,113.9919224,22.53970759,0.43664,0.57458,0.23782735786645876,0.001,1,HH
D:\A_Research\A_doing_research\20250804_LLM_campus_restoration\shanghai\final_image\202212_113.992758_22.535601.png,202212,113.992758,22.535601,0.55751,0.71574,0.466541555256513,0.001,1,HH
D:\A_Research\A_doing_research\20250804_LLM_campus_restoration\shanghai\final_image\202212_113.9934075_22.5302353.png,202212,113.9934075,22.5302353,0.18607,0.5825,0.24090630216091338,0.001,1,HH
D:\A_Research\A_doing_research\20250804_LLM_campus_restoration\shanghai\final_image\202212_113.9951153_22.593116599999995.png,202212,113.9951153,22.5931166,0.55024,0.41351,-0.023881213851544885,0.001,2,LH
D:\A_Research\A_doing_research\20250804_LLM_campus_restoration\shanghai\final_image\202212_113.997421_22.5492356.png,202212,113.997421,22.5492356,0.13547,0.45174,0.0030112572526753696,0.001,1,HH
D:\A_Research\A_doing_research\20250804_LLM_campus_restoration\shanghai\final_image\202212_114.0005612_22.5402458.png,202212,114.0005612,22.5402458,0.31268,0.415,-0.05432448031466164,0.001,2,LH
D:\A_Research\A_doing_research\20250804_LLM_campus_restoration\shanghai\final_image\202212_114.0018772_22.597864999999995.png,202212,114.0018772,22.597865,0.37933,0.54491,0.05273543768174549,0.001,1,HH
D:\A_Research\A_doing_research\20250804_LLM_campus_restoration\shanghai\final_image\202212_114.003756_22.5330749.png,202212,114.003756,22.5330749,0.21884,0.55272,0.15635274185182915,0.001,1,HH
D:\A_Research\A_doing_research\20250804_LLM_campus_restoration\shanghai\final_image\202212_114.006174_22.5489483.png,202212,114.006174,22.5489483,0.646,0.53,0.11812679569164197,0.001,1,HH
D:\A_Research\A_doing_research\20250804_LLM_campus_restoration\shanghai\final_image\202212_114.0092385_22.547819099999998.png,202212,114.0092385,22.5478191,0.75148,0.66916,0.3053592956362509,0.001,1,HH
D:\A_Research\A_doing_research\20250804_LLM_campus_restoration\shanghai\final_image\202212_114.0100024_22.550471099999996.png,202212,114.0100024,22.5504711,0.45401,0.53,0.11208382391431701,0.001,1,HH
D:\A_Research\A_doing_research\20250804_LLM_campus_restoration\shanghai\final_image\202212_114.0109223_22.545793100000004.png,202212,114.0109223,22.5457931,0.56393,0.637,0.2591011558902121,0.001,1,HH
D:\A_Research\A_doing_research\20250804_LLM_campus_restoration\shanghai\final_image\202212_114.0212141_22.539334000000004.png,202212,114.0212141,22.539334,0.34028,0.60698,0.18624885412094833,0.001,1,HH
D:\A_Research\A_doing_research\20250804_LLM_campus_restoration\shanghai\final_image\202212_114.0250293_22.545575599999992.png,202212,114.0250293,22.5455756,0.56683,0.615,0.19753595082186942,0.001,1,HH
D:\A_Research\A_doing_research\20250804_LLM_campus_restoration\shanghai\final_image\202212_114.0252357_22.602827799999996.png,202212,114.0252357,22.6028278,0.5725,0.49784,0.035909176451481256,0.001,1,HH
D:\A_Research\A_doing_research\20250804_LLM_campus_restoration\shanghai\final_image\202212_114.0259265_22.5980184.png,202212,114.0259265,22.5980184,0.46016,0.61432,0.11828143549372068,0.001,1,HH
D:\A_Research\A_doing_research\20250804_LLM_campus_restoration\shanghai\final_image\202212_114.0287734_22.528464199999995.png,202212,114.0287734,22.5284642,0.49157,0.53156,0.08701999176939619,0.001,1,HH
D:\A_Research\A_doing_research\20250804_LLM_campus_restoration\shanghai\final_image\202212_114.0326051_22.526367499999996.png,202212,114.0326051,22.5263675,0.422,0.40374,-0.051116299434592484,0.001,2,LH
D:\A_Research\A_doing_research\20250804_LLM_campus_restoration\shanghai\final_image\202212_114.03322900000002_22.5227111.png,202212,114.033229,22.5227111,0.40964,0.6347,0.13755432301332143,0.001,1,HH
D:\A_Research\A_doing_research\20250804_LLM_campus_restoration\shanghai\final_image\202212_114.0402002_22.618895599999995.png,202212,114.0402002,22.6188956,0.50574,0.458,0.005032597198659696,0.002,1,HH
D:\A_Research\A_doing_research\20250804_LLM_campus_restoration\shanghai\final_image\202212_114.0413393_22.5522922.png,202212,114.0413393,22.5522922,0.43537,0.5524,0.13955627498111206,0.001,1,HH
D:\A_Research\A_doing_research\20250804_LLM_campus_restoration\shanghai\final_image\202212_114.0464825_22.604190899999995.png,202212,114.0464825,22.6041909,0.50885,0.59821,0.07049119260249126,0.013,1,HH
D:\A_Research\A_doing_research\20250804_LLM_campus_restoration\shanghai\final_image\202212_114.048521_22.5232585.png,202212,114.048521,22.5232585,0.6,0.55244,0.09960646849332706,0.001,1,HH
D:\A_Research\A_doing_research\20250804_LLM_campus_restoration\shanghai\final_image\202212_114.05129640000001_22.540006999999996.png,202212,114.0512964,22.540007,0.68198,0.4251,-0.034409363176388874,0.001,2,LH
D:\A_Research\A_doing_research\20250804_LLM_campus_restoration\shanghai\final_image\202212_114.05453050881874_22.531582946106884.png,202212,114.0545305,22.53158295,0.64597,0.53,0.11007967865144885,0.001,1,HH
D:\A_Research\A_doing_research\20250804_LLM_campus_restoration\shanghai\final_image\202212_114.0551493_22.518495400000003.png,202212,114.0551493,22.5184954,0.55575,0.50563,0.05553432752713648,0.001,1,HH
D:\A_Research\A_doing_research\20250804_LLM_campus_restoration\shanghai\final_image\202212_114.05647290249271_22.531616134751285.png,202212,114.0564729,22.53161613,0.53163,0.61432,0.21408920444978233,0.001,1,HH
D:\A_Research\A_doing_research\20250804_LLM_campus_restoration\shanghai\final_image\202212_114.0575884_22.571086199999996.png,202212,114.0575884,22.5710862,0.45104,0.46347,0.010390103843097048,0.001,1,HH
D:\A_Research\A_doing_research\20250804_LLM_campus_restoration\shanghai\final_image\202212_114.0580411_22.544623600000005.png,202212,114.0580411,22.5446236,0.6625,0.52817,0.11114630427036593,0.001,1,HH
D:\A_Research\A_doing_research\20250804_LLM_campus_restoration\shanghai\final_image\202212_114.05823080000002_22.540602100000005.png,202212,114.0582308,22.5406021,0.30125,0.6856,0.3144991686204777,0.001,1,HH
D:\A_Research\A_doing_research\20250804_LLM_campus_restoration\shanghai\final_image\202212_114.062747_22.5450923.png,202212,114.062747,22.5450923,0.52166,0.415,-0.04866965457545757,0.001,2,LH
D:\A_Research\A_doing_research\20250804_LLM_campus_restoration\shanghai\final_image\202212_114.0640476_22.537566699999996.png,202212,114.0640476,22.5375667,0.60629,0.52566,0.1164365423886271,0.001,1,HH
D:\A_Research\A_doing_research\20250804_LLM_campus_restoration\shanghai\final_image\202212_114.0657653_22.5240759.png,202212,114.0657653,22.5240759,0.58578,0.39577,-0.0642061727399651,0.001,2,LH
D:\A_Research\A_doing_research\20250804_LLM_campus_restoration\shanghai\final_image\202212_114.0658167_22.534223299999994.png,202212,114.0658167,22.5342233,0.295,0.4678,0.029175164086125024,0.001,1,HH
D:\A_Research\A_doing_research\20250804_LLM_campus_restoration\shanghai\final_image\202212_114.0681073_22.5504569.png,202212,114.0681073,22.5504569,0.511,0.67,0.25968282523250624,0.001,1,HH
D:\A_Research\A_doing_research\20250804_LLM_campus_restoration\shanghai\final_image\202212_114.0682546_22.529498600000004.png,202212,114.0682546,22.5294986,0.37439,0.64057,0.21795788193189883,0.001,1,HH
D:\A_Research\A_doing_research\20250804_LLM_campus_restoration\shanghai\final_image\202212_114.0693242600068_22.531683667678653.png,202212,114.0693243,22.53168367,0.55024,0.495,0.06263288721090063,0.001,1,HH
D:\A_Research\A_doing_research\20250804_LLM_campus_restoration\shanghai\final_image\202212_114.074178_22.542958200000005.png,202212,114.074178,22.5429582,0.32,0.42485,-0.03250725679267933,0.001,2,LH
D:\A_Research\A_doing_research\20250804_LLM_campus_restoration\shanghai\final_image\202212_114.0749288_22.531381700000004.png,202212,114.0749288,22.5313817,0.31773,0.47334,0.02690435051363123,0.001,1,HH
D:\A_Research\A_doing_research\20250804_LLM_campus_restoration\shanghai\final_image\202212_114.0770361_22.5528905.png,202212,114.0770361,22.5528905,0.4758,0.44454,-0.005604179794807506,0.001,2,LH
D:\A_Research\A_doing_research\20250804_LLM_campus_restoration\shanghai\final_image\202212_114.0773676_22.536894000000004.png,202212,114.0773676,22.536894,0.5769,0.5,0.06090625608288507,0.001,1,HH
D:\A_Research\A_doing_research\20250804_LLM_campus_restoration\shanghai\final_image\202212_114.0792369_22.545414399999995.png,202212,114.0792369,22.5454144,0.52077,0.635,0.21324497577242618,0.001,1,HH
D:\A_Research\A_doing_research\20250804_LLM_campus_restoration\shanghai\final_image\202212_114.0804019_22.536471599999995.png,202212,114.0804019,22.5364716,0.37608,0.52817,0.08964705644786175,0.001,1,HH
D:\A_Research\A_doing_research\20250804_LLM_campus_restoration\shanghai\final_image\202212_114.0815082_22.551580299999998.png,202212,114.0815082,22.5515803,0.32987,0.42912,-0.024673390544436014,0.001,2,LH
D:\A_Research\A_doing_research\20250804_LLM_campus_restoration\shanghai\final_image\202212_114.08547860000002_22.545569100000005.png,202212,114.0854786,22.5455691,0.54312,0.55244,0.12229920808263256,0.001,1,HH
D:\A_Research\A_doing_research\20250804_LLM_campus_restoration\shanghai\final_image\202212_114.08602951132886_22.537348600226945.png,202212,114.0860295,22.5373486,0.555,0.41359,-0.04125234890123099,0.001,2,LH
D:\A_Research\A_doing_research\20250804_LLM_campus_restoration\shanghai\final_image\202212_114.0864988_22.5573059.png,202212,114.0864988,22.5573059,0.41508,0.61,0.20502619522349036,0.001,1,HH
D:\A_Research\A_doing_research\20250804_LLM_campus_restoration\shanghai\final_image\202212_114.0865741_22.540655199999996.png,202212,114.0865741,22.5406552,0.55024,0.48623,0.04256731507394063,0.001,1,HH
D:\A_Research\A_doing_research\20250804_LLM_campus_restoration\shanghai\final_image\202212_114.0888418_22.549250199999996.png,202212,114.0888418,22.5492502,0.40374,0.36924,-0.12151266548621145,0.001,2,LH
D:\A_Research\A_doing_research\20250804_LLM_campus_restoration\shanghai\final_image\202212_114.0888882_22.555174399999995.png,202212,114.0888882,22.5551744,0.46647,0.53103,0.10993737591221003,0.001,1,HH
D:\A_Research\A_doing_research\20250804_LLM_campus_restoration\shanghai\final_image\202212_114.0908997_22.5583526.png,202212,114.0908997,22.5583526,0.47069,0.623,0.19510621269503992,0.001,1,HH
D:\A_Research\A_doing_research\20250804_LLM_campus_restoration\shanghai\final_image\202212_114.0910387431752_22.549649716591308.png,202212,114.0910387,22.54964972,0.48789,0.64208,0.24484494437262871,0.001,1,HH
D:\A_Research\A_doing_research\20250804_LLM_campus_restoration\shanghai\final_image\202212_114.0946319_22.559820999999996.png,202212,114.0946319,22.559821,0.25974,0.47048,0.02332965729424365,0.001,1,HH
D:\A_Research\A_doing_research\20250804_LLM_campus_restoration\shanghai\final_image\202212_114.09609029793786_22.563386597747023.png,202212,114.0960903,22.5633866,0.31773,0.48793,0.03684877699125253,0.001,1,HH
D:\A_Research\A_doing_research\20250804_LLM_campus_restoration\shanghai\final_image\202212_114.09686669419649_22.53823779479983.png,202212,114.0968667,22.53823779,0.5636,0.343,-0.11061346443180582,0.001,2,LH
D:\A_Research\A_doing_research\20250804_LLM_campus_restoration\shanghai\final_image\202212_114.0992364_22.5675924.png,202212,114.0992364,22.5675924,0.45065,0.275,-0.15187258391134187,0.001,2,LH
D:\A_Research\A_doing_research\20250804_LLM_campus_restoration\shanghai\final_image\202212_114.0995213_22.5434379.png,202212,114.0995213,22.5434379,0.21884,0.387,-0.07150942509165992,0.001,2,LH
D:\A_Research\A_doing_research\20250804_LLM_campus_restoration\shanghai\final_image\202212_114.0995911_22.547427900000002.png,202212,114.0995911,22.5474279,0.13445,0.52421,0.08637516470179227,0.001,1,HH
D:\A_Research\A_doing_research\20250804_LLM_campus_restoration\shanghai\final_image\202212_114.10168900000001_22.5615177.png,202212,114.101689,22.5615177,0.45104,0.57116,0.10380858273837736,0.002,1,HH
D:\A_Research\A_doing_research\20250804_LLM_campus_restoration\shanghai\final_image\202212_114.1040977_22.558683299999995.png,202212,114.1040977,22.5586833,0.31206,0.66357,0.17643324660073673,0.003,1,HH
D:\A_Research\A_doing_research\20250804_LLM_campus_restoration\shanghai\final_image\202212_114.1057477_22.5868114.png,202212,114.1057477,22.5868114,0.51138,0.2949,-0.007338232895107215,0.411,2,Not significant
D:\A_Research\A_doing_research\20250804_LLM_campus_restoration\shanghai\final_image\202212_114.1073357_22.551541099999998.png,202212,114.1073357,22.5515411,0.64993,0.52607,0.08278847559910081,0.001,1,HH
D:\A_Research\A_doing_research\20250804_LLM_campus_restoration\shanghai\final_image\202212_114.1080003_22.547008299999998.png,202212,114.1080003,22.5470083,0.283,0.55712,0.10743918903669826,0.001,1,HH
D:\A_Research\A_doing_research\20250804_LLM_campus_restoration\shanghai\final_image\202212_114.1136781_22.5459787.png,202212,114.1136781,22.5459787,0.40983,0.53227,0.08119321794828561,0.001,1,HH
D:\A_Research\A_doing_research\20250804_LLM_campus_restoration\shanghai\final_image\202212_114.11459180000001_22.55045009999999.png,202212,114.1145918,22.5504501,0.5625,0.478,0.027552517159276566,0.001,1,HH
D:\A_Research\A_doing_research\20250804_LLM_campus_restoration\shanghai\final_image\202212_114.1155962_22.578588599999996.png,202212,114.1155962,22.5785886,0.48241,0.38073,-0.015338083437471594,0.146,2,Not significant
D:\A_Research\A_doing_research\20250804_LLM_campus_restoration\shanghai\final_image\202212_114.115885_22.542810800000005.png,202212,114.115885,22.5428108,0.40339,0.59695,0.1271435152828221,0.002,1,HH
D:\A_Research\A_doing_research\20250804_LLM_campus_restoration\shanghai\final_image\202212_114.11790390000002_22.574163199999994.png,202212,114.1179039,22.5741632,0.53003,0.5952,0.058972434284038054,0.045,1,HH
D:\A_Research\A_doing_research\20250804_LLM_campus_restoration\shanghai\final_image\202212_114.12189830000001_22.547177099999995.png,202212,114.1218983,22.5471771,0.65,0.4877,0.04007460916087095,0.001,1,HH
D:\A_Research\A_doing_research\20250804_LLM_campus_restoration\shanghai\final_image\202212_114.1221424_22.5430785.png,202212,114.1221424,22.5430785,0.48241,0.63,0.15643618758581515,0.004,1,HH
D:\A_Research\A_doing_research\20250804_LLM_campus_restoration\shanghai\final_image\202212_114.12220825245038_22.563703360607565.png,202212,114.1222083,22.56370336,0.42559,0.4761,0.024418767007754666,0.002,1,HH
D:\A_Research\A_doing_research\20250804_LLM_campus_restoration\shanghai\final_image\202212_114.12250510000001_22.569388200000002.png,202212,114.1225051,22.5693882,0.65,0.585,0.08354431768464354,0.018,1,HH
D:\A_Research\A_doing_research\20250804_LLM_campus_restoration\shanghai\final_image\202212_114.124049_22.5739252.png,202212,114.124049,22.5739252,0.61807,0.49,0.01859231194549842,0.032,1,HH
D:\A_Research\A_doing_research\20250804_LLM_campus_restoration\shanghai\final_image\202212_114.1259666_22.5495058.png,202212,114.1259666,22.5495058,0.46952,0.63813,0.1514905206585775,0.001,1,HH
D:\A_Research\A_doing_research\20250804_LLM_campus_restoration\shanghai\final_image\202212_114.1260223_22.545151.png,202212,114.1260223,22.545151,0.419,0.613,0.1394412635601252,0.001,1,HH
D:\A_Research\A_doing_research\20250804_LLM_campus_restoration\shanghai\final_image\202212_114.1282478_22.556577899999997.png,202212,114.1282478,22.5565779,0.646,0.21204,-0.2675727456028318,0.002,2,LH
D:\A_Research\A_doing_research\20250804_LLM_campus_restoration\shanghai\final_image\202212_114.12949016241659_22.558269175576793.png,202212,114.1294902,22.55826918,0.37237,0.58984,0.08619162063832622,0.039,1,HH
D:\A_Research\A_doing_research\20250804_LLM_campus_restoration\shanghai\final_image\202212_114.13172_22.5619088.png,202212,114.13172,22.5619088,0.64597,0.40361,-0.0300239401402897,0.015,2,LH
D:\A_Research\A_doing_research\20250804_LLM_campus_restoration\shanghai\final_image\202212_114.1347298_22.5653844.png,202212,114.1347298,22.5653844,0.65599,0.521,0.025795718429193346,0.114,1,Not significant
D:\A_Research\A_doing_research\20250804_LLM_campus_restoration\shanghai\final_image\202212_114.1380678_22.544122199999997.png,202212,114.1380678,22.5441222,0.30588,0.48017,0.01621545665872138,0.001,1,HH
D:\A_Research\A_doing_research\20250804_LLM_campus_restoration\shanghai\final_image\202212_114.1399675_22.587510199999997.png,202212,114.1399675,22.5875102,0.35227,0.4374,-5.6886269162065104e-05,0.471,2,Not significant
D:\A_Research\A_doing_research\20250804_LLM_campus_restoration\shanghai\final_image\202212_114.2485962_22.597206699999997.png,202212,114.2485962,22.5972067,0.52488,0.47443,-0.016017472086040416,0.005,4,HL
D:\A_Research\A_doing_research\20250804_LLM_campus_restoration\shanghai\final_image\202212_114.2486637_22.5930944.png,202212,114.2486637,22.5930944,0.13025,0.64295,-0.16334041309689637,0.002,4,HL
D:\A_Research\A_doing_research\20250804_LLM_campus_restoration\shanghai\final_image\202212_114.2528768_22.592105399999994.png,202212,114.2528768,22.5921054,0.38452,0.45135,-0.0014514465769758574,0.003,4,HL
D:\A_Research\A_doing_research\20250804_LLM_campus_restoration\shanghai\final_image\202212_114.2544329_22.595808399999996.png,202212,114.2544329,22.5958084,0.38888,0.17,0.1252989123672535,0.031,3,LL
D:\A_Research\A_doing_research\20250804_LLM_campus_restoration\shanghai\final_image\202212_114.2606373_22.731686.png,202212,114.2606373,22.731686,0.30132,0.41526,0.0006823518764442442,0.472,3,Not significant
D:\A_Research\A_doing_research\20250804_LLM_campus_restoration\shanghai\final_image\202212_114.2643742_22.586968899999995.png,202212,114.2643742,22.5869689,0.52982,0.2717,0.0806235458108511,0.025,3,LL
D:\A_Research\A_doing_research\20250804_LLM_campus_restoration\shanghai\final_image\202212_114.266971_22.582969499999997.png,202212,114.266971,22.5829695,0.30588,0.4755,-0.016056014552957364,0.006,4,HL
D:\A_Research\A_doing_research\20250804_LLM_campus_restoration\shanghai\final_image\202212_114.3044076_22.602801.png,202212,114.3044076,22.602801,0.37608,0.55,-0.037288493575261185,0.093,4,Not significant
D:\A_Research\A_doing_research\20250804_LLM_campus_restoration\shanghai\final_image\202212_114.3161841_22.598858599999993.png,202212,114.3161841,22.5988586,0.30192,0.32724,0.040668197363847115,0.037,3,LL
