image_path,text
D:/A_Research/A_doing_research/20250804_LLM_campus_restoration/shanghai/test//201311_113.8327226_22.588928800000005.png,"This image taken in Shenzhen. This street view image shows a quiet road bordered by tall trees on the left and a low wall on the right. The wall features red painted characters, likely Chinese. The road is divided by a faded center line, suggesting light traffic. Shadows of vehicles and a person are visible in the foreground, implying the photo was taken from a moving car. The sky is clear and blue, and the surroundings convey a sense of calm. The trees create shade on one side, and there is greenery in the distance beyond the wall. It appears to be a rural or suburban area. The restorative indicator scores are:
- Being-away: 0.49643
- Coherence: 0.25129
- Scope: 0.09495
- Fascination: 0.07976
- Average Score: 0.23061"
D:/A_Research/A_doing_research/20250804_LLM_campus_restoration/shanghai/test//201311_113.83766518162263_22.641416403895732.png,"This image taken in Shenzhen. This street view image shows a wide highway surrounded by greenery and mountains in the distance, with a clear blue sky overhead. Large white Chinese characters are painted on the asphalt, marking lanes and directions. A green soundproof barrier runs along the road on one side, separating the highway from vegetation. There are a few vehicles, including cars and trucks, dispersed across the lanes. Lamp posts line both sides of the highway, and a metal overhead road sign structure is visible. The environment is clean and orderly, reflecting a spacious, open road typical of a suburban or semi-rural area. The restorative indicator scores are:
- Being-away: 0.07663
- Coherence: 0.73336
- Scope: 0.10201
- Fascination: 0.08990
- Average Score: 0.25048"
D:/A_Research/A_doing_research/20250804_LLM_campus_restoration/shanghai/test//201311_114.0367137_22.625328199999995.png,"This image taken in Shenzhen. This street view shows a residential area with apartment buildings on both sides, featuring green windows and balconies with hanging laundry. On the left, a small gated garden and villa can be seen. The street is lined with trees, creating a shaded atmosphere. Vehicles, including white cars and a parked silver truck, are visible. Few pedestrians, including a child in a stroller and individuals near a motorbike, add activity to the scene. Nearby fencing separates sidewalks from the road. The environment feels urban yet calm, with clean pavement and maintained greenery around the area. The restorative indicator scores are:
- Being-away: 0.67877
- Coherence: 0.80248
- Scope: 0.53111
- Fascination: 0.60553
- Average Score: 0.65447"
D:/A_Research/A_doing_research/20250804_LLM_campus_restoration/shanghai/test//201311_113.9022082_22.590201799999996.png,"This image taken in Shenzhen. This street view showcases a well-maintained multi-lane road bordered by greenery on both sides. A transparent noise barrier with a grid structure separates the road from a lush area with trees. Vehicles, including a white car and a red sedan, travel under bright sunlight beneath scattered clouds and a clear blue sky. The road markings are clearly visible, guiding traffic. Utility poles and a billboard structure stand in the distance. The environment blends urban infrastructure with natural green surroundings, creating a balanced and orderly scene. The restorative indicator scores are:
- Being-away: 0.08228
- Coherence: 0.11156
- Scope: 0.10714
- Fascination: 0.10662
- Average Score: 0.10190"
D:/A_Research/A_doing_research/20250804_LLM_campus_restoration/shanghai/test//201311_113.87865392033376_22.61317748414232.png,"This image taken in Shenzhen. This street view image shows a dual carriageway flanked by dense greenery on both sides, likely in a suburban or semi-rural area. The road is wide with multiple lanes, separated by a central divider with hedges and fencing. Several cars are visible traveling in both directions, including a black car in the foreground on the right. Lamp posts line the road, and the landscape features lush trees under a bright blue sky with scattered clouds. Mountains are visible in the distance, creating a scenic backdrop. The perspective suggests the image is captured from a vehicle on the road. The restorative indicator scores are:
- Being-away: 0.49730
- Coherence: 0.10541
- Scope: 0.43048
- Fascination: 0.09762
- Average Score: 0.28270"
D:/A_Research/A_doing_research/20250804_LLM_campus_restoration/shanghai/test//201311_113.9824091_22.594394199999996.png,"This image taken in Shenzhen. This street view shows a contrasting urban setting. On the left, there are gated premises with lush greenery and enclosed spaces. The pathway leads onward, flanked by dense vegetation, offering a feeling of nature. On the right, the view transitions to modern urban development with tall residential buildings, a cleared construction site, and a landscaped pathway. People are visible, providing a human element in the scene, adding vibrancy to the outdoor setting. The bright blue sky suggests good weather, highlighting the structures and natural surroundings. The perspective is dynamic, integrating both tranquility and bustling urban progress. The restorative indicator scores are:
- Being-away: 0.67928
- Coherence: 0.25109
- Scope: 0.63184
- Fascination: 0.73592
- Average Score: 0.57453"
D:/A_Research/A_doing_research/20250804_LLM_campus_restoration/shanghai/test//201311_113.97215286575438_22.599851368800312.png,"This image taken in Shenzhen. The street view image depicts a serene tree-lined urban road, flanked by red brick sidewalks on both sides. Tall green trees provide shade, with their dense foliage creating a lush and tranquil atmosphere. Metal fences enclose a wooded area, possibly a park, supplying a natural touch to the surroundings. The road is smooth and clean, marked with yellow striped dividers and traffic posts for safety. A white vehicle is visible ahead, and the setting feels organized and calm. The lack of heavy traffic signifies peace and simplicity, making this street ideal for walking or cycling in a verdant environment. The restorative indicator scores are:
- Being-away: 0.67931
- Coherence: 0.55498
- Scope: 0.63128
- Fascination: 0.41296
- Average Score: 0.56963"
D:/A_Research/A_doing_research/20250804_LLM_campus_restoration/shanghai/test//201311_113.9934635_22.605469299999996.png,"This image taken in Shenzhen. This street view captures a sunny rural or suburban area featuring a narrow paved road flanked by dense greenery and wire fencing on both sides. Yellow pedestrian crossing markings are visible on the left, while trees and bushes dominate the landscape. On the right side, a blue vehicle moves down the road, illuminated by streetlamps. In the background, faint silhouettes of buildings and distant mountains can be seen under a clear sky. The scene appears tranquil and minimally urbanized, with nature playing a significant role in shaping the environment. The restorative indicator scores are:
- Being-away: 0.59193
- Coherence: 0.11689
- Scope: 0.83836
- Fascination: 0.11465
- Average Score: 0.41546"
D:/A_Research/A_doing_research/20250804_LLM_campus_restoration/shanghai/test//201311_113.882861_22.6128348.png,"This image taken in Shenzhen. The image depicts a sunny street view surrounded by lush greenery featuring palm trees, manicured shrubs, and large trees. To the left, a white multi-story building displays signage in Chinese, while further left, another structure with a red roof stands. A clean asphalt road with marked lanes runs through, bordered by brick sidewalks. On the right, a fenced area, possibly sports courts, is visible alongside landscaped paths. The atmosphere appears serene, with clear skies and vibrant vegetation indicative of a well-maintained environment, possibly part of a campus or residential area. The vantage point suggests the perspective from a vehicle. The restorative indicator scores are:
- Being-away: 0.67907
- Coherence: 0.64278
- Scope: 0.32693
- Fascination: 0.73382
- Average Score: 0.59565"
D:/A_Research/A_doing_research/20250804_LLM_campus_restoration/shanghai/test//201311_114.07813510000001_22.5592236.png,"This image taken in Shenzhen. This image shows a lively intersection in an urban area with parked cars, pedestrians, and light traffic. Trees provide shade, lining both sides of the streets. The corner features shops with colorful signage, suggesting a commercial zone. A mix of residential and business settings is visible in the architecture. People are seen walking along the sidewalks, and the environment appears casual and bustling, typical of a city. The streets are clean and well-maintained, with yellow markings on the ground and crossings visible. The scene captures the atmosphere of daily life, with vehicles and pedestrians interacting harmoniously. The restorative indicator scores are:
- Being-away: 0.29302
- Coherence: 0.34804
- Scope: 0.43021
- Fascination: 0.73686
- Average Score: 0.45203"
D:/A_Research/A_doing_research/20250804_LLM_campus_restoration/shanghai/test//201311_114.16919617982792_22.62714279983004.png,"This image taken in Shenzhen. This street view image showcases a wide highway flanked by lush greenery and small hills under a bright blue sky with scattered clouds. The road, divided by a median with shrubs, features several lanes and is occupied by vehicles, including a visible orange car. To the left, sunlight filters through the trees, casting shadows across the pavement. The image captures a peaceful moment on the road, with open surroundings and a natural landscape creating a serene, scenic ambiance. Guardrails line the edges, ensuring safety, as the highway appears to stretch into the distance. The restorative indicator scores are:
- Being-away: 0.49593
- Coherence: 0.25463
- Scope: 0.32651
- Fascination: 0.11767
- Average Score: 0.29869"
D:/A_Research/A_doing_research/20250804_LLM_campus_restoration/shanghai/test//201311_114.1708255_22.6072058.png,"This image taken in Shenzhen. The street view shows a sunny urban area with residential buildings on the left and greenery on the right. Cars are parked along the roadside, and some vehicles are waiting at the intersection. A pedestrian crossing is visible, marked with signs. Trees provide shade on one side, and a cyclist rides along the sidewalk near the greenery. The scene features a mix of urban and rural elements, with utility poles lining the road and open land fenced off. The atmosphere appears calm, with scattered activity from pedestrians, cyclists, and vehicles. The restorative indicator scores are:
- Being-away: 0.59231
- Coherence: 0.25485
- Scope: 0.32675
- Fascination: 0.33733
- Average Score: 0.37781"
D:/A_Research/A_doing_research/20250804_LLM_campus_restoration/shanghai/test//201311_114.158799_22.6090681.png,"This image taken in Shenzhen. This street view image shows a wide-open intersection under a bright, sunny sky. On the left, there’s a large white building, likely a bus station or transport hub, with parked vehicles. A pedestrian and traffic signs are visible near trees that line the street. Billboards and greenery brighten the foreground, including a prominent advertisement with Chinese characters. To the right, buses, mid-rise buildings, palm trees, and distant hills create an urban yet scenic atmosphere. The perspective includes part of a yellow car hood at the bottom. The road is relatively empty with a few pedestrians dotted around the area. The restorative indicator scores are:
- Being-away: 0.09145
- Coherence: 0.34832
- Scope: 0.72335
- Fascination: 0.77476
- Average Score: 0.48447"
D:/A_Research/A_doing_research/20250804_LLM_campus_restoration/shanghai/test//201312_113.8235017_22.698809100000002.png,"This image taken in Shenzhen. This image depicts a busy urban street lined with mid-rise buildings hosting various shops and businesses with colorful signage. Cars, a small truck, and motorcycles navigate the road, which features a central divider and intersections. Trees provide partial shade along the sidewalk. Pedestrians can be seen walking and crossing the street, adding to the activity. The scene captures everyday life in a bustling commercial and residential area under clear, sunny skies. The restorative indicator scores are:
- Being-away: 0.09111
- Coherence: 0.25528
- Scope: 0.43002
- Fascination: 0.68818
- Average Score: 0.36615"
D:/A_Research/A_doing_research/20250804_LLM_campus_restoration/shanghai/test//201311_114.1832046_22.5984266.png,"This image taken in Shenzhen. The street view depicts a quiet neighborhood with wide roads surrounded by lush green trees providing ample shade. An orange vehicle is visible in the foreground, along with a parked blue truck and a white car driving away. A fenced area lines the sidewalk, and a few pedestrians, including a group gathered near the trees, add life to the scene. A vivid orange bus is seen in the distance, highlighting moderate vehicular activity. Sunlight filters through the canopy, creating shadow patterns on the road, and the scene portrays a calm urban environment, blending nature and infrastructure harmoniously. The restorative indicator scores are:
- Being-away: 0.39958
- Coherence: 0.25506
- Scope: 0.22495
- Fascination: 0.33780
- Average Score: 0.30435"
D:/A_Research/A_doing_research/20250804_LLM_campus_restoration/shanghai/test//201312_113.83443584337306_22.74126975401547.png,"This image taken in Shenzhen. This image shows a street view of an urban area with multiple mid-rise residential and commercial buildings. The architecture features simple concrete exteriors, with large windows and varied colors, including beige, pink, and yellow tones. Cars, vans, and motorcycles are parked or moving, indicating light traffic. A man drives a blue van, partially visible on the lower right corner. The street is wide, clean, and lined with small green hedges. Businesses with Chinese signs are visible on the ground floor of some buildings. The scene appears quiet and orderly, suggesting a residential neighborhood in a city, lit by soft sunlight. The restorative indicator scores are:
- Being-away: 0.09367
- Coherence: 0.55711
- Scope: 0.22448
- Fascination: 0.33796
- Average Score: 0.30330"
D:/A_Research/A_doing_research/20250804_LLM_campus_restoration/shanghai/test//201312_113.85777283738314_22.642709229323334.png,"This image taken in Shenzhen. The image displays a clean, paved street with a fork leading into two directions, surrounded by lush greenery and trees. On the left are buildings and a mountain in the distant background, highlighting a serene suburban or semi-rural setting. The center features a large tree and landscaped garden area enclosed by fencing. To the right, a yellow-roofed entrance gate stands, framed by large trees. The area is bright with sunlight filtering through the tree canopy. A parked car provides a foreground perspective. Overall, the scene is tranquil and well-maintained, blending urban architecture with natural elements. The restorative indicator scores are:
- Being-away: 0.49512
- Coherence: 0.46001
- Scope: 0.53298
- Fascination: 0.33856
- Average Score: 0.45667"
D:/A_Research/A_doing_research/20250804_LLM_campus_restoration/shanghai/test//201311_114.1331646_22.6036264.png,"This image taken in Shenzhen. The image depicts a sunny street lined with trees, creating a mix of light and shadows. To the left is a large building, possibly commercial or industrial, while the right side features smaller shops and stalls selling goods. Several red trucks are parked along the roadside, one displaying text, possibly business branding. A few pedestrians walk casually down the street. The scene feels calm and local, likely in a suburban or small commercial area. The trees offer shade, contributing to a tranquil atmosphere. The view shows a blend of urban infrastructure and outdoor market activity. The restorative indicator scores are:
- Being-away: 0.59272
- Coherence: 0.25326
- Scope: 0.32634
- Fascination: 0.73679
- Average Score: 0.47728"
D:/A_Research/A_doing_research/20250804_LLM_campus_restoration/shanghai/test//201312_113.876258209507_22.67064777876147.png,"This image taken in Shenzhen. This street view image shows a wide road surrounded by greenery, including well-maintained hedges, tropical trees, and lush vegetation. A central divider separates the two lanes of traffic, and there are vehicles such as a van and a blue truck driving on the road. Utility poles with electrical wires run alongside the street, and streetlights provide lighting. The sky is clear with a faint blue hue, and the overall setting suggests a warm, pleasant day. The area appears to be a suburban or semi-urban location with trees and open spaces dominating the scene. The restorative indicator scores are:
- Being-away: 0.39994
- Coherence: 0.10818
- Scope: 0.43075
- Fascination: 0.11159
- Average Score: 0.26261"
D:/A_Research/A_doing_research/20250804_LLM_campus_restoration/shanghai/test//201312_113.8374755_22.647390599999994.png,"This image taken in Shenzhen. This street view features a quiet intersection surrounded by greenery and trees. A blue truck is driving to the right, while a person on foot and another on a scooter are visible. A white building with a modern design is partially obscured by trees in the background. The pavement includes crosswalk markings, and the road appears to diverge into multiple paths. The environment feels peaceful, with sunlight filtering through the trees and well-maintained plant areas along the sidewalks. Palm trees are visible, suggesting a warm or tropical location. A vehicle roof is seen in the foreground, hinting this image was captured from a car. The restorative indicator scores are:
- Being-away: 0.68017
- Coherence: 0.34803
- Scope: 0.43055
- Fascination: 0.33828
- Average Score: 0.44926"
D:/A_Research/A_doing_research/20250804_LLM_campus_restoration/shanghai/test//201312_113.8844253_22.668941099999998.png,"This image taken in Shenzhen. This panorama depicts a busy urban street scene, likely in an Asian city. The area features multiple commercial buildings adorned with colorful signage, advertising businesses and services. Vehicles, including vans and motorcycles, dominate the road, suggesting bustling activity. A pedestrian is visible, walking toward the curb. Some vendors are stationed by the roadside, and scattered goods are displayed. The sky is mostly clear, hinting at daytime. The environment appears functional yet crowded, encapsulating the intersection of commerce, transit, and daily life in an urban setting. The restorative indicator scores are:
- Being-away: 0.09297
- Coherence: 0.11063
- Scope: 0.43071
- Fascination: 0.50693
- Average Score: 0.28531"
D:/A_Research/A_doing_research/20250804_LLM_campus_restoration/shanghai/test//201312_113.93289859477152_22.800449818195553.png,"This image taken in Shenzhen. The street view shows a wide, concrete road bordered by unfinished and older residential buildings. On the left, there are fully constructed apartments, while on the right, partially built structures and open areas suggest ongoing construction. A few trees line the road, providing sparse greenery. Electrical poles and wires are visible throughout, indicating urban infrastructure. The atmosphere feels quiet and mostly deserted except for a lone pedestrian on the right side. A small vehicle is partially visible in the foreground, adding a perspective element to the scene. The sky is clear and bright, radiating sunshine. The restorative indicator scores are:
- Being-away: 0.09289
- Coherence: 0.11164
- Scope: 0.72684
- Fascination: 0.11446
- Average Score: 0.26146"
D:/A_Research/A_doing_research/20250804_LLM_campus_restoration/shanghai/test//201312_113.89281280000002_22.556411099999995.png,"This image taken in Shenzhen. This street view showcases a tree-lined urban road under bright daylight. A pedestrian bridge is visible on the right, near a curved pathway. The road has marked lanes with railings separating pedestrians and traffic. Nearby, a cyclist rides along a shaded sidewalk, surrounded by trees. Some commercial buildings and signage are discernible behind the railing on the left side. The scene is generally quiet and orderly, indicating a well-maintained urban environment. The restorative indicator scores are:
- Being-away: 0.59414
- Coherence: 0.46029
- Scope: 0.53276
- Fascination: 0.77754
- Average Score: 0.59118"
D:/A_Research/A_doing_research/20250804_LLM_campus_restoration/shanghai/test//201312_113.9201526_22.757344299999996.png,"This image taken in Shenzhen. This image shows a wide, divided highway with clear lanes and sparse traffic. The environment is bright, with a clear blue sky and sunlight illuminating the road. On the right, a red truck and black car are visible near the roadside. Green grass, small trees, and shrubs adorn the sloped and landscaped median areas, with some overhead electrical power lines crossing above. To the left, a large building and more greenery surround the road. Streetlamps line both sides, and the scene presents a serene, well-maintained urban outskirts or suburban setting with open space and minimal congestion. The restorative indicator scores are:
- Being-away: 0.39967
- Coherence: 0.55758
- Scope: 0.53270
- Fascination: 0.11290
- Average Score: 0.40071"
D:/A_Research/A_doing_research/20250804_LLM_campus_restoration/shanghai/test//201312_113.94724641296688_22.762202944327534.png,"This image taken in Shenzhen. This street view image depicts a sunny urban scene with two roads diverging. The left road has a large truck driving by, while the right road is lined with trees and streetlights. On the left, there are construction materials visible near a site, including stacked bricks and fencing. Small shops with signs written in Chinese are seen, along with residential buildings in the background. The area appears calm, with minimal traffic. A few riders and cars can be seen using the road. Clean sidewalks with greenery and well-maintained trees add to the urban ambiance. The sky is clear and bright. The restorative indicator scores are:
- Being-away: 0.09608
- Coherence: 0.11325
- Scope: 0.53214
- Fascination: 0.11579
- Average Score: 0.21432"
D:/A_Research/A_doing_research/20250804_LLM_campus_restoration/shanghai/test//201312_113.96037321245348_22.71031364112373.png,"This image taken in Shenzhen. This street view shows a quiet urban setting with a wide, empty road flanked by industrial buildings and palm trees. The left side features shuttered storefronts, while the right side displays a clean concrete wall with air conditioning units above. The scene conveys a sunny, midday ambiance with sharp shadows cast by the trees. There appears to be minor graffiti on the wall, with a faded appearance. The road curves slightly in the distance, leading to more buildings. This is likely a commercial or industrial area with minimal pedestrian or vehicular activity. The restorative indicator scores are:
- Being-away: 0.09886
- Coherence: 0.11471
- Scope: 0.10112
- Fascination: 0.11837
- Average Score: 0.10827"
D:/A_Research/A_doing_research/20250804_LLM_campus_restoration/shanghai/test//201312_113.9569087_22.710923500000003.png,"This image taken in Shenzhen. This street view image depicts a multi-lane highway surrounded by greenery on both sides, with a clear sky above. To the left is a beige multi-story building, while further into the distance, cranes hint at construction activity. The road appears clean and has light traffic, with cars moving in both directions. Roadside barriers separate the lanes from the vegetation. A red emergency phone box is visible along the right side. The perspective suggests the image was taken from the top of a vehicle. The overall scene conveys urban development alongside natural greenery, combining infrastructure with environmental elements. The restorative indicator scores are:
- Being-away: 0.09752
- Coherence: 0.25233
- Scope: 0.53208
- Fascination: 0.11712
- Average Score: 0.24976"
D:/A_Research/A_doing_research/20250804_LLM_campus_restoration/shanghai/test//201312_113.9663157_22.5911024.png,"This image taken in Shenzhen. This street view captures an urban environment with a large, modern building on the left, characterized by glass windows and geometric shapes. Another structure is visible on the right, complemented by lush greenery and trees along the street. Cars and a beige bus are parked along the road, while some vehicles drive nearby. The road diverges, creating a fork leading to different pathways. The area is well-lit with streetlights, a clear sky overhead, and pedestrians absent in the image. Urban greenery blends harmoniously with concrete elements, giving the area a balanced feel of nature and development. The restorative indicator scores are:
- Being-away: 0.40026
- Coherence: 0.74095
- Scope: 0.22103
- Fascination: 0.25495
- Average Score: 0.40430"
D:/A_Research/A_doing_research/20250804_LLM_campus_restoration/shanghai/test//201312_113.9429058_22.681555399999997.png,"This image taken in Shenzhen. The image shows a busy urban street corner surrounded by multi-story buildings, likely in a Chinese city. There are various shops and businesses with colorful signage in Mandarin advertising convenience stores, restaurants, and other services. Vehicles, including cars, motorbikes, and a blue truck, are parked or moving through the area. To the left, there’s a bridge leading over a waterway, flanked by trees and a construction-like area. The street appears to be bustling but not overly crowded, with pedestrians visible near the shops. The atmosphere suggests a working-class neighborhood with small businesses catering to local residents. The restorative indicator scores are:
- Being-away: 0.09454
- Coherence: 0.25250
- Scope: 0.53221
- Fascination: 0.73919
- Average Score: 0.40461"
D:/A_Research/A_doing_research/20250804_LLM_campus_restoration/shanghai/test//201312_113.98020260000001_22.706513.png,"This image taken in Shenzhen. This street view image depicts a sunny, open area with scattered development. On the left, there are trees and sparse vegetation alongside a sidewalk. In the center, a hilly, grassy section is seen with a few slopes and industrial structures. On the right, a large, modern multi-story building with multiple windows and fencing appears. Wide streets with yellow lane markings frame the scene. Blue skies with scattered clouds dominate the background, creating a bright atmosphere. Overall, the area blends elements of nature, urban development, and construction. The restorative indicator scores are:
- Being-away: 0.09886
- Coherence: 0.11617
- Scope: 0.72838
- Fascination: 0.12023
- Average Score: 0.26591"
D:/A_Research/A_doing_research/20250804_LLM_campus_restoration/shanghai/test//201312_114.02460795663488_22.690583366445924.png,"This image taken in Shenzhen. This image depicts a bright urban street with clear skies. Multiple low-rise buildings line the road, featuring stores and businesses with colorful signs. A fenced property sits to the foreground with greenery, while the street leads into intersections on both sides. Vehicles and trees are visible throughout the scene, with power lines running overhead. The area appears lively with pedestrians and parked cars, offering a mix of residential and commercial vibes. A shadow from the camera setup is cast on the bottom center of the image, emphasizing its street-view format. The setting reflects a typical urban suburban locality. The restorative indicator scores are:
- Being-away: 0.10003
- Coherence: 0.34920
- Scope: 0.53172
- Fascination: 0.33895
- Average Score: 0.32998"
D:/A_Research/A_doing_research/20250804_LLM_campus_restoration/shanghai/test//201312_114.1465315_22.64902.png,"This image taken in Shenzhen. This street view depicts a wide roadway under bright sunny weather, surrounded by urban and semi-green spaces. A yellow vehicle is partially visible in the foreground, indicating the perspective from a driver’s view. On the left, there’s a fenced area and buildings in the distance. On the right, more greenery and structures are visible, including a large, elevated banner or sign supported by white poles. Vehicles drive on both sides, along with a visible white pickup truck and traffic cones near a building. The scene suggests a relatively quiet, spacious road that is part of a commercial or suburban area. The restorative indicator scores are:
- Being-away: 0.10114
- Coherence: 0.46108
- Scope: 0.53166
- Fascination: 0.25558
- Average Score: 0.33736"
D:/A_Research/A_doing_research/20250804_LLM_campus_restoration/shanghai/test//201312_114.1675356_22.644914899999993.png,"This image taken in Shenzhen. The street view shows a divided road with a yield sign at an intersection. To the left are bushes and a tiled pedestrian walkway bordered by greenery. To the right is a tall concrete wall with modern residential buildings seen above it. The road appears clean, with clear lane markings and streetlights lining both sides. A red car hood is noticeable at the bottom foreground. The sky is clear, indicating a sunny day. In the distance, there is an overpass connecting the roads, with more buildings visible in the background, giving the area an urban atmosphere. The restorative indicator scores are:
- Being-away: 0.78440
- Coherence: 0.34955
- Scope: 0.63681
- Fascination: 0.33898
- Average Score: 0.52743"
D:/A_Research/A_doing_research/20250804_LLM_campus_restoration/shanghai/test//201312_114.15496564402403_22.68774104495292.png,"This image taken in Shenzhen. The image shows a wide street with two lanes on each side, separated by a landscaped median with greenery and trees. On the left, a pink and beige multi-story building stands next to a construction site surrounded by blue fencing. On the right, another modern building is visible, flanked by trees and greenery. A few vehicles are visible on the road, and the shadows indicate clear sunny weather. Power lines run across the top, and the area appears urban with scattered vegetation along the roadside. The view is captured from a vehicle, adding perspective to the scene. The restorative indicator scores are:
- Being-away: 0.10219
- Coherence: 0.25136
- Scope: 0.22096
- Fascination: 0.25602
- Average Score: 0.20763"
D:/A_Research/A_doing_research/20250804_LLM_campus_restoration/shanghai/test//201312_114.2010636_22.665965500000006.png,"This image taken in Shenzhen. This street view image shows a multi-lane highway on a sunny day, surrounded by greenery and hills in the distance. The road is well-maintained with clear lane markings and separated by guardrails. On the left are trees and vegetation, while buildings, likely part of a larger complex, are visible further back on the right. A billboard is present on the left side, showcasing text and images, though it is not clearly legible. Cars are sparsely driving along the road. The view from the vehicle hood indicates the perspective is shot from a vehicle, possibly using a 360-degree camera. The restorative indicator scores are:
- Being-away: 0.10435
- Coherence: 0.46213
- Scope: 0.72922
- Fascination: 0.11806
- Average Score: 0.35344"
D:/A_Research/A_doing_research/20250804_LLM_campus_restoration/shanghai/test//201312_114.1943834_22.631455699999997.png,"This image taken in Shenzhen. This street view image shows a wide intersection with multiple lanes and well-maintained road markings. To the left, there are a few buildings, including residential and commercial structures. To the right, a small hill covered with greenery is visible, along with signs and railings lining the road. Overhead power lines stretch across the space, supported by tall pylons. A silver van is driving through the intersection, while a red vehicle’s hood is visible in the foreground. The sky is clear and bright, indicating daytime. The surroundings suggest a suburban or semi-urban environment with light traffic. The restorative indicator scores are:
- Being-away: 0.10344
- Coherence: 0.25177
- Scope: 0.32170
- Fascination: 0.25543
- Average Score: 0.23308"
D:/A_Research/A_doing_research/20250804_LLM_campus_restoration/shanghai/test//201312_114.2148053_22.727966299999995.png,"This image taken in Shenzhen. This image depicts a bright urban street scene under a clear blue sky. On the left side are commercial buildings with colorful advertising banners in Chinese, likely indicating a shopping area. To the right are residential or institutional buildings surrounded by greenery and fenced areas. The street is broad, divided into two sections, with sparse vehicular traffic and parking. There’s a small white security booth visible at the junction. Pedestrian sidewalks line the road, marked with crosswalks. Overall, it portrays a quiet and orderly environment with a mix of commercial and residential facilities. The restorative indicator scores are:
- Being-away: 0.40125
- Coherence: 0.55834
- Scope: 0.22168
- Fascination: 0.25558
- Average Score: 0.35921"
D:/A_Research/A_doing_research/20250804_LLM_campus_restoration/shanghai/test//201312_114.19316369793675_22.635618175979587.png,"This image taken in Shenzhen. The street view showcases a sunny, tree-lined urban road flanked by white buildings with blue windows and red detailing. A low concrete wall runs along the right side, separating the sidewalk from the buildings. Several pedestrians and cyclists move along the road and sidewalks, creating a lively atmosphere. The trees on both sides cast light and shadow patterns across the pavement, adding depth and texture to the scene. The front of a vehicle, possibly orange, is partially visible at the bottom, suggesting the perspective is from a car. The setting appears calm and suburban. The restorative indicator scores are:
- Being-away: 0.49490
- Coherence: 0.25169
- Scope: 0.22137
- Fascination: 0.60812
- Average Score: 0.39402"
D:/A_Research/A_doing_research/20250804_LLM_campus_restoration/shanghai/test//201312_114.18655560000002_22.637104.png,"This image taken in Shenzhen. This street view depicts a busy urban area lined with multi-story buildings, shops, and stores. The road features vehicles parked along the sides and pedestrians walking on the sidewalks. Signs with Chinese characters indicate its location is likely in China. The environment includes utility poles, storefronts selling groceries, textiles, and other goods, as well as eateries. Vibrant banners and advertisements add color to the scene, complemented by a clear blue sky above. There are visible intersections and fences, suggesting a functional city layout. The perspective from a vehicle hood provides a real-time street experience. The area looks lively and bustling. The restorative indicator scores are:
- Being-away: 0.10314
- Coherence: 0.25163
- Scope: 0.22116
- Fascination: 0.41395
- Average Score: 0.24747"
D:/A_Research/A_doing_research/20250804_LLM_campus_restoration/shanghai/test//201312_114.22741642663604_22.6742870331036.png,"This image taken in Shenzhen. This street view image shows a two-lane road bordered by concrete retaining walls with vegetation above. The road is divided by a median, featuring metal railings and sparse greenery. Cars, including a white van and an orange vehicle, are driving along the street. On the right, trees and buildings are visible in the distance, while streetlights and overhead utility cables line the roadway. The overall lighting suggests a sunny day with clear, blue skies. There is a sense of urban planning with organized landscaping and well-maintained infrastructure, blending natural elements with urban surroundings. The restorative indicator scores are:
- Being-away: 0.40142
- Coherence: 0.46257
- Scope: 0.43264
- Fascination: 0.11887
- Average Score: 0.35388"
D:/A_Research/A_doing_research/20250804_LLM_campus_restoration/shanghai/test//201312_114.23760175466754_22.742406490495853.png,"This image taken in Shenzhen. The street view image showcases an urban area with low-rise apartment buildings on both sides, featuring beige and pink facades. The road is wide and largely empty, except for a few parked cars, a yellow vehicle in the foreground, and a blue truck on the right. Some shuttered commercial garages and construction materials are visible. The surroundings appear partially underdeveloped, with patches of dirt, unpaved areas, and scattered vegetation. The scene is brightly lit by the sun, indicating daytime. A mix of residential and commercial usage is evident, suggesting this could be a developing neighborhood. The restorative indicator scores are:
- Being-away: 0.10365
- Coherence: 0.46275
- Scope: 0.22111
- Fascination: 0.25553
- Average Score: 0.26076"
D:/A_Research/A_doing_research/20250804_LLM_campus_restoration/shanghai/test//201312_114.2280303_22.6858936.png,"This image taken in Shenzhen. The image depicts a wide street or highway surrounded by greenery and hills, likely in a rural or suburban area. Cars, including trucks, are visible on the road, while power lines stretch across the sky. Billboards in Chinese advertise various services or products on either side, contributing to a commercial feel. A few structures are present near the road, possibly toll booths or small shops. The scene feels quiet and spacious under a clear blue sky, with shadows suggesting sunlight coming from an angle. There is a sense of organization with marked lanes and barriers on the road. The restorative indicator scores are:
- Being-away: 0.29012
- Coherence: 0.11195
- Scope: 0.10047
- Fascination: 0.11973
- Average Score: 0.15557"
D:/A_Research/A_doing_research/20250804_LLM_campus_restoration/shanghai/test//201312_114.2380314_22.670535799999996.png,"This image taken in Shenzhen. The image depicts a busy street with trucks and cars traveling on a broad road under clear blue skies. On the left side, a pedestrian crossing leads towards buildings and foliage, suggesting an urban area. The right side features greenery enclosed by white fencing, with a small dirt pathway visible. A parked truck and a vehicle in motion are noticeable, along with people inside a white truck wearing vivid orange shirts. The composition blends urban infrastructure and natural greenery, framed by distant hills in the background. Traffic lights and streetlights stand throughout the scene, indicating structured traffic flow. The restorative indicator scores are:
- Being-away: 0.29012
- Coherence: 0.34939
- Scope: 0.32171
- Fascination: 0.12043
- Average Score: 0.27041"
D:/A_Research/A_doing_research/20250804_LLM_campus_restoration/shanghai/test//201312_114.26495182895304_22.709595012731427.png,"This image taken in Shenzhen. This image depicts a wide street view of a multi-lane roadway on a sunny day. Vehicles, including cars, vans, and trucks, are traveling in both directions, separated by a barrier. To the left are green trees and foliage on slight elevation, while to the right are buildings, vegetation, and powerlines. The scene suggests a suburban area with a mix of urban and natural elements. Road signs near the right lane further indicate traffic guidance. Sunlight brightens the scene, with clear skies overhead, and shadows cast by some vehicles are visible on the pavement. The restorative indicator scores are:
- Being-away: 0.10546
- Coherence: 0.24921
- Scope: 0.53259
- Fascination: 0.12199
- Average Score: 0.25231"
D:/A_Research/A_doing_research/20250804_LLM_campus_restoration/shanghai/test//201312_114.30084265157338_22.721674421737674.png,"This image taken in Shenzhen. The image shows a wide, multi-lane road bridge under a clear blue sky on a sunny day. Vehicles, including cars and trucks, are traveling in both directions. The left side features buildings and power lines, while the right side displays more urban structures along with green spaces. A guardrail runs along the sides of the road, separating traffic from the edge. Billboard advertisements are visible in the distance. The road appears clean and well-maintained, with moderate traffic. Trees and sparse vegetation add a touch of greenery, and distant hills are faintly visible near the horizon, complementing the bustling urban setting. The restorative indicator scores are:
- Being-away: 0.10759
- Coherence: 0.55930
- Scope: 0.63852
- Fascination: 0.12145
- Average Score: 0.35672"
D:/A_Research/A_doing_research/20250804_LLM_campus_restoration/shanghai/test//201312_114.2637641_22.694024.png,"This image taken in Shenzhen. The image depicts a semi-urban street view with an under-construction area. Prominent elements include an overpass, dirt roads, and piles of debris. High-rise buildings are visible on both sides, some wrapped in green scaffolding indicating ongoing construction. To the left, a fenced boundary separates the road from construction materials, while to the right, small greenery lines the area. Billboard signs and vehicles are present, suggesting activity and transition in infrastructure development. The orange vehicle hood in the foreground indicates the perspective of the shot. Overall, the image portrays a modern but evolving urban landscape. The restorative indicator scores are:
- Being-away: 0.10469
- Coherence: 0.11164
- Scope: 0.43294
- Fascination: 0.12123
- Average Score: 0.19262"
D:/A_Research/A_doing_research/20250804_LLM_campus_restoration/shanghai/test//201312_114.3081115_22.7803939.png,"This image taken in Shenzhen. The image depicts an urban street intersection on a sunny day, featuring wide roads with marked lanes, traffic signals, and crosswalks. Surrounding the intersection are multi-story buildings, including commercial establishments with glass facades and residential structures. There are metal pedestrian railings along the sidewalks and some small trees for landscaping. A yellow vehicle is partially visible in the foreground, along with a black and white car in the distance. The overall area appears clean and spacious, with sparse traffic and clear skies. The restorative indicator scores are:
- Being-away: 0.28979
- Coherence: 0.55927
- Scope: 0.73048
- Fascination: 0.33927
- Average Score: 0.47970"
D:/A_Research/A_doing_research/20250804_LLM_campus_restoration/shanghai/test//201312_114.297774_22.668009000000005.png,"This image taken in Shenzhen. The image depicts a wide street at a crossroads, surrounded by buildings, trees, and palm trees under a clear, blue sky. Several pedestrians are walking or cycling along the pavement and road, while small shops and structures line the street. Flags are displayed near a building on the left, with a gated entrance visible. Power lines stretch across the scene, and traffic signs indicate regulations. A red vehicle appears in the foreground, suggesting the perspective is captured from its roof. The area has an urban-industrial atmosphere combined with greenery, creating a moderately bustling yet orderly environment. The restorative indicator scores are:
- Being-away: 0.10690
- Coherence: 0.34938
- Scope: 0.43301
- Fascination: 0.33928
- Average Score: 0.30714"
D:/A_Research/A_doing_research/20250804_LLM_campus_restoration/shanghai/test//201312_114.2829641_22.722505.png,"This image taken in Shenzhen. This street view depicts a busy urban intersection under a clear blue sky, surrounded by low-rise buildings and palm trees lining the sidewalks. On the left are shops and commercial spaces with visible signage, while on the right, slightly taller residential and retail buildings dominate. Vehicles, including white vans and small trucks, are parked or moving through the roads, with one motorcycle visible. The streets are clean, with crosswalks, traffic lights, and well-paved roads. A shadow of the vehicle suggests this image was captured from a moving car. The scene appears to be lively yet moderately busy. The restorative indicator scores are:
- Being-away: 0.10619
- Coherence: 0.64991
- Scope: 0.79185
- Fascination: 0.50875
- Average Score: 0.51418"
D:/A_Research/A_doing_research/20250804_LLM_campus_restoration/shanghai/test//201312_114.3024738_22.713602799999997.png,"This image taken in Shenzhen. The image depicts a busy urban street at an intersection with vehicles, including trucks, vans, and cars, parked or moving. Surrounding the street are mid-rise commercial and residential buildings, some featuring storefronts and signage in Chinese characters. The area is lined with greenery and trees. Visible power lines and a clear, sunny sky indicate daytime. A red vehicle with the hood in frame suggests the perspective is from another vehicle on the road. Shops, pedestrians, and a variety of vehicles convey an active urban environment. The restorative indicator scores are:
- Being-away: 0.28970
- Coherence: 0.46268
- Scope: 0.22026
- Fascination: 0.60842
- Average Score: 0.39526"
D:/A_Research/A_doing_research/20250804_LLM_campus_restoration/shanghai/test//201312_114.30882777640898_22.732776127722143.png,"This image taken in Shenzhen. The street view image captures a dual-lane concrete road flanked by metal guardrails. Trees and lush greenery line both sides, providing a natural backdrop alongside industrial buildings. Vehicles, including a blue truck and a black car, are present, with construction cones marking a maintenance zone on the right-hand side. The sky is clear with scattered clouds, creating a bright and sunny atmosphere. In the distance, the road extends straight towards the horizon, creating a sense of depth. Urban structures are visible amidst the greenery, blending nature and city life seamlessly. A parked white vehicle is partially visible in the foreground. The restorative indicator scores are:
- Being-away: 0.40156
- Coherence: 0.24829
- Scope: 0.43288
- Fascination: 0.25490
- Average Score: 0.33441"
D:/A_Research/A_doing_research/20250804_LLM_campus_restoration/shanghai/test//201312_114.31522844727854_22.755518967676593.png,"This image taken in Shenzhen. This panoramic street view image shows a concrete highway running through a hilly, greenery-filled landscape under a partly cloudy sky. On the left, dense vegetation lines the road, while on the right, a similar lush landscape is visible beyond the road barriers. Vehicles, including a truck, are seen driving along the highway, indicating moderate activity. The edges of the road feature guardrails, ensuring safety. A car hood visible at the bottom suggests the photograph is taken from a moving vehicle. The scenery is serene, blending modern infrastructure with natural beauty. The restorative indicator scores are:
- Being-away: 0.49691
- Coherence: 0.11024
- Scope: 0.79283
- Fascination: 0.12153
- Average Score: 0.38038"
D:/A_Research/A_doing_research/20250804_LLM_campus_restoration/shanghai/test//201312_114.3115919864939_22.782113155236605.png,"This image taken in Shenzhen. This street view shows a wide, multi-lane road under a bright blue sky. The road is divided by a median filled with greenery, including trees and shrubs. Tall streetlights line both sides of the road, providing symmetry. On the left, buildings with modern architecture are visible in the distance, while on the right, a white complex surrounded by greenery can be seen. Shadows of trees stretch across the road, indicating a sunny day. The view appears to be taken from a vehicle, with part of its yellow hood visible at the bottom foreground. A pedestrian overpass is visible ahead. The restorative indicator scores are:
- Being-away: 0.40170
- Coherence: 0.55932
- Scope: 0.53203
- Fascination: 0.12086
- Average Score: 0.40348"
D:/A_Research/A_doing_research/20250804_LLM_campus_restoration/shanghai/test//201312_114.32047496065323_22.79014665066662.png,"This image taken in Shenzhen. This street view image depicts a quiet urban area with narrow concrete roads and low-rise buildings. The central focus is a corner shop advertising ""Jia Le You Convenient Store"" with green rolling shutters. Some individuals are visible on the street, along with a parked white car on the left. The surrounding buildings appear utilitarian, with simple architectural designs. Utility poles and wires crisscross above, hinting at a modest infrastructure. A bright blue sky and scattered trees add vibrancy to the scene, contrasting the muted tones of the buildings. The road branches into two directions, leading to more residential or commercial areas. The restorative indicator scores are:
- Being-away: 0.40204
- Coherence: 0.11133
- Scope: 0.21984
- Fascination: 0.33955
- Average Score: 0.26819"
D:/A_Research/A_doing_research/20250804_LLM_campus_restoration/shanghai/test//201312_114.3210375_22.764714699999995.png,"This image taken in Shenzhen. This street view image captures a wide, multi-lane highway on a sunny day with scattered clouds. The road is divided by a concrete barrier, separating opposing traffic directions. Trees and greenery line both sides, giving the scene a suburban or semi-rural atmosphere. A large bus and a few cars are visible driving. Road markings, including yellow lines and white lane dividers, are clearly seen on the smooth pavement. In the distance, road signs appear, likely indicating directions or exits. The image suggests a quiet moment, with minimal traffic and clear visibility of the horizon. The restorative indicator scores are:
- Being-away: 0.28981
- Coherence: 0.24758
- Scope: 0.53189
- Fascination: 0.12126
- Average Score: 0.29763"
D:/A_Research/A_doing_research/20250804_LLM_campus_restoration/shanghai/test//201312_114.3289824_22.6672359.png,"This image taken in Shenzhen. This street view showcases a rural area with intersecting roads surrounded by abundant vegetation. On the left is a dirt road leading into an open, slightly hilly area, while the road to the right is paved and curves toward power infrastructure. Electrical towers and a substation dominate the right side of the image, contrasting with the greenery. A sedan is visible approaching on the paved road, while the foreground captures the hood of a vehicle. The setting highlights a mix of nature and industrial development under a clear, sunny sky. The restorative indicator scores are:
- Being-away: 0.40206
- Coherence: 0.11217
- Scope: 0.09915
- Fascination: 0.12189
- Average Score: 0.18382"
D:/A_Research/A_doing_research/20250804_LLM_campus_restoration/shanghai/test//201312_114.3589352_22.74361039999999.png,"This image taken in Shenzhen. This street view depicts a highway with multiple lanes and clear lane markings under a sunny, blue sky. The road splits into two main directions, bordered by concrete barriers. On the right, there is a turquoise building with several windows, along with smaller structures in the distance. Surrounding the area are green hills and scattered trees, providing a mix of urban and natural scenery. The zone appears calm with minimal traffic. The image conveys a wide, open road ideal for travel. Visible in the foreground is part of a vehicle's hood, emphasizing a driver's perspective. The restorative indicator scores are:
- Being-away: 0.10424
- Coherence: 0.65054
- Scope: 0.53193
- Fascination: 0.12235
- Average Score: 0.35227"
D:/A_Research/A_doing_research/20250804_LLM_campus_restoration/shanghai/test//201312_114.34766130644998_22.7063972838596.png,"This image taken in Shenzhen. The street view depicts a shaded, tree-lined urban road with sunlight filtering through tall trees. To the left, a silver car moves along the street, while the sidewalks are surrounded by dense greenery and trees. A building, possibly residential or institutional, stands behind a wall covered with vegetation on the left side. On the right side are palm trees and a red brick structure, suggesting a private property or another facility. The atmosphere feels calm and orderly under the clear blue sky, with minimal traffic and long shadows indicating the photograph was taken earlier or later in the day. The restorative indicator scores are:
- Being-away: 0.68616
- Coherence: 0.65051
- Scope: 0.21965
- Fascination: 0.25456
- Average Score: 0.45272"
D:/A_Research/A_doing_research/20250804_LLM_campus_restoration/shanghai/test//201312_114.36616_22.6108985.png,"This image taken in Shenzhen. The street view captures a curving road surrounded by lush greenery on both sides, with trees casting shadows on the pavement. A metal guardrail lines the road for safety, and a yellow centerline indicates a two-way lane. A parked white car is visible to the right near an open area with bushes and forested scenery. The clear blue sky suggests a sunny day, and the environment has a serene, semi-rural vibe. Buildings or structures are partially obscured by foliage, blending into the natural surroundings. The perspective hints at an elevated, hilly landscape perfect for scenic drives. The restorative indicator scores are:
- Being-away: 0.75299
- Coherence: 0.24727
- Scope: 0.43380
- Fascination: 0.33992
- Average Score: 0.44350"
D:/A_Research/A_doing_research/20250804_LLM_campus_restoration/shanghai/test//201312_114.3839314_22.616090400000004.png,"This image taken in Shenzhen. This street view image showcases a sunny day with clear skies, surrounded by greenery and trees. The scene includes a wide road with marked lanes leading to a gated entrance with an orange archway (possibly for a complex or institution). Adjacent to the road are pedestrian paths, safety barriers, and signage. Additionally, buildings are visible surrounded by landscaped gardens and slopes with palm trees, suggesting an organized and clean environment. The restorative indicator scores are:
- Being-away: 0.68771
- Coherence: 0.55990
- Scope: 0.43370
- Fascination: 0.51057
- Average Score: 0.54797"
D:/A_Research/A_doing_research/20250804_LLM_campus_restoration/shanghai/test//201312_114.38093593859112_22.72336363860997.png,"This image taken in Shenzhen. This is a spacious, urban street view featuring a divided road flanked by trees and sidewalks. On the right, there's ongoing construction with green scaffolding around tall buildings. A cyclist is visible on the left roadway, and the central median has bushes and trees, adding greenery to the scene. The sky is clear and bright blue, suggesting sunny weather. Streetlights line both sides of the road, while traffic barriers separate lanes, ensuring safety. Cars are partially visible at the bottom of the image, giving a perspective of movement and activity on the road. The restorative indicator scores are:
- Being-away: 0.49649
- Coherence: 0.65055
- Scope: 0.32016
- Fascination: 0.41506
- Average Score: 0.47056"
D:/A_Research/A_doing_research/20250804_LLM_campus_restoration/shanghai/test//201312_114.4226865_22.63003519999999.png,"This image taken in Shenzhen. This street view captures a wide road bordered by trees and fenced sidewalks. To the left, a park or green space appears, with parked cars visible. On the right, several buildings and businesses line the road. A traffic sign in Chinese warns about road construction ahead. The intersection includes pedestrian islands and railings for safety. Vehicles are sparse, and people can be seen cycling and walking. Overhead wires run parallel to the road, while traffic flows smoothly under a clear blue sky, creating a peaceful urban atmosphere. The restorative indicator scores are:
- Being-away: 0.78635
- Coherence: 0.65042
- Scope: 0.21890
- Fascination: 0.12197
- Average Score: 0.44441"
D:/A_Research/A_doing_research/20250804_LLM_campus_restoration/shanghai/test//201312_114.3994517_22.718462399999993.png,"This image taken in Shenzhen. This street view image displays a wide, paved roadway under a clear blue sky. The road diverges into two paths: one straight ahead and another curving slightly to the right. Sparse vegetation, including small trees and shrubs, lines both sides, with a fenced area visible on the right. A few construction cranes are seen in the background, suggesting urban development. Structures such as buildings, small shelters, and a signboard are interspersed across the scene. Streetlights are uniformly spaced along the road, which appears calm and relatively empty. The perspective highlights an expansive, open environment transitioning toward urban settings. The restorative indicator scores are:
- Being-away: 0.40199
- Coherence: 0.11252
- Scope: 0.63974
- Fascination: 0.12155
- Average Score: 0.31895"
D:/A_Research/A_doing_research/20250804_LLM_campus_restoration/shanghai/test//201312_114.4100365_22.6964255.png,"This image taken in Shenzhen. The image captures a semi-rural street scene with a wide paved road splitting into two directions. Sparse greenery lines the roadside, including trimmed hedges and trees. A person is seen sitting on the right foreground, behind a white car. Power lines run along both sides of the street, with utility poles visible. A small dirt pathway leads off to the left, bordered by grassy terrain. In the distance, modest buildings are visible, with mountains providing a serene backdrop under a bright blue sky. The streets are relatively quiet with minimal traffic, including a truck and motorbike. The restorative indicator scores are:
- Being-away: 0.59988
- Coherence: 0.11348
- Scope: 0.63978
- Fascination: 0.25330
- Average Score: 0.40161"
D:/A_Research/A_doing_research/20250804_LLM_campus_restoration/shanghai/test//201312_114.4500566_22.596177499999992.png,"This image taken in Shenzhen. The image shows a recently constructed road surrounded by greenery and hills under a clear, sunny sky. Vehicles, including a car and a truck, are traveling or parked along the road. Construction materials and workers are visible, indicating ongoing roadwork or landscaping. Road signs, painted lane markers, and an intersection are present. A bridge in the distance crosses over a green area, connecting higher terrain. The scene reflects development in a natural, mountainous environment while maintaining a peaceful atmosphere. The restorative indicator scores are:
- Being-away: 0.40154
- Coherence: 0.11301
- Scope: 0.31964
- Fascination: 0.25328
- Average Score: 0.27187"
D:/A_Research/A_doing_research/20250804_LLM_campus_restoration/shanghai/test//201312_114.42792634826039_22.627361865481564.png,"This image taken in Shenzhen. This panoramic street view showcases an industrial or suburban area under construction. It features wide, paved roads with minimal traffic and lined with streetlights. To the left and right are buildings, some partially constructed and covered in green scaffolding. A crane towers over the scene, indicating ongoing construction. Bushes and small grassy patches line the sidewalks, adding a touch of greenery. The background reveals mountain peaks under a clear blue sky, enhancing the spacious and serene visual appeal. The roads, bordered by construction zones and finished buildings, appear clean and orderly. The restorative indicator scores are:
- Being-away: 0.10346
- Coherence: 0.46197
- Scope: 0.53249
- Fascination: 0.25329
- Average Score: 0.33780"
D:/A_Research/A_doing_research/20250804_LLM_campus_restoration/shanghai/test//201312_114.4766241_22.591292899999996.png,"This image taken in Shenzhen. This street view captures a sunny urban intersection with clear skies. The scene includes a mix of vehicles such as cars, motorbikes, and a bright orange bus traveling through the wide roads. Pedestrian crossings and traffic signs are visible, enhancing the organized design of the area. Trees line the streets on both sides, alongside a mix of residential and commercial buildings, one of which is multi-storied with advertisements on the facade. A mountainous landscape is faintly visible in the distance, contributing to the scenic surroundings. The atmosphere feels calm and typical of a low-traffic urban setting. The restorative indicator scores are:
- Being-away: 0.10317
- Coherence: 0.74704
- Scope: 0.43319
- Fascination: 0.25348
- Average Score: 0.38422"
D:/A_Research/A_doing_research/20250804_LLM_campus_restoration/shanghai/test//201312_114.47875850000001_22.553592399999996.png,"This image taken in Shenzhen. This street view shows a wide, sunny road lined with buildings, greenery, and mountains in the background. The road is divided by a yellow grid marking and pedestrian crosswalks. On the left, there are commercial buildings, including stores and signage, while on the right, a fenced walkway leads to open spaces, trees, and a large white building. Streetlights and guardrails run along both sides, with minimal traffic and clear skies creating a peaceful atmosphere. Palms and greenery add vibrancy to the scene, while the road appears clean and well-maintained, blending urban and natural landscapes seamlessly. The restorative indicator scores are:
- Being-away: 0.40173
- Coherence: 0.55985
- Scope: 0.64055
- Fascination: 0.41641
- Average Score: 0.50463"
D:/A_Research/A_doing_research/20250804_LLM_campus_restoration/shanghai/test//201312_114.44753853438388_22.59878176472855.png,"This image taken in Shenzhen. The image depicts a sunny, two-lane road surrounded by greenery and hills in a scenic rural area. Trees line both sides of the roadway, with a clear blue sky above. Metal guardrails separate the lanes, and streetlights are visible. The road stretches into the distance, curving slightly with mountains in the backdrop. In the foreground, part of a yellow vehicle is visible, along with its shadow cast on the pavement. The environment feels peaceful and natural, with a mix of untouched nature and human infrastructure elements, such as the paved road and barriers. The area seems ideal for a relaxed drive. The restorative indicator scores are:
- Being-away: 0.68787
- Coherence: 0.34716
- Scope: 0.73267
- Fascination: 0.12238
- Average Score: 0.47252"
D:/A_Research/A_doing_research/20250804_LLM_campus_restoration/shanghai/test//201312_114.4840805_22.53794989999999.png,"This image taken in Shenzhen. This street view image showcases a quiet urban roadway with minimal traffic. On the left, cars travel along a street marked with prominent yellow road lines. A wall displays large blue signs with white Chinese characters, promoting fire safety. Decorative railings top the wall, and behind it are residential buildings surrounded by greenery. The right side features an open, paved area with a parked vehicle and a fenced construction site bordered by blue panels. The sky is clear and sunny, with tall streetlights lining both sides of the road. The overall scene depicts a mix of residential, urban, and construction spaces. The restorative indicator scores are:
- Being-away: 0.10299
- Coherence: 0.65123
- Scope: 0.21858
- Fascination: 0.12233
- Average Score: 0.27378"
D:/A_Research/A_doing_research/20250804_LLM_campus_restoration/shanghai/test//201312_114.5101182_22.53470929999999.png,"This image taken in Shenzhen. The street view image shows a sunny day with clear skies in a rural or suburban area. There are concrete roads, surrounded by trees on both sides, providing a green and tranquil setting. A red banner with Chinese text is displayed prominently among the trees, advocating fire safety. A car, motorcycle, and pedestrian zebra crossings are visible, suggesting moderate traffic use. Buildings and small establishments can be seen in the background. The area has a laid-back atmosphere, with distant hills providing scenic views, contributing to the serene environment. The image captures a blend of nature and infrastructure harmoniously. The restorative indicator scores are:
- Being-away: 0.60069
- Coherence: 0.24558
- Scope: 0.53292
- Fascination: 0.51121
- Average Score: 0.47260"
D:/A_Research/A_doing_research/20250804_LLM_campus_restoration/shanghai/test//201312_114.52151801756803_22.5503279488395.png,"This image taken in Shenzhen. This street view image showcases a sunny road surrounded by lush greenery and trees on both sides. The blue sky contrasts beautifully with the picturesque landscape, featuring distant hills and scattered vegetation. Two lanes lead in opposite directions with minimal traffic, including a few cars traveling along the smooth asphalt road. Streetlights line the roadside, and signboards with Chinese text indicate directions, including one pointing towards “Qiaoshan Pearl Island.” The scene exudes tranquility, blending modern infrastructure with nature. The perspective offers an expansive, immersive view of the surrounding environment and roadway. The restorative indicator scores are:
- Being-away: 0.49535
- Coherence: 0.24559
- Scope: 0.64054
- Fascination: 0.41658
- Average Score: 0.44951"
D:/A_Research/A_doing_research/20250804_LLM_campus_restoration/shanghai/test//201312_114.56205587873401_22.552096985531563.png,"This image taken in Shenzhen. This street view showcases a bright and sunny coastal road flanked by lush greenery on one side and palm trees near the sea on the other. To the left is a small rocky hill covered in vegetation, while the right features a waterfront promenade with a blue canopy, motorcycles, and a small building, possibly a café. The road is clean, marked with yellow lines, and bounded by bollards for safety. The scene captures the peaceful vibe of a beachside area with mountain views and clear blue skies above, suggesting an attractive destination for leisure and relaxation. The restorative indicator scores are:
- Being-away: 0.60081
- Coherence: 0.34643
- Scope: 0.64023
- Fascination: 0.61072
- Average Score: 0.54955"
D:/A_Research/A_doing_research/20250804_LLM_campus_restoration/shanghai/test//201312_114.4932418459449_22.59812495946907.png,"This image taken in Shenzhen. The image shows a split two-lane road surrounded by lush, green trees on both sides, creating a serene and shaded atmosphere. A single black SUV is driving on the right side of the road, heading away from the viewer. There are metal guardrails separating the lanes from the greenery. The scene appears to be in a peaceful, semi-urban or suburban area with a clear sky visible through the trees. The setting portrays a quiet environment with minimal traffic and natural surroundings, suggesting a calm and scenic commute. A white vehicle’s front portion is visible in the foreground. The restorative indicator scores are:
- Being-away: 0.68838
- Coherence: 0.24557
- Scope: 0.31953
- Fascination: 0.34022
- Average Score: 0.39842"
D:/A_Research/A_doing_research/20250804_LLM_campus_restoration/shanghai/test//201312_114.5220393_22.475605999999992.png,"This image taken in Shenzhen. The street view image showcases a tranquil rural area with a road splitting into three directions. Surrounding the road are lush green trees, a small water body to the right, and mountains visible in the background under a clear blue sky. Utility poles and wires run alongside the road, and road signs near intersections guide travelers. A few signboards are present, adding detail to this scenic countryside location. The image captures a peaceful, natural setting with vegetation, sunlight casting shadows, and mild human infrastructure blending into the landscape. It conveys calmness and rural charm. The restorative indicator scores are:
- Being-away: 0.68873
- Coherence: 0.11299
- Scope: 0.79633
- Fascination: 0.34021
- Average Score: 0.48457"
D:/A_Research/A_doing_research/20250804_LLM_campus_restoration/shanghai/test//201402_114.30325706315772_22.703626619142224.png,"This image taken in Shenzhen. This street view captures a divided road with three lanes and a well-maintained median featuring small trees and shrubs. The surrounding area includes buildings, greenery, and parked vehicles. Trees line both sides of the road, creating a shaded ambiance. A mixture of residential and commercial structures is visible, while the scene is quiet and the streets are relatively empty. The image has a clear, overcast sky, providing soft lighting and showcasing an organized urban layout. Adjacent sidewalks add to the functionality of the area for pedestrians. The wide-angle viewpoint offers a balanced view of the environment with minimal traffic. The restorative indicator scores are:
- Being-away: 0.40085
- Coherence: 0.56052
- Scope: 0.43248
- Fascination: 0.25113
- Average Score: 0.41125"
D:/A_Research/A_doing_research/20250804_LLM_campus_restoration/shanghai/test//201312_114.5669133_22.495827700000003.png,"This image taken in Shenzhen. The panoramic street view depicts a rural area surrounded by lush greenery and mountainous terrain under a clear blue sky. Two roads converge at an intersection with a metal gate structure on one side, possibly marking an entryway. The area is sparsely developed with a mix of small buildings and open spaces visible in the background. Vegetation lines both roads, adding a natural feel to the environment. Items like covered objects and construction materials are present near the roadside. Shadows from a nearby vehicle and lamppost indicate strong sunlight. The setting suggests a tranquil, remote location away from urban centers. The restorative indicator scores are:
- Being-away: 0.68856
- Coherence: 0.11289
- Scope: 0.64023
- Fascination: 0.51171
- Average Score: 0.48835"
D:/A_Research/A_doing_research/20250804_LLM_campus_restoration/shanghai/test//201312_114.602737_22.542949899999996.png,"This image taken in Shenzhen. This street view image captures a tranquil location surrounded by nature. A stone pathway winds through a landscaped area with greenery and small gardens, while parked cars are visible in an open parking space. On the left, people walk leisurely near wooden structures, possibly small houses or shops. In the distance, a mountain rises against a clear blue sky, adding scenic beauty. The right side showcases a charming garden with trimmed bushes and a house with architectural emphasis on wood. The environment is serene, featuring a blend of natural and constructed elements, ideal for relaxation or tourism. The restorative indicator scores are:
- Being-away: 0.78946
- Coherence: 0.65126
- Scope: 0.79727
- Fascination: 0.51178
- Average Score: 0.68745"
D:/A_Research/A_doing_research/20250804_LLM_campus_restoration/shanghai/test//201402_114.2354072444943_22.717375951530183.png,"This image taken in Shenzhen. This street view image depicts a tiled pedestrian walkway with small businesses lining the left side, including an educational center (""Every Day Up Education"") and other shops offering services like massages and piano lessons. Parked cars line both sides of the street, surrounded by greenery on the right. The setting suggests a busy urban neighborhood with residential buildings visible in the background. The overhanging building awnings and variety of storefronts create a vibrant atmosphere. A bike and laundry rack are seen outside the shops, adding a touch of daily life to the scene. The sky is partly cloudy. The restorative indicator scores are:
- Being-away: 0.40079
- Coherence: 0.56051
- Scope: 0.21868
- Fascination: 0.61065
- Average Score: 0.44766"
D:/A_Research/A_doing_research/20250804_LLM_campus_restoration/shanghai/test//201402_114.3588178_22.7231454.png,"This image taken in Shenzhen. This street view image showcases an industrial area with wide concrete roads. On the left, there is a large building with signage indicating ""安城宇物流,"" suggesting a logistics or business facility. Several parked trucks and trees line the roads, adding to the semi-urban environment. On the right, fenced areas, green landscaping, and additional modern buildings can be seen. The sky is partly cloudy, with patches of blue visible, creating an open and spacious atmosphere. The area appears clean and organized, with minimal traffic or activity at the time of the photograph. The restorative indicator scores are:
- Being-away: 0.40063
- Coherence: 0.74878
- Scope: 0.31874
- Fascination: 0.12115
- Average Score: 0.39732"
D:/A_Research/A_doing_research/20250804_LLM_campus_restoration/shanghai/test//201402_114.3126874_22.6741184.png,"This image taken in Shenzhen. The street view depicts a quiet rural intersection surrounded by greenery and trees. Two paved roads diverge, with sparse traffic and cyclists visible on the right. Pedestrians on the left walk along the roadside. Power lines and a utility pole stand prominently in the center, alongside dense vegetation. A small building and signage are visible further down the roads, indicating nearby establishments. The area appears calm, with open skies and scattered structures blending into the natural surroundings. The restorative indicator scores are:
- Being-away: 0.60133
- Coherence: 0.24476
- Scope: 0.53299
- Fascination: 0.25128
- Average Score: 0.40759"
D:/A_Research/A_doing_research/20250804_LLM_campus_restoration/shanghai/test//201402_114.31282391584024_22.716085470930057.png,"This image taken in Shenzhen. This street view depicts a calm urban area with neatly aligned trees on both sides of the road, providing shade and greenery. The road diverges, leading left and right, bordered by sidewalks. A few buildings, seemingly residential or institutional, feature straightforward architecture. Signs along the road indicate traffic regulations, including a 30 km/h speed limit. Patches of sunlight filter through the trees, creating shadows on the pavement. The environment appears clean and minimally busy, with no visible pedestrians or vehicles apart from the roof of a parked car at the bottom. The scene radiates tranquility under a clear blue sky. The restorative indicator scores are:
- Being-away: 0.49461
- Coherence: 0.34546
- Scope: 0.09544
- Fascination: 0.12012
- Average Score: 0.26391"
D:/A_Research/A_doing_research/20250804_LLM_campus_restoration/shanghai/test//201402_114.34935705669396_22.72479227935493.png,"This image taken in Shenzhen. This street view depicts a quiet rural area with a mix of homes, walls, and sparse greenery. Two narrow concrete roads intersect, flanked by modest white houses with orange roofs on both sides. The left road curves towards a gate and dumpsters, while the right side features trees and a blue truck parked along the street. A vacant lot with wild vegetation occupies the center. Electrical wires are visible, stretching across the sky above, and the background includes a fenced compound with stacked structures and additional landscaping. The atmosphere is calm, offering hints of an underdeveloped or suburban environment. The restorative indicator scores are:
- Being-away: 0.28808
- Coherence: 0.24486
- Scope: 0.21805
- Fascination: 0.12064
- Average Score: 0.21791"
D:/A_Research/A_doing_research/20250804_LLM_campus_restoration/shanghai/test//201402_114.36034582007444_22.719017512451686.png,"This image taken in Shenzhen. This street view image shows a spacious urban road with minimal traffic and clear skies. The road lanes are marked with directional arrows, flanked by sidewalks featuring neatly trimmed shrubs, small trees, and palms. On the left side, a concrete building is partially visible behind a row of trees. On the right, landscaped areas with bushes and more greenery are present. Street lamps line both sides of the road, indicating urban planning. The wide road and organized vegetation suggest the area may be part of a business park or quiet suburban neighborhood. The overall atmosphere is clean and tranquil. The restorative indicator scores are:
- Being-away: 0.68959
- Coherence: 0.46189
- Scope: 0.85636
- Fascination: 0.33907
- Average Score: 0.58673"
D:/A_Research/A_doing_research/20250804_LLM_campus_restoration/shanghai/test//201402_114.3897088_22.742227699999997.png,"This image taken in Shenzhen. The image depicts an urban street intersection in a Chinese city, with multiple low-rise buildings and storefronts. The left side has small shops and large red signs, while the right includes businesses with blue signage and parked vehicles. A few pedestrians walk along the street, which appears clean and orderly. Palm trees line one side of the road, adding greenery. A construction area with green fencing is visible in the center-left background, suggesting ongoing urban development. The atmosphere seems calm and sunny with light clouds, creating a bright scene. The architecture showcases beige tiles and functional designs typical of commercial areas. The restorative indicator scores are:
- Being-away: 0.10052
- Coherence: 0.24437
- Scope: 0.53347
- Fascination: 0.41656
- Average Score: 0.32373"
D:/A_Research/A_doing_research/20250804_LLM_campus_restoration/shanghai/test//201402_114.39241537881304_22.725414696127416.png,"This image taken in Shenzhen. The image depicts a wide, clean, divided road lined with young trees on both sides. On the left, there's a large multi-story building surrounded by fencing, while another under-construction site with scaffolding is visible on the right. A few vehicles, including a car and a truck, are seen traveling on the road. Streetlights stand along the sidewalks, and a blue sign is visible on the right. The sky is partly cloudy, creating a bright ambiance, and the area appears spacious, modern, and under development with well-organized landscaping. The restorative indicator scores are:
- Being-away: 0.28810
- Coherence: 0.56055
- Scope: 0.43254
- Fascination: 0.12053
- Average Score: 0.35043"
D:/A_Research/A_doing_research/20250804_LLM_campus_restoration/shanghai/test//201403_114.02884416138046_22.76146747143481.png,"This image taken in Shenzhen. This image depicts a divided highway with multiple lanes and a central barrier. On the left side, there is a small section of vegetation and trees lining the road. In the background, high-rise residential apartment buildings dominate the view. The right side features more greenery and infrastructure, with a mix of urban development and open space. The road is relatively empty, with a few vehicles in the distance. Streetlights are evenly distributed along the road, under a partly cloudy sky. The perspective appears wide, likely taken from a car’s roof or dashboard on a clear day. The restorative indicator scores are:
- Being-away: 0.10034
- Coherence: 0.24432
- Scope: 0.31844
- Fascination: 0.12150
- Average Score: 0.19615"
D:/A_Research/A_doing_research/20250804_LLM_campus_restoration/shanghai/test//201402_114.37810833693372_22.734786916068387.png,"This image taken in Shenzhen. The street view captures an industrial area with wide, clean roads and minimal traffic. On the left side, a fenced factory building is visible, while the right features another large industrial structure with surrounding fencing. A landscaped area with dry grass and scattered trees lies in the center. Multiple construction cranes can be seen in the distance, indicating ongoing development. Traffic signs, including “Yield” and pedestrian crossing markers, are visible. The sky is lightly clouded, creating a bright, open atmosphere. The overall scene suggests a planned, organized environment, blending operational facilities with greenery. The restorative indicator scores are:
- Being-away: 0.09999
- Coherence: 0.65191
- Scope: 0.64001
- Fascination: 0.25092
- Average Score: 0.41071"
D:/A_Research/A_doing_research/20250804_LLM_campus_restoration/shanghai/test//201402_114.410324_22.6407317.png,"This image taken in Shenzhen. This panoramic street view image shows a broad intersection with a road divider. On the left, there’s a gas station and open space surrounded by trees and fencing. On the right, sidewalks lined with greenery accompany a street with vehicles. Clear traffic markings are visible, indicating designated lanes. A peaceful ambiance is set by the scattered trees and shrubs around the area, leading toward distant buildings and mountains under an overcast sky. Street signs and lamp posts are visible, giving a functional urban look. The image appears to be captured from atop a vehicle facing the intersection. The restorative indicator scores are:
- Being-away: 0.40062
- Coherence: 0.34479
- Scope: 0.64028
- Fascination: 0.12102
- Average Score: 0.37667"
D:/A_Research/A_doing_research/20250804_LLM_campus_restoration/shanghai/test//201403_114.291943_22.670415299999995.png,"This image taken in Shenzhen. This street view shows a quiet urban intersection, surrounded by small commercial and residential buildings. The architecture features older, simple designs typical of economically modest areas, with air conditioning units mounted externally. A few cars are parked on the streets. Utility poles and power lines are prominent, indicating substantial overhead wiring. On the right side, some greenery and well-maintained trees line the sidewalk, contrasting the otherwise concrete-heavy environment. Some shopfronts and signs are visible, suggesting local businesses. The atmosphere appears calm and slightly muted, with minimal activity observed in the image. Hills are faintly visible in the background. The restorative indicator scores are:
- Being-away: 0.10085
- Coherence: 0.34472
- Scope: 0.31846
- Fascination: 0.41669
- Average Score: 0.29518"
D:/A_Research/A_doing_research/20250804_LLM_campus_restoration/shanghai/test//201403_114.30636268763371_22.672150165103474.png,"This image taken in Shenzhen. The image depicts a quiet urban street in a residential area, featuring low-rise buildings with tiled façades. The street is wide and clean, marked by yellow road lines and a speed bump. Small trees line the sidewalks, while utility wires stretch across the scene. Cars are parked along the street, suggesting calm activity. Residents can be seen walking on the sidewalks and in front of shops, creating a modest, community-oriented vibe. A few signs in the local language adorn buildings, and laundry hangs from windows. The background suggests hilly terrain, adding a touch of greenery and depth to the scene. The restorative indicator scores are:
- Being-away: 0.60248
- Coherence: 0.56115
- Scope: 0.21787
- Fascination: 0.24899
- Average Score: 0.40762"
D:/A_Research/A_doing_research/20250804_LLM_campus_restoration/shanghai/test//201404_113.85096169738534_22.63163394317757.png,"This image taken in Shenzhen. The image shows a divided highway with two lanes on both sides separated by a median with orange-and-white striped safety barriers. Cars are traveling in both directions amidst light traffic. On the left, there is farmland and sparse greenery, while dense trees line the right roadside. The pavement appears cracked in spots but functional. A few visible vehicles include a yellow car in the foreground and a silver sedan to the right. The sky is mostly clear with a light blue tone. Bare trees in the distance suggest the image may have been taken during early spring or late autumn. The restorative indicator scores are:
- Being-away: 0.10112
- Coherence: 0.24381
- Scope: 0.21755
- Fascination: 0.24862
- Average Score: 0.20277"
D:/A_Research/A_doing_research/20250804_LLM_campus_restoration/shanghai/test//201404_113.88194917077641_22.8155861177406.png,"This image taken in Shenzhen. The street view depicts a divided highway with four lanes in each direction, separated by dense greenery on the median. Vehicles, including a truck, are traveling along the road under an overcast sky. Metal guardrails line both sides of the highway, providing safety. Streetlights are sporadically placed along the road, and trees and bushes dominate the surrounding landscape. The road appears well-maintained, and a small signboard is visible in the distance on the right-hand side. The environment is calm and suburban, with scattered buildings visible through the foliage toward the horizon. The restorative indicator scores are:
- Being-away: 0.28790
- Coherence: 0.24383
- Scope: 0.43228
- Fascination: 0.12108
- Average Score: 0.27127"
D:/A_Research/A_doing_research/20250804_LLM_campus_restoration/shanghai/test//201404_113.8891361_22.658751799999997.png,"This image taken in Shenzhen. The image depicts a multi-lane highway surrounded by greenery on both sides. Vehicles, including trucks, cars, and an orange bus, are seen driving in both directions. The road appears clean, and the weather is clear, with a hint of blue sky. Streetlights line the highway, adding to its organized infrastructure. Dense foliage and trees create a natural border along the road. The image gives a sense of a relatively calm traffic flow and a balance between urban infrastructure and nature. The restorative indicator scores are:
- Being-away: 0.28795
- Coherence: 0.10873
- Scope: 0.64101
- Fascination: 0.12155
- Average Score: 0.28981"
D:/A_Research/A_doing_research/20250804_LLM_campus_restoration/shanghai/test//201403_114.3439078_22.665087599999996.png,"This image taken in Shenzhen. The image depicts a rural street surrounded by lush green vegetation, seemingly a farming area. The road splits into two pathways, both narrow with faded markings and a visible bicycle lane. Small, modest structures are scattered along the roadside, including a stone building with an open porch to the right. Fence-lined orchards or farmland encase the area, possibly growing fruit trees. Electricity poles and wires line the road, adding a touch of modern connectivity. The overall atmosphere suggests a serene countryside setting under a cloudy sky, with limited traffic and simplicity prevailing in the surroundings. The restorative indicator scores are:
- Being-away: 0.83009
- Coherence: 0.24426
- Scope: 0.64035
- Fascination: 0.41698
- Average Score: 0.53292"
D:/A_Research/A_doing_research/20250804_LLM_campus_restoration/shanghai/test//201404_113.90790824772574_22.65900936607576.png,"This image taken in Shenzhen. The image depicts a wide highway divided by a vegetated median with trees and shrubs supported by wooden stakes. Cars are driving in opposite directions on both sides of the road. On the left, there is a van and surrounding residential buildings in the distance. To the right, several cars move along the road, with one orange safety cone visible. Utility poles and high-tension wires stretch across the sky. The road appears clean and well-maintained, with streetlights lining both sides. The overall atmosphere reflects urban infrastructure, with a mix of greenery and high-voltage electrical equipment. The restorative indicator scores are:
- Being-away: 0.60255
- Coherence: 0.10949
- Scope: 0.43198
- Fascination: 0.12201
- Average Score: 0.31651"
D:/A_Research/A_doing_research/20250804_LLM_campus_restoration/shanghai/test//201404_113.9381102174492_22.67214804135569.png,"This image taken in Shenzhen. This street view depicts a divided highway surrounded by greenery and light vegetation, with small hills and a few trees. Vehicles are seen traveling in both directions, including a small truck on the right. The scene is bright under a clear sky with scattered clouds, suggesting daytime. A metal guardrail borders the grassy embankments on each side, and a transmission tower is visible in the background. Farther along the road, buildings can be seen, hinting at urban proximity. The road is wide, well-maintained, and calmly trafficked, reflecting a semi-rural or suburban environment. The restorative indicator scores are:
- Being-away: 0.28788
- Coherence: 0.24329
- Scope: 0.53421
- Fascination: 0.24797
- Average Score: 0.32834"
D:/A_Research/A_doing_research/20250804_LLM_campus_restoration/shanghai/test//201403_114.49908917687205_22.596296186473293.png,"This image taken in Shenzhen. This street view image depicts a quiet residential area with two paved roads running parallel to each other, separated by a tree-filled space. On the left, smaller houses with gated driveways are visible, while the right side features larger multi-story buildings with balconies and walled enclosures. A red minivan is parked under a tree in the central area. The environment appears calm, with sparse greenery and well-maintained sidewalks. The sky is overcast, suggesting an early morning or late afternoon. A bicycle is parked under a small structure in the central space, adding to the suburban feel. The restorative indicator scores are:
- Being-away: 0.68934
- Coherence: 0.46211
- Scope: 0.43202
- Fascination: 0.24849
- Average Score: 0.45799"
D:/A_Research/A_doing_research/20250804_LLM_campus_restoration/shanghai/test//201408_113.9440293_22.7980389.png,"This image taken in Shenzhen. The image depicts a wide street with two vehicles, a red car and a blue truck, seen driving towards diverging directions. On the left, green trees and shrubs line the sidewalk while two pedestrians stand near trash bins. On the right, across the road, is a large building complex with several storefronts. Overhead, power lines and streetlights are visible. The sky is partly cloudy, suggesting daytime. The scene reflects a bustling yet spacious urban environment blending natural greenery with commercial architecture. The restorative indicator scores are:
- Being-away: 0.60265
- Coherence: 0.24333
- Scope: 0.43204
- Fascination: 0.24810
- Average Score: 0.38153"
D:/A_Research/A_doing_research/20250804_LLM_campus_restoration/shanghai/test//201410_114.39313294679685_22.740476520102636.png,"This image taken in Shenzhen. This panoramic street view shows a wide urban street divided into two lanes by a median. Flanked by trees and greenery on both sides, the area appears clean and well-maintained. A pedestrian crossing is visible, leading to a paved walkway with landscaped plants. On the left are residential or commercial buildings, while the right side includes more greenery and distant structures. A car is driving along the road, and the sky is clear with scattered clouds, suggesting a sunny day. Streetlights line the road, contributing to the organized urban design. The visible space feels open and peaceful. The restorative indicator scores are:
- Being-away: 0.60264
- Coherence: 0.65225
- Scope: 0.53411
- Fascination: 0.41788
- Average Score: 0.55172"
D:/A_Research/A_doing_research/20250804_LLM_campus_restoration/shanghai/test//201410_114.401642_22.760514199999992.png,"This image taken in Shenzhen. The image portrays a wide street intersection under a bright blue sky with scattered clouds. Traffic lights, pedestrian crossings, and paved sidewalks are visible, suggesting an urban environment. Surrounding the roads are greenery, including trees and small parks, alongside modern buildings, one notably under construction. The area appears relatively quiet with minimal traffic, featuring a few vehicles and pedestrians. The view is well-lit, emphasizing a clean, organized atmosphere. The intersection spans several directions, creating a sense of symmetry, while the open sky and spacious surroundings evoke calmness and order. It resembles a developing urban area with planned infrastructure. The restorative indicator scores are:
- Being-away: 0.10115
- Coherence: 0.87110
- Scope: 0.80065
- Fascination: 0.12199
- Average Score: 0.47372"
D:/A_Research/A_doing_research/20250804_LLM_campus_restoration/shanghai/test//201410_114.4088513_22.7552379.png,"This image taken in Shenzhen. This image shows a wide intersection with clear, well-marked pedestrian crosswalks on all sides. The streets are empty, with no vehicles or people present. The area appears modern and spacious, surrounded by greenery, small trees, and landscaped sidewalks. Traffic signals are visible but inactive. On the horizon, there are buildings, a bridge, and various infrastructure. The sky is clear and sunny, creating a bright atmosphere. The perspective suggests the view from a vehicle, as part of its hood is visible at the bottom. This environment has a calm, organized, and urban vibe. The restorative indicator scores are:
- Being-away: 0.10163
- Coherence: 0.46239
- Scope: 0.53396
- Fascination: 0.33988
- Average Score: 0.35947"
D:/A_Research/A_doing_research/20250804_LLM_campus_restoration/shanghai/test//201510_114.12311478463587_22.540428499015647.png,"This image taken in Shenzhen. This street view depicts a modern urban scene with a wide road divided into two lanes, displaying moderate traffic of cars. Large residential and commercial buildings flank both sides, showcasing high-density urban planning. A vibrant row of flowers lines the central divider, adding a touch of greenery and color. In the distance, lush green hills and industrial facilities are visible, contrasting the urban setting. The sky is partly cloudy, giving the image a bright and clear atmosphere. Overall, the image portrays a balanced mix of urban infrastructure and natural surroundings in a dynamic cityscape. The restorative indicator scores are:
- Being-away: 0.10250
- Coherence: 0.34411
- Scope: 0.73651
- Fascination: 0.34037
- Average Score: 0.38087"
D:/A_Research/A_doing_research/20250804_LLM_campus_restoration/shanghai/test//201509_113.8842395_22.5070012.png,"This image taken in Shenzhen. This street view showcases a wide road bustling with parked and moving trailers, trucks, and a few cars. A red truck is prominently visible in the foreground on the left, while a blue truck is on the right. Shipping containers and industrial trailers are lined up on both sides of the road. Trees and greenery border the sidewalks, juxtaposing the urban infrastructure. In the distance, a tall glass building under construction rises against a backdrop of hills and scattered clouds. The scene suggests a busy industrial or logistics area, with a mix of traffic and static vehicles typical of a transportation hub. The restorative indicator scores are:
- Being-away: 0.10210
- Coherence: 0.34390
- Scope: 0.21625
- Fascination: 0.34003
- Average Score: 0.25057"
D:/A_Research/A_doing_research/20250804_LLM_campus_restoration/shanghai/test//201510_113.9132915_22.4939517.png,"This image taken in Shenzhen. The street view image showcases a quiet urban intersection surrounded by tall trees and modern buildings. A blue truck is parked on the right side, and the words ""YOU ARE WHAT YOU LIVE"" are prominently displayed on a green wall in front of a glass structure. The road is wide and appears calm, with minimal traffic and pedestrian activity. Buildings in the background vary from residential to commercial structures, blending into the tranquil setting. The scene is well-lit, with a clear sky adding brightness. Sidewalks are neatly maintained, and the area conveys a peaceful, organized environment. The restorative indicator scores are:
- Being-away: 0.68893
- Coherence: 0.34401
- Scope: 0.43246
- Fascination: 0.41777
- Average Score: 0.47079"
D:/A_Research/A_doing_research/20250804_LLM_campus_restoration/shanghai/test//201510_114.141854_22.6526184.png,"This image taken in Shenzhen. The image shows a multi-lane urban roadway under a clear blue sky. Vehicles, including cars and a taxi, are driving or parked on different lanes. A green divider separates opposing traffic, while street signs are mounted alongside streetlights. A large commercial building with colorful signage stands amidst greenery to the right. The left side features trees, shrubs, and additional buildings further back. Pedestrian infrastructure is minimal, suggesting the focus is on vehicle transportation. The scene captures a busy, sunny day. The restorative indicator scores are:
- Being-away: 0.28727
- Coherence: 0.56196
- Scope: 0.64182
- Fascination: 0.24720
- Average Score: 0.43456"
D:/A_Research/A_doing_research/20250804_LLM_campus_restoration/shanghai/test//201510_114.1548433_22.612801099999995.png,"This image taken in Shenzhen. The street view image shows a multi-lane road with moderate traffic. On the left side, a grey car is visible, while a blue truck is seen to the right. A green acoustic barrier runs along the central divider. High-rise residential buildings and construction cranes dominate the background, indicating urban development in the area. The sky is partly cloudy, and the road is clean and well-maintained. Sparse vegetation is visible along the roadside, adding a touch of greenery. The scene depicts a typical urban highway environment with ongoing city development. The restorative indicator scores are:
- Being-away: 0.10293
- Coherence: 0.34380
- Scope: 0.09214
- Fascination: 0.12015
- Average Score: 0.16475"
D:/A_Research/A_doing_research/20250804_LLM_campus_restoration/shanghai/test//201511_113.78989593872954_22.626797290819933.png,"This image taken in Shenzhen. This street view shows a wide, multi-lane bridge with a stunning coastal atmosphere. The road stretches into the horizon, flanked by railings and light poles. The left side reveals distant land and greenery, while the right features calm water under a clear blue sky. A yellow vehicle is partially visible in the foreground, casting a shadow on the road. The bright sunlight and light cloud cover create a serene, peaceful landscape ideal for driving or sightseeing along a coastal highway. The restorative indicator scores are:
- Being-away: 0.60294
- Coherence: 0.10655
- Scope: 0.85943
- Fascination: 0.34046
- Average Score: 0.47735"
D:/A_Research/A_doing_research/20250804_LLM_campus_restoration/shanghai/test//201511_113.8926971_22.590370800000002.png,"This image taken in Shenzhen. The street view depicts a busy urban intersection surrounded by greenery. Two streets with zebra crossings meet, bordered by sidewalks and safety railings. Cars, a bus, and a cyclist navigate the road, while pedestrians cross under traffic lights. On the right, a park-like area with a large rock and steps offers a peaceful green space. Buildings and shops are partially visible behind tall, leafy trees, adding a lively yet serene atmosphere. The scene combines urban functionality and nature, with organized traffic flow and spaces for relaxation. A mix of modern infrastructure and outdoor elements creates balance in the cityscape. The restorative indicator scores are:
- Being-away: 0.39912
- Coherence: 0.56223
- Scope: 0.73630
- Fascination: 0.51324
- Average Score: 0.55272"
D:/A_Research/A_doing_research/20250804_LLM_campus_restoration/shanghai/test//201601_113.8745102_22.5675937.png,"This image taken in Shenzhen. This street view captures an urban intersection framed by residential buildings and commercial establishments. On the left side, the sun shines through trees, creating a warm, hazy effect as trucks and parked vehicles line the roadside. On the right, colorful buildings and storefronts are surrounded by parked and moving cars, and a motorbike rider crosses the intersection. The street is wide, with visible zebra crossings and traffic signs, suggesting a bustling yet organized area. Pedestrians and greenery introduce elements of life and nature amidst the urban setting. The photo conveys a typical moment in a busy city environment. The restorative indicator scores are:
- Being-away: 0.10257
- Coherence: 0.24257
- Scope: 0.21571
- Fascination: 0.51332
- Average Score: 0.26854"
D:/A_Research/A_doing_research/20250804_LLM_campus_restoration/shanghai/test//201601_113.91355756883638_22.578036885096644.png,"This image taken in Shenzhen. The street view image displays a wide highway with multiple lanes separated by a median. On the left side, dense green trees line the road, creating a natural barrier. On the right, urban buildings are visible in the distance, surrounded by more greenery. The sky is overcast, with light clouds diffusing sunlight. Cars are driving on the road, with a visible black car on the right lane. A white road barrier is present along the median, and streetlights stand tall on both sides of the road. The image captures a mix of urban and natural elements in a suburban setting. The restorative indicator scores are:
- Being-away: 0.10301
- Coherence: 0.34343
- Scope: 0.31742
- Fascination: 0.24671
- Average Score: 0.25264"
D:/A_Research/A_doing_research/20250804_LLM_campus_restoration/shanghai/test//201601_113.9367483_22.5688907.png,"This image taken in Shenzhen. The street view shows a wide intersection with minimal traffic. On the left, there are parked industrial trucks and teal buses along the roadside, shaded by trees. To the right is a modern multi-story building, surrounded by greenery and fencing. Clear skies dominate the background, with a few sparse clouds visible. The intersection is mostly deserted, with only a few cars seen on the road. A pedestrian walkway is enclosed by guardrails on the right side, while road signs are placed at various points. The overall atmosphere appears calm and organized, possibly near an industrial or business area. The restorative indicator scores are:
- Being-away: 0.10342
- Coherence: 0.56256
- Scope: 0.53352
- Fascination: 0.11904
- Average Score: 0.32963"
D:/A_Research/A_doing_research/20250804_LLM_campus_restoration/shanghai/test//201601_113.9205707480704_22.555670959071687.png,"This image taken in Shenzhen. The image shows a wide, multi-lane road with vehicles including cars, buses, and trucks moving in both directions. On the left side, there are trees providing greenery alongside the road. On the right side, residential buildings are visible in the distance, separated by bushes and greenery. A tall metal power line structure rises on the right side, and the sky is partly cloudy, with bright daylight illuminating the scene. The perspective appears to be captured from the roof of a vehicle. The road signs and streetlights complete the urban environment. The restorative indicator scores are:
- Being-away: 0.28706
- Coherence: 0.24264
- Scope: 0.80174
- Fascination: 0.33959
- Average Score: 0.41776"
D:/A_Research/A_doing_research/20250804_LLM_campus_restoration/shanghai/test//201601_113.97572705186109_22.58630829746072.png,"This image taken in Shenzhen. This street view image showcases a wide multi-lane highway surrounded by greenery and urban structures on a sunny day. Cars and a truck are visible traveling on the road, with clear lane markings and streetlights lining the highway. Tall buildings and cityscape are visible in the distance, while hills and vegetation provide a natural backdrop on both sides. The scene conveys movement and urban development blending with nature under a bright blue sky. The restorative indicator scores are:
- Being-away: 0.10375
- Coherence: 0.24209
- Scope: 0.73746
- Fascination: 0.11981
- Average Score: 0.30078"
D:/A_Research/A_doing_research/20250804_LLM_campus_restoration/shanghai/test//201601_113.96020570251964_22.5625587290877.png,"This image taken in Shenzhen. This street view image shows a wide, multi-lane highway with moderately light traffic and overcast skies. The road is bordered by dense greenery on one side and a solid barrier alongside sparse buildings on the other. Lane markings and safety bollards separate the highway lanes. A yellow road sign is visible, possibly indicating traffic instructions, while streetlights and an overhead bridge are visible further ahead. The image appears to be captured from the front of a moving vehicle, as part of a panoramic view of the straight and expansive road environment. The restorative indicator scores are:
- Being-away: 0.68898
- Coherence: 0.65291
- Scope: 0.53381
- Fascination: 0.11939
- Average Score: 0.49877"
D:/A_Research/A_doing_research/20250804_LLM_campus_restoration/shanghai/test//201601_113.95563_22.5731096.png,"This image taken in Shenzhen. The image shows a busy urban intersection surrounded by buildings, trees, and multiple vehicles. To the left, smaller storefronts with signs are visible under tree cover. To the right, a tall residential building dominates the view, while parked scooters and activity near a fenced area suggest pedestrian movement. Several cars, including a red taxi and a cyclist, are navigating the intersection, which has crosswalks in every direction. The streets are clean, and the sunlight filters through the trees, casting shadows. The scene reflects a lively yet organized neighborhood with commercial and residential spaces intertwined. The restorative indicator scores are:
- Being-away: 0.28699
- Coherence: 0.46262
- Scope: 0.31714
- Fascination: 0.61332
- Average Score: 0.42002"
D:/A_Research/A_doing_research/20250804_LLM_campus_restoration/shanghai/test//201601_114.00555478492693_22.63003206862512.png,"This image taken in Shenzhen. This street view captures a multi-lane road divided by a median with greenery. Vehicles including vans and cars are traveling on both directions. On the left, a bridge and tall residential buildings are visible in the distance. The right side features more road lanes, lush trees, and streetlights under a partly cloudy sky. The urban area blends infrastructure and nature seamlessly. The restorative indicator scores are:
- Being-away: 0.28641
- Coherence: 0.34291
- Scope: 0.53351
- Fascination: 0.41787
- Average Score: 0.39517"
D:/A_Research/A_doing_research/20250804_LLM_campus_restoration/shanghai/test//201601_113.98643188363951_22.565336028740756.png,"This image taken in Shenzhen. The image shows a divided urban road flanked by greenery and concrete barriers. Vehicles including a car and an orange truck are visible, with moderate traffic moving smoothly in both directions. A high wall topped with vegetation separates the lanes, and trees line both sides of the street. The blue sky features scattered clouds, creating a sunny and pleasant atmosphere. In the distance, modern buildings and a crane indicate an urban setting undergoing development. The perspective suggests the photo was taken from a vehicle roof, framing the vibrant greenery against the infrastructure clearly. The restorative indicator scores are:
- Being-away: 0.49709
- Coherence: 0.10577
- Scope: 0.21581
- Fascination: 0.24605
- Average Score: 0.26618"
D:/A_Research/A_doing_research/20250804_LLM_campus_restoration/shanghai/test//201601_114.0135251_22.565275.png,"This image taken in Shenzhen. This panoramic street view captures a busy urban road flanked by greenery on both sides, including trees and bushes. Tall residential buildings are visible in the distance on the left. On the road, various vehicles such as cars, taxis, and buses are moving in both directions, indicating active traffic. A mountain rises in the background to the right, adding a natural element to the urban scenery. The road has multiple lanes, with dividing barriers separating directions. Bright daylight highlights the scene with a clear sky above, and the overall atmosphere combines city life with the surrounding nature. The restorative indicator scores are:
- Being-away: 0.28645
- Coherence: 0.34301
- Scope: 0.43261
- Fascination: 0.33979
- Average Score: 0.35047"
D:/A_Research/A_doing_research/20250804_LLM_campus_restoration/shanghai/test//201601_114.03942740028948_22.59325947934857.png,"This image taken in Shenzhen. The street view image shows a multi-lane highway surrounded by greenery and some urban elements in the distance. Blue skies dominate the scene, indicating a sunny day. Vehicles, including trucks and cars, are traveling in both directions on the road. Overhead signs and lighting poles are visible, along with yellow pedestrian crossing markings. Hills with trees are on both sides, with buildings peeking through the foliage on the left. The road is flanked by safety barriers, and the setting appears to balance natural and urban elements effectively. The image captures a dynamic yet serene moment. The restorative indicator scores are:
- Being-away: 0.10392
- Coherence: 0.24191
- Scope: 0.21544
- Fascination: 0.11934
- Average Score: 0.17015"
D:/A_Research/A_doing_research/20250804_LLM_campus_restoration/shanghai/test//201601_114.0493319_22.6903141.png,"This image taken in Shenzhen. The image shows a sunny day on a multi-lane highway surrounded by greenery. On the left are three lanes of vehicles heading in one direction, bordered by trees and guardrails. On the right, the opposite lanes have vehicles including a red truck with Chinese text. In the distance, electricity poles dot the landscape, and low buildings are visible. The sky is clear and blue with scattered clouds, creating a bright and open atmosphere. This perspective appears captured from a vehicle, adding to the dynamic view of bustling traffic on the highway. The restorative indicator scores are:
- Being-away: 0.28638
- Coherence: 0.46238
- Scope: 0.85987
- Fascination: 0.11976
- Average Score: 0.43209"
D:/A_Research/A_doing_research/20250804_LLM_campus_restoration/shanghai/test//201601_114.04964802536469_22.65207090120377.png,"This image taken in Shenzhen. The image showcases a highway surrounded by greenery with trees lining the road on both sides. The sky is clear and blue, indicating daytime. Multiple vehicles, including cars, trucks, a yellow car, and a trailer labeled Maersk, are visible on the road. A metal guardrail separates the road from the elevated grassy area on the sides. Bright sunlight filters through the trees, creating patches of light and shadow. The road has multiple lanes, and traffic appears moderately busy. Streetlights line the median, contributing to the urban infrastructure. Overall, it is a tranquil yet active highway scene. The restorative indicator scores are:
- Being-away: 0.76077
- Coherence: 0.34304
- Scope: 0.21551
- Fascination: 0.12017
- Average Score: 0.35987"
D:/A_Research/A_doing_research/20250804_LLM_campus_restoration/shanghai/test//201601_114.0712346_22.5696774.png,"This image taken in Shenzhen. This street view image displays a wide road with multiple lanes, bustling with cars, a bus, and a truck. To the left and right, dense green trees and hedges surround the scene, contrasting against the clear blue sky with sparse clouds. Streetlights line the road, providing illumination at night. The reflective shadows on the road suggest ample daylight conditions. A mix of vehicles, including a blue truck and turquoise bus, are visible, indicating traffic flow. Buildings appear partially obscured by trees in the background, while signage along the road indicates navigation or traffic instructions. The scene embodies urban functionality amidst greenery. The restorative indicator scores are:
- Being-away: 0.10429
- Coherence: 0.46239
- Scope: 0.53344
- Fascination: 0.24477
- Average Score: 0.33622"
D:/A_Research/A_doing_research/20250804_LLM_campus_restoration/shanghai/test//201601_114.10914030735168_22.664945423098374.png,"This image taken in Shenzhen. The image features a wide road with multiple lanes separated by a central divider covered in greenery. Trees and bushes flank both sides of the road, creating a vibrant, natural atmosphere. The sky is clear and bright, indicating a sunny day. Sparse traffic is visible, including a few cars moving in both directions. A vehicle with Chinese characters on its hood is seen prominently in the foreground, suggesting the image was taken from it. The perspective provides a panoramic view, emphasizing the road’s expanse and surrounding vegetation with some urban structures distantly visible on the left. The restorative indicator scores are:
- Being-away: 0.28635
- Coherence: 0.34337
- Scope: 0.53310
- Fascination: 0.12086
- Average Score: 0.32092"
D:/A_Research/A_doing_research/20250804_LLM_campus_restoration/shanghai/test//201602_114.0076178_22.653348199999996.png,"This image taken in Shenzhen. The image depicts an urban intersection surrounded by mid-rise buildings, local shops, and greenery. Several vehicles, including cars, vans, and trucks, are parked or driving in and around the intersection. Pedestrian crosswalks and traffic signs are visible, along with some scooters and bicycles along the roadside. The scene suggests a bustling area with residential and commercial activity. Trees line parts of the street, adding greenery to the surroundings. It appears to be a cloudy day, with subdued lighting and no visible sunlight, contributing to a calm yet active street view atmosphere. The restorative indicator scores are:
- Being-away: 0.28628
- Coherence: 0.34358
- Scope: 0.21553
- Fascination: 0.34005
- Average Score: 0.29636"
D:/A_Research/A_doing_research/20250804_LLM_campus_restoration/shanghai/test//201601_114.10467809451235_22.63798504103764.png,"This image taken in Shenzhen. This street view shows a wide, multi-lane road surrounded by greenery on both sides. The road has markings for lanes and a green-painted pedestrian crossing area. Vehicles are driving in both directions, including cars and motorcycles. The landscape includes lush vegetation and small hills, with some signs of urban structures in the distance, including a billboard to the right. The sky is overcast with scattered clouds, contributing to an overall neutral atmosphere. Guardrails separate the lanes on the road, ensuring safety, while street lamps line the sides. The image conveys a suburban or semi-rural environment. The restorative indicator scores are:
- Being-away: 0.28631
- Coherence: 0.10412
- Scope: 0.73798
- Fascination: 0.12046
- Average Score: 0.31222"
D:/A_Research/A_doing_research/20250804_LLM_campus_restoration/shanghai/test//201601_114.1115713_22.576595899999997.png,"This image taken in Shenzhen. The street view image shows a busy multi-lane road with vehicles including trucks, buses, sedans, and minivans. To the left, a teal-colored bus and a blue truck with Chinese text on it are visible. On the right, another blue truck and a white minivan are present. In the distance, city buildings, trees, and an overpass structure are visible under partly cloudy skies. The road is lined with greenery, and large signage is displayed overhead. The image captures urban traffic flow with varied vehicle types and a mix of nature and architecture in the background. The restorative indicator scores are:
- Being-away: 0.10464
- Coherence: 0.34347
- Scope: 0.21545
- Fascination: 0.24420
- Average Score: 0.22694"
D:/A_Research/A_doing_research/20250804_LLM_campus_restoration/shanghai/test//201606_114.0391485_22.7282786.png,"This image taken in Shenzhen. The image depicts a busy multilane highway under a bright blue sky with scattered clouds. Vehicles, including a blue truck, black SUVs, and large shipping container trucks, occupy the road. A grassy hill lined with shrubs and trees runs parallel to the road, separated by metal barriers. Streetlights are visible above, and an overpass can be seen in the distance, indicating urban surroundings. The vibrant green vegetation contrasts with the cement and asphalt of the road, while traffic suggests daytime activity. A blue shipping container with Chinese writing is prominently visible to the right. Overall, the scene has a lively industrial vibe. The restorative indicator scores are:
- Being-away: 0.10500
- Coherence: 0.24093
- Scope: 0.43378
- Fascination: 0.33977
- Average Score: 0.27987"
D:/A_Research/A_doing_research/20250804_LLM_campus_restoration/shanghai/test//201602_114.1318184_22.558027199999998.png,"This image taken in Shenzhen. The image depicts a suburban street with buildings on both sides. On the left, there are modern apartments with green decorative windows, while on the right, houses feature stone walls and balconies. Palm trees line the sidewalk, providing greenery. Cars are parked along the street, showcasing a mix of sedans and SUVs. The road includes visible yellow crosshatched markings, suggesting lane or parking zone restrictions. Towards the right, a small manicured garden with bushes and trees adds a natural balance. The area appears residential with a clean and organized layout, emphasizing a peaceful urban environment suitable for families or professionals. The restorative indicator scores are:
- Being-away: 0.83354
- Coherence: 0.87145
- Scope: 0.09062
- Fascination: 0.51438
- Average Score: 0.57750"
D:/A_Research/A_doing_research/20250804_LLM_campus_restoration/shanghai/test//201606_114.2378517_22.5992506.png,"This image taken in Shenzhen. The image depicts a quiet industrial street with a central intersection. On the left, a narrow road with trees and sidewalk vegetation runs alongside a large white building. To the right, an open space features trucks, trailers, and construction materials near a billboard advertising a business. Rolling green hills are visible in the background under a cloudy sky, adding a natural element to the urban setting. Yellow bollards separate pedestrian zones from the road, while scattered greenery offers a balance between industry and nature. Overall, it’s a mix of commercial activity and industrial surroundings in a semi-rural area. The restorative indicator scores are:
- Being-away: 0.10541
- Coherence: 0.24095
- Scope: 0.64250
- Fascination: 0.11991
- Average Score: 0.27719"
D:/A_Research/A_doing_research/20250804_LLM_campus_restoration/shanghai/test//201607_114.1406262_22.5624803.png,"This image taken in Shenzhen. This street view captures a bustling urban roadway during daylight under a clear, blue sky. Cars of varying makes and colors are driving on two separate lanes divided by greenery and low fencing. The left side shows high-rise buildings, with modern architecture beyond trees and construction barriers. The right side displays dense greenery followed by residential and commercial structures. The clean road and organized traffic suggest efficient urban planning. The restorative indicator scores are:
- Being-away: 0.10622
- Coherence: 0.24100
- Scope: 0.64243
- Fascination: 0.24361
- Average Score: 0.30831"
D:/A_Research/A_doing_research/20250804_LLM_campus_restoration/shanghai/test//201606_114.24238642416961_22.588507629943926.png,"This image taken in Shenzhen. This street view depicts a semi-industrial setting under a clear blue sky with scattered clouds. Two red trucks and several flatbed trailers occupy the roadway, suggesting a transportation or logistics hub. On the left, there are low-rise buildings and heaps of materials, while the right side has overgrown greenery bordered by a fence. In the background, large shipping containers and stacks of tires are visible, along with taller modern structures and high-rise buildings. The road pavement is divided by yellow lines, and the scene gives an impression of a working area with urban and commercial activity nearby. The restorative indicator scores are:
- Being-away: 0.10582
- Coherence: 0.34333
- Scope: 0.53322
- Fascination: 0.12031
- Average Score: 0.27567"
D:/A_Research/A_doing_research/20250804_LLM_campus_restoration/shanghai/test//201607_114.2495581260841_22.57515168938809.png,"This image taken in Shenzhen. The image shows the interior of a well-lit underground tunnel with white paneled walls and a black vaulted ceiling. The road is divided into two lanes with yellow and black striped barriers on the sides. Vehicles, including cars and motorbikes, are traveling in opposite directions, with headlights visible. Bright light is seen at the tunnel's exit, suggesting daylight outside. The tunnel conveys a sense of motion and connection between areas. The restorative indicator scores are:
- Being-away: 0.39957
- Coherence: 0.82186
- Scope: 0.09219
- Fascination: 0.12098
- Average Score: 0.35865"
D:/A_Research/A_doing_research/20250804_LLM_campus_restoration/shanghai/test//201608_114.29465560565735_22.600106367840056.png,"This image taken in Shenzhen. This street view image captures the interior of a modern tunnel with three lanes separated by yellow markings. Vehicles, including cars and vans, travel in opposite directions. The tunnel features curved ceilings with bright overhead lights providing illumination. The walls are tiled with a smooth white finish, contributing to a clean appearance. On the left, the tunnel exits to the daylight, showing a transition to an open area, while the right side leads further into the tunnel. The scene suggests a bustling urban setting, with organized traffic flow and a contemporary infrastructure design. The restorative indicator scores are:
- Being-away: 0.28610
- Coherence: 0.75279
- Scope: 0.09302
- Fascination: 0.12081
- Average Score: 0.31318"
D:/A_Research/A_doing_research/20250804_LLM_campus_restoration/shanghai/test//201607_114.22053419524289_22.566430501666158.png,"This image taken in Shenzhen. This image depicts the interior of a tunnel with two lanes and illuminated overhead lights. Both walls are lined with plain white panels, with dividing lines marking lanes on the road. A few vehicles, including a white car, are visible driving through the tunnel. A person stands on the right near the yellow and black-striped barriers. The environment appears clean, structured, and dimly lit, while the tunnel ceiling has a slight curve. The perspective stretches into the distance, showcasing an expansive view of the tunnel’s length. The restorative indicator scores are:
- Being-away: 0.28587
- Coherence: 0.34325
- Scope: 0.09130
- Fascination: 0.12059
- Average Score: 0.21025"
D:/A_Research/A_doing_research/20250804_LLM_campus_restoration/shanghai/test//201608_114.2805139_22.625256699999998.png,"This image taken in Shenzhen. This street view captures a scenic, sunny roadway flanked by dense greenery on both sides. The asphalt road is divided by yellow and white lane markings, with metal guardrails running along the edges. On the left is a fenced area surrounded by overgrown vegetation, and trees cast shadows on the pavement. In the distance, two buses are visible traveling along the rightward lane. The bright blue sky contrasts against the vivid green foliage, presenting a tranquil and natural ambiance. The camera perspective includes part of the vehicle carrying it, positioned centrally to capture both sides of the street evenly. The restorative indicator scores are:
- Being-away: 0.83299
- Coherence: 0.10151
- Scope: 0.53336
- Fascination: 0.34011
- Average Score: 0.45199"
D:/A_Research/A_doing_research/20250804_LLM_campus_restoration/shanghai/test//201708_113.9089397_22.523997199999993.png,"This image taken in Shenzhen. This street view depicts a lush, tree-lined urban area with bright daylight filtering through dense green foliage. The road is flanked by parked cars on both sides, and yellow markings highlight pedestrian crossings. Residential buildings, partially visible among the trees, suggest a peaceful neighborhood. A black iron fence runs along one side, enclosing additional greenery or a park-like space. The scene reflects tranquility, blending urban infrastructure with nature for a refreshing environment. Small details, such as an umbrella stand on the sidewalk, add a touch of daily life. It captures suburban charm amidst greenery and light activity. The restorative indicator scores are:
- Being-away: 0.69065
- Coherence: 0.65390
- Scope: 0.64224
- Fascination: 0.61405
- Average Score: 0.65021"
D:/A_Research/A_doing_research/20250804_LLM_campus_restoration/shanghai/test//201608_114.300297_22.5877188.png,"This image taken in Shenzhen. This street view showcases a sunny day outside a gated entrance, surrounded by lush greenery and manicured bushes. To the left, modern architecture marks the entrance, while the right side features vibrant foliage and trees along with a neatly paved road. Cars are visible further along the road, with mountain views in the distance under a bright blue sky. The scene blends urban design with natural scenery, offering a serene atmosphere and a sense of quiet exclusivity. The restorative indicator scores are:
- Being-away: 0.76021
- Coherence: 0.65390
- Scope: 0.53334
- Fascination: 0.61398
- Average Score: 0.64036"
D:/A_Research/A_doing_research/20250804_LLM_campus_restoration/shanghai/test//201708_113.91294473496328_22.56617863908808.png,"This image taken in Shenzhen. This street view image depicts an industrial area with multiple warehouses, parked vehicles, and large shaded trees lining the open concrete space. The buildings have metal roofing and simple designs, suggesting utility-focused structures. Various vans, cars, and trucks are parked near the warehouses, some displaying company branding or advertisements. A noticeable green van sits prominently in the foreground. The surroundings suggest a calm and busy work environment, likely used for logistics or storage purposes. Large trees provide contrast to the industrial aesthetic, offering shade and greenery. The sky appears overcast, with minimal activity visible in the scene. The restorative indicator scores are:
- Being-away: 0.39936
- Coherence: 0.24076
- Scope: 0.09379
- Fascination: 0.12104
- Average Score: 0.21374"
D:/A_Research/A_doing_research/20250804_LLM_campus_restoration/shanghai/test//201708_113.9153991_22.566538199999997.png,"This image taken in Shenzhen. The image depicts an industrial area with warehouses, shipping containers, and parked trucks. Two large metal buildings on either side display signage in Chinese, suggesting businesses related to logistics or manufacturing. The scene includes greenery, with tall trees lining parts of the area, contrasting with the concrete surface of the road. Trucks, vans, and containers are stationed throughout, highlighting a bustling atmosphere connected to goods transportation or storage. The road is wide and relatively clean, suitable for frequent vehicle activity. The sky is overcast, contributing to a muted lighting effect across the setting. The restorative indicator scores are:
- Being-away: 0.28632
- Coherence: 0.46144
- Scope: 0.31544
- Fascination: 0.12142
- Average Score: 0.29616"
D:/A_Research/A_doing_research/20250804_LLM_campus_restoration/shanghai/test//201708_113.9439892_22.5486754.png,"This image taken in Shenzhen. This image depicts a sunny urban street scene surrounded by greenery. Two roads intersect with visible crosswalks. Trees line both sides, providing shade. Buildings on the left include smaller ones, while the right features palm-lined sidewalks and office or residential structures. A tall skyscraper rises in the background. Vehicles, including a taxi, white van, and black SUV, occupy the roads. Two individuals ride yellow bicycles, one facing the intersection, the other moving forward. A pedestrian can be seen walking on the sidewalk, near fenced areas and other small road signs. The atmosphere is calm, indicating daytime activity in the city. The restorative indicator scores are:
- Being-away: 0.28624
- Coherence: 0.65458
- Scope: 0.31526
- Fascination: 0.61399
- Average Score: 0.46752"
D:/A_Research/A_doing_research/20250804_LLM_campus_restoration/shanghai/test//201708_113.9303359_22.515187099999995.png,"This image taken in Shenzhen. This street view captures an urban scene featuring a large intersection with multiple pedestrian crossings marked. Surrounding the crossroad are residential buildings of varying sizes, the most prominent being a beige mid-rise structure on the left. To the right are lush green trees and palm-lined areas, suggesting a park or landscaped space, as well as a modern building. Cars and pedestrians are present, adding a dynamic element. Yellow lane markings and fencing organize traffic flow. The bright, sunny atmosphere highlights the urban greenery blending with residential and commercial structures. Overall, it represents a clean, vibrant cityscape. The restorative indicator scores are:
- Being-away: 0.60355
- Coherence: 0.75278
- Scope: 0.21388
- Fascination: 0.51539
- Average Score: 0.52140"
D:/A_Research/A_doing_research/20250804_LLM_campus_restoration/shanghai/test//201709_113.9344939_22.552632599999995.png,"This image taken in Shenzhen. This street view depicts a wide, clean intersection surrounded by greenery and modern buildings. Three roads branch outward, each lined with crosswalks, trees, and pedestrian pathways. Structures in the background include a mirrored building, tall towers, and modern architecture. A parked orange-green bus and distant vehicles are visible. The sky is overcast, creating a neutral, calm ambiance. The scene reflects an organized urban environment, blending nature and cityscape. The restorative indicator scores are:
- Being-away: 0.28618
- Coherence: 0.65495
- Scope: 0.73891
- Fascination: 0.33934
- Average Score: 0.50485"
D:/A_Research/A_doing_research/20250804_LLM_campus_restoration/shanghai/test//201709_113.8659685_22.5899967.png,"This image taken in Shenzhen. This street view image depicts a serene roadway surrounded by lush greenery and dense forest on both sides. The road curves gently and is bordered by neatly maintained plants and trees, creating a tranquil atmosphere. Bright sunlight filters through the foliage, adding a vibrant and natural glow to the scenery. Yellow lane markers and signage line the road for guidance, and a blue recycling bin is visible on the left. The image conveys peace and harmony, likely representing a park or a nature trail best suited for leisurely walks or drives while enjoying the beauty of the environment. The restorative indicator scores are:
- Being-away: 0.90457
- Coherence: 0.10157
- Scope: 0.64231
- Fascination: 0.61414
- Average Score: 0.56565"
D:/A_Research/A_doing_research/20250804_LLM_campus_restoration/shanghai/test//201708_114.1139086_22.538370400000005.png,"This image taken in Shenzhen. This panoramic street view shows a busy urban highway surrounded by tall modern skyscrapers, residential apartments, and commercial buildings. The road has multiple lanes with cars, buses, and motorcycles in motion. A pedestrian walkway shielded by glass barriers runs alongside the highway. The sky is clear, with bright sunlight enhancing the vibrancy of the scene. On the left, prominent signage and a lush green patch add color, while billboards are visible on buildings to the right. Overall, the image portrays a bustling cityscape with high-rise architecture and constant vehicular activity, reflecting a dynamic metropolitan environment. The restorative indicator scores are:
- Being-away: 0.10493
- Coherence: 0.46107
- Scope: 0.31527
- Fascination: 0.33943
- Average Score: 0.30518"
D:/A_Research/A_doing_research/20250804_LLM_campus_restoration/shanghai/test//201709_113.96211397355088_22.531719062555634.png,"This image taken in Shenzhen. The street view shows a clean, wide, tree-lined road with dual lanes divided by painted road markings. Greenery dominates both sides, featuring trees, shrubs, and palms. On the left, tall modern buildings emerge above the foliage, while more buildings are visible in the distance. The photo includes a car in the foreground and others further down the road. The atmosphere is quiet, and the road appears relatively empty, accentuating a calm, urban setting blending nature and development. Bright daylight and slight overcast skies create soft lighting, enhancing the greenery's vibrancy. The restorative indicator scores are:
- Being-away: 0.83392
- Coherence: 0.34280
- Scope: 0.43304
- Fascination: 0.61427
- Average Score: 0.55601"
D:/A_Research/A_doing_research/20250804_LLM_campus_restoration/shanghai/test//201709_113.943607_22.5605947.png,"This image taken in Shenzhen. The street view shows a newly constructed area with modern infrastructure. On the left, a multi-story building features a clean, geometric facade. The center highlights a wide, divided asphalt road with metal railings and green spaces bordered by trees. Yellow and black striped curbs guide vehicles along the winding paths. In the background, there are mid-rise residential buildings and taller modern buildings, blending urban and residential styles. On the right, landscaped greenery adds balance to the urban design. The overall environment appears clean, organized, and newly developed, with clear skies overhead and a sense of modern urban planning. The restorative indicator scores are:
- Being-away: 0.10527
- Coherence: 0.56363
- Scope: 0.53421
- Fascination: 0.12044
- Average Score: 0.33089"
D:/A_Research/A_doing_research/20250804_LLM_campus_restoration/shanghai/test//201709_113.9925216_22.550671499999996.png,"This image taken in Shenzhen. This street view image showcases an urban area with a striking mix of residential buildings and industrial activity. To the left are tall, modern high-rise apartments with orange-and-white facades. On the right, a steep rock cliff covered in sparse vegetation dominates the scene. The area has several parked trucks, scattered containers, and construction-like debris, indicating ongoing work or storage venues. A large dumpster and fenced-off sections hint at waste management operations. In the foreground, a man bends over, likely addressing a small patch of greenery. The sky is partly cloudy, balancing the industrial and natural elements of the environment. The restorative indicator scores are:
- Being-away: 0.49948
- Coherence: 0.23958
- Scope: 0.21372
- Fascination: 0.51671
- Average Score: 0.36737"
D:/A_Research/A_doing_research/20250804_LLM_campus_restoration/shanghai/test//201709_113.9994241_22.667688899999998.png,"This image taken in Shenzhen. This street view captures an urban scene with multiple buildings lining both sides of a wide road, featuring palm trees and greenery. Most buildings host commercial establishments, visible through their signage, with Chinese characters displayed prominently. Several cars and a few pedestrians are present, indicating a moderately busy area. The sky is overcast, creating a subdued yet clear atmosphere. The road has designated lanes, a median strip with small trees, and sidewalks. The architecture varies from older blocks to modern structures, contributing to a mixed-use urban vibe. Overall, the image reflects typical city life in a bustling neighborhood. The restorative indicator scores are:
- Being-away: 0.28580
- Coherence: 0.56376
- Scope: 0.31492
- Fascination: 0.61422
- Average Score: 0.44467"
D:/A_Research/A_doing_research/20250804_LLM_campus_restoration/shanghai/test//201709_113.9639129_22.534823.png,"This image taken in Shenzhen. This bustling urban street scene features a mix of residential and commercial buildings. On the left are apartments with balconies, shaded by trees, while cars and bikes line the road. The center foreground contains a busy corner with stores, including one promoting electronics. To the right are more businesses, ranging from a bright yellow restaurant to other retail shops. Pedestrians, bicycles, and motorbikes suggest local activity. Vendors sit on carts displaying advertisements, reflecting a lively and active vibe. The architecture is modern and functional, designed to accommodate city life. Trees interspersed throughout soften the dense urban environment. The restorative indicator scores are:
- Being-away: 0.39902
- Coherence: 0.82449
- Scope: 0.31509
- Fascination: 0.61430
- Average Score: 0.53822"
D:/A_Research/A_doing_research/20250804_LLM_campus_restoration/shanghai/test//201709_114.0018234_22.667901699999994.png,"This image taken in Shenzhen. This street view depicts a densely populated urban area. Surrounding the street are multi-story residential buildings displaying concrete and tiled facades. On the ground level are retail stores with colorful signage, such as a convenience store and a China Mobile outlet. Various vehicles, including vans and cars, are parked along the roadside, with crates beside an open car trunk. The area features narrow streets, pedestrians, and barriers guiding traffic flow. Palm trees add a touch of greenery, contrasting the predominance of concrete. The scene is bustling yet organized, with residential, commercial, and everyday life intersecting harmoniously. The restorative indicator scores are:
- Being-away: 0.28584
- Coherence: 0.34231
- Scope: 0.09049
- Fascination: 0.69807
- Average Score: 0.35418"
D:/A_Research/A_doing_research/20250804_LLM_campus_restoration/shanghai/test//201709_114.0096115_22.600753299999997.png,"This image taken in Shenzhen. The image depicts a construction site along a dusty road under sunny skies. On the left, green trees and vegetation are enclosed by wire fencing. To the right, tall buildings are under construction behind blue barriers, with cranes visible at the top. The road is unpaved, and several vehicles, including a scooter in the foreground, move along it. The area appears semi-rural, with a mix of nature and urban development. Power lines stretch across the sky, and scattered clouds hint at clear weather. The restorative indicator scores are:
- Being-away: 0.60361
- Coherence: 0.10076
- Scope: 0.31513
- Fascination: 0.33849
- Average Score: 0.33950"
D:/A_Research/A_doing_research/20250804_LLM_campus_restoration/shanghai/test//201709_114.0218923_22.6305483.png,"This image taken in Shenzhen. This street view showcases a busy urban intersection surrounded by modern high-rise residential and commercial buildings. The roads feature multiple pedestrian crosswalks and traffic signals, with cars, bikes, and pedestrians actively navigating the area. Trees and greenery line the sidewalks, adding a touch of nature to the bustling environment. Cyclists and pedestrians can be seen utilizing designated spaces near the crosswalks. The sky is bright and clear, indicating a sunny day. On the right, construction cranes hint at ongoing development in the city. The scene highlights a well-organized metropolitan space with active urban life and infrastructure. The restorative indicator scores are:
- Being-away: 0.28565
- Coherence: 0.75462
- Scope: 0.64282
- Fascination: 0.51647
- Average Score: 0.54989"
D:/A_Research/A_doing_research/20250804_LLM_campus_restoration/shanghai/test//201709_114.0241351_22.6258048.png,"This image taken in Shenzhen. The image shows a busy urban intersection bordered by tall residential and commercial buildings. The roads are lined with shops and businesses, including a colorful storefront with Chinese signage. Pedestrians cross the street at designated crosswalks, while cars and motorbikes navigate the lanes. A bus stop with recyclables bins is visible on the corner. Large, modern apartment towers dominate the background, highlighting a densely populated cityscape. The area appears active yet organized, with street markings and some greenery separating traffic lanes. A cloudy sky adds a subdued tone to the scene, illustrating a typical day in an urban environment. The restorative indicator scores are:
- Being-away: 0.10500
- Coherence: 0.65517
- Scope: 0.64284
- Fascination: 0.79266
- Average Score: 0.54892"
D:/A_Research/A_doing_research/20250804_LLM_campus_restoration/shanghai/test//201709_114.0144989_22.623911299999996.png,"This image taken in Shenzhen. This street view image features a wide, clear road surrounded by greenery and blue skies. The road has multiple lanes with marked lines, and both sides are bordered by trees and landscaped areas. A metal fence runs parallel to a pathway on the left. The right side showcases more trees with some open spaces visible beyond. The image is captured from a vehicle's perspective with part of the bike or automobile visible in the foreground, and a few vehicles can be seen farther ahead. The scene suggests a calm and orderly urban or suburban environment. The restorative indicator scores are:
- Being-away: 0.83394
- Coherence: 0.34253
- Scope: 0.53494
- Fascination: 0.11989
- Average Score: 0.45783"
D:/A_Research/A_doing_research/20250804_LLM_campus_restoration/shanghai/test//201709_114.0333185_22.7434467.png,"This image taken in Shenzhen. This image shows a sunny suburban setting featuring a gated entrance flanked by two guard booths. The area is lush with greenery, including tall palm trees, trimmed hedges, and tropical plants. A brick walkway leads toward a residential or recreational area, while a paved road lined with parked vehicles, including a blue truck, stretches into the distance. Signs of urban life appear, such as lampposts, fencing, and signage on the booth. The atmosphere is tranquil and well-maintained, combining natural beauty with structured development. It suggests a private property or community area with controlled access. The restorative indicator scores are:
- Being-away: 0.83339
- Coherence: 0.65517
- Scope: 0.53526
- Fascination: 0.61463
- Average Score: 0.65961"
D:/A_Research/A_doing_research/20250804_LLM_campus_restoration/shanghai/test//201709_114.01594280000002_22.643162600000004.png,"This image taken in Shenzhen. This street view showcases a busy urban setting with a mix of residential and commercial buildings. The foreground highlights a road intersection with vehicles, cyclists, and pedestrians navigating the area. To the left, a tall white building stands adjacent to smaller structures, while to the right, a large glass-walled building is under construction with visible scaffolding. Further down, various shops, offices, and parked cars populate the roadside. The sky above is partly cloudy, adding to the vibrant yet industrial atmosphere. Trees and small green patches provide contrast to the concrete surroundings, integrating nature into the urban landscape. The restorative indicator scores are:
- Being-away: 0.10464
- Coherence: 0.46077
- Scope: 0.53495
- Fascination: 0.41468
- Average Score: 0.37876"
D:/A_Research/A_doing_research/20250804_LLM_campus_restoration/shanghai/test//201709_114.0414485_22.640062199999996.png,"This image taken in Shenzhen. The image depicts a busy urban street intersection. Trees line the roadside, offering greenery alongside modern mid-rise buildings. Two main roads converge, sectioned by a pedestrian area and dividers. A small fenced-off bike lane is visible with a few bicycles. Pedestrians and cyclists are present, and a taxi car is prominently displayed. Yellow road markings highlight driving boundaries, while direction signs and lampposts dot the scene. The overcast sky gives a neutral ambiance, with visibility extending to the residential and commercial areas in the distance. It’s a functional cityscape blending urban development with green spaces. The restorative indicator scores are:
- Being-away: 0.50061
- Coherence: 0.34236
- Scope: 0.43296
- Fascination: 0.23900
- Average Score: 0.37873"
D:/A_Research/A_doing_research/20250804_LLM_campus_restoration/shanghai/test//201709_114.0502404_22.601815099999996.png,"This image taken in Shenzhen. The street view captures a bustling urban setting in what appears to be a commercial area, with numerous parked cars lining the road. The buildings feature a mix of residential apartments and retail storefronts with bold signage in Chinese characters. The shops include pharmacies, restaurants, and other local businesses, and palm trees add greenery to the environment. The road is lightly trafficked, with pedestrians visible in the distance. The architecture is compact and functional, indicating a dense city. Bright daylight highlights the scene under a partly cloudy sky, reflecting a typical lively neighborhood in East or Southeast Asia. The restorative indicator scores are:
- Being-away: 0.39880
- Coherence: 0.56423
- Scope: 0.21316
- Fascination: 0.69856
- Average Score: 0.46869"
D:/A_Research/A_doing_research/20250804_LLM_campus_restoration/shanghai/test//201709_114.03886620000002_22.64132529999999.png,"This image taken in Shenzhen. This street view image captures a bustling urban scene with multiple lanes of traffic heading in both directions. The road is bordered by metal barriers, trees, hedges, and a pedestrian sidewalk. A cyclist is seen riding near the greenery, and another individual holding an umbrella rests on the opposite side. Cars, buses, and scooters populate the road, while a parking lot with bicycles appears on the right. The sky is partly cloudy, suggesting mild weather, and the environment feels active but not overly crowded. Buildings and shops are partially visible in the distance, adding to the city's lively atmosphere. The restorative indicator scores are:
- Being-away: 0.60301
- Coherence: 0.23884
- Scope: 0.21348
- Fascination: 0.41442
- Average Score: 0.36744"
D:/A_Research/A_doing_research/20250804_LLM_campus_restoration/shanghai/test//201709_114.0569058_22.528170200000005.png,"This image taken in Shenzhen. The image shows an urban street scene with mid-rise buildings featuring residential apartments and commercial spaces. A brown, modern architectural structure stands at the corner, contrasting with older buildings. The street is lined with parked cars on both sides, and pedestrians can be seen walking under umbrellas, possibly due to recent rain. In the distance, there are high-rise buildings, suggesting a central business district. Small trees and potted plants line the sidewalks, adding greenery to the concrete environment. The overall atmosphere is busy, but orderly, with clear roads and urban infrastructure blending older and newer architectural styles. The restorative indicator scores are:
- Being-away: 0.28516
- Coherence: 0.46019
- Scope: 0.31406
- Fascination: 0.41446
- Average Score: 0.36847"
D:/A_Research/A_doing_research/20250804_LLM_campus_restoration/shanghai/test//201709_114.06019570199695_22.61155481335208.png,"This image taken in Shenzhen. The image shows a bustling urban street scene on a bright day. On the right, residential and commercial buildings feature blue-painted facades, while parked cars line the roadside. To the left, older buildings and a construction site are visible behind a walled fence. In the center, a man wearing a yellow hard hat crosses the street. The road is divided by bright yellow lines and accommodates light vehicular traffic. Tall skyscrapers loom in the background under a partly cloudy sky, adding contrast to the lower, simpler structures in the foreground. The area appears lively yet somewhat industrial. The restorative indicator scores are:
- Being-away: 0.10444
- Coherence: 0.56416
- Scope: 0.31408
- Fascination: 0.23850
- Average Score: 0.30529"
D:/A_Research/A_doing_research/20250804_LLM_campus_restoration/shanghai/test//201709_114.0756785_22.621517099999995.png,"This image taken in Shenzhen. This street view image shows a tranquil landscape with a paved pathway surrounded by lush greenery and trees on the left and center. Signs are visible near a small metal structure, likely a security booth or kiosk, indicating regulations or directions. The path splits, leading towards a grassy open space on the right. A slim bridge extends over water to the far right, guarded by a railing, with surrounding bushes and flowers adding color to the scene. The area appears calm and serene, likely part of a nature walkway or park. The restorative indicator scores are:
- Being-away: 0.76236
- Coherence: 0.09900
- Scope: 0.53574
- Fascination: 0.41420
- Average Score: 0.45282"
D:/A_Research/A_doing_research/20250804_LLM_campus_restoration/shanghai/test//201709_114.0612517_22.7125737.png,"This image taken in Shenzhen. The image depicts a tree-lined urban street with parked cars on both sides. Sunlight filters through the dense canopy of greenery, creating patches of light and shadow on the pavement. A building under construction is visible in the center, surrounded by scaffolding. People are seen walking, including a child in colorful clothing on the right side. There is signage in an unidentified language along the road, and various vehicles, ranging from vans to sedans, occupy the roadside. The street conveys a peaceful ambiance enhanced by the abundant trees, blending urban and natural elements harmoniously. The restorative indicator scores are:
- Being-away: 0.69090
- Coherence: 0.23831
- Scope: 0.53573
- Fascination: 0.61568
- Average Score: 0.52015"
D:/A_Research/A_doing_research/20250804_LLM_campus_restoration/shanghai/test//201709_114.0696131_22.72285939999999.png,"This image taken in Shenzhen. The street view showcases a paved alley lined with buildings on both sides. The buildings feature varying architectural designs, primarily pale pink and beige tones. On the left, there’s a gated entrance surrounded by greenery, while some construction materials and a pile of dirt are visible in the foreground. Parked cars, some covered with protective sheets, line the right side of the road, with a bright blue SUV standing out prominently. The area appears quiet, with no people visible, and the sky is partly cloudy, casting soft daylight onto the scene. The restorative indicator scores are:
- Being-away: 0.28495
- Coherence: 0.46040
- Scope: 0.08956
- Fascination: 0.33766
- Average Score: 0.29314"
D:/A_Research/A_doing_research/20250804_LLM_campus_restoration/shanghai/test//201709_114.06861678573122_22.721309304140785.png,"This image taken in Shenzhen. This street view shows a local urban neighborhood with small businesses. To the left are multi-story buildings featuring storefronts with signs advertising restaurants and shops. On the right is greenery, including a tree-lined area behind parked blue trucks. Traffic cones mark parking spaces on the asphalt road. Toward the back, more modern buildings and vehicles are visible, suggesting a mix of older and newer infrastructure. Scooters, cars, and a busy atmosphere give it a bustling yet functional appearance, likely catering to local residents. The sky is clear, with scattered clouds, creating bright daytime lighting in the scene. The restorative indicator scores are:
- Being-away: 0.60356
- Coherence: 0.34159
- Scope: 0.08881
- Fascination: 0.51593
- Average Score: 0.38747"
D:/A_Research/A_doing_research/20250804_LLM_campus_restoration/shanghai/test//201709_114.0793126_22.562718900000004.png,"This image taken in Shenzhen. This street view image captures a sunny day in a green, tree-lined area with a park-like setting. On the left, there's a small wooden booth near tall palm trees and a pathway. In the center, an open plaza with steps leads to more greenery and colorful flower arrangements. On the right, a parking area is visible near a road with clear pedestrian crossings marked. The environment is serene, featuring vibrant foliage and scattered vehicles, suggesting a calm urban space likely blending nature and everyday life. The image highlights a mix of organized infrastructure and lush greenery for both relaxation and utility. The restorative indicator scores are:
- Being-away: 0.69160
- Coherence: 0.65572
- Scope: 0.80696
- Fascination: 0.61604
- Average Score: 0.69258"
D:/A_Research/A_doing_research/20250804_LLM_campus_restoration/shanghai/test//201709_114.1036659_22.633577100000004.png,"This image taken in Shenzhen. This image displays a residential parking area with several cars parked on both sides of a wide concrete driveway. Surrounding the space are apartment buildings with balconies visible on the left and right. Greenery, including tall trees and bushes, provides shade and frames the area. The parking slots are lined with grass-paved blocks, blending the urban area with a touch of nature. The scene is calm, indicating a typical neighborhood setting with a balanced mix of vehicles, plants, and infrastructure. The restorative indicator scores are:
- Being-away: 0.76269
- Coherence: 0.65604
- Scope: 0.43309
- Fascination: 0.23755
- Average Score: 0.52234"
D:/A_Research/A_doing_research/20250804_LLM_campus_restoration/shanghai/test//201709_114.08944130000002_22.6905944.png,"This image taken in Shenzhen. The image depicts a dusty, rugged path between piles of earth, rocks, and scrap materials. To the left are fencing panels enclosing a cluttered area, while the right features dense greenery and discarded debris. In the center, large mounds of dirt and gravel rise alongside forested hills under a clear blue sky. The road appears to be part of a construction or mining site surrounded by nature and industrial remnants. Two roof structures of surveying or recreational vehicles create a foreground perspective. It's a transitional or worksite setting blending human activity and untouched landscapes. The restorative indicator scores are:
- Being-away: 0.60352
- Coherence: 0.09952
- Scope: 0.43326
- Fascination: 0.33784
- Average Score: 0.36853"
D:/A_Research/A_doing_research/20250804_LLM_campus_restoration/shanghai/test//201709_114.0871723_22.5609009.png,"This image taken in Shenzhen. This street view captures a spacious urban area bordered by diverse structures. On the left, a beige classical-style building with arched windows and palm trees stands out. To the right, there’s a modern stadium featuring large columns with visible entrances. The center showcases an expansive paved space with barriers, crosswalks, and scattered pedestrians. Cars are parked on both sides while taller city buildings are visible in the background. The environment appears relaxed, with clear skies and evening sunlight illuminating the scene. Trees and greenery add subtle touches of nature, balancing the urban surroundings. The restorative indicator scores are:
- Being-away: 0.28498
- Coherence: 0.75554
- Scope: 0.53563
- Fascination: 0.33775
- Average Score: 0.47848"
D:/A_Research/A_doing_research/20250804_LLM_campus_restoration/shanghai/test//201709_114.0946047_22.6365959.png,"This image taken in Shenzhen. The image features a busy intersection with vehicles including cars, a motorbike, and a blue truck occupying the streets. Surrounding the road are low-rise buildings, both residential and commercial, characterized by white and red exteriors. To the left, there is greenery and a small hill. Traffic signals are visible, indicating direction. The sky is sunny and clear, contributing to the overall bright atmosphere. Pedestrians and cyclists are sparse, and the setting has an urban yet suburban feel, with relatively wide roads and minimal crowding. This area seems functional, with basic infrastructure and active traffic flow. The restorative indicator scores are:
- Being-away: 0.10441
- Coherence: 0.34193
- Scope: 0.31384
- Fascination: 0.41350
- Average Score: 0.29342"
D:/A_Research/A_doing_research/20250804_LLM_campus_restoration/shanghai/test//201709_114.1064122_22.6536206.png,"This image taken in Shenzhen. The image depicts a wide street intersection with pedestrian crossings in an urban area. It features modern buildings, including a tall residential structure to the left and an office/commercial building on the right with red flags displayed. The middle section showcases greenery along a hillside with trees and shrubs. Cars and a van are present, suggesting light traffic. The clear blue sky and bright sunlight indicate daytime. Traffic lights and road signs are visible, enhancing safety measures. The foreground reveals what appears to be a motorbike or vehicle, possibly the viewpoint of the image. The restorative indicator scores are:
- Being-away: 0.28478
- Coherence: 0.75540
- Scope: 0.53566
- Fascination: 0.51650
- Average Score: 0.52308"
D:/A_Research/A_doing_research/20250804_LLM_campus_restoration/shanghai/test//201709_114.1179462_22.686612899999997.png,"This image taken in Shenzhen. This street view depicts an entrance with a blue gate beneath a stone archway, bearing Chinese characters. The area has a rustic ambiance, surrounded by greenery including trees, shrubs, and moss-covered stone walls. A statue sits to the left of the entrance. The ground is uneven concrete, and a narrow road leads further down, flanked by fences. The sky is slightly overcast, hinting at cloudy weather. A portion of a parked vehicle, possibly a scooter, is visible in the foreground. Buildings are seen in the distance, suggesting an urban setting nearby. The restorative indicator scores are:
- Being-away: 0.69216
- Coherence: 0.23738
- Scope: 0.08925
- Fascination: 0.33762
- Average Score: 0.33910"
D:/A_Research/A_doing_research/20250804_LLM_campus_restoration/shanghai/test//201709_114.1390699_22.549754199999995.png,"This image taken in Shenzhen. The street scene depicts a busy urban setting with various modes of transport including buses, cars, and bicycles. A mix of old and modern architecture is visible, with a traditional-style building on the left and tall skyscrapers in the background. Shops and small establishments line the street, while Chinese flags are prominently displayed along the road. Pedestrians, including a man standing near the vehicles, and a delivery truck further add to the bustling vibe. The weather appears partly cloudy, with patches of blue sky providing a bright contrast to the urban surroundings. It portrays a typical day in a city environment. The restorative indicator scores are:
- Being-away: 0.39730
- Coherence: 0.23739
- Scope: 0.43342
- Fascination: 0.69963
- Average Score: 0.44193"
D:/A_Research/A_doing_research/20250804_LLM_campus_restoration/shanghai/test//201709_114.11168102857242_22.714879766622584.png,"This image taken in Shenzhen. This image shows a quiet urban street lined with palm trees. On the left, there's a weathered concrete wall with faded graffiti, and beyond, dense green trees. The sidewalk has red and yellow tiling, with some debris scattered. On the right, two white industrial-style buildings are visible, one with a gated entrance and signage, surrounded by shrubs. The street is clean, with no visible traffic or pedestrians, under a bright sky with scattered clouds. A vehicle’s hood in the foreground suggests the image was captured from a moving car. The scene feels industrial and partially neglected. The restorative indicator scores are:
- Being-away: 0.60311
- Coherence: 0.34195
- Scope: 0.21191
- Fascination: 0.11686
- Average Score: 0.31846"
D:/A_Research/A_doing_research/20250804_LLM_campus_restoration/shanghai/test//201902_113.78802927099669_22.681579777229107.png,"This image taken in Shenzhen. This image depicts a street intersection in an urban area. Trees line both sides of the road, providing shade, while buildings—some residential and others commercial—are visible. Pedestrians are seen near the sidewalk, and several cars, motorcycles, and bicycles occupy the street. The environment is relatively calm, with overcast skies suggesting an overcast day. Some storefronts and signs are visible, with distinct architecture on surrounding buildings. The streets are moderately busy, and the layout suggests a well-maintained area with space for vehicles and pedestrian walkways. The workplace or residential area's blend contributes to the bustling yet structured scene. The restorative indicator scores are:
- Being-away: 0.50078
- Coherence: 0.45970
- Scope: 0.53583
- Fascination: 0.33750
- Average Score: 0.45845"
D:/A_Research/A_doing_research/20250804_LLM_campus_restoration/shanghai/test//201902_113.773877_22.7270682.png,"This image taken in Shenzhen. The image shows a narrow, unpaved street in a residential area with older and modest buildings. The structures feature brick and tiled exteriors, some with visible wear and damage. Several parked vehicles, including vans and sedans, line the road. There’s scattered debris and vegetation along the street, giving a slightly neglected appearance. Electrical wires crisscross the image, and trees are visible in the background. The area seems densely built, with apartment blocks in the distance. The overall atmosphere suggests a semi-urban neighborhood undergoing limited maintenance. The restorative indicator scores are:
- Being-away: 0.50075
- Coherence: 0.23740
- Scope: 0.31382
- Fascination: 0.61688
- Average Score: 0.41722"
D:/A_Research/A_doing_research/20250804_LLM_campus_restoration/shanghai/test//201902_113.7968278_22.6764534.png,"This image taken in Shenzhen. The street view showcases a bustling urban area during the late afternoon, with golden sunlight cascading over buildings. On the left are medium-sized residential and commercial buildings, some shaded by trees, while the right side features larger, colorful structures with shopfronts or signage. The road appears clean and wide, equipped with distinct bike lanes, pedestrian crossings, and traffic barriers. A parked vehicle is visible in the foreground. The area conveys a mix of residential and retail activity, and the clear sky adds vibrancy to the scene. Overall, it reflects a typical urban environment blending living spaces with commercial infrastructure. The restorative indicator scores are:
- Being-away: 0.28398
- Coherence: 0.65671
- Scope: 0.21131
- Fascination: 0.33758
- Average Score: 0.37240"
D:/A_Research/A_doing_research/20250804_LLM_campus_restoration/shanghai/test//201902_113.822293711952_22.708451784912096.png,"This image taken in Shenzhen. The image showcases a residential urban street lined with parked cars and tall apartment buildings on the right. A row of motorcycles is visibly parked behind a metal barrier on the right side. Trees, offering a green canopy, border the sidewalk on the left. The scene feels busy yet organized, and the road accommodates cars moving in both directions. The atmosphere reflects a bustling yet orderly modern city area, with clear sidewalks and structured parking spaces. The restorative indicator scores are:
- Being-away: 0.60377
- Coherence: 0.09803
- Scope: 0.08983
- Fascination: 0.23728
- Average Score: 0.25723"
D:/A_Research/A_doing_research/20250804_LLM_campus_restoration/shanghai/test//201902_113.80734899282018_22.782117482559418.png,"This image taken in Shenzhen. The image depicts a busy urban street lined with trees and parked cars. Various storefronts are visible, including an Oppo store and other shops with colorful signage. A mural on the right wall showcases cultural art promoting dragon boat racing. The road is clean and well-maintained, with a clear sunny sky above. Pedestrians can be seen walking along the sidewalk, while vehicles occupy the street and parking spaces. The environment appears lively yet organized, combining commercial activities with residential undertones. The trees interspersed along the sidewalk provide shade, creating a pleasant and inviting atmosphere. The restorative indicator scores are:
- Being-away: 0.69343
- Coherence: 0.34146
- Scope: 0.08915
- Fascination: 0.51690
- Average Score: 0.41023"
D:/A_Research/A_doing_research/20250804_LLM_campus_restoration/shanghai/test//201902_113.8125536_22.742092199999995.png,"This image taken in Shenzhen. This street view depicts an urban area with a wide intersection featuring designated pedestrian crossings. Tall residential buildings line one side, while lower structures and palm trees are visible on the other. The road is divided with metal barriers, and traffic signs are displayed for pedestrians and vehicles. On the left, there’s a utility area with power lines and towers. A small number of cars, including a blue vehicle and a white van, are parked on the right. The skies are partly cloudy, adding natural light to the scene. The area appears calm and well-organized. The restorative indicator scores are:
- Being-away: 0.10356
- Coherence: 0.56453
- Scope: 0.74221
- Fascination: 0.23717
- Average Score: 0.41187"
D:/A_Research/A_doing_research/20250804_LLM_campus_restoration/shanghai/test//201902_113.82461400636875_22.737846546103565.png,"This image taken in Shenzhen. This vibrant street view features a wide road with multiple lanes, bordered by trees and greenery on either side. Vehicles are seen moving in both directions, including cars, SUVs, and a red sedan in the center. Modern buildings and high-rise apartments line the background, under a partially cloudy, bright blue sky. Pedestrians walk along the shaded sidewalk, adding life to the scene. Some festive red lantern decorations hang on streetlights, hinting at cultural celebrations. The overall vibe showcases a bustling urban environment combined with carefully maintained green spaces, blending modern city life and natural elements harmoniously. The restorative indicator scores are:
- Being-away: 0.39742
- Coherence: 0.65662
- Scope: 0.74218
- Fascination: 0.41311
- Average Score: 0.55233"
D:/A_Research/A_doing_research/20250804_LLM_campus_restoration/shanghai/test//201902_113.86370289163905_22.8024886393656.png,"This image taken in Shenzhen. The image depicts a sunny urban street with intersecting roads and both residential and commercial buildings. Trees line the streets providing greenery, while a mix of vehicles, including cars, motorcycles, and delivery trucks, are parked or in motion. The area appears quiet with minimal foot traffic. One small building shows signs of wear, while others have a more modern appearance. Overhead, electrical wires stretch across the blue sky with few scattered clouds. The scene suggests a typical suburban or industrial area. The restorative indicator scores are:
- Being-away: 0.60441
- Coherence: 0.56490
- Scope: 0.53516
- Fascination: 0.51723
- Average Score: 0.55543"
D:/A_Research/A_doing_research/20250804_LLM_campus_restoration/shanghai/test//201902_113.8394141_22.7960351.png,"This image taken in Shenzhen. This panoramic street view showcases an urban area with low-rise residential and industrial buildings on either side of a narrow road. To the left, a cyclist rides toward a canal and fenced-off industrial zone, while to the right, a motorcyclist follows a road running alongside a calm river bordered by warning signs and greenery. Electrical towers and wires are visible, stretching across the skyline. The backdrop consists of modern apartment complexes under a partly cloudy blue sky. The environment appears moderately developed, blending urban structures with natural and industrial elements. The general atmosphere is quiet and functional, suggesting mixed-use zoning. The restorative indicator scores are:
- Being-away: 0.60412
- Coherence: 0.23664
- Scope: 0.80704
- Fascination: 0.33704
- Average Score: 0.49621"
D:/A_Research/A_doing_research/20250804_LLM_campus_restoration/shanghai/test//201902_113.84040741380237_22.715501429259064.png,"This image taken in Shenzhen. This street view shows a bustling urban environment with multiple parked and moving cars. Flanked by residential buildings painted in pink and beige, the street is lined with green trees providing shade. Small local shops or businesses occupy the ground floor of the buildings. The area appears crowded yet organized, with pedestrians walking along the sides of the road. Motorcycles are also visible, indicating a mix of vehicle types in use. In the background, taller buildings rise, signifying a blend of older, smaller architecture with more modern structures. The setting suggests a lively neighborhood in a city environment. The restorative indicator scores are:
- Being-away: 0.69330
- Coherence: 0.34100
- Scope: 0.21071
- Fascination: 0.61739
- Average Score: 0.46560"
D:/A_Research/A_doing_research/20250804_LLM_campus_restoration/shanghai/test//201902_113.8941739734363_22.720864788587726.png,"This image taken in Shenzhen. This street view image shows an urban area with ongoing construction fenced off by green netting and yellow barriers on the right. Pedestrians, scooters, and vehicles navigate the space. Surrounding buildings include mid-rise structures, shops, and businesses. Palm trees and greenery are visible along with sunlight casting shadows, suggesting late afternoon. Workers and residents seem engaged in daily activities amidst the constructed sidewalks and temporary infrastructure. Prominent signage and advertisements are visible on the building facades, adding a vibrant commercial element to the scene. The restorative indicator scores are:
- Being-away: 0.60445
- Coherence: 0.34036
- Scope: 0.64416
- Fascination: 0.84065
- Average Score: 0.60740"
D:/A_Research/A_doing_research/20250804_LLM_campus_restoration/shanghai/test//201902_113.8693476_22.598104299999996.png,"This image taken in Shenzhen. This image depicts a city street under a clear, sunny sky with trees lining the sidewalks. A mix of modern buildings, including glass facades and apartments, surrounds the area. Cars are parked along the road, while pedestrians walk or ride bicycles. Vibrant red banners hang on poles, adding color to the scene. The area appears orderly, with spacious sidewalks and defined road markings. A person crossing the street and cyclists nearby contribute to an active and lively urban atmosphere. The overall setting suggests a commercial or residential neighborhood with public spaces encouraging pedestrian activity. The restorative indicator scores are:
- Being-away: 0.28373
- Coherence: 0.56494
- Scope: 0.74311
- Fascination: 0.51733
- Average Score: 0.52728"
D:/A_Research/A_doing_research/20250804_LLM_campus_restoration/shanghai/test//201902_114.0317129_22.543413399999995.png,"This image taken in Shenzhen. This street view image showcases a sunny urban environment with palm trees lining the roads on either side. The central intersection splits into three paths, each bordered by vibrant greenery and pedestrian walkways. Cars are parked along the streets, while traffic markings and signage guide vehicles and pedestrians. To the left, vibrant banners and signs decorate buildings, while cyclists and pedestrians are visible on the right. A clear blue sky with scattered white clouds enhances the lively, tropical vibe of the scene. The layout suggests a planned, organized area, possibly near a park, campus, or commercial complex. The restorative indicator scores are:
- Being-away: 0.69279
- Coherence: 0.65653
- Scope: 0.53490
- Fascination: 0.51738
- Average Score: 0.60040"
D:/A_Research/A_doing_research/20250804_LLM_campus_restoration/shanghai/test//201902_113.91025928046581_22.57583711733693.png,"This image taken in Shenzhen. This street view showcases an urban area with mixed-use buildings, trees, and wide roads. On the left are retail storefronts in taller buildings with modern architecture, while farther down is a tree-lined street providing shade. Yellow road markings and bollards guide vehicles, and pedestrians are visible. The right side includes more shops and parked cars. The scene appears bright and sunny, with clear skies, suggesting daytime in a bustling neighborhood. Vegetation enhances the ambiance, contrasting the urban infrastructure. The restorative indicator scores are:
- Being-away: 0.60442
- Coherence: 0.34045
- Scope: 0.53503
- Fascination: 0.41278
- Average Score: 0.47317"
D:/A_Research/A_doing_research/20250804_LLM_campus_restoration/shanghai/test//201902_113.9180008_22.7323099.png,"This image taken in Shenzhen. This street view depicts a suburban area under development. The road splits into two directions surrounded by greenery and construction fencing, displaying promotional images and text. A black sedan and a parked pickup truck are visible. Buildings with contemporary architecture flank the road, and construction cranes suggest ongoing development. Street lamps feature red traditional Chinese lanterns, adding cultural resonance. The sky is overcast, creating muted lighting. The foreground shows a parked vehicle with writing, likely indicating a service or utility. Overall, the scene reflects urban expansion within a transitioning neighborhood. The restorative indicator scores are:
- Being-away: 0.60439
- Coherence: 0.34055
- Scope: 0.43372
- Fascination: 0.33643
- Average Score: 0.42878"
D:/A_Research/A_doing_research/20250804_LLM_campus_restoration/shanghai/test//201902_114.04594474714749_22.567282191742024.png,"This image taken in Shenzhen. This street view depicts an urban scene with a road splitting into two directions—Meiqing Rd signage visible. To the left are buildings with apartments and pedestrians walking on the pink pavement. On the right, trees and a fenced area surround a broader plaza space leading to a building adorned with red signage, possibly institutional. Parking bollards line the entryways. The weather is cloudy, adding a subdued atmosphere. A parked bicycle leans against the fence, and the overall area appears calm and moderately inhabited, blending residential and public space elements. The restorative indicator scores are:
- Being-away: 0.39564
- Coherence: 0.56570
- Scope: 0.43384
- Fascination: 0.33594
- Average Score: 0.43278"
D:/A_Research/A_doing_research/20250804_LLM_campus_restoration/shanghai/test//201902_114.013333_22.6805554.png,"This image taken in Shenzhen. The image showcases a quiet urban street with a small cluster of buildings featuring grey walls and barred windows. A white car, a truck, and a green dumpster are parked near the corner of the building, partially blocking the road. The right side reveals a parked blue container truck near lush greenery and a hilly area in the background. The scene appears moderately cluttered, with minimal signs of human activity. Overhead cables and a streetlight are visible, adding an urban touch. The sky is partly cloudy, indicating daytime. A few balconies are adorned with drying clothes, showcasing typical residential life. The restorative indicator scores are:
- Being-away: 0.28344
- Coherence: 0.23661
- Scope: 0.09019
- Fascination: 0.23620
- Average Score: 0.21161"
D:/A_Research/A_doing_research/20250804_LLM_campus_restoration/shanghai/test//201902_114.0657778_22.551895000000002.png,"This image taken in Shenzhen. The image depicts an urban parking lot surrounded by tall residential buildings and trees. Cars are parked around the area, and pedestrians are walking in the background. A small landscaped section with grass and bushes is visible to the right. The sky is overcast, and the street is clean with directional signs clearly visible. In the distance, two high-rise buildings loom against the backdrop of greenery. The scene showcases a mix of urban and natural elements within a residential environment, creating a calm, organized atmosphere. It appears to be a community parking space for those nearby. The restorative indicator scores are:
- Being-away: 0.50182
- Coherence: 0.75707
- Scope: 0.43381
- Fascination: 0.23628
- Average Score: 0.48225"
D:/A_Research/A_doing_research/20250804_LLM_campus_restoration/shanghai/test//201908_113.9661899_22.748525599999997.png,"This image taken in Shenzhen. The street view image depicts a serene, curving road surrounded by lush greenery and tall trees in a forested area. The road is bordered by wooden railings on both sides, adding safety and aesthetic appeal. The atmosphere appears tranquil, with overcast skies giving a soft light to the environment. The car hood is visible at the bottom, suggesting the image was captured from a moving vehicle. Dense vegetation, including shrubs and ferns, flanks the road, creating a peaceful natural setting ideal for scenic drives or strolls. It's a secluded, forested path with a blend of nature and roadways. The restorative indicator scores are:
- Being-away: 0.69315
- Coherence: 0.09614
- Scope: 0.64493
- Fascination: 0.51780
- Average Score: 0.48800"
D:/A_Research/A_doing_research/20250804_LLM_campus_restoration/shanghai/test//201907_113.9914866_22.712476099999993.png,"This image taken in Shenzhen. The image depicts a tranquil street view featuring a winding path bordered by wooden fences on both sides. Tall palm trees and lush greenery surround the area, casting shade on the pathway. The path splits into two directions ahead, creating a peaceful outdoor atmosphere. A small structure with a metal gate is visible on the right, blending into the rural setting. The vibrant trees and clear blue sky emphasize the natural beauty of the scene, making it an inviting and picturesque place for walking or enjoying nature. The restorative indicator scores are:
- Being-away: 0.88102
- Coherence: 0.23656
- Scope: 0.64489
- Fascination: 0.51771
- Average Score: 0.57005"
D:/A_Research/A_doing_research/20250804_LLM_campus_restoration/shanghai/test//201908_114.2393767_22.557769699999998.png,"This image taken in Shenzhen. The image shows a wide, clean street with a modern urban environment surrounded by greenery. On the left, trees and shrubs line the walkway, with mid-rise residential buildings visible in the background. The right side features taller, sleek apartment buildings and lush vegetation. The street splits into spacious pedestrian pathways and a bike lane, marked clearly with lines. The sky looks bright and clear, suggesting a sunny day. Some palm trees and decorative plants enhance the area’s aesthetic. Further ahead, the view narrows into distant buildings and a slight glimpse of mountains in the backdrop. The restorative indicator scores are:
- Being-away: 0.92563
- Coherence: 0.65665
- Scope: 0.74353
- Fascination: 0.61710
- Average Score: 0.73573"
D:/A_Research/A_doing_research/20250804_LLM_campus_restoration/shanghai/test//202003_113.88955644157302_22.798927053748397.png,"This image taken in Shenzhen. The image shows a split road with two lanes on each side, separated by a green median filled with manicured shrubs and trees. The sky appears overcast, with a white and grayish hue. On the right, a white fence encloses a construction site with machinery and newly paved pedestrian tiles. The surroundings feature scattered greenery with vibrant trees lining both sides of the road, giving the area a clean, organized appearance. The traffic is minimal, and a few cars are visible on the road. The overall atmosphere feels peaceful and urban with ongoing infrastructure development. The restorative indicator scores are:
- Being-away: 0.39571
- Coherence: 0.45863
- Scope: 0.31334
- Fascination: 0.23610
- Average Score: 0.35095"
D:/A_Research/A_doing_research/20250804_LLM_campus_restoration/shanghai/test//201909_113.9015183_22.709992299999996.png,"This image taken in Shenzhen. This street view showcases an urban area, featuring a mix of commercial and residential structures. On the left, older buildings are complemented by greenery and a bike path. A narrow alleyway leads between gray buildings, while the right side displays a taller, modern apartment complex and vibrant storefronts with signage. The intersection includes pedestrian crossings, traffic signs, and light poles. The sky is clear and sunny, ensuring bright lighting in the scene. Several pedestrians can be seen walking along the sidewalks, with cars parked or driving nearby, creating a bustling city atmosphere typical of a well-populated area. The restorative indicator scores are:
- Being-away: 0.28324
- Coherence: 0.45855
- Scope: 0.31331
- Fascination: 0.70179
- Average Score: 0.43922"
D:/A_Research/A_doing_research/20250804_LLM_campus_restoration/shanghai/test//202003_114.2000427014398_22.692087883164596.png,"This image taken in Shenzhen. This street view image depicts a tunnel-like structure with a mesh or glass canopy above, creating a grid of shadows on the roadway. The road has multiple lanes with minimal traffic. Visible vehicles include a white truck and a black sedan. Beyond the structure, greenery and buildings are visible, suggesting an urban environment with landscaped surroundings. The bright sunlight enhances the shadows and reflections, adding depth to the scene, while the curvature of the canopy provides a dynamic perspective. The view likely represents a covered highway or overpass designed to reduce noise or protect the surrounding area. The restorative indicator scores are:
- Being-away: 0.39598
- Coherence: 0.65721
- Scope: 0.08924
- Fascination: 0.23605
- Average Score: 0.34462"
D:/A_Research/A_doing_research/20250804_LLM_campus_restoration/shanghai/test//202003_114.1991135_22.709366499999998.png,"This image taken in Shenzhen. This street view captures a multi-lane highway flanked by urban and natural landscapes. On the left, green hills with power lines are visible under a partly cloudy sky. The center median features a landscaped area with flowers and greenery. To the right, tall residential and commercial buildings dominate the skyline, indicating a developed urban area. Cars and a red bus travel along the road, reflecting regular city traffic. The angle suggests the picture was taken from a vehicle. The overall scene juxtaposes modern infrastructure and natural elements, blending urbanization with patches of greenery. The restorative indicator scores are:
- Being-away: 0.50147
- Coherence: 0.23537
- Scope: 0.80896
- Fascination: 0.51776
- Average Score: 0.51589"
D:/A_Research/A_doing_research/20250804_LLM_campus_restoration/shanghai/test//202003_114.0251856_22.63805.png,"This image taken in Shenzhen. This street view showcases an urban setting with high-rise residential buildings on the left and modern commercial structures in the distance. A wide, well-maintained dual-lane road is lined with tidy green spaces featuring plants, bushes, and tall palm trees. The center includes a pedestrian walkway surrounded by trees and movable flower planters. A mix of thriving greenery complements the structures, enhancing the area's aesthetic appeal. The weather appears overcast, with soft, diffused lighting. Sidewalks and street signs add functional elements, while the overall atmosphere blends urban convenience with a touch of tranquility. It appears to be a calm and clean neighborhood. The restorative indicator scores are:
- Being-away: 0.76586
- Coherence: 0.56529
- Scope: 0.64544
- Fascination: 0.61745
- Average Score: 0.64851"
D:/A_Research/A_doing_research/20250804_LLM_campus_restoration/shanghai/test//202003_114.23825474491608_22.69764445152608.png,"This image taken in Shenzhen. This street view captures a wide urban road flanked by greenery and buildings under a bright, clear blue sky. On the left, a tall orange apartment complex is visible, surrounded by manicured greenery. The center median is landscaped with trees and shrubs, splitting the traffic lanes. On the right, additional greenery and cars occupy the scene with modern buildings in the background. Vehicles travel on both sides of the road, indicating light traffic. A pedestrian overpass spans across the road, connecting areas on each side. The overall ambiance reflects a calm urban environment with a mix of nature and city architecture. The restorative indicator scores are:
- Being-away: 0.60515
- Coherence: 0.33938
- Scope: 0.64518
- Fascination: 0.51787
- Average Score: 0.52690"
D:/A_Research/A_doing_research/20250804_LLM_campus_restoration/shanghai/test//202101_113.80447898228654_22.773616876535506.png,"This image taken in Shenzhen. This street view showcases a quiet urban area with various elements. On the left, there are red barricades along the road, a black truck, and some greenery. To the right are parked cars, a striped tent, and a portable toilet situated under large trees. Behind the scene are multi-story buildings, including one with blue glass windows. Bicycles are parked along the wall of the central structure, adding to the city’s atmosphere. The road is paved, somewhat worn, and relatively empty, with moderate traffic and pedestrians absent in this view. The environment suggests a mix of residential, commercial, and public spaces. The restorative indicator scores are:
- Being-away: 0.10012
- Coherence: 0.23541
- Scope: 0.43254
- Fascination: 0.11232
- Average Score: 0.22010"
D:/A_Research/A_doing_research/20250804_LLM_campus_restoration/shanghai/test//202101_113.8825929_22.794455400000004.png,"This image taken in Shenzhen. This street view showcases an urban area with numerous mid-rise residential buildings, characterized by their balconies and densely packed design. The road splits into two sections, with pedestrian crossings visible. Cars, vans, and motorbikes are parked along the streets, while a forklift can be seen near a roadside. A few individuals, including a family with a child, are crossing or walking near the intersection. Banners and advertisements decorate some structures. Trees and greenery are visible on the left, offering contrast to the dominating urban landscape. Despite the activity, the scene feels calm, with clear skies and sunlight filtering through the buildings. The restorative indicator scores are:
- Being-away: 0.10050
- Coherence: 0.45842
- Scope: 0.53534
- Fascination: 0.70237
- Average Score: 0.44915"
D:/A_Research/A_doing_research/20250804_LLM_campus_restoration/shanghai/test//202101_113.85384977720011_22.78301523471154.png,"This image taken in Shenzhen. The image depicts an industrial area with a mix of buildings, motorbikes, and bicycles. On the left, a narrow street with parked cars and motorbikes runs alongside a building marked with signage. To the right, the entrance of ""Meiwang Gongye Yuan"" (Meiwang Industrial Park) features a gated area with bicycles, lion statues, and signage. Streetlights, a guard booth, and wire fencing surround the area. Individuals ride bicycles and motorbikes, adding urban activity to the scene. The environment suggests a commercial or manufacturing zone, with clear skies and organized parking spaces emphasizing functionality and accessibility. The restorative indicator scores are:
- Being-away: 0.28302
- Coherence: 0.33924
- Scope: 0.20860
- Fascination: 0.23555
- Average Score: 0.26660"
D:/A_Research/A_doing_research/20250804_LLM_campus_restoration/shanghai/test//202101_113.888855_22.791229200000004.png,"This image taken in Shenzhen. The street view shows an urban area featuring wide roads with crosswalks and clear yellow line markings. Surrounding the streets are mid-rise residential and commercial buildings of various architectural styles. On the left, there is a tree-lined street, while the right side features storefronts, a parked school bus, and pedestrians crossing. The center highlights an institutional building, possibly a school, with ""小学"" visible on the signage. Nearby, temporary tents and barriers can be seen. Construction machinery is present in the background, suggesting ongoing development. Clear skies and scattered clouds frame the scene, and the image provides a comprehensive panorama of the locale. The restorative indicator scores are:
- Being-away: 0.28290
- Coherence: 0.45849
- Scope: 0.31317
- Fascination: 0.41266
- Average Score: 0.36681"
D:/A_Research/A_doing_research/20250804_LLM_campus_restoration/shanghai/test//202101_113.90091646008864_22.799239870213608.png,"This image taken in Shenzhen. This street view captures an urban scene with mixed architecture. On the left, there are residential buildings with a worn-down appearance, featuring blue and white exteriors. The right side showcases a modern building with large windows and visible commercial businesses with colorful signs, likely restaurants or shops. Cars are parked along the tidy streets on both sides, while people walk on the sidewalks, adding life to the area. The road is divided by yellow lines, and further ahead, the street stretches toward other buildings, trees, and parked vehicles. It reflects typical city street activity on a clear day. The restorative indicator scores are:
- Being-away: 0.10124
- Coherence: 0.75757
- Scope: 0.53562
- Fascination: 0.23458
- Average Score: 0.40725"
D:/A_Research/A_doing_research/20250804_LLM_campus_restoration/shanghai/test//202101_113.9271088_22.770787799999997.png,"This image taken in Shenzhen. The image shows a spacious urban intersection under bright daylight with clear skies. On the left, a tree-lined street flanked by tall residential or commercial buildings stretches into the distance. To the right, heavy construction vehicles, including cranes, are parked near a small hill with greenery. A white van is visible on the right side, moving across open paved space. In the background, modern high-rise buildings dot the skyline. The area appears to be a blend of development and construction activity with an open, organized layout. The restorative indicator scores are:
- Being-away: 0.39594
- Coherence: 0.65825
- Scope: 0.43304
- Fascination: 0.41286
- Average Score: 0.47502"
D:/A_Research/A_doing_research/20250804_LLM_campus_restoration/shanghai/test//202101_113.93861180000002_22.7661842.png,"This image taken in Shenzhen. The street view image showcases a busy urban intersection under a large elevated structure, likely a metro or highway bridge. On the left, there’s a modern building with signage and a station entrance, while the right side features trees, smaller buildings, and vibrant storefronts. Several motorbikes and cars are seen crossing or waiting at the intersection. Pedestrian crosswalks span the roads, and construction is visible in the background with cranes and high-rises being built. The wide-angle captures a sunny day with clear blue skies, emphasizing the active, developing cityscape and infrastructure. The restorative indicator scores are:
- Being-away: 0.28286
- Coherence: 0.65827
- Scope: 0.53550
- Fascination: 0.51685
- Average Score: 0.49837"
D:/A_Research/A_doing_research/20250804_LLM_campus_restoration/shanghai/test//202102_113.89478710000002_22.7161406.png,"This image taken in Shenzhen. The image depicts a sunny urban street with minimal traffic. A central divider has overgrown vegetation and small shrubs. On the left, pink and beige buildings house various stores, while scooters are parked along the sidewalk. To the right, teal and light-blue buildings, a tree-lined sidewalk, and small shops are visible. Power lines run overhead, adding to the cityscape. The street stretches ahead with clear markings and intersects on the right side with a smaller road. A blue vehicle hood is visible in the foreground. The atmosphere seems calm, with no visible pedestrians. The restorative indicator scores are:
- Being-away: 0.28286
- Coherence: 0.23468
- Scope: 0.53550
- Fascination: 0.61837
- Average Score: 0.41786"
D:/A_Research/A_doing_research/20250804_LLM_campus_restoration/shanghai/test//202101_113.88974512796382_22.80741978228124.png,"This image taken in Shenzhen. The street view features a busy urban area with mid-rise residential and commercial buildings. A pedestrian crosses at a marked crosswalk while cars, motorbikes, and parked vehicles line the street. The buildings include white and beige facades, visible windows, air conditioning units, and external wiring. One car has its trunk open near a gated entrance. The road features clear lane markings, including arrows directing traffic flow. Small trees and greenery are present along the sidewalk, adding a touch of nature. The overall scene suggests a bustling yet organized neighborhood, blending residential, commercial, and street activity. The restorative indicator scores are:
- Being-away: 0.10087
- Coherence: 0.23466
- Scope: 0.20867
- Fascination: 0.41269
- Average Score: 0.23922"
D:/A_Research/A_doing_research/20250804_LLM_campus_restoration/shanghai/test//202102_113.9125654_22.754369999999998.png,"This image taken in Shenzhen. The street view captures an urban setting with a mix of construction sites, older buildings, and under-construction high-rises. To the left are simple residential or commercial structures and parked vehicles along the road. Ahead, blue construction fencing encloses a site, while dilapidated, incomplete buildings dominate the right-hand side. A tented checkpoint or security station is present near the unfinished buildings, indicating regulated access. A scattering of shared bicycles sits nearby. The sky is bright and clear, with trees adding greenery in the background. The perspective is slightly elevated, possibly taken from a vehicle. The restorative indicator scores are:
- Being-away: 0.28287
- Coherence: 0.23470
- Scope: 0.08880
- Fascination: 0.33329
- Average Score: 0.23491"
D:/A_Research/A_doing_research/20250804_LLM_campus_restoration/shanghai/test//202102_113.91371846455706_22.760970536511298.png,"This image taken in Shenzhen. This street view image depicts an urban area with a wide, two-lane road. Buildings with modern and functional architecture line the street, including a blue-toned structure and others with varied designs. Trees with sparse foliage dot the pavement. Cars, vans, and motorbikes are parked along both sides, and some vehicles are moving in the distance. A parking sign is visible near bicycles parked neatly in rows. The area seems clean and organized, with clear skies above dotted by scattered clouds. Open spaces on one side suggest a parking or construction area, contributing to the spacious feel of the surroundings. The restorative indicator scores are:
- Being-away: 0.10097
- Coherence: 0.56557
- Scope: 0.43327
- Fascination: 0.33334
- Average Score: 0.35829"
D:/A_Research/A_doing_research/20250804_LLM_campus_restoration/shanghai/test//202102_113.946745_22.740813599999992.png,"This image taken in Shenzhen. The street view image shows a wide, well-paved intersection with multiple pedestrian crossings under a bright, sunny sky. To the left, a brown car is visible, along with modern buildings and open spaces in the backdrop. The center features an open road flanked by landscaped green spaces with trees. On the right, high-rise buildings, red lantern decorations, and construction sites are noticeable. Street lamps line the road, and the foreground captures the roof of a vehicle with a camera setup. The area appears organized and urban, showcasing development and infrastructure enhancements, possibly in a city or suburban context. The restorative indicator scores are:
- Being-away: 0.10134
- Coherence: 0.45841
- Scope: 0.64563
- Fascination: 0.23427
- Average Score: 0.35991"
D:/A_Research/A_doing_research/20250804_LLM_campus_restoration/shanghai/test//202102_114.0434234_22.704722999999998.png,"This image taken in Shenzhen. The image shows a busy urban intersection with multiple lanes and vehicles, including cars and a blue truck. Pedestrians are visible on sidewalks beside mid-rise buildings featuring shops and businesses. On the left side, modern glass skyscrapers are contrasted with older buildings on the right. A pedestrian overpass spans the street, adorned with colorful banners. The area appears sunny and vibrant, with greenery and trees near the high-rises. Traffic signals hang above, and crosswalks are marked clearly. The mix of architecture reflects a blend of modern and traditional city life. The restorative indicator scores are:
- Being-away: 0.10169
- Coherence: 0.75775
- Scope: 0.43279
- Fascination: 0.61842
- Average Score: 0.47766"
D:/A_Research/A_doing_research/20250804_LLM_campus_restoration/shanghai/test//202102_113.9516791_22.7421702.png,"This image taken in Shenzhen. The panoramic street view features a modern urban area with high-rise buildings showcasing unique curved architectural designs. These structures surround a spacious intersection with clearly marked pedestrian crossings. Trees are scattered along sidewalks, adding greenery to the scene, while cars are parked and driving on well-maintained roads. The area appears clean and organized, with open spaces and a mix of commercial and residential establishments. Signs and barriers signify controlled traffic flow, and bright daylight highlights the vibrant, contemporary atmosphere. The perspective seems to be from a vehicle at the center of the intersection, emphasizing symmetry in the urban layout. The restorative indicator scores are:
- Being-away: 0.28263
- Coherence: 0.65845
- Scope: 0.64567
- Fascination: 0.51751
- Average Score: 0.52606"
D:/A_Research/A_doing_research/20250804_LLM_campus_restoration/shanghai/test//202103_113.77808539352496_22.70661859855536.png,"This image taken in Shenzhen. The image depicts a wide urban street with two separate roads divided by a central median featuring sparse trees and greenery. The left road appears quieter, with minimal vehicles, while the right road has construction trucks and ongoing construction activities. Tall buildings, some under construction with scaffolding and cranes, dominate the background on both sides of the street. Surrounding elements include low residential or commercial buildings, fences, and recently planted trees indicating developmental activity. The weather is cloudy, and the wet road suggests recent rain. The view is framed from the top of a vehicle, with its partial roof visible. The restorative indicator scores are:
- Being-away: 0.10205
- Coherence: 0.23428
- Scope: 0.08919
- Fascination: 0.11058
- Average Score: 0.13403"
D:/A_Research/A_doing_research/20250804_LLM_campus_restoration/shanghai/test//202103_113.7740245_22.70971069999999.png,"This image taken in Shenzhen. This street view showcases a modern cityscape with multi-lane roads bordered by newly planted greenery. High-rise residential buildings dominate the skyline, flanking both sides of the street, with a waterway running through the center. Light traffic is visible, featuring a few parked cars and vehicles driving along the smooth asphalt. Tall, contemporary buildings are scattered in the background, suggesting an urban development area. The streetlights and road markings indicate new infrastructure. The overall atmosphere is bright, with a cloudy sky providing even, diffused lighting across the scene. The red car stands out, adding contrast to the otherwise muted tones. The restorative indicator scores are:
- Being-away: 0.28251
- Coherence: 0.75771
- Scope: 0.53559
- Fascination: 0.23423
- Average Score: 0.45251"
D:/A_Research/A_doing_research/20250804_LLM_campus_restoration/shanghai/test//202103_113.78774241091746_22.712710262476318.png,"This image taken in Shenzhen. This street view depicts a bustling urban area with low-rise buildings and numerous parked vehicles lining both sides of the road. The buildings include green-painted commercial or residential structures and standard apartment-like complexes. A large number of cars are parked, suggesting a busy location, potentially a business district or residential area. Shops and offices appear to occupy the ground floors of the buildings. A gated access point is visible, leading into a compound. The scene conveys a typical crowded metropolitan street under clear and sunny weather, with visible signs of daily activity and infrastructure, including utility poles and street signage. The restorative indicator scores are:
- Being-away: 0.28239
- Coherence: 0.33812
- Scope: 0.08987
- Fascination: 0.23386
- Average Score: 0.23606"
D:/A_Research/A_doing_research/20250804_LLM_campus_restoration/shanghai/test//202103_113.7962568_22.7854149.png,"This image taken in Shenzhen. This street view shows a semi-industrial area with two roads diverging. On the left, there are older buildings and parked vehicles. On the right, a wider street hosts trucks, cars, and trees lining the roadside. A gated entrance with signage highlights local businesses and services, possibly automotive-related. The infrastructure looks worn, with visible cracks on the road, exposed wires, and uneven surfaces. It’s a typical urban-industrial setting blending functionality and greenery under a clear blue sky. The restorative indicator scores are:
- Being-away: 0.28227
- Coherence: 0.33785
- Scope: 0.31269
- Fascination: 0.41248
- Average Score: 0.33632"
D:/A_Research/A_doing_research/20250804_LLM_campus_restoration/shanghai/test//202103_113.79969457870891_22.729618415021918.png,"This image taken in Shenzhen. This street view captures an urban scene with a mix of commercial buildings and city infrastructure. On the left, modest storefronts and small businesses line the street with signage in Chinese characters. On the right, larger establishments, including a restaurant with striking yellow accents, and a modern black-and-grey building dominate the view. The road is moderately busy with cars, motorcycles, and pedestrians visible. Trees provide shade along sidewalks, while traffic signs and streetlights are prominently placed. The area appears lively, with people engaging in daily activities. The clean, sunny sky adds a pleasant ambiance to the vibrant streetscape. The restorative indicator scores are:
- Being-away: 0.28228
- Coherence: 0.33795
- Scope: 0.53588
- Fascination: 0.51759
- Average Score: 0.41842"
D:/A_Research/A_doing_research/20250804_LLM_campus_restoration/shanghai/test//202103_113.81288850694662_22.667950333592696.png,"This image taken in Shenzhen. The street view depicts an urban area with a wide, paved road bordered by a metal railing and construction fencing featuring decorative designs and text. On the left, there is a low-rise building with a mix of shops and parked cars. To the right, taller residential or commercial buildings are visible, along with parked vehicles and pedestrians walking along the sidewalk. The scene includes clear signage in Chinese and a sunny atmosphere. In the background, there are distant hills and modern apartments, reflecting a developing region combining residential, commercial, and construction elements. The restorative indicator scores are:
- Being-away: 0.10309
- Coherence: 0.33769
- Scope: 0.08973
- Fascination: 0.11057
- Average Score: 0.16027"
D:/A_Research/A_doing_research/20250804_LLM_campus_restoration/shanghai/test//202103_113.8244835_22.775231100000003.png,"This image taken in Shenzhen. The street view image shows a wide intersection with multiple lanes and traffic lights, surrounded by urban buildings, including tall residential and commercial structures. Vehicles such as cars, motorcycles, and scooters are present on the road. The area features pedestrian crosswalks, landscaped sections with greenery, and some sheltered bus stops. The sky is partly cloudy with bright sunlight. On the left, there are red structures, possibly a building or facility, while the cityscape extends in the distance. The intersection appears clean and well-organized, with markings and bollards providing structure. Overall, it depicts a typical modern urban environment on a calm day. The restorative indicator scores are:
- Being-away: 0.10379
- Coherence: 0.83240
- Scope: 0.64552
- Fascination: 0.51788
- Average Score: 0.52490"
D:/A_Research/A_doing_research/20250804_LLM_campus_restoration/shanghai/test//202103_113.82008186652787_22.75965661067105.png,"This image taken in Shenzhen. This street view image captures a bustling urban area with various buildings, including high-rise structures, residential complexes, and small commercial establishments. A few parked and moving cars in different models and colors line both sides of the street. There’s visible signage in Chinese on shops and billboards, indicating it's likely in an East Asian city. Trees are scattered along the roadside, providing some greenery. The environment seems active yet orderly, with pedestrians and vehicles navigating the area. The street is relatively clean, and the overall atmosphere reflects a combination of residential and business activity in a modern urban setting. The restorative indicator scores are:
- Being-away: 0.10344
- Coherence: 0.56576
- Scope: 0.87097
- Fascination: 0.61847
- Average Score: 0.53966"
D:/A_Research/A_doing_research/20250804_LLM_campus_restoration/shanghai/test//202103_113.7901657216306_22.72398358775932.png,"This image taken in Shenzhen. This street view depicts a suburban setting with parked cars on both sides of the road under the shade of leafy green trees. Some vehicles are covered with protective sheets, while others are uncovered, showcasing different models. Adjacent buildings include warehouses with simple fencing and construction sites with scaffolded structures in the distance. The area is urban yet moderately green, with small plants on the sidewalk. The street appears quiet during the day with minimal human activity, emphasizing its functional rather than recreational purpose. The restorative indicator scores are:
- Being-away: 0.10240
- Coherence: 0.56515
- Scope: 0.20629
- Fascination: 0.23396
- Average Score: 0.27695"
D:/A_Research/A_doing_research/20250804_LLM_campus_restoration/shanghai/test//202103_113.8264963501249_22.68374108533307.png,"This image taken in Shenzhen. The image shows an urban street scene with a mix of residential and commercial buildings. Trees line both sides of the cracked, worn roadway. Parked cars and scooters are visible along the street and under trees. The left side features older apartments with faded façades, while the right showcases newer, taller buildings. Businesses like shops and storefronts are on the right side, with signs in various colors and languages. People are seen riding scooters, walking, and standing. The surroundings are slightly overcast, with fallen leaves scattered around, indicating autumn. The area appears to be moderately busy but relatively calm. The restorative indicator scores are:
- Being-away: 0.28193
- Coherence: 0.23418
- Scope: 0.09098
- Fascination: 0.70421
- Average Score: 0.32783"
D:/A_Research/A_doing_research/20250804_LLM_campus_restoration/shanghai/test//202103_113.82636226744971_22.67478843036012.png,"This image taken in Shenzhen. This street view depicts an urban area with a wide road lined by parked cars, trucks, and trees on both sides. On the right side, there’s a repair shop marked with a blue sign, and nearby buildings with balconies. The left side features a mix of vehicles, including large blue cargo trucks, and a structure with shaded parking. The road is relatively empty, with minimal traffic, flanked by dense green trees providing shade. The clear, bright lighting suggests daytime, with shadows cast by the buildings and vehicles under the sun. The area appears functional, possibly for business and residential use. The restorative indicator scores are:
- Being-away: 0.39601
- Coherence: 0.56567
- Scope: 0.09033
- Fascination: 0.41249
- Average Score: 0.36613"
D:/A_Research/A_doing_research/20250804_LLM_campus_restoration/shanghai/test//202103_113.8106956_22.774374599999994.png,"This image taken in Shenzhen. This street view depicts a busy urban intersection with vehicles and pedestrians. On the left, an elevated highway casts a shadow over the road while cars pass under it. A multi-story building with shops and signs is visible on the right, with people gathered outside. The road ahead splits into multiple lanes with zebra crossings. Trees provide greenery to the scene, contrasting the surrounding concrete structures. Motorbikes, cars, and trucks are seen moving along. Traffic lights and signs highlight urban infrastructure. The overall atmosphere suggests a lively city with mixed residential, commercial, and transit zones amidst moderate activity. The restorative indicator scores are:
- Being-away: 0.10273
- Coherence: 0.56555
- Scope: 0.20635
- Fascination: 0.51766
- Average Score: 0.34807"
D:/A_Research/A_doing_research/20250804_LLM_campus_restoration/shanghai/test//202103_113.8435713_22.621687999999995.png,"This image taken in Shenzhen. The image shows a busy, multi-lane urban street during the day, with cars driving in different lanes. On the left, there are trees and greenery lining the street, while on the right are tall palm trees, highlighting a tropical or warm climate setting. The road appears clean and well-maintained, with clear lane markings. Various car models, including sedans and SUVs, indicate regular traffic, and the bright sunlight suggests a fair weather day. There are street lamps installed on both sides of the road. The location has a well-organized urban layout with greenery, contributing to a pleasant, scenic environment. The restorative indicator scores are:
- Being-away: 0.50408
- Coherence: 0.33672
- Scope: 0.53588
- Fascination: 0.33130
- Average Score: 0.42700"
D:/A_Research/A_doing_research/20250804_LLM_campus_restoration/shanghai/test//202103_113.85128527796019_22.75136400234624.png,"This image taken in Shenzhen. The image shows a wide urban street lined with trees and multi-story buildings. On the left side, a tall rectangular building stands prominently, while a modern structure with glass windows appears on the right. Several vehicles, including a blue shipping truck, a yellow flatbed truck, and silver cars, are parked or moving along the road. A pedestrian crosses the street on the left. The street is well-maintained, with clearly marked lanes and light poles, and appears calm under a bright, sunny sky. The overall atmosphere suggests a mixed-use area with commercial and possibly residential buildings. The restorative indicator scores are:
- Being-away: 0.10372
- Coherence: 0.45826
- Scope: 0.53589
- Fascination: 0.70372
- Average Score: 0.45040"
D:/A_Research/A_doing_research/20250804_LLM_campus_restoration/shanghai/test//202103_113.86854584962914_22.602575394764475.png,"This image taken in Shenzhen. This street view showcases a wide road, divided by barriers, surrounded by greenery and urban infrastructure. Trees line both sides, providing shade, while a construction site appears in the distance. On the right, a yellow bus and cars navigate the road near a fenced area. The sky is bright and partly cloudy, indicating daytime. Buildings are visible in the background, blending nature and cityscape. The viewpoint seems to be from a high vehicle, possibly a bus or truck. The scene portrays a mix of urban life and natural surroundings in a developed area. The restorative indicator scores are:
- Being-away: 0.50404
- Coherence: 0.33652
- Scope: 0.64529
- Fascination: 0.51668
- Average Score: 0.50064"
D:/A_Research/A_doing_research/20250804_LLM_campus_restoration/shanghai/test//202103_113.84227470000002_22.765698599999997.png,"This image taken in Shenzhen. This street view shows a busy urban intersection surrounded by low-rise commercial and residential buildings. Pedestrians, bicycles, cars, and a motorcycle pulling goods are visible, suggesting a bustling atmosphere. There are multiple storefront signs in Chinese, indicating shops and services, including restaurants and businesses. Traffic lights and crosswalks organize the flow, while trees line the streets, adding greenery. The day appears sunny with blue skies and scattered clouds. The restorative indicator scores are:
- Being-away: 0.10350
- Coherence: 0.56544
- Scope: 0.87048
- Fascination: 0.61884
- Average Score: 0.53956"
D:/A_Research/A_doing_research/20250804_LLM_campus_restoration/shanghai/test//202103_113.8770939_22.5847014.png,"This image taken in Shenzhen. The street view shows a bustling urban intersection surrounded by modern buildings, including a prominent Carrefour store on the right and a large building with an elegant glass entrance on the left. Palm trees and greenery are visible along the sidewalks, adding a tropical touch. Vehicles, such as cars, scooters, and taxis, are navigating marked crosswalks and traffic lanes. Pedestrians are walking near storefronts, while traffic cones indicate potential construction or organized parking zones. The environment appears clean and well-maintained, with paved roads and clear signage. Bright daylight and blue skies enhance the vibrant city atmosphere. The restorative indicator scores are:
- Being-away: 0.39622
- Coherence: 0.56585
- Scope: 0.74694
- Fascination: 0.61945
- Average Score: 0.58212"
D:/A_Research/A_doing_research/20250804_LLM_campus_restoration/shanghai/test//202103_113.87880600086551_22.78372813730076.png,"This image taken in Shenzhen. This street view showcases a modern urban area. The road is wide and well-maintained with yellow lane markings, flanked by sidewalks and multi-story buildings. On the left, there's an elevated railway or pathway supported by large concrete pylons. To the right, a green space is visible with manicured shrubs and flowers adding color to the environment. The buildings include residential and commercial spaces, with storefront signs visible. Light traffic consists of cars and a blue vehicle in the foreground. The sky is partly cloudy, giving a bright atmosphere. Overall, it reflects a clean, organized city scene with mixed-use development. The restorative indicator scores are:
- Being-away: 0.10329
- Coherence: 0.45817
- Scope: 0.20426
- Fascination: 0.33058
- Average Score: 0.27407"
D:/A_Research/A_doing_research/20250804_LLM_campus_restoration/shanghai/test//202103_113.88436432040571_22.579528390250747.png,"This image taken in Shenzhen. This street view captures a multi-lane urban roadway flanked by greenery on both sides, featuring shrubs and trees in planters. Several cars are visible in traffic, including sedans and SUVs. A blue vehicle in the foreground suggests the image was taken from the roof of a larger vehicle or a street view capture vehicle. Residential buildings and high-rises line the background, while the sky is clear, indicating daytime. Traffic signs, streetlights, and barriers separate lanes. The scene depicts a bustling city atmosphere with infrastructure accommodating vehicular and pedestrian movement. The restorative indicator scores are:
- Being-away: 0.39640
- Coherence: 0.45823
- Scope: 0.09111
- Fascination: 0.41127
- Average Score: 0.33925"
D:/A_Research/A_doing_research/20250804_LLM_campus_restoration/shanghai/test//202103_113.8871678_22.50216539999999.png,"This image taken in Shenzhen. This street view showcases a busy urban area with high-rise buildings, greenery, and traffic. The road is wide, divided by lanes, and bordered by trees. Multiple vehicles, including large trucks and cars, are visible. Urban infrastructure such as elevated roads, traffic signs, and a gas station can be seen. Vibrant red flags line the street, emphasizing a national or ceremonial theme. The area blends modern architecture with green spaces, creating a dynamic cityscape that suggests a bustling yet organized environment with a mix of concrete and nature. The restorative indicator scores are:
- Being-away: 0.39646
- Coherence: 0.45829
- Scope: 0.31230
- Fascination: 0.51685
- Average Score: 0.42098"
D:/A_Research/A_doing_research/20250804_LLM_campus_restoration/shanghai/test//202103_113.8879930722752_22.491444836920582.png,"This image taken in Shenzhen. This street view image features a broad road with two lanes in both directions, flanked by greenery and trees. An elevated highway runs above on the left and right sides, supported by concrete pillars. Vehicles, including trucks and cars, are driving on the road. A blue road sign and a ""No Parking"" sign are visible on the right, with pedestrian pathways and metal railings separating green spaces from the road. The scene, captured from a vehicle, suggests urban infrastructure with an emphasis on natural landscaping alongside modern transport routes. The atmosphere appears calm and slightly overcast. The restorative indicator scores are:
- Being-away: 0.69615
- Coherence: 0.33659
- Scope: 0.43325
- Fascination: 0.23131
- Average Score: 0.42432"
D:/A_Research/A_doing_research/20250804_LLM_campus_restoration/shanghai/test//202103_113.9070024_22.779004599999993.png,"This image taken in Shenzhen. This street view showcases a multilane urban road on a cloudy day. Traffic includes various vehicles such as a red cargo truck, a cement mixer, and several cars. The road is divided by a landscaped median with flowers and shrubs. Taller buildings, including a yellow high-rise and commercial structures, line the right side, while smaller buildings with greenery are visible on the left. Streetlights and power lines are seen overhead, providing a typical city scene. The atmosphere is busy but orderly, with pedestrians visible on the sidewalk near the vegetation. The restorative indicator scores are:
- Being-away: 0.10135
- Coherence: 0.23166
- Scope: 0.64610
- Fascination: 0.70401
- Average Score: 0.42078"
D:/A_Research/A_doing_research/20250804_LLM_campus_restoration/shanghai/test//202103_113.9159635_22.4858451.png,"This image taken in Shenzhen. The image depicts a wide urban street flanked by modern high-rise residential buildings and lush greenery. The road is lined with trees, shrubs, and paved sidewalks, contributing to a clean and organized environment. On the left, colorful plants and fences border the buildings, while pedestrians walk along the right side near gated gardens. A blue vehicle hood is visible in the foreground, suggesting the photo was taken from a moving vehicle. The distant skyscrapers in the center add depth, and the overcast sky gives a calm, subdued atmosphere to the scene. The restorative indicator scores are:
- Being-away: 0.69643
- Coherence: 0.76173
- Scope: 0.31218
- Fascination: 0.41124
- Average Score: 0.54539"
D:/A_Research/A_doing_research/20250804_LLM_campus_restoration/shanghai/test//202103_113.8967224_22.5385513.png,"This image taken in Shenzhen. This street view image captures an urban area with a wide road split into lanes, flanked by greenery and modern architecture. On the left, tall skyscrapers are under construction, with visible cranes on top. The center features street signs indicating traffic rules, surrounded by landscaped greenery. On the right, established high-rise buildings and a construction site are present, alongside an intersection with vehicles. The scene is taken in bright daylight, showing clear skies and light shadows from the trees. The foreground includes the top of a blue vehicle, suggesting the image was captured from a moving car or camera rig. The restorative indicator scores are:
- Being-away: 0.39642
- Coherence: 0.88801
- Scope: 0.64607
- Fascination: 0.70419
- Average Score: 0.65867"
D:/A_Research/A_doing_research/20250804_LLM_campus_restoration/shanghai/test//202103_113.9228765_22.525948399999997.png,"This image taken in Shenzhen. The image showcases a busy urban street flanked by tall residential and commercial buildings. A pedestrian overpass spans the street, connecting sidewalks. Cars, taxis, and motorcycles are visible, indicating moderate traffic. On the right, there’s a shopping mall with red signage, while the left displays smaller establishments and greenery. The street is clean, with well-maintained lanes and barriers, showcasing modern infrastructure. Pedestrians can be seen walking along the wide sidewalks. The atmosphere is gray and overcast, hinting at cloudy weather. Overall, the scene represents a vibrant metropolitan area with a mix of residential and commercial spaces. The restorative indicator scores are:
- Being-away: 0.10164
- Coherence: 0.45826
- Scope: 0.43280
- Fascination: 0.51541
- Average Score: 0.37703"
D:/A_Research/A_doing_research/20250804_LLM_campus_restoration/shanghai/test//202103_113.9317217_22.5611119.png,"This image taken in Shenzhen. This image depicts a street view of an urban area surrounded by green trees, providing a shaded environment. The road features clear pedestrian crossings and minimal traffic, with a few parked vehicles visible. A roundabout or circular pathway lies in the central area, bordered by gardens and signs. On one side, there are buildings behind fences, with bicycles parked along the sidewalk, while the opposite side exhibits additional urban structures. The overall scenery showcases clean streets, urban planning, and infrastructure under a cloudy or overcast sky, creating a calm and organized atmosphere. The restorative indicator scores are:
- Being-away: 0.60883
- Coherence: 0.45825
- Scope: 0.43295
- Fascination: 0.62070
- Average Score: 0.53018"
D:/A_Research/A_doing_research/20250804_LLM_campus_restoration/shanghai/test//202103_113.92463050000002_22.500260399999995.png,"This image taken in Shenzhen. This street view image showcases a clean urban street flanked by lush green trees and foliage. To the right is a red-brick building with modern architectural design, likely an educational or administrative structure, secured by a gated entrance. A large rock display near the entrance adds aesthetic value. The road features clear yellow markings, bordered by metal railings, manicured hedges, and palm trees. Further down, the street narrows into a quieter lane lined with greenery. The overall atmosphere is organized, calm, and green, indicating a well-maintained public or institutional space in a developed area. A vehicle rooftop is visible in the foreground. The restorative indicator scores are:
- Being-away: 0.60881
- Coherence: 0.76180
- Scope: 0.20327
- Fascination: 0.51546
- Average Score: 0.52233"
D:/A_Research/A_doing_research/20250804_LLM_campus_restoration/shanghai/test//202103_113.93672068874504_22.570695090848403.png,"This image taken in Shenzhen. This street view shows a wide intersection surrounded by greenery and mid-rise buildings. Yellow road markings divide the lanes, with vehicles driving and parked on both sides. Construction trucks, delivery vans, and cars are visible, while a motorcycle rider wearing a reflective vest is near the foreground. Metal barricades line the sidewalks, some featuring informational signs. Trees provide shade, adding to the urban environment's liveliness, while cranes in the background hint at ongoing construction. Overall, the scene combines transportation, work activity, and infrastructure development amidst a mix of urban and natural elements. The restorative indicator scores are:
- Being-away: 0.39610
- Coherence: 0.45831
- Scope: 0.43291
- Fascination: 0.62073
- Average Score: 0.47701"
D:/A_Research/A_doing_research/20250804_LLM_campus_restoration/shanghai/test//202103_113.837714_22.7391328.png,"This image taken in Shenzhen. This street view depicts a bustling urban intersection surrounded by mid-rise buildings. Multiple cars, motorcycles, and pedestrians navigate the streets and sidewalks, reflecting a lively city atmosphere. On both sides of the road, various storefronts and businesses display signs, including retail shops and restaurants, adding to the commercial vibe. The buildings vary in architectural style and height, with some older residential structures featuring balconies. Road signs, crosswalks, and a 20 km/h speed limit are visible, emphasizing traffic regulations. Trees line portions of the street, lending a touch of greenery. The scene represents a busy and active area in an urban setting. The restorative indicator scores are:
- Being-away: 0.28195
- Coherence: 0.45823
- Scope: 0.53592
- Fascination: 0.87810
- Average Score: 0.53855"
D:/A_Research/A_doing_research/20250804_LLM_campus_restoration/shanghai/test//202103_113.9384793_22.5211772.png,"This image taken in Shenzhen. This street view showcases a modern urban development with high-rise buildings and ongoing construction. The wide roads have marked pedestrian crossings, divided by barriers, and traffic flows in a calm yet busy manner. On the right, construction sites with cranes and scaffolding are visible, while the left side features completed skyscrapers with glass facades. Workers and casual pedestrians can be seen, reflecting an active yet structured environment. The central roadway is lined with safety considerations, including bollards and signage, emphasizing organization in a bustling area. The scene conveys rapid urbanization within a growing cityscape alongside safe and regulated transit. The restorative indicator scores are:
- Being-away: 0.39616
- Coherence: 0.23068
- Scope: 0.53598
- Fascination: 0.51584
- Average Score: 0.41966"
D:/A_Research/A_doing_research/20250804_LLM_campus_restoration/shanghai/test//202103_113.8352526_22.7190171.png,"This image taken in Shenzhen. The image depicts a dusty street lined with construction sites, featuring blue barricades and heavy equipment. On one side, there's a row of parked vehicles, including vans and small cars, while the other side has trees providing some greenery. Buildings are visible along the road, suggesting a developing urban area. Utility poles with overhead wires are scattered throughout, and the road appears uneven and unpaved, hinting at ongoing development. Industrial trucks are visible behind fences, alongside machinery parts. The environment feels busy yet under construction, emphasizing an area undergoing significant development transformation. The restorative indicator scores are:
- Being-away: 0.28194
- Coherence: 0.45816
- Scope: 0.43314
- Fascination: 0.11063
- Average Score: 0.32097"
D:/A_Research/A_doing_research/20250804_LLM_campus_restoration/shanghai/test//202103_113.941758_22.503601700000004.png,"This image taken in Shenzhen. This street view image captures an urban area on an overcast day. The scene features wide roads with clear lane markings, a pedestrian crossing, and neatly maintained greenery with trees lining the sidewalks. On the left, there’s a large, modern building with a white facade, while further back, high-rise apartment complexes dominate the skyline. On the right, commercial and industrial structures are visible, alongside parked vehicles and some construction equipment. A blue car hood is seen in the foreground. The setting reflects a mix of functionality, urban planning, and development in a cityscape. Minimal traffic is present. The restorative indicator scores are:
- Being-away: 0.39621
- Coherence: 0.66128
- Scope: 0.64682
- Fascination: 0.41100
- Average Score: 0.52883"
D:/A_Research/A_doing_research/20250804_LLM_campus_restoration/shanghai/test//202103_113.9572307259974_22.543175451827373.png,"This image taken in Shenzhen. The image features a serene urban street lined with vibrant greenery and colorful pink flowers on both sides. A well-maintained sidewalk runs alongside a grassy park shaded by lush trees, creating a tranquil environment. The bright daytime sky illuminates the scene, with distant modern skyscrapers visible in the background. A lone pedestrian is walking along the shaded pathway, adding life and scale to the image. A vehicle roof is partially visible in the foreground, suggesting the perspective is captured from a moving car. The entire view combines natural beauty with urban landscapes, creating a peaceful and balanced atmosphere. The restorative indicator scores are:
- Being-away: 0.69709
- Coherence: 0.56461
- Scope: 0.64688
- Fascination: 0.76037
- Average Score: 0.66724"
D:/A_Research/A_doing_research/20250804_LLM_campus_restoration/shanghai/test//202103_113.96428759537906_22.525885213125715.png,"This image taken in Shenzhen. This street view depicts a divided road lined with trees and greenery on both sides. The left side features a construction site with cranes visible behind a white barrier adorned with colorful advertisements. The right side showcases modern high-rise buildings and cars parked along the road. The sky is overcast, creating a neutral, urban atmosphere. A yellow signboard stands on the right, while vehicles including an orange sedan and black car are visible on the street. The area appears organized and clean, with well-maintained sidewalks, minimal traffic, and an active construction zone suggesting urban development. The restorative indicator scores are:
- Being-away: 0.28124
- Coherence: 0.23057
- Scope: 0.31213
- Fascination: 0.41102
- Average Score: 0.30874"
D:/A_Research/A_doing_research/20250804_LLM_campus_restoration/shanghai/test//202103_113.9429747_22.532584499999995.png,"This image taken in Shenzhen. This street view image depicts a wide intersection surrounded by modern urban infrastructure and greenery. Tall buildings, including glass skyscrapers, tower over the scene. Trees line both sides of the street, adding a natural element to the otherwise urban environment. The roads appear wet, likely from recent rainfall, and traffic is light, with a few cars driving or parked. Pedestrian crossings are visible across the intersection, and traffic lights regulate movement. A blue vehicle in the foreground suggests the image might be taken from inside or atop the vehicle. Overall, the setting combines urban functionality with greenery. The restorative indicator scores are:
- Being-away: 0.50270
- Coherence: 0.56460
- Scope: 0.31211
- Fascination: 0.41102
- Average Score: 0.44761"
D:/A_Research/A_doing_research/20250804_LLM_campus_restoration/shanghai/test//202103_113.9772284_22.566765299999997.png,"This image taken in Shenzhen. This image depicts a bustling urban street view, likely in China, showcasing a school named ""龙珠学校"" (Longzhu School). On the left, a traditional Chinese-style archway marks the entrance to a park. A wide pedestrian crossing is partially blocked by a barrier labeled ""南山交通"" (Nanshan Traffic). Pedestrians walk near the school, flanked by vibrant greenery and tall apartment buildings in the background. The surroundings blend modern infrastructure and natural elements, with parked vehicles and bicycles adding to the city vibe. Trees line the roads, offering shade, while the area appears clean, organized, and lively, with signs of everyday urban life. The restorative indicator scores are:
- Being-away: 0.61004
- Coherence: 0.56481
- Scope: 0.43206
- Fascination: 0.70555
- Average Score: 0.57811"
D:/A_Research/A_doing_research/20250804_LLM_campus_restoration/shanghai/test//202103_114.0028434_22.5361266.png,"This image taken in Shenzhen. The street view depicts a busy urban intersection with buses, cars, and pedestrians. Two buses are prominent in the foreground, one on the left and another crossing the intersection on the right. Trees, a small pavilion, and landscaped greenery line the sidewalks, adding a touch of nature to the city setting. High-rise buildings are visible in the background, showcasing an urban environment. Road signs and traffic lights guide the flow of vehicles and pedestrians, while the weather appears bright and sunny. Overall, the scene portrays a lively, well-maintained cityscape blending urban infrastructure with green spaces. The restorative indicator scores are:
- Being-away: 0.61005
- Coherence: 0.83503
- Scope: 0.31234
- Fascination: 0.51456
- Average Score: 0.56800"
D:/A_Research/A_doing_research/20250804_LLM_campus_restoration/shanghai/test//202103_114.0295192_22.6753357.png,"This image taken in Shenzhen. The image shows an urban street lined with tall residential and commercial buildings. The left side has colorful shrubs and flowers near a concrete wall, while scooters are parked along the road. The middle features a narrow lane with a motorcyclist riding. On the right, there is a gated area with barriers leading into a bus stop or transportation hub, surrounded by trees. Pedestrian pathways are visible, and signage blends with the busy environment. The skyline is bright with a clear blue sky, giving the scene daytime vibrance. Various infrastructures suggest a mix of modernity and greenery in the cityscape. The restorative indicator scores are:
- Being-away: 0.50363
- Coherence: 0.33535
- Scope: 0.43185
- Fascination: 0.62139
- Average Score: 0.47306"
D:/A_Research/A_doing_research/20250804_LLM_campus_restoration/shanghai/test//202103_113.9651074_22.569433700000005.png,"This image taken in Shenzhen. This street view image provides a wide-angle perspective of a divided road with two-way traffic. The road is surrounded by trees on both sides, creating a green environment. On the left side, there is a fenced construction site with powerline poles, cars parked outside, and a yellow vehicle visible. The right side features more greenery, parked vehicles, and a smaller road veering off. Several cars are driving, and the sky appears overcast. The image was captured from a vehicle, with part of its roof visible in the foreground. The overall setting suggests a suburban or semi-urban area. The restorative indicator scores are:
- Being-away: 0.61001
- Coherence: 0.33558
- Scope: 0.31217
- Fascination: 0.22909
- Average Score: 0.37171"
D:/A_Research/A_doing_research/20250804_LLM_campus_restoration/shanghai/test//202103_114.03556500000002_22.543814300000005.png,"This image taken in Shenzhen. This street view image captures a busy urban intersection surrounded by greenery and modern buildings. Two lanes of traffic feature cars, a pedestrian zebra crossing, and a motorcyclist crossing the road. On the right, tall trees and a construction site, including painted fences and buildings under development, are visible. A blue SUV and white vans are parked or driving within the scene. The area includes traffic signs, such as a pedestrian crossing sign and speed restrictions. It appears lively with scattered pedestrians and vehicles navigating the space, and the clear daytime sky highlights an urban yet green atmosphere. The restorative indicator scores are:
- Being-away: 0.39601
- Coherence: 0.33540
- Scope: 0.31274
- Fascination: 0.76109
- Average Score: 0.45131"
D:/A_Research/A_doing_research/20250804_LLM_campus_restoration/shanghai/test//202103_114.0343637_22.714637800000002.png,"This image taken in Shenzhen. This street view image captures an urban intersection with tall residential buildings on the right and shorter commercial buildings on the left. The road is wide and appears newly paved, featuring crosswalk markings and traffic lights. Shops, such as a red storefront, line the sidewalks alongside construction barriers. Two vehicles, including a police car, are driving near the junction. The overcast sky gives the scene a gloomy ambiance, while some pedestrians are visible. Construction materials and fencing suggest ongoing development, and the area appears to be a mixed-use district, combining residential and commercial spaces. The restorative indicator scores are:
- Being-away: 0.10001
- Coherence: 0.66080
- Scope: 0.31269
- Fascination: 0.32886
- Average Score: 0.35059"
D:/A_Research/A_doing_research/20250804_LLM_campus_restoration/shanghai/test//202103_114.0433253_22.542509600000002.png,"This image taken in Shenzhen. The street view features a clean, multi-lane road surrounded by lush greenery and trees on both sides. The road divider is lined with white barriers and red flags along the median, adding a sense of order and a touch of decoration. Vehicles, including taxis and sedans, are sparsely seen driving down the asphalt road. In the background, high-rise buildings peek through the tree canopy, marking an urban setting amid a natural environment. Overcast skies give the scene a muted, calm atmosphere, while the architecture blends modernity and open space effectively. The restorative indicator scores are:
- Being-away: 0.61015
- Coherence: 0.45783
- Scope: 0.43144
- Fascination: 0.51496
- Average Score: 0.50359"
D:/A_Research/A_doing_research/20250804_LLM_campus_restoration/shanghai/test//202103_114.0492532_22.503914999999996.png,"This image taken in Shenzhen. This street view captures an industrial or commercial area with modern buildings flanking both sides of the road. The road is two lanes wide, marked with yellow lines, and features crosswalks visible in the foreground. Palm trees and landscaping, including flowerbeds, line the sidewalks. To the left, there is fencing with parked cars and gated access likely for secure entry. On the right, trucks and large containers suggest logistics or warehouse facilities. The sky is clear, indicating it’s daytime. The image appears to be taken from a rooftop with signage in Chinese characters, reflecting the region. The restorative indicator scores are:
- Being-away: 0.28040
- Coherence: 0.66116
- Scope: 0.20150
- Fascination: 0.41042
- Average Score: 0.38837"
D:/A_Research/A_doing_research/20250804_LLM_campus_restoration/shanghai/test//202103_114.05568005891669_22.668509965401316.png,"This image taken in Shenzhen. This street view image showcases a wide and relatively empty urban road on a cloudy day. The road is divided into multiple lanes, with a blue truck traveling in front of the viewer. On both sides of the road are sidewalks lined with greenery and several trees, creating a neat and landscaped appearance. To the left, small buildings and residential structures are visible, while the right side features more greenery and hints of urban structures beyond. The overcast sky provides a muted atmosphere, and the perspective suggests the photo was taken from a vehicle. The restorative indicator scores are:
- Being-away: 0.09973
- Coherence: 0.23037
- Scope: 0.53729
- Fascination: 0.10691
- Average Score: 0.24357"
D:/A_Research/A_doing_research/20250804_LLM_campus_restoration/shanghai/test//202103_114.0552365_22.5092541.png,"This image taken in Shenzhen. This street view image shows an urban intersection with modern architecture. On both sides, sidewalks are lined with numerous trees providing greenery. Buildings feature glass and steel facades, while bikes are parked along the pavement. A crosswalk spans the road, and a couple of vehicles, including a motorcycle, are visible. Traffic appears light, and there are some pedestrians in the background. Surveillance cameras and streetlights are positioned for urban safety. The image captures a clean, organized city environment under clear skies, with a mix of commercial, residential, and corporate structures. The foreground includes the partial roof of a parked vehicle. The restorative indicator scores are:
- Being-away: 0.28040
- Coherence: 0.66121
- Scope: 0.43159
- Fascination: 0.51473
- Average Score: 0.47198"
D:/A_Research/A_doing_research/20250804_LLM_campus_restoration/shanghai/test//202103_114.0970567909583_22.7181553287723.png,"This image taken in Shenzhen. This street view image showcases a divided urban road under a cloudy sky with light traffic. Tall trees and bushes line the road, separating it from adjacent pedestrian sidewalks. On both sides of the street, unfinished concrete infrastructure is visible, likely support pillars for a future elevated highway or transportation system. Residential and commercial buildings are present in the background on the right, with smaller construction sites and open land blending into the scene. The overall ambience feels calm, with a mix of urban development and greenery creating a balanced visual composition. Cars and one white vehicle occupy the road lanes. The restorative indicator scores are:
- Being-away: 0.39555
- Coherence: 0.23000
- Scope: 0.20133
- Fascination: 0.10654
- Average Score: 0.23335"
D:/A_Research/A_doing_research/20250804_LLM_campus_restoration/shanghai/test//202103_113.85770470000001_22.582482999999996.png,"This image taken in Shenzhen. This vibrant urban street features dense buildings, local businesses, and bustling activity. On the left, tall residential structures line the road, while the middle shows a corner store with a colorful entrance, likely a supermarket or market. Various small shops with signs written in Chinese occupy ground floors. Motorcycles and cars fill the streets and parking spaces, highlighting heavy traffic. Pedestrians cross the street, engaging in daily routines. Umbrellas beside storefronts indicate possible vendors or food stalls. Trees dot the area, offering greenery amidst the urban setting, under bright sunlight and clear skies. The environment feels dynamic and alive. The restorative indicator scores are:
- Being-away: 0.28128
- Coherence: 0.65889
- Scope: 0.43349
- Fascination: 0.70361
- Average Score: 0.51932"
D:/A_Research/A_doing_research/20250804_LLM_campus_restoration/shanghai/test//202103_114.097324_22.7009943.png,"This image taken in Shenzhen. This wide-angle street view captures an urban area with a multi-lane road leading to an overpass bridge in the distance. On the left, there are commercial buildings, fencing, and parked vehicles, while to the right are trees, a green median, and more parked cars. A large signage board and utility poles are visible. The sky is partly cloudy with ample sunshine casting light over the scene. Traffic flow appears light, creating a calm atmosphere. The perspective is taken from atop a vehicle, and urban high-rise buildings are noticeable in the background, suggesting a developed city setting. The restorative indicator scores are:
- Being-away: 0.09927
- Coherence: 0.33471
- Scope: 0.43130
- Fascination: 0.51486
- Average Score: 0.34504"
D:/A_Research/A_doing_research/20250804_LLM_campus_restoration/shanghai/test//202103_114.0988453_22.704682299999998.png,"This image taken in Shenzhen. The street view depicts a busy urban area with high-rise buildings on the left and dense greenery separating the lanes. Cars and a large blue truck are seen on the road, driving on well-maintained lanes bordered by metal railings. A modern overpass is visible in the distance, connecting different sections of the city. The sky is partly cloudy, with sunlight breaking through, creating a serene yet dynamic atmosphere. The surrounding infrastructure suggests a mix of urban development and natural elements, highlighting a growing cityscape where trees are preserved alongside expanded roads and traffic flows smoothly. The restorative indicator scores are:
- Being-away: 0.28021
- Coherence: 0.08767
- Scope: 0.64815
- Fascination: 0.22703
- Average Score: 0.31077"
D:/A_Research/A_doing_research/20250804_LLM_campus_restoration/shanghai/test//202103_114.08177436810324_22.71047882066633.png,"This image taken in Shenzhen. This street view captures a lush, tree-lined urban roadway flanked by low-rise commercial buildings. Vehicles are parked along the sides, and businesses display visible banners and signage in Chinese. The pedestrian sidewalks are separated by greenery and bike lanes. Overcast skies create diffused lighting, impacting visibility. Trees on both sides of the street provide shade and enhance the scenic residential-commercial atmosphere, while sparse traffic conveys a quiet suburban feel. The view unfolds from the perspective of a vehicle, adding depth and immersion to the urban setting. The overall mood appears calm and orderly, typical of a small city or town. The restorative indicator scores are:
- Being-away: 0.39575
- Coherence: 0.56510
- Scope: 0.31261
- Fascination: 0.32849
- Average Score: 0.40049"
D:/A_Research/A_doing_research/20250804_LLM_campus_restoration/shanghai/test//202103_114.1227501_22.5559666.png,"This image taken in Shenzhen. This street view image shows a vibrant urban setting with tall apartment buildings in the background surrounded by greenery. The road splits into three directions, marked with lines and arrows. Flowering bushes line the walls on the left and right, adding color. A cyclist is seen riding a yellow bike, and pedestrians are walking nearby. Trees provide shade over the paved sidewalks, while parked cars and bicycles are visible. Security cameras are mounted on white poles. Small storefronts and signage contribute to the busy, yet charming neighborhood atmosphere under bright daylight. The restorative indicator scores are:
- Being-away: 0.61095
- Coherence: 0.66172
- Scope: 0.43081
- Fascination: 0.62114
- Average Score: 0.58115"
D:/A_Research/A_doing_research/20250804_LLM_campus_restoration/shanghai/test//202103_114.12190805793112_22.627928023917203.png,"This image taken in Shenzhen. This street view image depicts a sunlit urban road surrounded by greenery and tall residential buildings. Trees line both sides of the street, offering shade, with their lush leaves filtering sunlight. A few vehicles are driving along the clean, smooth asphalt, and the area appears calm and organized. Metal fences are visible on the right, indicating possible pedestrian pathways or enclosed spaces. The modern skyscraper-style residential buildings contrast harmoniously with the natural greenery, creating a balanced urban environment. Sunlight piercing through the trees highlights the tranquil atmosphere of this suburban setting. The restorative indicator scores are:
- Being-away: 0.50430
- Coherence: 0.45697
- Scope: 0.53848
- Fascination: 0.51517
- Average Score: 0.50373"
D:/A_Research/A_doing_research/20250804_LLM_campus_restoration/shanghai/test//202103_114.1102391_22.621661899999992.png,"This image taken in Shenzhen. This street view showcases a busy urban road scene under clear, sunny skies. Multiple lanes are filled with cars, a truck, and vans, indicating active traffic. Green roadside vegetation and trees line the area, with visible pedestrian pathways. Blue directional road signs guide drivers to local destinations such as Sha Ping, Buji, Longhua Road, and Tiexi Road, reflecting a Chinese locale. In the background, a pedestrian bridge and buildings are visible, highlighting urban infrastructure. The atmosphere appears bustling but organized, blending nature and city elements seamlessly. The restorative indicator scores are:
- Being-away: 0.28020
- Coherence: 0.33491
- Scope: 0.31250
- Fascination: 0.32817
- Average Score: 0.31395"
D:/A_Research/A_doing_research/20250804_LLM_campus_restoration/shanghai/test//202103_113.9001383_22.534999899999995.png,"This image taken in Shenzhen. The image captures a busy urban street under an elevated highway or overpass, surrounded by modern buildings and infrastructure. The view features concrete columns supporting the highway, sidewalks with scattered pedestrians, and a mix of parked and moving vehicles. Motorcycles and bikes line one side, while construction equipment is visible in the center, hinting at ongoing development. Greenery appears alongside the road, softening the urban scene. The surrounding architecture displays clean lines and glass facades, emphasizing a contemporary cityscape. Sunlight filters through the buildings, creating dynamic shadows beneath the overpass, while a vibrant blue truck occupies the foreground. The restorative indicator scores are:
- Being-away: 0.39648
- Coherence: 0.45814
- Scope: 0.20351
- Fascination: 0.70410
- Average Score: 0.44056"
D:/A_Research/A_doing_research/20250804_LLM_campus_restoration/shanghai/test//202103_113.8521336_22.690685799999994.png,"This image taken in Shenzhen. This street view image depicts a rural setting with a narrow road flanked by vegetation and utility fencing. To the left, lush greenery lines the street, while parked cars are visible to the right alongside a fenced area. A small utility shack, enclosed by red metal fencing, stands in the center foreground. Mountains rise in the background under a partially cloudy sky, adding scenic beauty to the atmosphere. Sparse human activity is observed, with individuals visible near parked vehicles and a signboard. The area suggests a blend of nature and infrastructure, possibly near a park, farmland, or recreational space. The restorative indicator scores are:
- Being-away: 0.69517
- Coherence: 0.56551
- Scope: 0.81364
- Fascination: 0.23184
- Average Score: 0.57654"
D:/A_Research/A_doing_research/20250804_LLM_campus_restoration/shanghai/test//202103_114.1284662_22.625145700000004.png,"This image taken in Shenzhen. This street view depicts a bustling urban intersection surrounded by high-rise residential buildings on the right, while lush greenery and trees dominate the left side. The area is well-maintained, featuring clear pedestrian crossings, traffic signs, and a parked vehicle nearby. Palm trees and landscaped gardens add vibrancy and contrast to the cityscape. The sky is partly cloudy with bright sunlight, casting shadows across the road. Vehicles, including a white truck and scooter, travel along the streets. A ""Chang'an"" logo is visible in the foreground, likely part of the vehicle capturing the image, emphasizing harmony between nature and urban development. The restorative indicator scores are:
- Being-away: 0.39550
- Coherence: 0.56534
- Scope: 0.20083
- Fascination: 0.22707
- Average Score: 0.34719"
D:/A_Research/A_doing_research/20250804_LLM_campus_restoration/shanghai/test//202103_114.1462658_22.620422699999995.png,"This image taken in Shenzhen. This image shows a bustling urban street with high-rise residential and commercial buildings under a clear blue sky. Pedestrians cross using a marked crosswalk, while construction barricades with colorful posters promote civic messages. A compact car and a white truck are visible on the road. Red storefront signs occupy a low-rise building, while occasional trees line the road, providing greenery. The scene likely depicts a neighborhood in development, blending modern skyscrapers with older low-rise structures, and highlights active city life with ongoing construction and pedestrian activity in a mix of older and new architectural styles. The restorative indicator scores are:
- Being-away: 0.09839
- Coherence: 0.22941
- Scope: 0.20085
- Fascination: 0.41003
- Average Score: 0.23467"
D:/A_Research/A_doing_research/20250804_LLM_campus_restoration/shanghai/test//202103_114.0931461_22.554121899999995.png,"This image taken in Shenzhen. This vibrant urban street view depicts a busy intersection flanked by towering residential buildings on the horizon. Trees line both sides of the streets, offering greenery amidst the bustling cityscape. Zebra crossings are visible, with pedestrians and vehicles navigating the area, including buses, cars, and a taxi. To the left, a quieter street leads to residential zones, and to the right, a parking structure and commercial establishments are prominent. The layout blends modernity with nature, showcasing urban life with well-maintained sidewalks, a mix of residential and commercial spaces, and a dynamic urban flow. The restorative indicator scores are:
- Being-away: 0.61050
- Coherence: 0.66105
- Scope: 0.64786
- Fascination: 0.40998
- Average Score: 0.58235"
D:/A_Research/A_doing_research/20250804_LLM_campus_restoration/shanghai/test//202103_114.2151047_22.555198599999997.png,"This image taken in Shenzhen. The image shows a curved street bordered by a hillside with dense trees and fencing on the left. A blue directional sign indicates the road's turn. On the right side, modern buildings with curved structures appear, surrounded by landscaping. Barriers and parked vehicles are visible along the roadside. The sky is overcast, and the scene suggests an urban area near a natural setting. The image appears distorted due to its panoramic format. The restorative indicator scores are:
- Being-away: 0.50451
- Coherence: 0.08757
- Scope: 0.64830
- Fascination: 0.22670
- Average Score: 0.36677"
D:/A_Research/A_doing_research/20250804_LLM_campus_restoration/shanghai/test//202103_114.0214167_22.529604399999997.png,"This image taken in Shenzhen. This street view showcases a bustling urban intersection surrounded by a mix of high-rise modern buildings and older residential structures. Palm trees line the streets, adding greenery to the environment. Pedestrians, cars, motorbikes, and public transportation vehicles navigate the area. A barricade divides sections of the road, and signage is visible. A prominent red billboard catches attention, displaying Chinese text and advertisements. Shops are nestled in the older buildings, contributing to the vibrant cityscape. The scene reflects urban life in a densely populated area, combining contemporary architecture with traditional elements in signage and residential layouts. The restorative indicator scores are:
- Being-away: 0.09979
- Coherence: 0.76371
- Scope: 0.08740
- Fascination: 0.62136
- Average Score: 0.39307"
D:/A_Research/A_doing_research/20250804_LLM_campus_restoration/shanghai/test//202103_114.2240115_22.690695.png,"This image taken in Shenzhen. The street view shows an urban intersection surrounded by elevated highways, construction cranes, and a mix of vehicles, including cars and trucks. A green foliage area is visible to the right, offering contrast to the concrete environment. Metal railings line the roads, separating pedestrian pathways from traffic. High-rise buildings and construction equipment in the distance indicate urban development. A few people and bicycles are present near the pathways. The image captures a typical scene of a developing city with active construction, organized transportation infrastructure, and remaining green space integrated into the urban landscape. The restorative indicator scores are:
- Being-away: 0.27922
- Coherence: 0.22902
- Scope: 0.53882
- Fascination: 0.32674
- Average Score: 0.34345"
D:/A_Research/A_doing_research/20250804_LLM_campus_restoration/shanghai/test//202103_114.21793862646713_22.67803233370238.png,"This image taken in Shenzhen. This street view showcases a modern urban intersection. On the left, tall residential buildings with commercial shops occupy the streetside, while a mix of parked and moving cars line the road. To the right, a green area with trees and signage is visible, hinting at a park or recreational space. Zebra crossings connect pedestrians, and traffic seems moderate. The road markings are clear, and the atmosphere is bright with a partly cloudy sky. Visible signage and advertisements suggest a buzzing commercial and residential district, providing both convenience and greenery to the surroundings. The restorative indicator scores are:
- Being-away: 0.50457
- Coherence: 0.56536
- Scope: 0.31198
- Fascination: 0.51518
- Average Score: 0.47427"
D:/A_Research/A_doing_research/20250804_LLM_campus_restoration/shanghai/test//202103_114.2358123_22.728261600000003.png,"This image taken in Shenzhen. The street view image shows a lively urban intersection surrounded by greenery and multi-story residential buildings. A large tree dominates the foreground, offering shade to pedestrians. Vehicles, including cars and scooters, are traversing the roads lined by clearly marked paths and crosswalks. A visible parking sign provides details about parking hours and prices. Shops and businesses are situated along the road, with a variety of activities taking place in the area. The scene conveys organized infrastructure, a blend of nature and city life, and a peaceful community atmosphere on a clear day. The restorative indicator scores are:
- Being-away: 0.61087
- Coherence: 0.83732
- Scope: 0.74732
- Fascination: 0.88684
- Average Score: 0.77059"
D:/A_Research/A_doing_research/20250804_LLM_campus_restoration/shanghai/test//202103_114.24886032892263_22.70519218145229.png,"This image taken in Shenzhen. The image shows a bustling urban street surrounded by residential and commercial buildings. To the left and right are rows of mid-rise beige structures housing businesses like ZOKO and local shops. The street is active with cars, motorbikes, and pedestrians, while barriers line the road's edges. In the center, a lush green patch of tall vegetation contrasts the urban feel. The sky is partly cloudy, creating a bright daytime scene. The restorative indicator scores are:
- Being-away: 0.88882
- Coherence: 0.22869
- Scope: 0.43100
- Fascination: 0.51542
- Average Score: 0.51598"
D:/A_Research/A_doing_research/20250804_LLM_campus_restoration/shanghai/test//202103_114.2422502421771_22.56227045019431.png,"This image taken in Shenzhen. The image shows a busy urban roadway flanked by trees, modern buildings, and an industrial site. On the left, an open street with vehicles leads to distant skyscrapers. To the right, structured office complexes and parked cars line the street. The center features a pedestrian crossing with a security booth and sign near gated access to cargo containers labeled ""EVERGREEN."" Sparse greenery and light poles are visible, contributing to the well-maintained infrastructure. The perspective is captured from a vehicle's rooftop, offering a wide-angle view under a partially cloudy sky, blending greenery, commercial activity, and urban architecture. The restorative indicator scores are:
- Being-away: 0.61088
- Coherence: 0.45735
- Scope: 0.53853
- Fascination: 0.22686
- Average Score: 0.45841"
D:/A_Research/A_doing_research/20250804_LLM_campus_restoration/shanghai/test//202103_114.2781623_22.7481021.png,"This image taken in Shenzhen. This street view depicts a busy urban area on a sunny day, featuring a wide road with moderate vehicular traffic, including cars and taxis. On the left, there's a building with ornate architecture and construction barriers, while the right side showcases small shops and businesses. Street signs indicating speed limits and directions are present, and the scene includes modern high-rise buildings in the distance. The road layout features multiple lanes with yellow markings and a divider. A vehicle branded ""Changan"" occupies the foreground, suggesting this image might be captured from a car-mounted camera. Trees and open spaces are visible ahead. The restorative indicator scores are:
- Being-away: 0.09833
- Coherence: 0.66133
- Scope: 0.53843
- Fascination: 0.32574
- Average Score: 0.40596"
D:/A_Research/A_doing_research/20250804_LLM_campus_restoration/shanghai/test//202201_114.2731717_22.634134700000004.png,"This image taken in Shenzhen. The street view showcases a scenic area with lush greenery on both sides of the road. To the left, there is an arch-like structure over the road and a large illustrated sign depicting a tourist destination. A sidewalk with small planters and trees leads to a rustic building resembling a visitor center, possibly part of an attraction. The right features dense vegetation with sunlight filtering through. Cars are seen in motion, and a red vehicle appears prominently in the foreground. The setting suggests a park-like atmosphere ideal for leisure and exploration. The restorative indicator scores are:
- Being-away: 0.85091
- Coherence: 0.66140
- Scope: 0.64912
- Fascination: 0.76229
- Average Score: 0.73093"
D:/A_Research/A_doing_research/20250804_LLM_campus_restoration/shanghai/test//202103_114.2580832_22.585963900000003.png,"This image taken in Shenzhen. This street view showcases an urban setting with tall residential buildings on both sides, accompanied by modern commercial structures. The road is wide with noticeable cracks and divided by barriers on either side, as well as some greenery in the median. Construction vehicles and parked cars line the street, suggesting a developing area. The sky is overcast, creating a subdued atmosphere. Positioned centrally is a vehicle marked with ""Changan"" branding. Billboard advertisements and fencing border the sidewalk, likely hinting at ongoing development or construction projects. The scene combines residential, industrial, and developing urban elements seamlessly. The restorative indicator scores are:
- Being-away: 0.27907
- Coherence: 0.33378
- Scope: 0.20058
- Fascination: 0.22685
- Average Score: 0.26007"
D:/A_Research/A_doing_research/20250804_LLM_campus_restoration/shanghai/test//202202_113.90250819161481_22.798201494461292.png,"This image taken in Shenzhen. This street view captures an urban scene featuring mid-rise residential and commercial buildings under a clear blue sky. The central road divides the view, with shops, parked bicycles, and pedestrians on either side. A narrow crosswalk connects the areas, while signs in Chinese are visible on storefronts and structures. Cars, mopeds, and people, including individuals in bright clothing, contribute to the hustle and bustle. To the right, a gated entrance flanked by red pillars leads into another area, while both sides are lined with fences featuring plant-themed decorations. Overall, it reflects a busy yet orderly city environment. The restorative indicator scores are:
- Being-away: 0.39558
- Coherence: 0.33390
- Scope: 0.31124
- Fascination: 0.81040
- Average Score: 0.46278"
D:/A_Research/A_doing_research/20250804_LLM_campus_restoration/shanghai/test//202103_114.30650090000002_22.600766799999995.png,"This image taken in Shenzhen. This street view captures a busy urban intersection surrounded by various buildings. On the left, there are residential and commercial complexes adorned with balconies and signage. To the right stands a modern glass high-rise with lush trees along the sidewalk. The road splits into multiple lanes with clear directional markings and pedestrian crossings. A blue sign in the center marks an entrance to a nearby facility or park, surrounded by greenery. A few cars, including a white sedan, can be spotted. Bright sunlight and clear skies create a vibrant atmosphere. People are walking near the sidewalks, enhancing the daily city life vibe. The restorative indicator scores are:
- Being-away: 0.39553
- Coherence: 0.33384
- Scope: 0.74792
- Fascination: 0.70782
- Average Score: 0.54627"
D:/A_Research/A_doing_research/20250804_LLM_campus_restoration/shanghai/test//202207_114.0390344_22.565740199999993.png,"This image taken in Shenzhen. This street view shows a busy urban intersection surrounded by greenery and modern infrastructure. Trees line the sidewalks on both sides, creating a shaded environment. Vehicles such as cars, buses, and pedestrians are visible, emphasizing typical city traffic. A white car is prominently displayed in the foreground, while a public bus navigates the road on the right. High-rise buildings loom in the background, hinting at a developed urban skyline. The road appears clean and well-maintained, with clear lanes. Overhead signage is visible, and pedestrian infrastructure like sidewalks, barriers, and signage enhance the urban atmosphere in a vibrant city setting. The restorative indicator scores are:
- Being-away: 0.50524
- Coherence: 0.45645
- Scope: 0.43066
- Fascination: 0.32578
- Average Score: 0.42953"
D:/A_Research/A_doing_research/20250804_LLM_campus_restoration/shanghai/test//202203_113.8044636404817_22.67523148030025.png,"This image taken in Shenzhen. This street view captures a bustling urban area on a sunny day. The road is lined with trees, creating a pleasant atmosphere. To the left, mid-rise apartment buildings and parked vehicles dominate the scenery. On the right, a gated area, likely a school or residential compound, is marked by fences, a purple canopy, and informational boards. People are walking and biking, and a zebra crossing leads towards other buildings in the background. Shops and parked cars suggest a lively commercial section, with street signs visible near intersections. The atmosphere appears orderly, blending residential, educational, and retail settings harmoniously. The restorative indicator scores are:
- Being-away: 0.50518
- Coherence: 0.56598
- Scope: 0.31128
- Fascination: 0.91152
- Average Score: 0.57349"
D:/A_Research/A_doing_research/20250804_LLM_campus_restoration/shanghai/test//202211_113.77505982771899_22.723719831714774.png,"This image taken in Shenzhen. The image depicts a street view of a complex, likely featuring industrial or office buildings. Multiple multi-story beige structures line both sides of a paved road. Cars and motorbikes are parked along the street and within designated areas. Trees provide some greenery, while signage and company names are visible, such as ""MASTECH."" The area appears organized but busy, suggesting a workplace environment. A gated entrance can be seen to the right, indicated by barriers. The street is clean and looks modern, with overcast lighting contributing to a calm atmosphere. There’s minimal pedestrian activity, emphasizing a focus on vehicles and infrastructure. The restorative indicator scores are:
- Being-away: 0.50530
- Coherence: 0.76510
- Scope: 0.08222
- Fascination: 0.51518
- Average Score: 0.46695"
D:/A_Research/A_doing_research/20250804_LLM_campus_restoration/shanghai/test//202211_113.79055882943925_22.672146498544933.png,"This image taken in Shenzhen. The image shows a quiet street running alongside a river bordered by a stone wall. It's an overcast day with gray skies, and the street features yellow lane markings. On the left side, dense greenery and parked vehicles, including a blue and white car, are visible. On the right, stretches of trees and some distant structures are seen across the river. Electric poles with wires run parallel to the street on the left side. A blue vehicle on the pavement dominates the foreground. The area appears serene and possibly suburban amidst natural surroundings. The restorative indicator scores are:
- Being-away: 0.88750
- Coherence: 0.08614
- Scope: 0.81780
- Fascination: 0.10274
- Average Score: 0.47355"
D:/A_Research/A_doing_research/20250804_LLM_campus_restoration/shanghai/test//202211_113.78291956179339_22.7216500714381.png,"This image taken in Shenzhen. This street view image depicts a wide roadway with smooth asphalt and painted lane markings. A city bus and car are visible on the main road, surrounded by lush green trees on either side. The sidewalk has rows of parked bicycles beside a fenced-off area with more trees and scattered buildings in the background. The atmosphere is bright but slightly cloudy, suggesting daytime. The image was captured from a passing vehicle, visible in the foreground, with urban structures and high-rise buildings faintly appearing in the distance. A clean, organized city scene with moderate traffic and vibrant greenery overall. The restorative indicator scores are:
- Being-away: 0.50535
- Coherence: 0.45645
- Scope: 0.64943
- Fascination: 0.32553
- Average Score: 0.48419"
D:/A_Research/A_doing_research/20250804_LLM_campus_restoration/shanghai/test//202211_113.7885606_22.738446.png,"This image taken in Shenzhen. This street view depicts a busy urban intersection under a clear, blue sky. An elevated railway runs along the left, supported by tall concrete pillars. Multiple lanes with cars, motorcycles, and a bus are visible, with traffic lights overhead. Surrounding the roads are high-rise buildings, residential apartments, and commercial establishments. Pedestrians and parked motorcycles can be seen at the roadside, adding to the bustling scene. Modern infrastructure blends with urban greenery, with plants and small landscaped areas evident. The sunlight creates shadows while brightening the environment, showcasing a lively city atmosphere. The restorative indicator scores are:
- Being-away: 0.27776
- Coherence: 0.66243
- Scope: 0.43058
- Fascination: 0.70839
- Average Score: 0.51979"
D:/A_Research/A_doing_research/20250804_LLM_campus_restoration/shanghai/test//202211_113.79437007537138_22.682460288185617.png,"This image taken in Shenzhen. The image depicts a bustling urban street with buildings on both sides. Several trees line the sidewalks, providing greenery amidst the commercial area. Shops and businesses occupy the ground floors of the multi-story buildings. Cars, motorcycles, and bicycles are visible along the street and parking areas. Pedestrian crossings are marked, and the road features multiple lanes with barriers separating directions. The weather appears overcast, indicating a cloudy day. In the foreground, part of a blue vehicle, possibly a truck, is visible, suggesting the photo was taken from inside or atop it. The scene reflects dynamic city life. The restorative indicator scores are:
- Being-away: 0.39671
- Coherence: 0.45629
- Scope: 0.64932
- Fascination: 0.51520
- Average Score: 0.50438"
D:/A_Research/A_doing_research/20250804_LLM_campus_restoration/shanghai/test//202211_113.78807238764684_22.679775888856494.png,"This image taken in Shenzhen. This is a street view image showing an urban roadway bordered by trees on both sides. A construction truck is captured on the right side, driving along the road. On the left, parked white cars line the street near a building with green-framed windows. The road is divided by a faded yellow line, with protective barriers and construction signs visible on the right, suggesting ongoing work. The sky is cloudy, with diffuse light filtering through the tree canopy. Despite the construction, the area appears relatively calm, with orderly traffic and pedestrian infrastructure. The image conveys a blend of urban life and roadside greenery. The restorative indicator scores are:
- Being-away: 0.09723
- Coherence: 0.45650
- Scope: 0.53882
- Fascination: 0.32556
- Average Score: 0.35453"
D:/A_Research/A_doing_research/20250804_LLM_campus_restoration/shanghai/test//202211_113.7957707_22.7341786.png,"This image taken in Shenzhen. This street view image captures a busy urban intersection with multiple lanes, traffic lights, and vehicles, including cars, buses, and trucks. Surrounding the intersection are modern buildings, including a large glass-fronted structure on the left and a taller beige building to the right. The area appears commercial, with advertisements and shops visible. Pedestrians are also present, waiting at crosswalks or walking nearby. Trees and small green spaces add greenery to the scene, while the overcast sky indicates cloudy weather. The street markings and signs are prominent, emphasizing a controlled, organized traffic flow. The restorative indicator scores are:
- Being-away: 0.27795
- Coherence: 0.76507
- Scope: 0.53880
- Fascination: 0.76274
- Average Score: 0.58614"
D:/A_Research/A_doing_research/20250804_LLM_campus_restoration/shanghai/test//202211_113.79873311776561_22.754680687830483.png,"This image taken in Shenzhen. The image captures a busy urban street divided into several lanes, bordered by trees on both sides. A median with fencing separates traffic, and overhead signs direct vehicles. On the left, a grassy area includes pipes and scooters, while to the right, parked cars line the street next to commercial buildings. The road appears wet, suggesting recent rain, and the scene is overcast. The streetscape reflects typical urban infrastructure with greenery, industrial elements, and active vehicle and pedestrian activity. The restorative indicator scores are:
- Being-away: 0.61034
- Coherence: 0.66304
- Scope: 0.19956
- Fascination: 0.40900
- Average Score: 0.47048"
D:/A_Research/A_doing_research/20250804_LLM_campus_restoration/shanghai/test//202211_113.80061823030748_22.772759728708166.png,"This image taken in Shenzhen. This panoramic image shows a wide, clear urban road split into two directions, each with multiple lanes. Trees line the left and right sides, offering greenery alongside sidewalks. Industrial-style buildings and light poles stretch along the road, hinting at a mix of residential and industrial spaces. The sky is blue with scattered clouds, adding brightness to the scene. Power lines and large pylons are visible on the left side, indicating infrastructure. There is minimal traffic, with a few distant vehicles. The camera appears mounted on a vehicle, providing a view of the road and surroundings from ground level. The restorative indicator scores are:
- Being-away: 0.09698
- Coherence: 0.66308
- Scope: 0.53884
- Fascination: 0.22639
- Average Score: 0.38132"
D:/A_Research/A_doing_research/20250804_LLM_campus_restoration/shanghai/test//202211_113.8017865_22.6838826.png,"This image taken in Shenzhen. The image depicts a wide urban street, flanked by a concrete wall with greenery on the left and modern buildings with glass windows on the right. A pedestrian overpass spans across the road, while cars and buses move along the multiple lanes. The foreground shows the roof of a blue vehicle, suggesting the photo was taken from a moving car. A digital billboard atop a building displays some text. The surroundings are clean and well-maintained, with trees lining the street and cloudy skies overhead, indicating overcast weather. It appears to be a bustling cityscape with mixed development areas. The restorative indicator scores are:
- Being-away: 0.27769
- Coherence: 0.45577
- Scope: 0.43083
- Fascination: 0.51480
- Average Score: 0.41977"
D:/A_Research/A_doing_research/20250804_LLM_campus_restoration/shanghai/test//202211_113.8041727_22.7795268.png,"This image taken in Shenzhen. This street view image depicts a sunny urban road with two main lanes divided by yellow markings. To the left is a shaded sidewalk adorned with trees and a low-rise building, while to the right is an elevated highway supported by concrete pillars. Greenery lines both sides, enhancing the environment with shrubs and trees. A few cars are parked under the shade, alongside visible signage for pedestrian crossings. Utility poles and wires extend overhead, contributing to the infrastructure. The camera captures the scene from what appears to be a vehicle, offering a clear perspective of the road and surroundings. The restorative indicator scores are:
- Being-away: 0.39632
- Coherence: 0.45581
- Scope: 0.64930
- Fascination: 0.51484
- Average Score: 0.50407"
D:/A_Research/A_doing_research/20250804_LLM_campus_restoration/shanghai/test//202211_113.8082633_22.674981199999994.png,"This image taken in Shenzhen. This street view captures an urban intersection surrounded by residential and commercial buildings. On the left, a red multi-story building is prominently marked, possibly indicating public or healthcare services. Modern high-rises dominate both sides of the road, with parked cars and motorcycles scattered nearby. Trees and shrubbery add greenery amidst the concrete landscape. Pedestrians and vehicles, including cars and motorbikes, navigate the area. Yellow striped road markings cover the foreground, signaling traffic management at the intersection. The atmosphere appears cloudy, suggesting overcast weather. Construction activity on the right indicates ongoing urban development in the area. The restorative indicator scores are:
- Being-away: 0.27787
- Coherence: 0.56495
- Scope: 0.31097
- Fascination: 0.40941
- Average Score: 0.39080"
D:/A_Research/A_doing_research/20250804_LLM_campus_restoration/shanghai/test//202211_113.80912177043206_22.61110371298426.png,"This image taken in Shenzhen. This street view image depicts a sunny day with blue skies, featuring a busy road lined with parked and moving cars on either side. A pedestrian crossing is visible in the foreground, bordered by a fenced sidewalk, and a speed limit sign of 20 stands prominently. On the left, there is a modern walkway and buildings, while the right side showcases an open grassy area leading to an overpass. A green advertising panel is placed close to the pavement, adding urban character. The scene combines urban infrastructure with natural greenery under a bright, clear sky. The restorative indicator scores are:
- Being-away: 0.27785
- Coherence: 0.76521
- Scope: 0.53913
- Fascination: 0.51459
- Average Score: 0.52420"
D:/A_Research/A_doing_research/20250804_LLM_campus_restoration/shanghai/test//202211_113.8100430382602_22.746583540331518.png,"This image taken in Shenzhen. The street view image showcases a busy urban intersection surrounded by mid-rise residential and commercial buildings. Shops with colorful signage line the ground floors, catering to local businesses. Vehicles, including cars, motorcycles, and a truck, move through the road lanes separated by metal barriers. Trees provide greenery, adding a touch of nature. On the right, a large modern building under construction contrasts with older structures, showing urban development. Pedestrian sidewalks flank both sides, and the overall ambiance feels lively and functional, typical of a bustling cityscape. Cloudy skies hint at overcast weather, giving a slightly muted atmosphere. The restorative indicator scores are:
- Being-away: 0.09684
- Coherence: 0.56467
- Scope: 0.31080
- Fascination: 0.62074
- Average Score: 0.39826"
D:/A_Research/A_doing_research/20250804_LLM_campus_restoration/shanghai/test//202211_113.8109161_22.7844666.png,"This image taken in Shenzhen. The street view image shows a sunny urban area under development. A construction site is enclosed by fencing, some with blue panels and green netting covering the ground. On the left, parked cars and a tree-lined sidewalk are visible, bordered by red barriers. Residential buildings and high-rises are in the background. Traffic signage and safety cones are present, indicating ongoing work. The street is partially cordoned off, and the scene suggests infrastructure development. The area has a mix of greenery and urban structures under bright daylight. The restorative indicator scores are:
- Being-away: 0.27766
- Coherence: 0.08619
- Scope: 0.19939
- Fascination: 0.22573
- Average Score: 0.19724"
D:/A_Research/A_doing_research/20250804_LLM_campus_restoration/shanghai/test//202211_113.8169133_22.7276972.png,"This image taken in Shenzhen. This street view depicts a wide, multi-lane urban roadway flanked by elevated infrastructure on the sides, possibly an overpass or metro line. Tall buildings and residential high-rises are visible in the background, along with lush greenery and trees lining the central divider and edges. The road appears relatively quiet with minimal traffic; a few motorcycles and cars can be seen. The weather is overcast, with a soft gray sky. The surroundings indicate an organized and modern city setting, combining urban development with patches of vegetation for landscaping along the sides. The restorative indicator scores are:
- Being-away: 0.27784
- Coherence: 0.76538
- Scope: 0.43033
- Fascination: 0.22584
- Average Score: 0.42485"
D:/A_Research/A_doing_research/20250804_LLM_campus_restoration/shanghai/test//202211_113.8131533_22.734941999999997.png,"This image taken in Shenzhen. This street view image showcases a bustling urban scene. A wide road with marked lanes stretches through the center, with tall residential and commercial buildings dominating the background. Trees line both sides of the street, adding greenery to the modern cityscape. On the right, a motorcyclist waits near a pedestrian crossing, while vehicles are seen driving on the main road. The left side features a mix of shops and public seating areas, with people and scooters visible. The area appears clean and orderly, with fences separating lanes for safety and a blue bike lane integrated into the road infrastructure. The restorative indicator scores are:
- Being-away: 0.39604
- Coherence: 0.66356
- Scope: 0.64923
- Fascination: 0.76353
- Average Score: 0.61809"
D:/A_Research/A_doing_research/20250804_LLM_campus_restoration/shanghai/test//202211_113.82000803448553_22.737425312514915.png,"This image taken in Shenzhen. This street view image shows a multi-lane urban road flanked by elevated highways on both sides. A large truck and a few cars are visible on the left, along with greenery and trees lining the roadsides. Modern high-rise residential and commercial buildings dominate the background, showcasing orange and gray facades. The area appears clean and organized, with defined lanes and minimal traffic. Vibrant green landscaping enhances the aesthetic, contrasting the urban infrastructure. The image captures a busy yet structured cityscape on an overcast day, reflecting urban planning and development in this area. The restorative indicator scores are:
- Being-away: 0.09661
- Coherence: 0.33405
- Scope: 0.43037
- Fascination: 0.22610
- Average Score: 0.27178"
D:/A_Research/A_doing_research/20250804_LLM_campus_restoration/shanghai/test//202211_113.81788238289876_22.73720803948338.png,"This image taken in Shenzhen. This street view image depicts a sunny urban setting with clear roads, marked lanes, and safety barriers along the sides. Both sides of the street are lined with lush green trees, offering shade and a pleasant atmosphere. Parked cars, a white sedan driving, and a few buildings are visible, including high-rises in the background. A construction zone is cordoned off with orange cones and signs indicating speed limits, enhancing road safety. The sky is bright blue, hinting at clear weather, and sunlight streams through the trees. The scene appears to be taken from a vehicle equipped with sensing technology. The restorative indicator scores are:
- Being-away: 0.27782
- Coherence: 0.45589
- Scope: 0.53943
- Fascination: 0.81094
- Average Score: 0.52102"
D:/A_Research/A_doing_research/20250804_LLM_campus_restoration/shanghai/test//202211_113.819258_22.731765400000004.png,"This image taken in Shenzhen. The street view image showcases a wide urban road divided by multiple lanes, with moderate traffic comprising cars and trucks. Elevated concrete structures, likely part of a metro or highway overpass, run parallel to the road on both sides. On one side, lush greenery and trees line the street, blending with nearby buildings, including a striking red and white structure. On the opposite side, additional buildings, including high-rise apartments, are visible in the distance. Pedestrian barriers and red roadside barriers are positioned near an intersection, contributing to a bustling yet orderly atmosphere. The sky is overcast, indicating mild lighting conditions. The restorative indicator scores are:
- Being-away: 0.50642
- Coherence: 0.45593
- Scope: 0.43042
- Fascination: 0.32369
- Average Score: 0.42912"
D:/A_Research/A_doing_research/20250804_LLM_campus_restoration/shanghai/test//202211_113.8222678_22.6425994.png,"This image taken in Shenzhen. This street view captures a busy urban intersection with multiple lanes and vehicles, including cars, buses, and trucks, navigating the space. Surrounding the intersection are modern commercial buildings and a covered pedestrian bridge elevated above the area. Trees provide greenery on the right side, while pedestrians move along the sidewalks near the buildings. The sky is cloudy but bright, suggesting daytime. The area appears to be a bustling metropolitan scene with active traffic flow and various modes of transportation, including motorcycles. Street signs and traffic signals direct movement, and roadside vendors or structures are visible on the side. The restorative indicator scores are:
- Being-away: 0.09694
- Coherence: 0.33413
- Scope: 0.53914
- Fascination: 0.40925
- Average Score: 0.34487"
D:/A_Research/A_doing_research/20250804_LLM_campus_restoration/shanghai/test//202211_113.8262261_22.649557699999992.png,"This image taken in Shenzhen. The image shows a wide multi-lane road on a clear day, devoid of heavy traffic. On the left side, a few cars can be seen, along with trees and a small building. The right side features dense greenery, a sloped embankment, and a white overpass with support pillars. Signage and fencing line the road, while a blue truck hood is partially visible in the foreground. The overall setting appears to be an urban or suburban area with modern infrastructure surrounded by greenery. The atmosphere is calm, with slight overcast skies. The restorative indicator scores are:
- Being-away: 0.61080
- Coherence: 0.33422
- Scope: 0.53917
- Fascination: 0.10173
- Average Score: 0.39648"
D:/A_Research/A_doing_research/20250804_LLM_campus_restoration/shanghai/test//202211_113.82747384253616_22.615966911644556.png,"This image taken in Shenzhen. The image depicts a sunny street view with a wide road divided by a landscaped median featuring lush greenery and red flowers. On both sides, lines of trees offer shade, creating a peaceful, suburban vibe. Cars are traveling on the roadway, and the blue sky above has scattered clouds, giving a clear, vibrant atmosphere. Palm trees and lampposts extend along the roadside, hinting at a tropical or urban environment. The perspective appears to be captured from a moving vehicle, with part of the vehicle visible at the bottom foreground. The area seems well-maintained and structured, possibly a boulevard. The restorative indicator scores are:
- Being-away: 0.50687
- Coherence: 0.56479
- Scope: 0.53920
- Fascination: 0.32362
- Average Score: 0.48362"
D:/A_Research/A_doing_research/20250804_LLM_campus_restoration/shanghai/test//202211_113.8319583_22.794324499999995.png,"This image taken in Shenzhen. The image shows a busy, multi-lane road with trucks, container vehicles, and one black passenger car amidst traffic. Tall trees line a central divider with blooming shrubs and a white building in the background. The photo is taken from a vehicle, with part of its hood in view. The sky above is partly cloudy, and power lines are visible, suggesting an urban or industrial area. The restorative indicator scores are:
- Being-away: 0.39641
- Coherence: 0.08512
- Scope: 0.08045
- Fascination: 0.22546
- Average Score: 0.19686"
D:/A_Research/A_doing_research/20250804_LLM_campus_restoration/shanghai/test//202211_113.8291359_22.6271889.png,"This image taken in Shenzhen. This street view depicts a wide, multi-lane road with light traffic. A large truck and a white car are visible, heading in opposite directions. The surroundings consist of greenery, trees, and fenced areas along the road. Blue signage with white text is placed overhead and on the side, indicating directions. A pedestrian crossing with yellow markings is visible to the right. Streetlights line the road, and the sky is overcast with soft, gray clouds. The image was taken from the roof of a car with its blue hood visible in the foreground. The restorative indicator scores are:
- Being-away: 0.09710
- Coherence: 0.22571
- Scope: 0.31018
- Fascination: 0.22536
- Average Score: 0.21459"
D:/A_Research/A_doing_research/20250804_LLM_campus_restoration/shanghai/test//202211_113.8347799_22.784325.png,"This image taken in Shenzhen. The image depicts a wide urban street with multiple lanes and clear road markings. An elevated structure runs parallel to the road, likely a railway or overpass, featuring blue advertisements. Vehicles, including cars and a truck, are seen traveling along the road. On both sides, greenery is well-maintained, separating the pedestrian pathways from the road. Buildings in the background include smaller structures as well as modern high-rise towers. The weather looks sunny with a mix of clear skies and fluffy clouds. Overall, it portrays a busy yet orderly city scene, likely in a developed urban area. The restorative indicator scores are:
- Being-away: 0.27648
- Coherence: 0.33382
- Scope: 0.53947
- Fascination: 0.71059
- Average Score: 0.46509"
D:/A_Research/A_doing_research/20250804_LLM_campus_restoration/shanghai/test//202211_113.83265292629095_22.7449197751454.png,"This image taken in Shenzhen. The image features a sunny urban street lined with sparse trees and mid-rise buildings. Cars are parked along both sides, with some vehicles in motion on the road. The center median is landscaped with grass and trees. On the left, modern buildings are visible, while the right side shows an area with advertising boards, residential apartments, and businesses. The bright blue sky and sunshine add a vibrant feel. The image appears to have been captured from a moving vehicle, with parts of its roof visible in the foreground. Shadows indicate morning or afternoon light. The restorative indicator scores are:
- Being-away: 0.50668
- Coherence: 0.93385
- Scope: 0.53944
- Fascination: 0.32279
- Average Score: 0.57569"
D:/A_Research/A_doing_research/20250804_LLM_campus_restoration/shanghai/test//202211_113.83586272797584_22.70472169611849.png,"This image taken in Shenzhen. The image shows a street view with a main gate leading to a large compound, possibly a government or educational facility with white and blue buildings. Chinese signage and national flags are displayed at the entrance. The street has two-way traffic divided by yellow lane lines. On both sides, tall trees and palm trees line the sidewalks, creating a shady atmosphere. The road appears damp, potentially after rainfall. A pedestrian crossing is visible in front of the gate, and the area looks calm with minimal vehicular or pedestrian activity. The scene suggests an urban area with well-maintained surroundings. The restorative indicator scores are:
- Being-away: 0.27645
- Coherence: 0.66418
- Scope: 0.53949
- Fascination: 0.40866
- Average Score: 0.47220"
D:/A_Research/A_doing_research/20250804_LLM_campus_restoration/shanghai/test//202211_113.836346_22.638564300000002.png,"This image taken in Shenzhen. The street view depicts a busy urban road with multi-lane traffic. Several vehicles, including a red truck and a black sedan, are visible in motion. Tall residential and commercial buildings line the right side, and lush trees provide shade on the left. A pedestrian walkway is bordered by a metal fence, and traffic signs are present on the roadside. The blue sky gives the scene a clear, sunny vibe. Greenery is interspersed throughout, with bushes and neatly landscaped areas adding natural elements. The image seems to have been captured from a vehicle, possibly a taxi or a service vehicle on the road. The restorative indicator scores are:
- Being-away: 0.39645
- Coherence: 0.56514
- Scope: 0.75118
- Fascination: 0.40869
- Average Score: 0.53037"
D:/A_Research/A_doing_research/20250804_LLM_campus_restoration/shanghai/test//202211_113.8379821_22.8048093.png,"This image taken in Shenzhen. The image depicts a suburban street with multiple lanes divided by a median. Trees and greenery line the road, creating a pleasant, shaded environment. A blue pedestrian bridge spans across the road, connecting sidewalks on both sides. Vehicles, including a bus, van, and cars, are seen traveling in both directions. To the left, low-rise buildings and advertisements are visible, while residential and commercial structures are on the right. The scene appears to be taken during daylight with overcast skies, providing a calm urban atmosphere. Metal fencing separates the sidewalks from the road, ensuring pedestrian safety. The restorative indicator scores are:
- Being-away: 0.77378
- Coherence: 0.33356
- Scope: 0.19789
- Fascination: 0.22482
- Average Score: 0.38251"
D:/A_Research/A_doing_research/20250804_LLM_campus_restoration/shanghai/test//202211_113.83840317386104_22.70831987854843.png,"This image taken in Shenzhen. The street view captures a wide road bordered by green trees, showcasing a clear blue sky on a sunny day. Metal barricades line both sides of the street, indicating controlled traffic access. Vehicles, including a motorbike, and pedestrians can be seen in the distance. On the left are low and commercial buildings, while the right features modern structures, including a white building. The central roadway is defined by clean, marked lanes, with a signboard visible ahead providing directions. The setting conveys a calm urban environment, possibly near administrative or institutional buildings. A vehicle roof seen in the foreground suggests the viewer's perspective. The restorative indicator scores are:
- Being-away: 0.39651
- Coherence: 0.84059
- Scope: 0.19790
- Fascination: 0.10081
- Average Score: 0.38395"
D:/A_Research/A_doing_research/20250804_LLM_campus_restoration/shanghai/test//202211_113.8409071441885_22.61114609385476.png,"This image taken in Shenzhen. This street view displays a sunny urban scene with a mix of modern buildings and older architecture. The road is divided, featuring parked cars, trees, and pedestrian crossings. On the left, a multi-story green building is surrounded by small shops and street activity. To the right, beige and white buildings include signage for establishments like hotels. Farther ahead, blue skies contrast with contemporary glass structures on the horizon. Bicycles are seen near a wall, adding to the bustling urban vibe. The setting emphasizes a well-maintained and lively area, combining commercial, residential, and open spaces under bright sunlight. The restorative indicator scores are:
- Being-away: 0.50639
- Coherence: 0.76665
- Scope: 0.53926
- Fascination: 0.51399
- Average Score: 0.58157"
D:/A_Research/A_doing_research/20250804_LLM_campus_restoration/shanghai/test//202211_113.8436113_22.612272900000004.png,"This image taken in Shenzhen. This vibrant urban street scene shows a busy road lined with trees and buildings under bright sunlight. On the left, residential and low-rise commercial buildings contrast with newer, glass-fronted structures on the right. Vehicles, including a blue truck and cars, dominate the street. Pedestrians, a motorbike rider, and a cyclist add life to the scene. Construction hoardings are visible near the modern building, suggesting ongoing development. Shops and businesses provide splashes of color, while the trees offer shade and greenery. The atmosphere combines bustling activity with moments of calm greenery amidst urban growth. The restorative indicator scores are:
- Being-away: 0.27652
- Coherence: 0.08465
- Scope: 0.53928
- Fascination: 0.40902
- Average Score: 0.32737"
D:/A_Research/A_doing_research/20250804_LLM_campus_restoration/shanghai/test//202211_113.84852700762849_22.610222404648848.png,"This image taken in Shenzhen. The image showcases a sunny street scene lined with green trees and well-maintained grass on both sides. A couple of buses are visible, featuring colorful advertisements, along with a parked vehicle on the left. The road is spacious, with a clear sky overhead and modern buildings visible in the background. Pedestrians and a motorcycle are present on the right side, contributing to a lively urban environment. The area is well-lit with sunlight casting shadows of trees and vehicles onto the road. The layout suggests a bustling city street surrounded by greenery and architectural structures. The restorative indicator scores are:
- Being-away: 0.61068
- Coherence: 0.33391
- Scope: 0.75170
- Fascination: 0.51336
- Average Score: 0.55241"
D:/A_Research/A_doing_research/20250804_LLM_campus_restoration/shanghai/test//202211_113.8523632_22.618814899999997.png,"This image taken in Shenzhen. This street view captures a vibrant urban scene. On the left, a bus with advertisements drives along the sunny road, illuminated by soft sunlight streaming through tall trees. Lush greenery dominates the foreground, with a well-maintained park featuring scattered trees and shaded areas. Cars are visible on the right side of the road, indicating a busy street. In the background, modern high-rise residential buildings tower over the scene, contrasting with the natural elements of the park. The clear blue sky adds brightness and openness to the city environment, creating a peaceful yet lively atmosphere. The restorative indicator scores are:
- Being-away: 0.92032
- Coherence: 0.22451
- Scope: 0.64928
- Fascination: 0.62187
- Average Score: 0.60400"
D:/A_Research/A_doing_research/20250804_LLM_campus_restoration/shanghai/test//202211_113.8492719_22.793544899999997.png,"This image taken in Shenzhen. This street view captures a wide, multi-lane road surrounded by greenery and urban structures. On the left, fenced trees line the roadway, while a pedestrian overpass can be seen ahead. Cars and a motorbike drive along, with one rider carrying an umbrella. To the right, there are parked vehicles, a blue fence, and shipping containers. Further along, modern buildings with neatly landscaped areas are visible. Streetlights and utility poles are scattered throughout. The sky appears overcast, creating a calm ambiance. The image blends urban development with touches of nature, showcasing a balanced mix of functionality and aesthetics. The restorative indicator scores are:
- Being-away: 0.27641
- Coherence: 0.45470
- Scope: 0.53922
- Fascination: 0.22376
- Average Score: 0.37352"
D:/A_Research/A_doing_research/20250804_LLM_campus_restoration/shanghai/test//202211_113.8452123_22.763892499999994.png,"This image taken in Shenzhen. The street view showcases a bustling urban scene, with a wide road lined by a multi-story commercial building on the right. The building features shops with large signage in Chinese text. A sidewalk runs alongside, busy with pedestrians and motorbikes. On the left, trees and greenery separate the road from another lane, with vehicles in motion including a large bus. The sky is partly cloudy, giving a bright atmosphere to the scene. The image suggests a mix of commerce and transportation in an active city environment. The perspective is captured from a vehicle's rooftop, emphasizing movement through the location. The restorative indicator scores are:
- Being-away: 0.27650
- Coherence: 0.45493
- Scope: 0.30883
- Fascination: 0.71095
- Average Score: 0.43780"
D:/A_Research/A_doing_research/20250804_LLM_campus_restoration/shanghai/test//202211_113.8551969_22.763327199999996.png,"This image taken in Shenzhen. This street view image depicts a wide intersection surrounded by trees and urban infrastructure. The road splits into multiple lanes with pedestrian crossings marked by white stripes. Greenery lines the sidewalks, enhancing the environment with neatly trimmed bushes and trees. Power lines and utility poles are visible overhead, while street signs and signals provide navigation. Sparse traffic includes a scooter and parked vehicles. A residential or commercial building stands in the background amidst the greenery. The scene appears calm, with a cloudy sky above, giving the area a clean and serene vibe. The image has a panoramic, 360-degree perspective. The restorative indicator scores are:
- Being-away: 0.61059
- Coherence: 0.33381
- Scope: 0.75186
- Fascination: 0.10085
- Average Score: 0.44928"
D:/A_Research/A_doing_research/20250804_LLM_campus_restoration/shanghai/test//202211_113.86285746284707_22.779830557045134.png,"This image taken in Shenzhen. This street view image shows a two-lane road with parked cars lining both sides. The area appears residential with mid-rise apartment buildings surrounded by greenery. Power lines run alongside the street, and the sky is clear and sunny, indicating daytime with good weather. On the left side, dense greenery partially shields the buildings, while the right side reveals a fenced area and more parked cars. The road vanishes into the distance toward additional buildings. The image perspective is taken from a vehicle equipped with a rooftop camera, capturing both directions of the well-maintained urban street. The restorative indicator scores are:
- Being-away: 0.50749
- Coherence: 0.56488
- Scope: 0.30839
- Fascination: 0.40908
- Average Score: 0.44746"
D:/A_Research/A_doing_research/20250804_LLM_campus_restoration/shanghai/test//202211_113.8575257_22.717668000000003.png,"This image taken in Shenzhen. The image shows a sunny street scene with a wide concrete roadway surrounded by buildings and trees. On the left is a red truck with ""万德物流"" written on its side parked along the curb. Nearby, several cars are parked, including white sedans and vans. A low-rise industrial-style building appears on the right, while trees provide shade throughout the scene. A larger beige building can be seen further back, indicating an urban or business area. Motorcycles and pedestrians are visible near the entrance of a gated facility, with signage positioned by the gate. The streets are calm with light activity. The restorative indicator scores are:
- Being-away: 0.39613
- Coherence: 0.84042
- Scope: 0.64986
- Fascination: 0.51330
- Average Score: 0.59993"
D:/A_Research/A_doing_research/20250804_LLM_campus_restoration/shanghai/test//202211_113.8596726_22.652348399999997.png,"This image taken in Shenzhen. This street view image showcases a sunny urban scene with a wide intersection. On the left, a four-story beige and white building with arched windows lines the street, partially shaded by trees. Pedestrians and motorcyclists, some wearing masks, move along the sidewalk and road. Several vehicles, including a blue car, scooter, white sedan, and red truck, are visible alongside traffic lights. The right side opens to a broader road area with modern buildings, greenery, and bright skies. The image captures urban life, combining activity and static structures under clear weather conditions. The restorative indicator scores are:
- Being-away: 0.09512
- Coherence: 0.56488
- Scope: 0.30837
- Fascination: 0.71133
- Average Score: 0.41993"
D:/A_Research/A_doing_research/20250804_LLM_campus_restoration/shanghai/test//202211_113.85560042621323_22.806993254660956.png,"This image taken in Shenzhen. This street view image depicts a wide, clean urban road lined with trees and greenery on both sides, surrounded by buildings. On the left side, a fenced area with signs is visible, possibly construction or advertisement boards. On the right side, a residential apartment complex stands tall behind more greenery. The road accommodates light traffic, including cars and a blue truck. The sky is overcast with diffused light, suggesting a cloudy day. The perspective appears to be taken from the top of a moving vehicle, with part of its hood and equipment in view. The overall scene reflects a modern city ambiance. The restorative indicator scores are:
- Being-away: 0.50769
- Coherence: 0.56496
- Scope: 0.19795
- Fascination: 0.40897
- Average Score: 0.41989"
D:/A_Research/A_doing_research/20250804_LLM_campus_restoration/shanghai/test//202211_113.8704171_22.562697100000005.png,"This image taken in Shenzhen. The image depicts a busy urban street bordered by high-rise residential buildings. Multiple lanes accommodate cars and bicycles, with visible traffic moving in both directions. Pedestrians and cyclists are seen utilizing pathways and crossings. A landscaped area with trees and greenery adds to the surroundings. The sky is overcast, suggesting cloudy weather. Street signs, traffic lights, and a blue pedestrian bridge enhance infrastructure details. The scene highlights a modern cityscape with organized roads and bustling activity, reflecting typical urban life. The restorative indicator scores are:
- Being-away: 0.09490
- Coherence: 0.33298
- Scope: 0.53979
- Fascination: 0.51233
- Average Score: 0.37000"
D:/A_Research/A_doing_research/20250804_LLM_campus_restoration/shanghai/test//202211_113.8635362_22.560423499999995.png,"This image taken in Shenzhen. The image depicts a busy urban intersection surrounded by modern high-rise buildings. The scene features multiple lanes of traffic, including cars and a motorbike stopped near the crosswalk. Green trees line the sidewalk, adding a touch of nature to the concrete environment. Pedestrian crossings are visible with clear road markings. The area appears well-maintained with billboards and advertisements on the building facades. The sky is partially cloudy with sunlight brightening the surroundings. The architecture is contemporary, with some buildings showcasing unique window designs. Overall, it reflects a bustling cityscape merging urban infrastructure and greenery. The restorative indicator scores are:
- Being-away: 0.39660
- Coherence: 0.76866
- Scope: 0.53977
- Fascination: 0.40912
- Average Score: 0.52854"
D:/A_Research/A_doing_research/20250804_LLM_campus_restoration/shanghai/test//202211_113.8722763_22.551879099999997.png,"This image taken in Shenzhen. This image depicts a wide street intersection in an urban area with modern high-rise buildings lining the skyline. The scene includes ongoing construction on one building with a visible crane, and the roads are marked with lanes and crosswalks. Vehicles, including a bus and cars, can be seen on the road. The trees and greenery on either side contrast with the urban structures. The sky is overcast, giving the image a subdued appearance. Traffic lights and signage are visible, providing structure to the intersection. The perspective suggests the image was captured from atop a vehicle or camera-equipped car. The restorative indicator scores are:
- Being-away: 0.09523
- Coherence: 0.66399
- Scope: 0.82058
- Fascination: 0.40929
- Average Score: 0.49727"
D:/A_Research/A_doing_research/20250804_LLM_campus_restoration/shanghai/test//202211_113.87349693118158_22.585965639453615.png,"This image taken in Shenzhen. The image depicts a wide city street with vehicles, including a large truck and smaller cars, driving in both directions. Lined by trees, greenery, and an elevated pedestrian walkway, the road features a central divider with plants and bushes. Tall residential and commercial buildings frame the skyline, contrasting with older, lower structures on the right. A bicycle parking area is visible on the left, reflecting urban transportation diversity. The clear blue sky, dotted with clouds, casts natural light over the scene, emphasizing a clean, organized urban environment with infrastructure blending functionality and aesthetic greenery. The perspective suggests motion or travel. The restorative indicator scores are:
- Being-away: 0.39687
- Coherence: 0.33304
- Scope: 0.30805
- Fascination: 0.51204
- Average Score: 0.38750"
D:/A_Research/A_doing_research/20250804_LLM_campus_restoration/shanghai/test//202211_113.88136_22.584475199999996.png,"This image taken in Shenzhen. This vibrant urban street view shows a sunny intersection framed by tall residential and commercial buildings. The left side features a high-rise catching sunlight, with palm trees adding a tropical vibe. On the right, greenery lines the streets, creating shade for pedestrians. Cars are in motion on multiple lanes, with visible crosswalks and traffic signals. People walk along the sidewalks, and small businesses and shops can be spotted among the buildings. The bright blue sky, scattered with white clouds, adds a lively contrast to the bustling city scene. The restorative indicator scores are:
- Being-away: 0.39687
- Coherence: 0.22469
- Scope: 0.75298
- Fascination: 0.51227
- Average Score: 0.47170"
D:/A_Research/A_doing_research/20250804_LLM_campus_restoration/shanghai/test//202211_113.8822775_22.5709209.png,"This image taken in Shenzhen. This street view shows a busy urban intersection surrounded by tall residential and commercial buildings. Vehicles, including buses, cars, trucks, and motorcycles, are navigating the crossing. Pedestrian zebra crossings are visible, along with traffic signals and street signs. Shops and businesses line the ground floors of the buildings, displaying Chinese signage. The environment appears lively, with overcast skies and moderate activity. The restorative indicator scores are:
- Being-away: 0.09461
- Coherence: 0.08265
- Scope: 0.53985
- Fascination: 0.40931
- Average Score: 0.28160"
D:/A_Research/A_doing_research/20250804_LLM_campus_restoration/shanghai/test//202211_113.8795867_22.5997255.png,"This image taken in Shenzhen. This street view image showcases a sunny urban scene with lush greenery and vehicles on a wide road. On the left, a pedestrian walks along a paved sidewalk shaded by trees. The right side features buildings, including commercial establishments, cars parked nearby, and other vehicles driving. The bright sunlight filters through the tree canopy, creating a vibrant atmosphere. Palms and landscaped greenery contribute to the tropical feel. A mix of well-maintained structures and ongoing construction is visible in the background. The foreground captures the hood of a vehicle, suggesting the image was taken from a car. The restorative indicator scores are:
- Being-away: 0.70336
- Coherence: 0.33313
- Scope: 0.64936
- Fascination: 0.62284
- Average Score: 0.57717"
D:/A_Research/A_doing_research/20250804_LLM_campus_restoration/shanghai/test//202211_113.8992378_22.5719486.png,"This image taken in Shenzhen. The image showcases a busy urban intersection surrounded by a mix of modern high-rise buildings and older structures. Ongoing construction with cranes is visible in the background, indicating development. Vehicles including buses, cars, scooters, and pedestrians occupy the streets, reflecting the bustling city life. Traffic signals, road markings, and street signs are evident. The sky is cloudy, creating a grayish atmosphere. There are business signs on buildings, and some areas are fenced off for construction. The perspective captures a panoramic view, presenting a lively, changing cityscape influenced by modernization and daily urban activities. The restorative indicator scores are:
- Being-away: 0.09493
- Coherence: 0.56518
- Scope: 0.43086
- Fascination: 0.71287
- Average Score: 0.45096"
D:/A_Research/A_doing_research/20250804_LLM_campus_restoration/shanghai/test//202211_113.88679688991533_22.57914480276345.png,"This image taken in Shenzhen. The street view shows a wide, tree-lined urban road with vehicles, including a teal public bus, moving in opposite directions. The foreground reveals part of a white vehicle, possibly the image capture source. Large trees line both sides of the roadway, providing shade, and pedestrian crossings can be seen. To the left, there are small shops and businesses, while the right side features more trees and hints of residential buildings further away. The environment looks clean and bustling, suggesting a city setting. Overall, it portrays a typical urban area with well-maintained greenery and steady traffic activity on a cloudy day. The restorative indicator scores are:
- Being-away: 0.70356
- Coherence: 0.33304
- Scope: 0.30789
- Fascination: 0.76492
- Average Score: 0.52735"
D:/A_Research/A_doing_research/20250804_LLM_campus_restoration/shanghai/test//202211_113.90574290000002_22.577700399999998.png,"This image taken in Shenzhen. The image depicts a busy urban intersection surrounded by modern high-rise buildings, shops, and apartments. Multiple zebra crossings and traffic lights direct pedestrian and vehicular movement. Vehicles, including buses and cars, travel through the intersection while bicycles and scooters occupy the roadside. People are walking across the street, and greenery is visible along the sidewalks. The scene suggests a bustling city atmosphere with active public transportation and mixed-use buildings. Cloudy skies give the area a muted ambiance, while prominent signage and advertisements on the skyscrapers hint at commercial activity. Overall, it portrays a dynamic yet organized city setting. The restorative indicator scores are:
- Being-away: 0.09525
- Coherence: 0.45406
- Scope: 0.43078
- Fascination: 0.76520
- Average Score: 0.43632"
D:/A_Research/A_doing_research/20250804_LLM_campus_restoration/shanghai/test//202211_113.89438222471337_22.73412834603495.png,"This image taken in Shenzhen. This image shows a bustling urban street flanked by small businesses with signs in Chinese. On one side, storefronts feature signs like ""WeDay"" and ""Convenience Store,"" while the other has mixed-use buildings with balconies. Scooters and a blue motorized vehicle occupy the street, with pedestrians walking along the sidewalks. The road curves slightly, bordered by neatly painted yellow lines, and mature trees provide shade over portions of the street. The scene basks in daylight, indicating a typical busy day in a local neighborhood, blending commercial activity and residential spaces with urban vibrancy. The restorative indicator scores are:
- Being-away: 0.27585
- Coherence: 0.84062
- Scope: 0.07788
- Fascination: 0.62249
- Average Score: 0.45421"
D:/A_Research/A_doing_research/20250804_LLM_campus_restoration/shanghai/test//202211_113.8878473_22.7457221.png,"This image taken in Shenzhen. This street view captures a sunny urban environment with modern architecture, organized traffic, and a clear blue sky. On both sides of the road, buildings feature clean, minimalist designs. A row of parked scooters and cars lines the right side, while pedestrians stroll nearby. Trees along the sidewalks provide a touch of greenery. The bright glare of the sun dominates one side, casting shadows across the street. The wide road is well-paved, with clear pedestrian crossings, while the area appears lively yet orderly. A mix of activity and calmness defines this bustling yet serene urban scene. The restorative indicator scores are:
- Being-away: 0.27587
- Coherence: 0.76841
- Scope: 0.75326
- Fascination: 0.51180
- Average Score: 0.57733"
D:/A_Research/A_doing_research/20250804_LLM_campus_restoration/shanghai/test//202211_113.921566914685_22.692212677311126.png,"This image taken in Shenzhen. This street view captures a sunny day in an urban area featuring intersecting roads with zebra crossings. It depicts a mix of commercial and residential buildings, some multi-storied. Vehicles, including vans and trucks, are parked along the roadsides and a few are driving through. Trees and greenery line parts of the streets, providing a natural contrast to the concrete surroundings. Signage and traffic markings are visible, indicating parking areas and directions. To the right, there is a shop with outdoor items displayed, while the left displays signs for goods or businesses in a beige building. The scene feels active yet orderly. The restorative indicator scores are:
- Being-away: 0.27579
- Coherence: 0.45364
- Scope: 0.65108
- Fascination: 0.71335
- Average Score: 0.52347"
D:/A_Research/A_doing_research/20250804_LLM_campus_restoration/shanghai/test//202211_113.9117943_22.665487700000003.png,"This image taken in Shenzhen. This panoramic street view captures a bustling urban intersection surrounded by various buildings and trees under a clear, sunny blue sky. Traffic lights and pedestrian crossings are visible, with vehicles including cars and a green three-wheeler navigating through. A building with a visible ""MS"" logo stands on the right, accompanied by residential and commercial structures. A park-like area with lush greenery and shade umbrellas lies to the left. The sidewalks are lined with railing and occasional signs, denoting safety precautions. The foreground shows part of a vehicle equipped with a rooftop camera, likely used to capture the imagery. The restorative indicator scores are:
- Being-away: 0.27561
- Coherence: 0.45390
- Scope: 0.65101
- Fascination: 0.89840
- Average Score: 0.56973"
D:/A_Research/A_doing_research/20250804_LLM_campus_restoration/shanghai/test//202211_113.90896476644085_22.56979410159586.png,"This image taken in Shenzhen. The image depicts a busy urban street surrounded by trees and low-rise residential and commercial buildings. Vehicles, including cars and motorcycles, are driving along the road, while one car is parked near the sidewalk. The street features a pedestrian crossing and clear lane markings, with traffic cones visible nearby. Greenery, including trees and landscaped areas, lines both sides of the street, adding vibrancy to the scene. Bus stops and storefronts with advertisements are present, reflecting a functional urban environment. Overcast skies create soft lighting, and a tall building in the distance gives a hint of modern city architecture in the background. The restorative indicator scores are:
- Being-away: 0.61209
- Coherence: 0.45411
- Scope: 0.75329
- Fascination: 0.40911
- Average Score: 0.55715"
D:/A_Research/A_doing_research/20250804_LLM_campus_restoration/shanghai/test//202211_113.9159803_22.655209499999998.png,"This image taken in Shenzhen. The image shows a wide street with clear markings and three lanes on a cloudy day. To the right are buildings, including a red-bricked structure with signage and storefronts, and a fenced area beyond. On the left are trees lining the road and a construction vehicle visible in the distance. Several cars, bikes, and pedestrians can be seen. Yellow box markings are prominently visible where the street intersects. The view appears to be captured from a vehicle, likely for navigation or mapping purposes. The restorative indicator scores are:
- Being-away: 0.39647
- Coherence: 0.33315
- Scope: 0.07829
- Fascination: 0.22003
- Average Score: 0.25699"
D:/A_Research/A_doing_research/20250804_LLM_campus_restoration/shanghai/test//202211_113.909002_22.5679899.png,"This image taken in Shenzhen. This street view showcases a busy urban intersection with multiple lanes and pedestrian crossings under cloudy skies. The area is surrounded by mixed-use buildings, including modern and older architectural styles. Palm trees and greenery line the streets, adding a touch of nature to the scene. Vehicles, including cars, buses, motorcycles, and bicycles, populate the road, reflecting vibrant city activity. Traffic signage and signals direct the flow, with blue signs providing navigation. Pedestrians are visible, suggesting an active neighborhood. Construction equipment in the background hints at ongoing development, indicating a growing area. The image reflects a bustling yet organized urban environment. The restorative indicator scores are:
- Being-away: 0.39656
- Coherence: 0.66441
- Scope: 0.82044
- Fascination: 0.40915
- Average Score: 0.57264"
D:/A_Research/A_doing_research/20250804_LLM_campus_restoration/shanghai/test//202211_113.9227536_22.727050399999996.png,"This image taken in Shenzhen. This street view depicts a busy urban scene during daylight hours. The road features dual lanes with cars, trucks, and a divided median of neatly maintained grass and trees. On the left, high-rise buildings add to the cityscape while vehicle traffic flows steadily. To the right, a cleaner road segment is visible with less congestion, lined by more trees and greenery. A prominent street sign and pedestrian spaces are seen amid shaded areas. Bright sunlight creates a glare on the right side, highlighting the clear skies above. The area appears modern, with urban infrastructure and greenery blended together. The restorative indicator scores are:
- Being-away: 0.50657
- Coherence: 0.45368
- Scope: 0.53954
- Fascination: 0.51054
- Average Score: 0.50258"
D:/A_Research/A_doing_research/20250804_LLM_campus_restoration/shanghai/test//202211_113.92292441756912_22.689422567040562.png,"This image taken in Shenzhen. The street view showcases a broad, multi-lane road lined with lush green trees on both sides, creating a pleasant urban environment. Vehicles, including a bus and cars, travel on the damp road, indicating recent rain. Pedestrian sidewalks run alongside the road, separated by fencing and small green spaces. Residential buildings and a high-rise stand prominently in the background, with various parked vehicles visible. Traffic signs are scattered along the road, and a pedestrian can be seen walking on the left. The image captures the calm atmosphere of an urban street on a cloudy day, emphasizing greenery against modern infrastructure. The restorative indicator scores are:
- Being-away: 0.77513
- Coherence: 0.45373
- Scope: 0.53955
- Fascination: 0.51056
- Average Score: 0.56974"
D:/A_Research/A_doing_research/20250804_LLM_campus_restoration/shanghai/test//202211_113.9263628_22.5912654.png,"This image taken in Shenzhen. This panoramic street view captures a quiet urban street surrounded by lush greenery and dense trees. Numerous parked cars, some covered with tarps, line one side of the road near a wooded area. The street has bright yellow road markings, indicating crossing zones. A clear blue sky with scattered white clouds illuminates the scene, creating a sunny, tranquil atmosphere. On the opposite side, there’s a landscaped residential or institutional area with trimmed bushes and trees. The image appears to be taken from the roof of a vehicle equipped with sensors for mapping purposes. The restorative indicator scores are:
- Being-away: 0.77520
- Coherence: 0.56439
- Scope: 0.43074
- Fascination: 0.51059
- Average Score: 0.57023"
D:/A_Research/A_doing_research/20250804_LLM_campus_restoration/shanghai/test//202211_113.9570976_22.583883199999995.png,"This image taken in Shenzhen. This street view showcases an urban area with a wide road lined with large trees and a commercial building on the right. Several bikes are docked near the sidewalk, highlighting a shared bike system. Pedestrian crossings and pavement are present, emphasizing safety and accessibility. The building signage and activity suggest vibrant commercial spaces, possibly stores or restaurants. Multiple people are visible, contributing to the lively environment. The image appears taken from a vehicle with ""Apollo"" branding visible, suggesting autonomous or special vehicle use. Overcast skies create a muted but calm ambiance in this scene. The restorative indicator scores are:
- Being-away: 0.27525
- Coherence: 0.90171
- Scope: 0.07810
- Fascination: 0.50979
- Average Score: 0.44122"
D:/A_Research/A_doing_research/20250804_LLM_campus_restoration/shanghai/test//202211_113.94225220000001_22.753719199999995.png,"This image taken in Shenzhen. The image shows a wide intersection under an overcast sky, with multiple roads branching out in different directions. Traffic is light, with a bus and several motorbikes visible. Green trees line the roads on all sides, lending the area a natural and calm ambiance. Traffic signals and signs are clearly visible, ensuring a well-regulated space. Few pedestrians are seen at crossing lanes, and buildings are visible in the distance. The photo appears to be taken from the viewpoint of a vehicle equipped with a rooftop device, possibly a camera or GPS sensor, indicating a street mapping or navigation service. The restorative indicator scores are:
- Being-away: 0.61141
- Coherence: 0.22269
- Scope: 0.65106
- Fascination: 0.40928
- Average Score: 0.47361"
D:/A_Research/A_doing_research/20250804_LLM_campus_restoration/shanghai/test//202211_113.92725478501447_22.736770270252634.png,"This image taken in Shenzhen. The image depicts a wide urban street flanked by modern buildings, greenery, and orderly planted trees on both sides. The road is clear and well-maintained, featuring multiple lanes for vehicles with smooth asphalt and painted road markings. On the left side are apartments, while the right side showcases contemporary office buildings. There are sidewalks with scattered benches, bicycles, and minimal foot traffic. The environment appears calm, with an overcast sky suggesting mild weather. Visible signage and infrastructure reflect urban development. The scene is viewed from a vehicle-mounted perspective, possibly for mapping or navigation purposes. The restorative indicator scores are:
- Being-away: 0.61164
- Coherence: 0.77006
- Scope: 0.53941
- Fascination: 0.32051
- Average Score: 0.56041"
D:/A_Research/A_doing_research/20250804_LLM_campus_restoration/shanghai/test//202211_113.9432455_22.587066.png,"This image taken in Shenzhen. The image depicts an urban street intersection surrounded by medium and high-rise buildings, including a mix of residential, commercial, and under-construction structures with green scaffolding on the left. The street is clean and spacious, featuring zebra crossings and pedestrian zones. Trees line the sidewalks, adding greenery. A few vehicles, motorbikes, and pedestrians are visible, along with business signs, storefronts, and hotels. The cloudy sky suggests overcast weather, creating a muted atmosphere. A rooftop of a vehicle is visible at the bottom, indicating the image may be captured from a moving car, possibly part of a street navigation or survey system. The restorative indicator scores are:
- Being-away: 0.39640
- Coherence: 0.22263
- Scope: 0.30839
- Fascination: 0.71415
- Average Score: 0.41039"
D:/A_Research/A_doing_research/20250804_LLM_campus_restoration/shanghai/test//202211_113.9360468_22.758895699999997.png,"This image taken in Shenzhen. This street view showcases a wide urban road flanked by modern high-rise buildings, trees, and fenced sidewalks. A pedestrian crossing sign is visible, indicating a safe area to cross. The left side has a partially completed structure, advertisements, and landscaped greenery. The right side exhibits dense greenery and more high-rise structures in the distance. The road markings guide traffic smoothly, with directional arrows and yellow boundaries. Vehicles are minimal, signifying a relatively calm environment. Overcast skies complement the scenery, adding a subdued tone. Overall, the image highlights a well-maintained cityscape combining urban development and natural elements. The restorative indicator scores are:
- Being-away: 0.50673
- Coherence: 0.33329
- Scope: 0.43085
- Fascination: 0.40924
- Average Score: 0.42003"
D:/A_Research/A_doing_research/20250804_LLM_campus_restoration/shanghai/test//202211_113.95836790652298_22.69236529229209.png,"This image taken in Shenzhen. This street view shows a wide roadway flanked by buildings, trees, and parked cars on both sides. The atmosphere is overcast, with a cloudy sky suggesting rainy or humid weather. On the left, there is a fenced area and trees lining the street. The buildings appear older and functional rather than modern, hinting at an industrial or residential area. Light traffic is observed, with a few vehicles and a pedestrian walking along the road. The street is clean, and greenery is visible, adding a touch of nature to the urban environment. A road sign and poles are also present. The restorative indicator scores are:
- Being-away: 0.27522
- Coherence: 0.45389
- Scope: 0.53968
- Fascination: 0.21924
- Average Score: 0.37201"
D:/A_Research/A_doing_research/20250804_LLM_campus_restoration/shanghai/test//202211_113.9724363_22.693400699999998.png,"This image taken in Shenzhen. This street view features a wide, multi-lane intersection in an urban area, surrounded by greenery and modern infrastructure. To the left, residential apartment buildings, parked cars, and buses are visible, while a lush green hill occupies the center. On the right, tall powerline towers stretch overhead, alongside commercial buildings, including a modern glass high-rise. The area appears to be an industrial or business district, as indicated by signage displaying ""Shenzhen Longhua District"" over an entrance gate. The overcast sky and wet road suggest recent rain, while traffic lights hang overhead. The image was captured from a vehicle equipped with rooftop equipment. The restorative indicator scores are:
- Being-away: 0.09386
- Coherence: 0.33289
- Scope: 0.43057
- Fascination: 0.21933
- Average Score: 0.26916"
D:/A_Research/A_doing_research/20250804_LLM_campus_restoration/shanghai/test//202211_113.98367039433224_22.672815120621834.png,"This image taken in Shenzhen. This image depicts a busy urban road with multiple lanes, bordered by concrete barriers and metal railings for safety. A modern pedestrian bridge with a roof and mesh sides spans the road. Cars, including a white one and a black SUV, travel in both directions, complemented by a red bus in the distance. On the left, trees and cranes are visible, indicating nearby construction and greenery. The sky is overcast, giving the scene a neutral, cloudy appearance, while the surroundings appear maintained. Overall, it highlights urban infrastructure blending transportation, construction, and nature. The restorative indicator scores are:
- Being-away: 0.27502
- Coherence: 0.33298
- Scope: 0.19492
- Fascination: 0.31962
- Average Score: 0.28064"
D:/A_Research/A_doing_research/20250804_LLM_campus_restoration/shanghai/test//202211_113.9905027_22.681737499999997.png,"This image taken in Shenzhen. The image shows a busy urban intersection surrounded by trees, tall buildings, and road signs. Vehicles and pedestrians are present, including cars, a scooter, and people waiting at crossings. The sky appears cloudy, signifying an overcast day. The wide roads have marked pedestrian crossings, and traffic signals guide vehicles and walkers. On both sides, buildings line the streets, one being especially tall with many windows. A red vehicle is visible in the foreground, while the surroundings feature greenery, lampposts, and fenced-off areas. The scene depicts a lively city environment with organized traffic movement and urban development. The restorative indicator scores are:
- Being-away: 0.09425
- Coherence: 0.33319
- Scope: 0.43051
- Fascination: 0.40893
- Average Score: 0.31672"
D:/A_Research/A_doing_research/20250804_LLM_campus_restoration/shanghai/test//202211_113.996054_22.668308199999995.png,"This image taken in Shenzhen. The street view image depicts an urban setting beneath an elevated highway. The foreground shows a red car and part of a construction site covered in green tarp nearby. Cars drive on marked lanes along the road, offering a modern city vibe. Buildings line the street, consisting of mid-rise structures with storefronts featuring colorful signs, hinting at shops and local businesses. Pedestrian barriers and construction fences with signage are also visible, indicating potential roadwork or development. The lighting suggests a cloudy day, adding a neutral tone to the image. Overall, the image captures a bustling yet functional cityscape. The restorative indicator scores are:
- Being-away: 0.09458
- Coherence: 0.22218
- Scope: 0.07849
- Fascination: 0.31981
- Average Score: 0.17877"
D:/A_Research/A_doing_research/20250804_LLM_campus_restoration/shanghai/test//202211_113.9858528_22.704467899999997.png,"This image taken in Shenzhen. The street view image shows a wide road intersection surrounded by greenery and urban development. On the left, dense trees border the road, creating a natural ambiance. To the right, a modern construction site is visible with cranes on top of a partially built structure. Vehicles, including a yellow truck and a tricycle with stacked goods, are present. Traffic lights and pedestrian crossings mark the intersection, while clear skies with scattered clouds add brightness to the scene. Urban infrastructure blends with nature in this organized yet bustling area, reflecting a mix of development and outdoor elements. The restorative indicator scores are:
- Being-away: 0.27499
- Coherence: 0.08032
- Scope: 0.65117
- Fascination: 0.62373
- Average Score: 0.40755"
D:/A_Research/A_doing_research/20250804_LLM_campus_restoration/shanghai/test//202211_113.9984381_22.681373299999997.png,"This image taken in Shenzhen. This street view shows a bustling urban intersection with multi-lane roads, vehicles, and pedestrian barriers separating lanes. Surrounding the road are various buildings, including a tall, glass-paneled green structure on the left and a blue multi-story building on the right. The area features several shops, stores, and restaurants, marked by colorful signs and advertisements. Trees line the sidewalks, adding greenery to the urban environment. The sky is overcast, suggesting a cloudy day, and traffic appears moderately busy with cars in motion. The overall scene depicts a typical city street, focusing on commercial activity and transportation infrastructure. The restorative indicator scores are:
- Being-away: 0.09491
- Coherence: 0.45315
- Scope: 0.53960
- Fascination: 0.62410
- Average Score: 0.42794"
D:/A_Research/A_doing_research/20250804_LLM_campus_restoration/shanghai/test//202211_114.0032842_22.655026699999997.png,"This image taken in Shenzhen. The image depicts a busy urban intersection under an elevated road or bridge. Cars, vans, and motorbikes navigate the street while traffic lights control movement. Surrounding buildings include residential apartments, commercial structures, and businesses with signage. A white van with bold red writing stands out in the foreground, conveying advertising or logistical branding. Trees and greenery line parts of the streets, adding a touch of nature. Despite cloudy skies and muted lighting, the scene appears vibrant and dynamic, reflecting typical city life. The restorative indicator scores are:
- Being-away: 0.27462
- Coherence: 0.33319
- Scope: 0.53963
- Fascination: 0.51040
- Average Score: 0.41446"
D:/A_Research/A_doing_research/20250804_LLM_campus_restoration/shanghai/test//202211_114.001936_22.656943199999997.png,"This image taken in Shenzhen. This image shows an urban street view featuring a multilane road, pedestrian overpass, and elevated rail tracks supported by concrete pillars. The street is lined with low to mid-rise buildings, including residential apartments and commercial storefronts. A sign in Chinese provides traffic restrictions for vehicles without local license plates. Trees and small green spaces add vegetation to the otherwise concrete-heavy environment. Few pedestrians and vehicles are visible, giving the area a relatively quiet impression. The overpass connects sidewalks on both sides of the road, enabling safe pedestrian crossing. The scene suggests a developing city with modern infrastructure and daily life activity. The restorative indicator scores are:
- Being-away: 0.39619
- Coherence: 0.33309
- Scope: 0.19394
- Fascination: 0.51037
- Average Score: 0.35840"
D:/A_Research/A_doing_research/20250804_LLM_campus_restoration/shanghai/test//202211_114.0051723768474_22.681067740455443.png,"This image taken in Shenzhen. The street view depicts a bustling urban area with mixed-use buildings and ongoing construction. On the left, tall buildings are covered in scaffolding, while on the right are residential and commercial properties, including shops and businesses. Cars are parked along the roadside, and scooters and pedestrians navigate the narrow street, reflecting daily activity. A construction site with safety barriers and signage is visible to the right. The road shows signs of wear, with uneven surfaces, surrounded by early development and urban vibrancy. Overall, the scene illustrates a typical city street balancing development, residential life, and local commerce. The restorative indicator scores are:
- Being-away: 0.09482
- Coherence: 0.33329
- Scope: 0.19394
- Fascination: 0.40852
- Average Score: 0.25764"
D:/A_Research/A_doing_research/20250804_LLM_campus_restoration/shanghai/test//202211_114.00540480242616_22.65630467035494.png,"This image taken in Shenzhen. The street view shows a busy urban environment under a bright blue sky with scattered clouds. To the left, there are residential buildings and trees lining a quieter street. On the right, a larger road is surrounded by modern commercial buildings, including one with blue reflective glass, and a yellow pedestrian bridge. Traffic barriers separate lanes, and people are seen walking under umbrellas or riding motorbikes. Cherry blossom trees add color near the sidewalk. Cars are parked along the roadside, and a gated area is visible on the far left near the residential zone. It's a mix of residential and commercial spaces. The restorative indicator scores are:
- Being-away: 0.39619
- Coherence: 0.07932
- Scope: 0.53966
- Fascination: 0.76604
- Average Score: 0.44530"
D:/A_Research/A_doing_research/20250804_LLM_campus_restoration/shanghai/test//202211_114.0078292_22.639066599999996.png,"This image taken in Shenzhen. This street view image reveals a bustling urban environment with modern high-rise buildings towering in the background. The sun creates a bright glare near the center, emphasizing the sunny sky with scattered clouds. Multiple crosswalks are visible with vehicles, bicycles, and pedestrians navigating the road intersections. Elevated rail tracks and pedestrian pathways on the right highlight transit infrastructure, while trees add greenery to the scene. The streets are clean and organized, with lane markings and barriers. A mix of urban and greenery elements showcase a well-planned cityscape. The restorative indicator scores are:
- Being-away: 0.50704
- Coherence: 0.66602
- Scope: 0.30738
- Fascination: 0.62372
- Average Score: 0.52604"
D:/A_Research/A_doing_research/20250804_LLM_campus_restoration/shanghai/test//202211_114.0163689_22.653706200000002.png,"This image taken in Shenzhen. The image captures a bustling urban intersection under elevated rail tracks. Multiple lanes lead in different directions, with motorbikes and cars parked or waiting at traffic lights. Surrounding buildings are mid-rise, featuring apartments, shops, and signage. People are seen moving on sidewalks, while motorbikes cluster at corners. The sky is partly cloudy, creating bright daylight. The elevated infrastructure dominates the top of the scene, suggesting a metro or train line. The area appears lively and functional, reflecting a typical cityscape of daily activity and transportation flow. Trees and greenery subtly complement the urban surroundings, adding vibrancy to the scene. The restorative indicator scores are:
- Being-away: 0.09406
- Coherence: 0.22138
- Scope: 0.82235
- Fascination: 0.71518
- Average Score: 0.46324"
D:/A_Research/A_doing_research/20250804_LLM_campus_restoration/shanghai/test//202211_114.0132668_22.726755799999992.png,"This image taken in Shenzhen. This street view image depicts an urban construction site under bright daylight. Surrounding the area are fences displaying construction-related advertisements and safety notices. The site is busy, with vehicles, scooters, and construction materials scattered across. A distinctive blue entrance gate leads to the site, flanked by signage indicating ongoing work. Modern high-rise residential buildings are visible in the background, suggesting the area is developing. Some workers and machinery are present, while dirt and debris are piled up on the right side. The paved road leads to different sections, combining urban development with construction activity in progress. The restorative indicator scores are:
- Being-away: 0.09417
- Coherence: 0.07982
- Scope: 0.19373
- Fascination: 0.50981
- Average Score: 0.21938"
D:/A_Research/A_doing_research/20250804_LLM_campus_restoration/shanghai/test//202211_114.01569978609133_22.728512338937833.png,"This image taken in Shenzhen. This street view image depicts a wide and clean road with minimal traffic under a clear blue sky and bright sunshine. There are three lanes on each side, separated by a central divider adorned with greenery. Dense shrubs and trees line both sides, providing a lush appearance. A high barrier is visible on the right, with a modern building further beyond. Streetlights are spaced out along the road, and a few cars are visible in the distance. The image seems to have been captured from a vehicle, as part of its roof is visible in the foreground. The restorative indicator scores are:
- Being-away: 0.39676
- Coherence: 0.33357
- Scope: 0.07835
- Fascination: 0.09634
- Average Score: 0.22626"
D:/A_Research/A_doing_research/20250804_LLM_campus_restoration/shanghai/test//202211_114.0191639_22.662296299999998.png,"This image taken in Shenzhen. The street view image captures a bustling urban intersection on a sunny day, with vehicles, motorcycles, and pedestrians navigating the area. Buildings on either side display diverse architecture, including modern structures and older, ornate designs. Trees line the road, providing greenery amidst the cityscape. Traffic signals, crosswalks, and markings are visible, ensuring organized movement. Some areas appear overexposed due to sunlight. A white sedan is prominently visible in the foreground, while buses and motorcycles populate the background. Commercial establishments and signage add vibrancy, highlighting the active city life and diverse transit options within the scene. The restorative indicator scores are:
- Being-away: 0.27434
- Coherence: 0.56555
- Scope: 0.53965
- Fascination: 0.71515
- Average Score: 0.52367"
D:/A_Research/A_doing_research/20250804_LLM_campus_restoration/shanghai/test//202211_114.01052248887245_22.649428427414882.png,"This image taken in Shenzhen. The image depicts a busy urban street scene under elevated highways. On the left, a multi-lane road is bordered by greenery, with parked cars and pedestrians visible. A modern building with a tiered stone facade is on the right, with a pedestrian walking nearby. Directional signage points to ""Longcheng Station"" indicating possible public transit access. Trees and landscaped areas flank the roads, creating a mix of concrete and greenery. Vehicles, including a car and buses, navigate the area, while the elevated highways dominate the upper portion of the image, blending infrastructure with urban design. The restorative indicator scores are:
- Being-away: 0.39658
- Coherence: 0.66609
- Scope: 0.43118
- Fascination: 0.71499
- Average Score: 0.55221"
D:/A_Research/A_doing_research/20250804_LLM_campus_restoration/shanghai/test//202211_114.02076763342716_22.6417675560083.png,"This image taken in Shenzhen. This street view image showcases a vibrant urban setting with residential buildings flanking both sides. The road is well-maintained with clear lane markings and features a bus stop shaded by lush green trees. Pedestrians and motorcyclists navigate the area, while cars are parked and moving along the street. Bright advertising panels are visible at the bus stop, where a person is seated, adding life to the scene. The bright, sunny weather enhances the greenery and creates shadows on the pavement, reflecting a clean and bustling city environment. The architecture blends modern with a neighborhood atmosphere. The restorative indicator scores are:
- Being-away: 0.50660
- Coherence: 0.66592
- Scope: 0.53966
- Fascination: 0.50922
- Average Score: 0.55535"
D:/A_Research/A_doing_research/20250804_LLM_campus_restoration/shanghai/test//202211_114.0209513_22.704005600000002.png,"This image taken in Shenzhen. The street view depicts a wide, multi-lane road lined with greenery on the median and sidewalks. On the right side are dense trees, while the left side features modern white buildings and lampposts. The sky is overcast, suggesting cloudy weather. Traffic markings and signage, including arrows and Chinese text, are visible on the asphalt. A few vehicles, including a white car and another in the distance, are traveling on the road. The image perspective is taken from a vehicle, partially seen in the foreground, adding context to the urban setting. Overall, it portrays a clean and organized city street. The restorative indicator scores are:
- Being-away: 0.50668
- Coherence: 0.07995
- Scope: 0.43172
- Fascination: 0.40843
- Average Score: 0.35669"
D:/A_Research/A_doing_research/20250804_LLM_campus_restoration/shanghai/test//202211_114.02749850000001_22.661723400000003.png,"This image taken in Shenzhen. This street view image depicts a busy urban intersection under a clear blue sky with scattered clouds. Visible are multilane roads with pedestrian crosswalks, an overhead metro track, and a variety of vehicles such as cars, scooters, and buses. Surrounding buildings are residential and commercial, featuring mid-rise structures, greenery, and signboards. People are seen crossing the street, and traffic lights regulate movement. The environment has a balanced mix of architecture and trees, giving it a lively and urban feel. Prominent shadows indicate intense daylight, and the perspective appears captured from a low vehicle-mounted camera. The restorative indicator scores are:
- Being-away: 0.50621
- Coherence: 0.66593
- Scope: 0.65096
- Fascination: 0.71684
- Average Score: 0.63499"
D:/A_Research/A_doing_research/20250804_LLM_campus_restoration/shanghai/test//202211_114.0294217_22.556639199999996.png,"This image taken in Shenzhen. This panoramic street view showcases a busy urban intersection surrounded by high-rise residential buildings. Multiple cars navigate the wide roads, with a few waiting at traffic lights. The scene includes crosswalks, bike racks, and streetlights on curved poles. Trees and greenery line the sidewalks, providing a touch of nature amidst the concrete structures. On the right, storefronts and apartments complement the urban setting. The atmosphere suggests a bustling yet orderly environment in a modern city. The restorative indicator scores are:
- Being-away: 0.50628
- Coherence: 0.45055
- Scope: 0.07880
- Fascination: 0.50753
- Average Score: 0.38579"
D:/A_Research/A_doing_research/20250804_LLM_campus_restoration/shanghai/test//202211_114.0226689_22.6581417.png,"This image taken in Shenzhen. The image shows a busy urban intersection under a clear blue sky, featuring diverse architecture and elevated infrastructure. A prominent overpass runs across the scene, casting shadows below. On the left are modern buildings and construction sites, while the right side has older, densely packed residential and commercial structures. Various vehicles, including taxis, buses, and motorcycles, navigate the streets, accompanied by pedestrians crossing at designated areas. Signage, traffic lights, and trees add to the organized yet bustling city atmosphere. The area portrays a mix of urban development and local activity characteristic of vibrant metropolitan hubs. The restorative indicator scores are:
- Being-away: 0.27371
- Coherence: 0.84349
- Scope: 0.30725
- Fascination: 0.76585
- Average Score: 0.54758"
D:/A_Research/A_doing_research/20250804_LLM_campus_restoration/shanghai/test//202211_114.02556840000001_22.630214099999996.png,"This image taken in Shenzhen. This street view showcases a bustling urban area with high-rise residential and commercial buildings on both sides. The wide road is packed with vehicles, including cars, buses, and motorcycles, suggesting heavy traffic. Trees line the sidewalks, adding greenery amidst the dense cityscape. Pedestrians and cyclists can be seen on the sidewalks and bike lanes. The scene reflects a lively city environment, likely in modern Asia, with organized infrastructure and a diverse mix of transportation systems. The weather appears cloudy, giving a subdued lighting to the view while maintaining visibility. The panorama captures urban life and movement dynamically. The restorative indicator scores are:
- Being-away: 0.09425
- Coherence: 0.33315
- Scope: 0.65066
- Fascination: 0.40846
- Average Score: 0.37163"
D:/A_Research/A_doing_research/20250804_LLM_campus_restoration/shanghai/test//202211_114.026955_22.724973.png,"This image taken in Shenzhen. This street view showcases an urban environment, featuring modern high-rise buildings surrounded by trees and greenery. Vehicles occupy both sides of the road, with some parking spaces and a small plaza visible on the left. The street is divided by a yellow lane marking and includes traffic infrastructure, such as lamp posts and barriers, ensuring order. An orange delivery truck branded ""Kerry Logistics"" is parked to the right, reflecting business activity. The cloudy sky suggests mild weather, creating a subdued atmosphere. The area appears to combine residential, commercial, and recreational spaces, offering a balanced modern cityscape. The restorative indicator scores are:
- Being-away: 0.39730
- Coherence: 0.33325
- Scope: 0.43121
- Fascination: 0.40849
- Average Score: 0.39256"
D:/A_Research/A_doing_research/20250804_LLM_campus_restoration/shanghai/test//202211_114.0314997_22.736269000000007.png,"This image taken in Shenzhen. The street view showcases a busy urban area with overcast skies. It features a multi-lane road divided by barriers, with cars and motorbikes in transit. Residential and commercial buildings surround the area, with several under construction or renovation. Pedestrian crossings, safety barriers, and signboards are visible, suggesting active traffic regulation. A construction site is fenced off on the right, while greenery lines the left side. Street signage in Chinese is displayed prominently, directing traffic. A cyclist in bright orange attire rides across a crosswalk. The environment reflects modern development and urban planning, with a mix of utility and construction activity. The restorative indicator scores are:
- Being-away: 0.09354
- Coherence: 0.22047
- Scope: 0.43099
- Fascination: 0.31950
- Average Score: 0.26613"
D:/A_Research/A_doing_research/20250804_LLM_campus_restoration/shanghai/test//202211_114.0336272_22.661090499999997.png,"This image taken in Shenzhen. This street view depicts a busy urban intersection with modern high-rise buildings on both sides. The roads are well-organized with marked pedestrian crossings and traffic signals. Vehicles, including cars and scooters, are seen navigating the lanes, and greenery lines parts of the streetscape. On the left, construction fencing surrounds a site, while commercial buildings and trees occupy the right-hand side. The scene showcases a blend of residential areas and city infrastructure, capturing a vibrant yet structured city atmosphere under a cloudy sky. The restorative indicator scores are:
- Being-away: 0.09387
- Coherence: 0.77066
- Scope: 0.43092
- Fascination: 0.62525
- Average Score: 0.48017"
D:/A_Research/A_doing_research/20250804_LLM_campus_restoration/shanghai/test//202211_114.0271165_22.5685268.png,"This image taken in Shenzhen. This street view captures a sunny urban setting with a busy intersection. A yellow truck, marked ""Refine Environment,"" is stationed on the left, surrounded by orange barricades. Residential high-rise buildings with pink hues line the background, partially shaded by large green trees. Multiple vehicles, including a few cars, are parked or moving along the crossroad. A white car hood occupies the bottom foreground, indicating a vehicle-based perspective. The sky is bright blue with scattered clouds, adding vibrancy to the scene. The area appears organized, with road markings visible, suggesting traffic regulations are in place for a structured road layout. The restorative indicator scores are:
- Being-away: 0.39738
- Coherence: 0.45074
- Scope: 0.07818
- Fascination: 0.76590
- Average Score: 0.42305"
D:/A_Research/A_doing_research/20250804_LLM_campus_restoration/shanghai/test//202211_114.03708640000002_22.7299134.png,"This image taken in Shenzhen. The image shows a wide street with three visible lanes in each direction. Trees line the left side, creating a green canopy under bright sunlight. Cars are parked or moving along the lanes, while motorists navigate near an overpass in the distance. A commercial building with multiple shops is visible on the right, alongside palm trees enhancing the urban landscape. The sky is clear, and overall, the area has elements of both nature and city infrastructure. The foreground shows vehicle parts, suggesting the photo was captured from a car or similar mode of transport. The restorative indicator scores are:
- Being-away: 0.39838
- Coherence: 0.07949
- Scope: 0.53986
- Fascination: 0.76683
- Average Score: 0.44614"
D:/A_Research/A_doing_research/20250804_LLM_campus_restoration/shanghai/test//202211_114.0358766_22.6473671.png,"This image taken in Shenzhen. This vibrant street view shows a busy urban intersection on a clear day. Surrounding the roads are tall buildings, including residential apartments and commercial establishments. The wide road accommodates car traffic, motorbikes, bicycles, and pedestrians crossing at designated zebra crossings. A red construction barrier is visible on the left, suggesting ongoing development. Lush green trees add a touch of nature amidst the urban setting. The image, likely captured from a panoramic camera, depicts a clear, blue sky, reflecting the bustling, dynamic atmosphere of the city. Street signs and signals regulate traffic, balancing movement in every direction. The restorative indicator scores are:
- Being-away: 0.09419
- Coherence: 0.66662
- Scope: 0.65147
- Fascination: 0.81621
- Average Score: 0.55712"
D:/A_Research/A_doing_research/20250804_LLM_campus_restoration/shanghai/test//202211_114.0383343_22.670064099999998.png,"This image taken in Shenzhen. This street view image shows an urban intersection surrounded by mid to high-rise buildings, likely in a city setting. It features a divided road with cars, buses, and pedestrians crossing at a zebra crossing. Trees and shrubs line the central divider, adding greenery to the area. Traffic lights and street signs are visible, guiding vehicles and pedestrians. The architecture blends modern glass facades with older-style structures. A red bus and multiple cars are actively traveling through the intersection. The sidewalks are populated with a few pedestrians, and the overall atmosphere reflects a busy, urban environment. The restorative indicator scores are:
- Being-away: 0.50601
- Coherence: 0.66667
- Scope: 0.19042
- Fascination: 0.50782
- Average Score: 0.46773"
D:/A_Research/A_doing_research/20250804_LLM_campus_restoration/shanghai/test//202211_114.03978245388089_22.60607904267013.png,"This image taken in Shenzhen. This image depicts a wide urban street flanked by tall residential buildings on the right side, along with commercial spaces and greenery. The road has multiple lanes with clear yellow markers and designated arrow signs directing traffic. On the left, a smaller lane with vegetation separates the opposite traffic flow. Cars, buses, and bikes are visible, indicating active transportation. Pedestrians are scattered throughout, while trees line both sides of the street, adding a touch of nature to the cityscape. The weather appears overcast, and the street signs include text in an unidentified language. It reflects a bustling yet organized metropolitan environment. The restorative indicator scores are:
- Being-away: 0.27262
- Coherence: 0.77022
- Scope: 0.65135
- Fascination: 0.50784
- Average Score: 0.55051"
D:/A_Research/A_doing_research/20250804_LLM_campus_restoration/shanghai/test//202211_114.044294_22.550718700000004.png,"This image taken in Shenzhen. The image depicts a bustling urban intersection surrounded by modern high-rise buildings and greenery. Multiple lanes of traffic are visible, with cars, bicycles, and pedestrians navigating the area. Traffic lights and road signs ensure orderly movement. On the left, tall residential towers dominate, while on the right, glass-clad skyscrapers complement the cityscape. The center median hosts trees and pedestrian paths, adding greenery. The weather appears sunny with scattered clouds, and shadows indicate a clear daytime scene. The wide roads and infrastructure suggest a developed metropolitan area, balancing urbanization and natural elements like trees. The restorative indicator scores are:
- Being-away: 0.27279
- Coherence: 0.77020
- Scope: 0.82386
- Fascination: 0.81619
- Average Score: 0.67076"
D:/A_Research/A_doing_research/20250804_LLM_campus_restoration/shanghai/test//202211_114.0438439_22.556771700000002.png,"This image taken in Shenzhen. The image depicts a bustling city intersection surrounded by greenery and modern architecture. Tall buildings, including a glass skyscraper, dominate the backdrop, while trees and flowering plants line the streets. Traffic flows in multiple directions, with cars, scooters, and pedestrians navigating the crosswalks. The scene is bright and dynamic, capturing a sunny day with clear blue skies. People move actively, some waiting at signals and others crossing. The intersection reflects urban life blending nature and modern infrastructure, symbolizing a vibrant and organized city environment. The restorative indicator scores are:
- Being-away: 0.27282
- Coherence: 0.77024
- Scope: 0.53984
- Fascination: 0.71826
- Average Score: 0.57529"
D:/A_Research/A_doing_research/20250804_LLM_campus_restoration/shanghai/test//202211_114.0411497_22.561641499999997.png,"This image taken in Shenzhen. This street view depicts a wide multi-lane road bordered by trees and bushes, with mid- and high-rise buildings visible in the background. The sky is partly cloudy with blue patches. Cars and buses are driving, including a vehicle labeled as a taxi. The area appears urban with green landscaping along the median and roadside. Traffic is moderate, and the road markings are clear, indicating lanes and directions. The street seems clean and well-maintained, suggesting well-organized city infrastructure. In the distance, tall buildings dominate the skyline, adding a modern urban feel to the scene. The restorative indicator scores are:
- Being-away: 0.39858
- Coherence: 0.45017
- Scope: 0.75606
- Fascination: 0.50786
- Average Score: 0.52817"
D:/A_Research/A_doing_research/20250804_LLM_campus_restoration/shanghai/test//202211_114.0445563_22.536196300000004.png,"This image taken in Shenzhen. This street view captures a wide road with multiple lanes and light traffic under a bright, sunny sky. Tall buildings are visible on the left, showcasing an urban setting, while lush green trees line the roadside, adding a natural touch. A pedestrian bridge spans across the road, connecting areas on either side. Vehicles, including sedans and a blue truck, navigate the road. The environment appears clean, and the mix of modern architecture and greenery provides a balanced cityscape impression. The photo likely represents an organized, developed urban area blending infrastructure with greenery. The restorative indicator scores are:
- Being-away: 0.70942
- Coherence: 0.33343
- Scope: 0.53977
- Fascination: 0.81624
- Average Score: 0.59971"
D:/A_Research/A_doing_research/20250804_LLM_campus_restoration/shanghai/test//202211_114.0510165_22.551339899999995.png,"This image taken in Shenzhen. The image showcases a busy urban intersection with moderate traffic, featuring cars, buses, and motorcycles in motion. To the left, a bike parking area with cycles and scooters is surrounded by greenery and red fencing. Pedestrians can be seen on sidewalks, while modern high-rise buildings are visible in the background, juxtaposed with lush trees. The streetlights and traffic signals are in operation, and the scene is under a bright blue sky with scattered clouds. The view suggests a bustling city atmosphere blending urban infrastructure with natural elements, reflecting a lively and organized environment. The restorative indicator scores are:
- Being-away: 0.50586
- Coherence: 0.66821
- Scope: 0.53978
- Fascination: 0.62432
- Average Score: 0.58454"
D:/A_Research/A_doing_research/20250804_LLM_campus_restoration/shanghai/test//202211_114.0544058_22.6444327.png,"This image taken in Shenzhen. The image depicts a wide intersection on a cloudy day. Multiple lanes are visible, with traffic signals overhead, showing green for some directions and red for others. Vehicles like a truck, a van, and a blue car are traveling through or waiting. Surrounding buildings include a red-brick hotel and modern structures, while trees and greenery line the streets. Pedestrian crosswalks are marked clearly, and the area appears urban with organized traffic flow. The road surface is dark, likely recently wet, reflecting the overcast sky. The restorative indicator scores are:
- Being-away: 0.27225
- Coherence: 0.33363
- Scope: 0.75785
- Fascination: 0.50798
- Average Score: 0.46793"
D:/A_Research/A_doing_research/20250804_LLM_campus_restoration/shanghai/test//202211_114.0519255_22.7122363.png,"This image taken in Shenzhen. This street view showcases a construction area surrounded by blue and beige barricades. A crane towers above in the background, signaling an active building site. On the left, a narrow paved road leads past a few parked cars and a green fence, while signs and posters are visible along the barricades. To the right, the street merges into a busier, broader intersection lined with vehicles and low-rise buildings, some of which appear worn. The scene is cloudy, with soft lighting, and the atmosphere is urban yet unkempt. Trees in the distance add a touch of greenery to the predominantly industrial environment. The restorative indicator scores are:
- Being-away: 0.09354
- Coherence: 0.07942
- Scope: 0.19045
- Fascination: 0.31867
- Average Score: 0.17052"
D:/A_Research/A_doing_research/20250804_LLM_campus_restoration/shanghai/test//202211_114.0558493_22.615251100000002.png,"This image taken in Shenzhen. The image showcases a wide urban street with multiple lanes, surrounded by greenery and urban infrastructure. On the left side, there's a pedestrian overpass and parked cars along the road. The right side features a landscaped area and a bus stop, with buses and pedestrians visible. In the background, mid-rise residential buildings and taller skyscrapers are illuminated by sunlight. The sky is bright with scattered clouds, emphasizing a clear day. Overall, the scene reflects a busy city setting with transportation activity and mixed land use. The restorative indicator scores are:
- Being-away: 0.50609
- Coherence: 0.84440
- Scope: 0.65168
- Fascination: 0.40771
- Average Score: 0.60247"
D:/A_Research/A_doing_research/20250804_LLM_campus_restoration/shanghai/test//202211_114.0578282_22.578562.png,"This image taken in Shenzhen. This street view image captures a divided multi-lane road surrounded by urban and natural landscapes. On the left are large trees and a green hillside, while the right is lined with modern skyscrapers and business buildings. Vehicles are driving on both sides of the road, with some visible signage for navigation near the center. The sky is overcast, contributing a grayish tone to the overall atmosphere. Streetlights and guardrails run alongside the road, and a blue directional sign is prominently displayed above, indicating the area's traffic guidance and destinations. The image conveys a mix of nature and urban development. The restorative indicator scores are:
- Being-away: 0.61197
- Coherence: 0.33376
- Scope: 0.75770
- Fascination: 0.31870
- Average Score: 0.50553"
D:/A_Research/A_doing_research/20250804_LLM_campus_restoration/shanghai/test//202211_114.05853155717254_22.724492512449242.png,"This image taken in Shenzhen. The street view depicts a busy urban road with lined storefronts featuring Chinese signage, including restaurants and shops. Cars and motorbikes are parked, while others are moving along the wet asphalt. A bright yellow bus is seen traveling through the street amidst smaller vehicles. Trees provide shade along the sidewalk, and pedestrians are present, including a man in red crossing. The architecture showcases low-rise buildings with utilitarian designs and visible balconies above the shops. Scooters and bicycles are parked near storefronts, contributing to the bustling atmosphere of daily local life. The surroundings indicate a modern but functional urban area. The restorative indicator scores are:
- Being-away: 0.50658
- Coherence: 0.66796
- Scope: 0.30676
- Fascination: 0.62446
- Average Score: 0.52644"
D:/A_Research/A_doing_research/20250804_LLM_campus_restoration/shanghai/test//202211_114.059173_22.6942178.png,"This image taken in Shenzhen. The image depicts an urban street scene surrounded by tall residential and commercial buildings. A spacious intersection accommodates vehicles and pedestrian crossings, flanked by blue bike lanes. Trees embellish the roadside, adding greenery to the area. Prominent signage and advertisements are visible, including one with safety illustrations. Various vehicles, including a compact car and a small cart, are traveling along the streets. People are seen walking near buildings and sidewalks, suggesting moderate activity. Clear skies with light cloud cover cast bright natural lighting over the scene, creating a vibrant yet orderly urban atmosphere. The restorative indicator scores are:
- Being-away: 0.50664
- Coherence: 0.56600
- Scope: 0.65235
- Fascination: 0.76915
- Average Score: 0.62354"
D:/A_Research/A_doing_research/20250804_LLM_campus_restoration/shanghai/test//202211_114.0597178_22.624512499999994.png,"This image taken in Shenzhen. This street view captures a busy urban intersection on a bright, sunny day. Vehicles, including cars, a blue taxi, and bicycles, navigate the roads, separated by barrier rails. Residential buildings, shops, and trees line the streets. Overhead wires and signboards are visible, reflecting an active city environment. A yellow taxi and a black SUV are prominent on the left, while white cars dominate the right. Pedestrians and cyclists can be spotted near the corner, along with street vendors under blue awnings. The area appears vibrant, with a mix of residential, commercial, and transportation activities under a clear blue sky. The restorative indicator scores are:
- Being-away: 0.27134
- Coherence: 0.21942
- Scope: 0.43104
- Fascination: 0.62431
- Average Score: 0.38653"
D:/A_Research/A_doing_research/20250804_LLM_campus_restoration/shanghai/test//202211_114.0627656_22.5229418.png,"This image taken in Shenzhen. The street view captures a bright urban environment with wide roads and lush greenery. Residential high-rise buildings dominate the background, while cars drive smoothly along the multi-lane road flanked by tree-lined sidewalks. Fencing separates the road from pedestrian areas, and a zebra crossing is visible in the foreground, suggesting pedestrian activity. The bright sunlight creates lens flares, enhancing the vibrant atmosphere of the scene. Shadows from the trees add depth to the image, and the area appears clean and orderly. The restorative indicator scores are:
- Being-away: 0.39890
- Coherence: 0.77110
- Scope: 0.53979
- Fascination: 0.62437
- Average Score: 0.58354"
D:/A_Research/A_doing_research/20250804_LLM_campus_restoration/shanghai/test//202211_114.0665036_22.627860199999997.png,"This image taken in Shenzhen. The street view depicts a wide urban road with multiple lanes bordered by greenery and trees. There are residential high-rise buildings on the right side and sparse traffic, including a yellow truck and several cars. The foreground exhibits a blue vehicle with rooftop equipment, suggesting a street view capture car. The road appears to have a divider with yellow markings for separation. The clear blue sky indicates a sunny day, while the urban environment blends natural and constructed elements. The perspective creates a panoramic view, highlighting depth and spacing across the street. The restorative indicator scores are:
- Being-away: 0.27127
- Coherence: 0.07907
- Scope: 0.75798
- Fascination: 0.21712
- Average Score: 0.33136"
D:/A_Research/A_doing_research/20250804_LLM_campus_restoration/shanghai/test//202211_114.06487710000002_22.633098699999998.png,"This image taken in Shenzhen. This street view showcases a bustling urban intersection on a bright, sunny day. Prominent buildings, including some under construction, surround the area, with lush green trees framing a small landscaped park featuring a water fountain. Vehicles, including cars and bicycles, are navigating the streets, and pedestrians occupy the sidewalks. A traffic sign is visible, along with workers attending to maintenance or safety. Modern architecture blends with smaller commercial structures, giving an impression of a mixed-use district. Bright skies and good visibility highlight the organized urban setting and ongoing city activities. The restorative indicator scores are:
- Being-away: 0.50649
- Coherence: 0.66819
- Scope: 0.53980
- Fascination: 0.50844
- Average Score: 0.55573"
D:/A_Research/A_doing_research/20250804_LLM_campus_restoration/shanghai/test//202211_114.0679141_22.563537199999995.png,"This image taken in Shenzhen. This street view image depicts a wide, multi-lane urban road bordered by greenery on both sides. A pedestrian bridge spans the road, with ramps leading down to sidewalks. Vehicles including a cement truck, SUVs, and cars travel in both directions. Protective barriers separate lanes, while signage is visible on the bridge, with advertisements displayed along the roadside. The environment appears calm, with light traffic under a cloudy sky. A tall modern building is partially visible in the background, adding an urban touch to the otherwise tree-lined street. The scene is taken from a moving vehicle, showcasing everyday infrastructure. The restorative indicator scores are:
- Being-away: 0.09310
- Coherence: 0.21888
- Scope: 0.53955
- Fascination: 0.21720
- Average Score: 0.26718"
D:/A_Research/A_doing_research/20250804_LLM_campus_restoration/shanghai/test//202211_114.0746631_22.6338718.png,"This image taken in Shenzhen. This image depicts a wide urban intersection surrounded by modern, high-rise residential and commercial buildings under a clear blue sky. The busy area features crosswalks, traffic lights, and vehicles, including blue and white cars, with people crossing or waiting. Trees line the streets, providing greenery amid the concrete structures, while small shops and pedestrian spaces are visible to the right. Signs of ongoing development are reflected by cranes in the distance. The photo captures vibrant city life during daylight with a mix of vehicular and pedestrian activity in a clean, organized environment. The restorative indicator scores are:
- Being-away: 0.09346
- Coherence: 0.90618
- Scope: 0.65241
- Fascination: 0.50851
- Average Score: 0.54014"
D:/A_Research/A_doing_research/20250804_LLM_campus_restoration/shanghai/test//202211_114.07514405889465_22.670319898873846.png,"This image taken in Shenzhen. This street view image showcases a wide road with multiple lanes separated by orange barriers. To the left, trees and greenery line the path along with buildings and construction cranes in the background. The right side also features greenery and urban infrastructure, including lamp posts. A clear blue sky above adds to the daytime scenery. In the foreground, part of a vehicle is visible with a mounted device. The image suggests an urban area transitioning towards development, blending natural landscapes with modern construction efforts. The restorative indicator scores are:
- Being-away: 0.71105
- Coherence: 0.44855
- Scope: 0.53978
- Fascination: 0.40710
- Average Score: 0.52662"
D:/A_Research/A_doing_research/20250804_LLM_campus_restoration/shanghai/test//202211_114.09092050000001_22.701566099999997.png,"This image taken in Shenzhen. This street view image shows a wide urban road divided into lanes with clear markings and crosswalks. On the left, palm trees line the roadside, likely indicating a landscaped area. To the right is a fenced space with parked vehicles and buildings, including trucks and a white structure displaying signage. The road leads to the horizon under an overcast sky, with distant hills visible on the right. Urban structures and construction are evident in the distance, suggesting a developing area. The street is not crowded, and it appears calm, with a mix of vehicles and pedestrians scattered through the scene. The restorative indicator scores are:
- Being-away: 0.09374
- Coherence: 0.21856
- Scope: 0.19024
- Fascination: 0.09309
- Average Score: 0.14891"
D:/A_Research/A_doing_research/20250804_LLM_campus_restoration/shanghai/test//202211_114.0714429_22.5480405.png,"This image taken in Shenzhen. The street view captures an urban scene with divisions for vehicles and pedestrians. To the left, there's a busy traffic lane with parked cars, small businesses, and a residential building. On the right, a wide street is surrounded by green trees separating the road from a pedestrian walkway. Mid-traffic includes cars moving through painted lanes and crossing paths. In the distance, high-rise buildings add to the cityscape. Yellow lane markings, crosswalks, barriers, and signage ensure traffic control and pedestrian safety. The atmosphere appears clean and orderly. The restorative indicator scores are:
- Being-away: 0.27102
- Coherence: 0.66821
- Scope: 0.53955
- Fascination: 0.81703
- Average Score: 0.57395"
D:/A_Research/A_doing_research/20250804_LLM_campus_restoration/shanghai/test//202211_114.0909805_22.5517268.png,"This image taken in Shenzhen. This street view features a bustling intersection under a bright blue sky with scattered clouds. Surrounding the crossroads are modern high-rise buildings and older residential structures. Pedestrians, cyclists, and vehicles—including taxis and motorbikes—navigate the wide streets. Streetlights, traffic signals, and pedestrian crosswalks are in view, ensuring order amid the urban activity. Greenery and trees line the sidewalks, adding natural contrast to the cityscape. The area is a mix of contemporary architecture and urban parks, suggesting a busy yet balanced metropolitan environment. The restorative indicator scores are:
- Being-away: 0.39915
- Coherence: 0.94307
- Scope: 0.53979
- Fascination: 0.62399
- Average Score: 0.62650"
D:/A_Research/A_doing_research/20250804_LLM_campus_restoration/shanghai/test//202211_114.0963676_22.572977699999996.png,"This image taken in Shenzhen. The image depicts an urban street intersection lined with tall, light-colored buildings featuring balconies. Trees, including palms, add greenery to the surroundings. Several cars and motorcycles are visible, along with pedestrian crossings. One building displays signage in both Chinese and English, indicating businesses. The street appears clean and organized, with fenced sidewalks and designated lanes. Light traffic flows through the intersection, while other vehicles are parked nearby. A gated entrance to a residential or commercial area is visible, and the atmosphere seems quiet under overcast skies. Urban infrastructure is evident, blending modern buildings with trees and traffic management systems. The restorative indicator scores are:
- Being-away: 0.50620
- Coherence: 0.66815
- Scope: 0.30553
- Fascination: 0.71879
- Average Score: 0.54967"
D:/A_Research/A_doing_research/20250804_LLM_campus_restoration/shanghai/test//202211_114.1035643_22.6872075.png,"This image taken in Shenzhen. This street view image captures a busy urban area with multiple buildings flanking a road. On the left is a tall residential building surrounded by parked cars and trees. The right side showcases a row of shops including car repair businesses and a convenience store. The center of the image features a road with light traffic, leading into the background's dense infrastructure. A pedestrian walkway runs parallel to the road with signage and fencing. Overhead, utility poles and wires are visible against a partly cloudy sky. The image likely originates from a vehicle-mounted camera, evidenced by the dashboard in view. The restorative indicator scores are:
- Being-away: 0.39957
- Coherence: 0.66818
- Scope: 0.30554
- Fascination: 0.31726
- Average Score: 0.42264"
D:/A_Research/A_doing_research/20250804_LLM_campus_restoration/shanghai/test//202211_114.10629653022042_22.69430970272127.png,"This image taken in Shenzhen. This street view image features a busy urban area with traffic flowing on a divided road. On the left, a row of multi-story buildings with shops and signs is visible, and pedestrians are walking on sidewalks. Vehicles, including taxis and private cars, are traveling on the road. To the right is a gated building with Chinese signage, possibly an educational or institutional facility, surrounded by trees and fencing. The scene captures a typical city environment with greenery, traffic barriers, and active human presence. The atmosphere appears cloudy, with soft lighting providing a neutral tone typical of an overcast day. The restorative indicator scores are:
- Being-away: 0.50589
- Coherence: 0.44829
- Scope: 0.54023
- Fascination: 0.50834
- Average Score: 0.50068"
D:/A_Research/A_doing_research/20250804_LLM_campus_restoration/shanghai/test//202211_114.1079496_22.572552100000003.png,"This image taken in Shenzhen. The image shows an urban intersection in a sunny, bustling city environment. Tall modern buildings, some under construction, line the view alongside older residential structures. A mix of vehicles, including motorcycles, cars, and pedestrians crossing at zebra crossings, populate the scene. Trees and greenery add a touch of nature to the urban setting. The area appears commercial, with visible storefronts on curved building facades. Bright sunlight illuminates the spacious street, highlighting a clear blue sky with scattered clouds. Traffic signals and barriers indicate organization in the flow of vehicles and pedestrians. Overall, the scene portrays a vibrant and busy city moment. The restorative indicator scores are:
- Being-away: 0.09305
- Coherence: 0.66845
- Scope: 0.30538
- Fascination: 0.81779
- Average Score: 0.47117"
D:/A_Research/A_doing_research/20250804_LLM_campus_restoration/shanghai/test//202211_114.1129015_22.5992305.png,"This image taken in Shenzhen. This street view depicts a wide urban highway with multiple lanes, surrounded by high-rise residential buildings and elevated infrastructure on the right side. Trees and shrubs line portions of the road, contributing greenery to the scene amidst heavy development. Vehicles, including cars and buses, are visible, indicating active traffic. A pedestrian overpass extends over the left side of the highway. The sky is partly cloudy yet bright blue, adding contrast to the concrete structures. Signage and a mix of modern and natural elements suggest a bustling city environment prioritizing connection and mobility. The restorative indicator scores are:
- Being-away: 0.26998
- Coherence: 0.33285
- Scope: 0.65212
- Fascination: 0.40646
- Average Score: 0.41535"
D:/A_Research/A_doing_research/20250804_LLM_campus_restoration/shanghai/test//202211_114.112463_22.71322719999999.png,"This image taken in Shenzhen. This street view image shows a wide urban intersection with multiple lanes and vehicles, including trucks, cars, and motorcycles, navigating through the area. The road appears dusty or undergoing construction, marked by red barricades near the center. Surrounding the road are trees, utility poles, and various buildings, including a tall structure on the right. Traffic lights hang above, directing flow, while greenery adds a touch of nature to the scene. The image captures a bright day with scattered clouds in the sky, contributing to overall visibility. The foreground suggests a vehicle equipped with blue parts and a white circular antenna. The restorative indicator scores are:
- Being-away: 0.50596
- Coherence: 0.07927
- Scope: 0.43182
- Fascination: 0.71902
- Average Score: 0.43402"
D:/A_Research/A_doing_research/20250804_LLM_campus_restoration/shanghai/test//202211_114.1182373_22.5657563.png,"This image taken in Shenzhen. This vibrant urban street scene captures a busy city area with high-rise buildings, traffic, and green spaces. Two buses and multiple cars navigate the road, marked with yellow crossing lines. Pedestrians are partially visible near a small landscaped park, featuring blooming trees and flowers. A parked yellow rental bicycle stands near a fire hydrant. Signs indicate a speed limit of 50 km/h, and no parking is allowed. The background showcases modern buildings, while overhead walkways connect spaces. The area is shaded by greenery, blending city life with nature under a lightly clouded sky. The restorative indicator scores are:
- Being-away: 0.61131
- Coherence: 0.84851
- Scope: 0.54051
- Fascination: 0.50764
- Average Score: 0.62699"
D:/A_Research/A_doing_research/20250804_LLM_campus_restoration/shanghai/test//202211_114.1204075_22.6482116.png,"This image taken in Shenzhen. The image depicts a busy urban street with multiple vehicles, including cars and a blue truck at the forefront. A construction site occupies the road's center, surrounded by barricades and workers in bright safety vests. Green trees line both sides of the street, offering a natural canopy. In the background, powerlines stretch across the sky, and a few buildings are visible. The road has clear lane markings, and traffic flows steadily under an overcast sky. The scene suggests ongoing roadwork or landscaping in a dense city area, combining elements of urban infrastructure and green space. The restorative indicator scores are:
- Being-away: 0.61138
- Coherence: 0.21780
- Scope: 0.43181
- Fascination: 0.31708
- Average Score: 0.39452"
D:/A_Research/A_doing_research/20250804_LLM_campus_restoration/shanghai/test//202211_114.13115568027233_22.70972758510674.png,"This image taken in Shenzhen. This street view shows a wide urban road with various vehicles, including cargo trucks and small cars driving in both directions. A blue truck hood is visible in the foreground. On either side, there are lined buildings—some commercial structures and others residential-style—with storefronts displaying signs. Trees and greenery separate the lanes from sidewalks, adding to the city's layout. The atmosphere appears bright, with blue skies and clouds suggesting daytime. The perspective creates an expansive view of the street, emphasizing urban activity and infrastructure, including the blend of traffic and roadside architecture. The restorative indicator scores are:
- Being-away: 0.26962
- Coherence: 0.56701
- Scope: 0.07578
- Fascination: 0.21621
- Average Score: 0.28215"
D:/A_Research/A_doing_research/20250804_LLM_campus_restoration/shanghai/test//202211_114.1265996_22.6505152.png,"This image taken in Shenzhen. This panoramic street view captures an urban road with moderate traffic under a partly cloudy sky. On the left, trees and a pink wall with fencing border a white industrial or office building. The right side features modern glass buildings surrounded by greenery. Vehicles, including cars and a van, are approaching an intersection with crosswalks and traffic signals. The perspective is from atop a blue vehicle, providing a partial view of its roof and equipment. This setting conveys a developed area with organized infrastructure and a mix of urban and natural elements. The scene appears calm and functional. The restorative indicator scores are:
- Being-away: 0.09317
- Coherence: 0.56671
- Scope: 0.43171
- Fascination: 0.62483
- Average Score: 0.42910"
D:/A_Research/A_doing_research/20250804_LLM_campus_restoration/shanghai/test//202211_114.1297294_22.571899599999995.png,"This image taken in Shenzhen. The street view image shows a sunny urban area with tall buildings, tree-lined roads, and a clean, organized layout. A central road is divided by a landscaped median with greenery. Multiple vehicles, including white and gray cars, are parked or driving along the road. Pedestrian sidewalks flank both sides of the street, featuring decorative shrubbery and large trees providing shade. Glass-front buildings and apartments are visible in the background, suggesting commercial and residential zones. Crosswalks and street markings are clear, promoting safe pedestrian and vehicle movement. The overall atmosphere feels modern, vibrant, and well-maintained. The restorative indicator scores are:
- Being-away: 0.71162
- Coherence: 0.66795
- Scope: 0.65240
- Fascination: 0.71901
- Average Score: 0.68774"
D:/A_Research/A_doing_research/20250804_LLM_campus_restoration/shanghai/test//202211_114.1347208_22.689938899999998.png,"This image taken in Shenzhen. This image depicts an urban intersection surrounded by varied architecture, including modern commercial buildings and older, low-rise structures. Yellow barriers divide the streets, with multiple pedestrian crossings visible. Shops, signage, and parked cars line the roadside, creating a bustling urban atmosphere. A tree provides greenery near the center-right, contrasting the built environment. People walk and vehicles navigate the intersection, contributing to an active city vibe. Overhead traffic lights and utility poles structure the scene. A blue vehicle's roof is in the foreground, hinting at the camera's perspective. The sky is partly cloudy, offering diffuse lighting. The restorative indicator scores are:
- Being-away: 0.09349
- Coherence: 0.66774
- Scope: 0.30608
- Fascination: 0.50792
- Average Score: 0.39381"
D:/A_Research/A_doing_research/20250804_LLM_campus_restoration/shanghai/test//202211_114.1362693_22.6242506.png,"This image taken in Shenzhen. The street view shows a busy urban roadway with multiple lanes separated by painted yellow lines. Vehicles, including a bus and cars, are actively moving in opposite directions. Sidewalks lined with trees and greenery highlight a park-like space. Tall residential and commercial buildings punctuate the skyline, with cloudy weather adding muted light to the scene. A traffic mirror is visible in the foreground, along with road signs and a bus stop, indicating pedestrian infrastructure. The overall environment balances urban activity and green spaces. The atmosphere feels lively yet calm despite the motion of vehicles and urban surroundings. The restorative indicator scores are:
- Being-away: 0.39953
- Coherence: 0.44794
- Scope: 0.54063
- Fascination: 0.50795
- Average Score: 0.47401"
D:/A_Research/A_doing_research/20250804_LLM_campus_restoration/shanghai/test//202211_114.1413619_22.633429600000003.png,"This image taken in Shenzhen. The street view shows a wide road with clear lane markings, bordered by trees and buildings. The area appears semi-industrial, with trucks and vehicles parked along the sides. A pedestrian crossing with yellow grid markings is visible near the center, along with a sign indicating caution for children crossing. Fenced greenery lines the road's edges. The weather is overcast, with a cloudy sky. A mix of commercial and residential structures is positioned amidst lush foliage. The scene captures a calm environment with minimal traffic and hints of urban development blending with nature. The restorative indicator scores are:
- Being-away: 0.09340
- Coherence: 0.33200
- Scope: 0.18887
- Fascination: 0.21614
- Average Score: 0.20760"
D:/A_Research/A_doing_research/20250804_LLM_campus_restoration/shanghai/test//202211_114.14458594103891_22.691730256908752.png,"This image taken in Shenzhen. The image shows a narrow, tree-lined urban road bordered by white railings on both sides. To the left is a sloped green area, reinforced by a concrete grid for stability, while on the right is a colorful building with vibrant murals, likely a school or community center. A blue car is ahead, and traffic safety features like yellow lane dividers and speed bumps are visible. The sky appears cloudy, suggesting overcast weather. Trees lining the street provide shade, creating a serene roadside environment, with minimal traffic observed. The restorative indicator scores are:
- Being-away: 0.89957
- Coherence: 0.21749
- Scope: 0.18891
- Fascination: 0.40650
- Average Score: 0.42812"
D:/A_Research/A_doing_research/20250804_LLM_campus_restoration/shanghai/test//202211_114.1486314_22.6915968.png,"This image taken in Shenzhen. The image shows a wide urban street intersection under partly cloudy skies. A white truck is visible on the right, while a blue vehicle appears in the foreground. Tall buildings with glass facades are on the right side, alongside trees and greenery. The road is moderately busy with cars and motorcycles, and traffic lights are seen ahead. Pedestrian crossings and barricades separate lanes, suggesting traffic organization. Trees line the left side of the street, providing shade, and the view extends to a distant horizon with more vehicles and natural elements, indicating a mix of urban and suburban settings. The restorative indicator scores are:
- Being-away: 0.09370
- Coherence: 0.33175
- Scope: 0.43180
- Fascination: 0.50761
- Average Score: 0.34122"
D:/A_Research/A_doing_research/20250804_LLM_campus_restoration/shanghai/test//202211_114.1655038_22.5668733.png,"This image taken in Shenzhen. This street view features a busy urban intersection with several lanes and zebra crossings. Surrounding the area are mid-rise buildings, housing shops, restaurants, and retail stores with colorful signage, including brands like Oppo and 5G advertisements. Pedestrians are crossing, while vehicles, including taxis, a van, and scooters, are stopped at the traffic lights. The scene is bustling in clear weather under a bright blue sky with some clouds. Trees line portions of the sidewalk, enhancing the urban greenery. The photo captures vibrant city life, hinting at a commercial and residential area. A partial view of a car roof is visible below. The restorative indicator scores are:
- Being-away: 0.26910
- Coherence: 0.77164
- Scope: 0.43171
- Fascination: 0.62496
- Average Score: 0.52436"
D:/A_Research/A_doing_research/20250804_LLM_campus_restoration/shanghai/test//202211_114.1903821_22.654378699999995.png,"This image taken in Shenzhen. This street view showcases a bustling urban area with small shops, eateries, and residential buildings. On the left, signs advertise food stores while the right side features a China Mobile and Vivo outlet. Pedestrians, scooters, and small trucks populate the scene, with several crossing the zebra crossings. The buildings are modest and densely packed, with wires and air conditioning units visible. Streets intersect near the center, leading to different directions, flanked by more stores and businesses. The atmosphere is lively, with a mix of activity typical of a commercial district in an urban setting. Overhead, the sky appears slightly cloudy. The restorative indicator scores are:
- Being-away: 0.26908
- Coherence: 0.44723
- Scope: 0.18834
- Fascination: 0.90935
- Average Score: 0.45350"
D:/A_Research/A_doing_research/20250804_LLM_campus_restoration/shanghai/test//202211_114.2071742_22.712280299999996.png,"This image taken in Shenzhen. This street view shows a wide urban intersection under clear blue skies during daylight. The road splits into multiple lanes with visible pedestrian crosswalks. Tall residential and commercial buildings line the horizon, suggesting the area is located in a modern city. A large red truck appears on the left, while smaller vehicles and a person crossing the street are visible. The streets are clean and organized, with traffic lights and barriers in place. The surroundings include greenery, construction fences, and older, smaller buildings mixed with newer high-rises, creating a contrast in architectural styles. The restorative indicator scores are:
- Being-away: 0.09403
- Coherence: 0.66896
- Scope: 0.65270
- Fascination: 0.50787
- Average Score: 0.48089"
D:/A_Research/A_doing_research/20250804_LLM_campus_restoration/shanghai/test//202211_114.2111792_22.658679700000004.png,"This image taken in Shenzhen. This street view captures a busy urban scene with multiple lanes of traffic, including cars and vans. A pedestrian crossing lies at the center, bordered by trees and greenery on both sides. Elevated infrastructure runs parallel to the road, possibly a metro or highway. Buildings are visible in the background, along with a few taller high-rises. On the right, decorative landscaping features palm trees and red signage. The bright daytime sky with light clouds creates an open and airy ambiance, while pedestrians and cyclists are seen near the crossing area, adding vibrancy to the cityscape. The restorative indicator scores are:
- Being-away: 0.50720
- Coherence: 0.66899
- Scope: 0.54058
- Fascination: 0.71931
- Average Score: 0.60902"
D:/A_Research/A_doing_research/20250804_LLM_campus_restoration/shanghai/test//202211_114.19179562381086_22.63432322223352.png,"This image taken in Shenzhen. The image shows a typical urban street scene with trees lining both sides of the road. On the left, there are low-rise residential or office buildings, small shops, and parked scooters. Pedestrian sidewalks are visible, along with a bicycle parking area under shade. On the right, commercial storefronts and more scooters parked along the sidewalk can be seen. A yellow truck drives down the road, while pedestrians cross at marked crosswalks. Protective railings separate the sidewalk from the street, enhancing safety. The atmosphere is calm, with minimal traffic under an overcast sky. The environment appears clean and organized. The restorative indicator scores are:
- Being-away: 0.61208
- Coherence: 0.44729
- Scope: 0.07567
- Fascination: 0.87592
- Average Score: 0.50274"
D:/A_Research/A_doing_research/20250804_LLM_campus_restoration/shanghai/test//202211_114.216765_22.6974888.png,"This image taken in Shenzhen. This street view depicts a busy intersection in an urban area. To the left, there are modern residential buildings lining the street with commercial banners displayed. The road is wide with marked lanes and multiple traffic signals. Several cars, including a distinctive bright green vehicle, are visible on the road. To the right, there are construction sites, fencing, and greenery, suggesting nearby ongoing development. Beyond the intersection, additional high-rise buildings are seen in the distance. The sky is partly cloudy, providing a bright and open atmosphere. The view captures a mix of urban infrastructure, traffic activity, and city life. The restorative indicator scores are:
- Being-away: 0.39933
- Coherence: 0.44692
- Scope: 0.75850
- Fascination: 0.62501
- Average Score: 0.55744"
D:/A_Research/A_doing_research/20250804_LLM_campus_restoration/shanghai/test//202211_114.21723136608922_22.72370956084027.png,"This image taken in Shenzhen. The street view showcases a quiet urban road lined with buildings on both sides, including residential apartments and commercial establishments. The road is marked with yellow double lines, bordered by pink tiled sidewalks. Several vehicles are parked along the sides, including white and dark-colored cars. Trees are planted on both sidewalks, providing shade. A notable building features a gold sign with Chinese characters, indicating a business or an institution, while surrounding areas host smaller shops and a parking lot enclosed by metal fencing. The atmosphere appears calm, with minimal pedestrian and vehicle activity. The restorative indicator scores are:
- Being-away: 0.71166
- Coherence: 0.56687
- Scope: 0.30518
- Fascination: 0.50778
- Average Score: 0.52287"
D:/A_Research/A_doing_research/20250804_LLM_campus_restoration/shanghai/test//202211_114.2152921_22.6662057.png,"This image taken in Shenzhen. The image depicts a busy urban street with tall residential and commercial buildings on both sides, some displaying advertisements in Chinese. An overpass spans the view on the left, while cars, trucks, and buses navigate the multi-lane road. A white sedan is in the foreground, crossing yellow box markings. The right side features a pedestrian walkway and landscaped greenery. The sky is mostly clear, indicating daylight, and the overall scene suggests a bustling city environment. Signs of modern infrastructure are visible, alongside greenery lining the road, blending urban and natural elements. The restorative indicator scores are:
- Being-away: 0.26849
- Coherence: 0.84997
- Scope: 0.65257
- Fascination: 0.77209
- Average Score: 0.63578"
D:/A_Research/A_doing_research/20250804_LLM_campus_restoration/shanghai/test//202211_114.22642830617639_22.700759857544092.png,"This image taken in Shenzhen. The image shows a wide urban street with multiple lanes divided by a tree-lined median. The left side has a high-rise building and residential structures, while the right side features smaller buildings behind trees. Cars and public transport vehicles navigate the road under overcast skies. Pedestrian access appears limited, with fences between the lanes. Greenery, including trees and shrubs, adds a natural touch to the bustling cityscape. The restorative indicator scores are:
- Being-away: 0.71219
- Coherence: 0.44759
- Scope: 0.65347
- Fascination: 0.50808
- Average Score: 0.58034"
D:/A_Research/A_doing_research/20250804_LLM_campus_restoration/shanghai/test//202211_114.2197791_22.7005555.png,"This image taken in Shenzhen. The street view depicts a wide road junction surrounded by greenery and urban structures. To the left, there is a smaller road leading to a bridge. A prominent beige building with classical architectural design stands ahead, featuring red signage and entry gates, possibly an important establishment. Traffic barriers segment the crossing area, with some pedestrians present. On the right, tall trees and landscaping line the road, creating a lush atmosphere. The sky is bright, scattered with clouds, and the streets are relatively calm with light traffic. Overall, the scene blends modern infrastructure with green spaces. The restorative indicator scores are:
- Being-away: 0.50671
- Coherence: 0.56687
- Scope: 0.43141
- Fascination: 0.50780
- Average Score: 0.50320"
D:/A_Research/A_doing_research/20250804_LLM_campus_restoration/shanghai/test//202211_114.2273256_22.557942800000003.png,"This image taken in Shenzhen. The street view depicts a tree-lined urban road flanked by buildings and shops. Pedestrian crosswalks are visible, with parked cars and motorbikes lining the sidewalks. A sign indicating a public restroom is located on the left side. Fences run along some parts of the road, and both sides are structured with commercial and residential buildings. The atmosphere is calm, with streets appearing clean and lightly trafficked. A rooftop view of a vehicle, likely the camera source, suggests the image was captured from a car. The greenery and sunlight filter through, adding a serene ambiance to the urban setting. The restorative indicator scores are:
- Being-away: 0.61273
- Coherence: 0.91025
- Scope: 0.30500
- Fascination: 0.62433
- Average Score: 0.61308"
D:/A_Research/A_doing_research/20250804_LLM_campus_restoration/shanghai/test//202211_114.23005136136408_22.7412320600931.png,"This image taken in Shenzhen. The street view image depicts a sunny day with clear skies, showcasing a multi-lane elevated road. Both sides of the road are lined with urban structures—a mix of modern buildings and under-construction sites covered with blue tarps surrounded by trees. To the right, tall city skyscrapers are visible, indicating a metropolitan area. Vehicles are driving smoothly, suggesting light traffic. A white car’s hood is in the foreground, likely capturing the view. Greenery is present on the left, with small hills and trees contrasting against the urban skyline in the background, creating an interesting mix of nature and development. The restorative indicator scores are:
- Being-away: 0.61279
- Coherence: 0.56627
- Scope: 0.75830
- Fascination: 0.21552
- Average Score: 0.53822"
D:/A_Research/A_doing_research/20250804_LLM_campus_restoration/shanghai/test//202211_114.22552806929458_22.72382851725978.png,"This image taken in Shenzhen. This street view depicts an urban area with a small road flanked by trees and sidewalks. Buildings with businesses, including shops and restaurants, are visible on the right, featuring Chinese signage. Residential buildings are seen in the background, and there are parked cars and pedestrians along the sidewalks. The road includes a painted divider, allowing for vehicle traffic in opposite directions. A blue directional sign indicates a turn. The atmosphere appears calm with overcast skies, and trees line both sides, adding greenery to the area. Street bollards are present for pedestrian safety. The restorative indicator scores are:
- Being-away: 0.09373
- Coherence: 0.44754
- Scope: 0.18736
- Fascination: 0.62454
- Average Score: 0.33829"
D:/A_Research/A_doing_research/20250804_LLM_campus_restoration/shanghai/test//202211_114.2301294_22.737622900000005.png,"This image taken in Shenzhen. The image depicts an urban streetscape with high-rise buildings, palm trees, and ongoing construction or renovation projects. Barricades and fencing line both sides of the roadway, with safety warnings and signage visible. The road appears clean and organized, featuring yellow lane markings and clear divisions. Modern glass structures and older, beige buildings coexist, reflecting architectural diversity. Clear blue skies and a sunny atmosphere enhance the view. Cranes in the distance indicate active development. Overall, the image showcases a mix of commercial and residential zones with infrastructure improvements underway in a bustling city environment. The restorative indicator scores are:
- Being-away: 0.26808
- Coherence: 0.44793
- Scope: 0.30503
- Fascination: 0.31356
- Average Score: 0.33365"
D:/A_Research/A_doing_research/20250804_LLM_campus_restoration/shanghai/test//202211_114.23443416997084_22.70443946701597.png,"This image taken in Shenzhen. This street view shows an urban intersection surrounded by residential buildings and greenery. Apartment buildings on the right appear worn, contrasting with modern high-rises in the background on the left. The area features pathways with bollards, pedestrian crossings, and street signage, indicating a focus on walkability. The road is moderately busy, with vehicles including an SUV. Flowers and trimmed lawns provide splashes of color along the pavement. The cloudy sky enhances the urban atmosphere, blending the old and new architecture and a mix of natural and urban elements. The restorative indicator scores are:
- Being-away: 0.39894
- Coherence: 0.56598
- Scope: 0.82604
- Fascination: 0.62440
- Average Score: 0.60384"
D:/A_Research/A_doing_research/20250804_LLM_campus_restoration/shanghai/test//202211_114.2361757_22.730064800000008.png,"This image taken in Shenzhen. The image shows a busy urban street intersection surrounded by residential and institutional buildings. To the left, a pink building and dense greenery line the street. In the center, there’s a gated entrance with a sign and barricades, leading into a complex with an iconic mural on the building. On the right, modern apartments rise above, along with a small guardhouse nearby. A blue tent is set up, and pedestrians are visible near the entrance. Crosswalks are marked, with roads stretching into the distance on both sides, under a cloudy sky. Traffic signs and urban infrastructure complete the scene. The restorative indicator scores are:
- Being-away: 0.50712
- Coherence: 0.44826
- Scope: 0.18765
- Fascination: 0.50892
- Average Score: 0.41299"
D:/A_Research/A_doing_research/20250804_LLM_campus_restoration/shanghai/test//202211_114.24092502102194_22.72834490326265.png,"This image taken in Shenzhen. This street view showcases a wide, clean urban road lined with lush green trees on both sides, creating a serene atmosphere. A yellow bus is visible ahead, and the road markings and barriers organize the flow of traffic. The left side features a sidewalk bordered by dense vegetation, while the right side includes pedestrian pathways and local establishments. Buildings are partially visible through the greenery. The overall vibe is modern and well-maintained, blending urban infrastructure with nature. Bright daylight illuminates the area, suggesting a calm day in a busy urban area. The restorative indicator scores are:
- Being-away: 0.81961
- Coherence: 0.66872
- Scope: 0.43087
- Fascination: 0.50894
- Average Score: 0.60703"
D:/A_Research/A_doing_research/20250804_LLM_campus_restoration/shanghai/test//202211_114.2553826_22.7219132.png,"This image taken in Shenzhen. The image depicts a busy urban street with multiple lanes of traffic and parked vehicles on both sides. Tall residential and commercial buildings are visible in the background, alongside green trees lining the sidewalks. A pedestrian crossing is marked on the road along with yellow gridlines. An elevated road or bridge runs parallel to the street, casting shadows below. The sky is bright and clear, indicating sunny weather. Few pedestrians are seen walking or waiting at the side of the road. The overall scene suggests a modern city environment with organized infrastructure and active traffic flow. The restorative indicator scores are:
- Being-away: 0.61240
- Coherence: 0.56590
- Scope: 0.43065
- Fascination: 0.50883
- Average Score: 0.52944"
D:/A_Research/A_doing_research/20250804_LLM_campus_restoration/shanghai/test//202211_114.2417927_22.721100999999997.png,"This image taken in Shenzhen. This panoramic street view captures a busy urban area under clear skies. A modern pedestrian bridge spans across the road with a striking metallic design, connecting the two sides of the street. On the left, ongoing construction is fenced off with red barricades. Vehicles, including buses and cars, travel along the multi-lane road with clear traffic signage visible. In the background, tall buildings stand alongside trees, creating a mix of urban and natural elements. Pedestrians gather near bus stops, and the scene emphasizes city life, daily transit, and infrastructure development amidst clear weather. The restorative indicator scores are:
- Being-away: 0.09334
- Coherence: 0.44809
- Scope: 0.30487
- Fascination: 0.40625
- Average Score: 0.31314"
D:/A_Research/A_doing_research/20250804_LLM_campus_restoration/shanghai/test//202211_114.25240049211995_22.71598604493676.png,"This image taken in Shenzhen. This street view depicts a busy intersection in an urban area. Surrounding the streets are multistory buildings with commercial storefronts, including yellow, pink, and glass-paneled structures. Cars, motorbikes, and pedestrians navigate the traffic on both roadways, with a white JMC truck prominently visible in the center. The sky above is cloudy, providing diffused lighting to the scene. Trees line the far side of the road, and taller modern buildings are visible in the distance, suggesting a mix of architectural styles. Overall, the area appears bustling and active, reflecting a typical city environment. The restorative indicator scores are:
- Being-away: 0.26778
- Coherence: 0.33147
- Scope: 0.18750
- Fascination: 0.62419
- Average Score: 0.35274"
D:/A_Research/A_doing_research/20250804_LLM_campus_restoration/shanghai/test//202211_114.26545658124965_22.747714020246537.png,"This image taken in Shenzhen. This street view image showcases a narrow urban road flanked by older residential or institutional buildings with visible wear, peeling paint, and air conditioning units. Cars are tightly parked along both sides of the street, leaving minimal space for vehicles to pass. A woman in an orange shirt is walking near a white car on the left side. Sparse greenery, including trees and bushes, contrasts the concrete surroundings. The overcast sky adds a gray tone to the ambiance. The view is partly obstructed by the blue roof of a vehicle in the foreground. The area appears functional, densely populated, and utilitarian. The restorative indicator scores are:
- Being-away: 0.50770
- Coherence: 0.44805
- Scope: 0.18736
- Fascination: 0.40601
- Average Score: 0.38728"
D:/A_Research/A_doing_research/20250804_LLM_campus_restoration/shanghai/test//202211_114.2690539_22.690821300000003.png,"This image taken in Shenzhen. The street view captures a busy urban scene under clear blue skies, with modern high-rise buildings under construction on the right side. Green trees line both sides, creating a contrast with the concrete structures. The road splits into multiple lanes, showing active traffic with cars and trucks. On the left side, a visible red banner with Chinese text is displayed along the fencing beside the lane. A petrol station is located ahead, surrounded by vehicles. The street is clean and well-maintained, suggesting an orderly and developing city environment. Bright sunlight dominates the frame, illuminating the scene vividly. The restorative indicator scores are:
- Being-away: 0.09387
- Coherence: 0.21469
- Scope: 0.65437
- Fascination: 0.40602
- Average Score: 0.34224"
D:/A_Research/A_doing_research/20250804_LLM_campus_restoration/shanghai/test//202211_114.2597717_22.748227099999998.png,"This image taken in Shenzhen. The image depicts a bright street view on a sunny day. It showcases a wide intersection surrounded by various buildings, including a pale-colored, dome-topped structure and multiple modern multi-story buildings with glass windows on the right. Cars, including white sedans, are stationary or slowly navigating the intersection. Trees line the streets and provide greenery, balancing the urban scene. A clear blue sky dominates the background, while a faint view of hills and a tower can be seen in the distance. The image appears to be taken from a low viewpoint, possibly from a vehicle or street-level perspective. The restorative indicator scores are:
- Being-away: 0.09364
- Coherence: 0.44800
- Scope: 0.30468
- Fascination: 0.62398
- Average Score: 0.36758"
D:/A_Research/A_doing_research/20250804_LLM_campus_restoration/shanghai/test//202211_114.2760337_22.7631342.png,"This image taken in Shenzhen. The image depicts a sunny street scene in an urban area. It shows a three-lane road with zebra crossings, sidewalks, and street signs, including a pedestrian crossing sign. To the left are residential buildings and greenery, while the right side has apartment complexes and a small parking area. A few cars are seen on the road, with some parked spots visible. The sky is clear with scattered clouds, creating a bright atmosphere. The architecture features low- to mid-rise buildings, a mix of modern and older designs, surrounded by trees and open spaces. Street lamps and traffic monitoring cameras are present. The restorative indicator scores are:
- Being-away: 0.26690
- Coherence: 0.44825
- Scope: 0.65445
- Fascination: 0.40603
- Average Score: 0.44391"
D:/A_Research/A_doing_research/20250804_LLM_campus_restoration/shanghai/test//202211_114.27840400000001_22.694100599999995.png,"This image taken in Shenzhen. The image captures a bright street scene under a clear blue sky. It showcases a wide intersection with marked pedestrian crossings and yellow rectangle grid lines. Residential buildings, trees, and a construction area are visible on the left. On the right, commercial buildings and parked cars align with sidewalks bordered by greenery. Utility poles, traffic signage, and railings are present throughout. The view appears to be from the roof of a vehicle equipped with a camera or sensor setup. The area seems organized and urban, blending residential and commercial architecture in a spacious environment with light traffic. The restorative indicator scores are:
- Being-away: 0.39934
- Coherence: 0.77473
- Scope: 0.43010
- Fascination: 0.50792
- Average Score: 0.52802"
D:/A_Research/A_doing_research/20250804_LLM_campus_restoration/shanghai/test//202211_114.28544010000002_22.781407799999997.png,"This image taken in Shenzhen. The street view depicts an urban area transitioning into a more suburban setting. On the left, cars are parked along a narrow road bordered by trees and a white wall. To the right, small shops, signs, and delivery trucks display local commerce activity. A few individuals walk along the roadside, while larger buildings dominate the background in varying architectural styles. Overhead, utility poles and wires stretch across the scene, highlighting infrastructure. The atmosphere feels calm, with mixed residential and commercial elements merging into a green, tree-lined intersection. Light clouds scatter across the sky, creating a soft, peaceful ambiance. The restorative indicator scores are:
- Being-away: 0.78168
- Coherence: 0.07637
- Scope: 0.54137
- Fascination: 0.31391
- Average Score: 0.42833"
D:/A_Research/A_doing_research/20250804_LLM_campus_restoration/shanghai/test//202211_114.29145377862082_22.72440749735727.png,"This image taken in Shenzhen. The image depicts a busy urban street with heavy traffic, including cars, buses, and construction vehicles. Tall buildings with various architectural designs line the background, and the sky is bright and partly cloudy. Large roadside advertisements decorate several walls. Traffic officers are visible managing the flow of vehicles, indicating potential construction or roadwork. The scene captures a bustling city environment under daylight, with a mix of residential, commercial, and industrial elements. The road is divided into multiple lanes, and both private and public transportation are prominent. The view exudes a typical metropolitan vibe with routine urban activity. The restorative indicator scores are:
- Being-away: 0.09368
- Coherence: 0.44826
- Scope: 0.54139
- Fascination: 0.50820
- Average Score: 0.39788"
D:/A_Research/A_doing_research/20250804_LLM_campus_restoration/shanghai/test//202211_114.2873667_22.697519499999995.png,"This image taken in Shenzhen. The image shows an urban intersection surrounded by modern high-rise buildings under construction and completed structures, reflecting a developing cityscape. The streets appear wide and well-maintained with visible traffic markings. A temporary traffic light, barricades, and solar panels indicate ongoing roadwork or development activity in the area. Trees and greenery are present on one side, while construction cranes and scaffolding are visible in the background. The clear blue sky suggests favorable weather, adding to the vibrant atmosphere. The image captures a mix of urban development, infrastructure, and modernization within an organized environment. The restorative indicator scores are:
- Being-away: 0.50735
- Coherence: 0.77468
- Scope: 0.54138
- Fascination: 0.50817
- Average Score: 0.58290"
D:/A_Research/A_doing_research/20250804_LLM_campus_restoration/shanghai/test//202211_114.3011382_22.6976226.png,"This image taken in Shenzhen. The image shows a sunny urban street intersection, surrounded by trees and developing infrastructure. There are traffic lights overhead, some displaying green signals. A few vehicles, including a white car and a truck, are visible on the road. Construction cranes and a modern high-rise building dominate the background on the right side, indicating ongoing development. Sidewalks are present, with barriers and signage nearby. The sky is clear, with scattered clouds, and the area looks calm with minimal traffic and pedestrians. A white car roof appears in the foreground, possibly part of a vehicle capturing the street view. The restorative indicator scores are:
- Being-away: 0.09406
- Coherence: 0.56425
- Scope: 0.65423
- Fascination: 0.77477
- Average Score: 0.52183"
D:/A_Research/A_doing_research/20250804_LLM_campus_restoration/shanghai/test//202211_114.2954426_22.676837.png,"This image taken in Shenzhen. This street view image depicts an urban intersection with a main road dividing into two smaller lanes. To the left are several mid-rise buildings featuring shops and businesses with signage, including a “Bull 公牛” storefront. A white car is parked near a fenced corner. The right side showcases green landscaping, small trees, and bushes, alongside another road. Overhead, the sky is partly cloudy and bright. The area appears calm with minimal vehicular traffic. The view seems shot from a vehicle, with the car's roof visible at the image's bottom. The design reflects a blend of commercial and residential urban space. The restorative indicator scores are:
- Being-away: 0.26659
- Coherence: 0.56425
- Scope: 0.43084
- Fascination: 0.50823
- Average Score: 0.44248"
D:/A_Research/A_doing_research/20250804_LLM_campus_restoration/shanghai/test//202211_114.30676170000001_22.6703835.png,"This image taken in Shenzhen. The street view shows a sunny urban area with clear blue skies and sparse clouds. On the left, a quiet road lined with small trees runs alongside fenced greenery. The right side displays a busier intersection with yellow road markings and urban infrastructure, including high-rise apartment buildings in the distance. A small white structure, likely a kiosk or booth, stands amid trees and pavement. There’s a red and white signpost, possibly providing location information, while parked cars are visible further down the street. Overall, the setting reflects a mix of nature and urban development in a calm, residential area. The restorative indicator scores are:
- Being-away: 0.86606
- Coherence: 0.67003
- Scope: 0.54148
- Fascination: 0.62355
- Average Score: 0.67528"
D:/A_Research/A_doing_research/20250804_LLM_campus_restoration/shanghai/test//202211_114.3072554_22.766458099999998.png,"This image taken in Shenzhen. The image depicts a street view in an urban industrial area. To the left are old buildings, trees, and construction work with bright orange fencing and warning signs. Centered is a red truck on a slightly damp road, with industrial equipment visible nearby. On the right are modern multi-story buildings with red accents, parked vehicles, and more trees. Overhead, power lines stretch across the sky, which appears cloudy. The road intersects with crosswalks and signage indicating ongoing activity. The area seems functional, blending industry, construction, and residential buildings. A roundabout is visible further with parked and moving vehicles. The restorative indicator scores are:
- Being-away: 0.26629
- Coherence: 0.33092
- Scope: 0.54149
- Fascination: 0.31325
- Average Score: 0.36299"
D:/A_Research/A_doing_research/20250804_LLM_campus_restoration/shanghai/test//202211_114.3107973_22.668331399999996.png,"This image taken in Shenzhen. The street view shows a sunny urban intersection surrounded by diverse infrastructure. A broad road cuts through with pedestrian crosswalks, vehicles, and visible traffic lights. On the left, forested hills complement low-rise buildings, while on the right, towering skyscrapers dominate the skyline. The center features modern architecture with glass facades, symbolizing urban development. A clear blue sky hints at good weather, enhancing visibility. Yellow road signs and concrete dividers organize traffic flow, with several cars, buses, and heavy vehicles navigating the scene. Overall, the area exemplifies a blend of nature and urbanization, dynamic yet orderly in its design. The restorative indicator scores are:
- Being-away: 0.09441
- Coherence: 0.67010
- Scope: 0.54149
- Fascination: 0.62365
- Average Score: 0.48241"
D:/A_Research/A_doing_research/20250804_LLM_campus_restoration/shanghai/test//202211_114.3162351_22.766853299999998.png,"This image taken in Shenzhen. The street view depicts a mildly busy urban intersection on a cloudy day. Cars and trucks, including a blue delivery truck with a dog logo and a black truck with advertising, are parked or moving through the area. Trees line both sides of the road, offering greenery alongside sidewalks. On the right, a multi-story building features businesses with signage in Chinese, while other structures and parked vehicles dot the street. Pedestrian crosswalks divide the roads, and streetlights add a functional touch. The scene appears organized yet modestly active, reflecting a typical city street environment in China. The restorative indicator scores are:
- Being-away: 0.61192
- Coherence: 0.44801
- Scope: 0.18673
- Fascination: 0.40554
- Average Score: 0.41305"
D:/A_Research/A_doing_research/20250804_LLM_campus_restoration/shanghai/test//202211_114.31441280650962_22.67996343438464.png,"This image taken in Shenzhen. The image showcases a quiet, urban street lined with tall leafy trees. On the left, a fenced area appears to be a community space or park, featuring blue canopies and recreational amenities. The road is clean, featuring yellow lane markers, and runs straight into the distance with no visible traffic. Sidewalks on both sides are well-maintained, with bike lane markings visible on the left. The right side includes landscaped greenery and additional trees, while utility poles and wires add a sense of urban infrastructure. The image captures a calm, slightly overcast day, with subdued lighting enhancing the environment's tranquility. The restorative indicator scores are:
- Being-away: 0.71446
- Coherence: 0.85295
- Scope: 0.54150
- Fascination: 0.50890
- Average Score: 0.65445"
D:/A_Research/A_doing_research/20250804_LLM_campus_restoration/shanghai/test//202211_114.33041262094612_22.699174530065097.png,"This image taken in Shenzhen. A sunny urban street scene captured with a wide-angle view shows a multi-lane road bordered by metal railings. To the left, modern high-rises contrast with leafy green trees, while to the right sits a pedestrian overpass, leading to older low-rise commercial buildings. Vehicles, including a white sedan and van, move along the road, suggesting light traffic. Far in the background, skyscrapers rise above the landscape, blending urban development with the relaxed ambiance from clear skies and soft sunlight. The image also captures shadows of objects from a vehicle, suggesting it is taken from atop a moving car or similar transport. The restorative indicator scores are:
- Being-away: 0.09488
- Coherence: 0.33044
- Scope: 0.30332
- Fascination: 0.50885
- Average Score: 0.30937"
D:/A_Research/A_doing_research/20250804_LLM_campus_restoration/shanghai/test//202211_114.3216382_22.723274800000002.png,"This image taken in Shenzhen. The street view image shows a quiet urban area with a mix of residential buildings and greenery. On the left, older apartment buildings line the street, with parked cars nearby. To the right, a green fence surrounds an open grassy area, and signage provides localized information. The road appears clean and lightly trafficked, with additional buildings visible in the distance. Trees and vegetation add natural contrasts to the urban setting, while cars are parked along the pavement. The atmosphere feels suburban, with a mix of construction and residential development evident across the street. The restorative indicator scores are:
- Being-away: 0.71422
- Coherence: 0.21339
- Scope: 0.82768
- Fascination: 0.21406
- Average Score: 0.49234"
D:/A_Research/A_doing_research/20250804_LLM_campus_restoration/shanghai/test//202211_114.3254350036764_22.68151625721614.png,"This image taken in Shenzhen. This street view showcases a bustling urban scene with modern high-rise buildings lining both sides of the road. Shops and businesses occupy the ground floors, with signs featuring colorful text. Cars and trucks are actively traveling on a multi-lane road, while some are parked near the sidewalks. A median separates the traffic lanes, with fenced-off greenery. The sky appears cloudy but bright, and construction cranes in the distance indicate ongoing development. Footbridges connect buildings, enhancing pedestrian movement in the area. The setting reflects a busy city environment, blending residential, commercial, and infrastructural elements. The restorative indicator scores are:
- Being-away: 0.09455
- Coherence: 0.56472
- Scope: 0.43190
- Fascination: 0.62369
- Average Score: 0.42871"
D:/A_Research/A_doing_research/20250804_LLM_campus_restoration/shanghai/test//202211_114.3351278_22.708945700000005.png,"This image taken in Shenzhen. This street view showcases a busy urban intersection with tall residential buildings in the background. Palm trees line the sidewalks, contributing to a modern cityscape. A mix of vehicles, including cars, buses, and scooters, is present alongside pedestrians crossing at zebra crossings. Shops and market signs are visible, indicating a commercial area. Traffic lights control the flow at the junction, and signage boards provide instructions. The scene is bright, with partial blue skies and scattered clouds. Overall, it appears to be a lively and functional city hub surrounded by greenery and high-rise buildings. The restorative indicator scores are:
- Being-away: 0.86715
- Coherence: 0.66983
- Scope: 0.65330
- Fascination: 0.72166
- Average Score: 0.72799"
D:/A_Research/A_doing_research/20250804_LLM_campus_restoration/shanghai/test//202211_114.3404670682303_22.697019432676996.png,"This image taken in Shenzhen. The image depicts a busy urban street view with multiple lanes and vehicles, including cars, a yellow truck, and a motorbike. On the right, there is a modern high-rise building accompanied by smaller structures, including a gas station. The left side features older residential and commercial buildings alongside cylindrical glass structures. A pedestrian crosses the street near the center. The road is lined with safety barriers and red construction panels, indicating potential ongoing work. Advertisements and greenery surround the area, and distant skyscrapers can be seen in the background against a cloudy sky. It suggests a developed, bustling city environment. The restorative indicator scores are:
- Being-away: 0.09518
- Coherence: 0.33053
- Scope: 0.30334
- Fascination: 0.40568
- Average Score: 0.28368"
D:/A_Research/A_doing_research/20250804_LLM_campus_restoration/shanghai/test//202211_114.3459751_22.707297799999996.png,"This image taken in Shenzhen. The street view depicts a wide, split road under an overcast sky. To the left, construction equipment is visible, alongside barriers and signs. On the right, trees and greenery line the area, with a building visible behind. The road appears fairly empty, except for a few vehicles and pedestrians. In the distance, modern high-rise buildings dominate the skyline, suggesting an urban setting. Metal railings run along both sides of the road, contributing to a structured environment. A white vehicle’s roof is partially visible in the foreground, indicating the perspective was captured from a moving car. The restorative indicator scores are:
- Being-away: 0.26503
- Coherence: 0.33062
- Scope: 0.65342
- Fascination: 0.08663
- Average Score: 0.33393"
D:/A_Research/A_doing_research/20250804_LLM_campus_restoration/shanghai/test//202211_114.3511078_22.681715400000005.png,"This image taken in Shenzhen. The image depicts a wide street intersection under clear blue skies surrounded by urban infrastructure. On the left, tall residential or commercial buildings rise above lush green trees, while multiple lanes stretch into the distance, marked with zebra crossings. Trees line the streets, contributing a refreshing touch to the urban setting. Vehicles, including motorbikes, and pedestrians are scattered across the road, while traffic lights and signs guide flow. The scene appears organized and clean, showcasing modern urbanization paired with greenery. A smooth road surface and bright daylight create a calm atmosphere, suggesting a typical day in a metropolitan area. The restorative indicator scores are:
- Being-away: 0.61229
- Coherence: 0.56562
- Scope: 0.65352
- Fascination: 0.50820
- Average Score: 0.58491"
D:/A_Research/A_doing_research/20250804_LLM_campus_restoration/shanghai/test//202211_114.3658786_22.743978499999994.png,"This image taken in Shenzhen. The image depicts an urban intersection surrounded by low-rise buildings, shops, and residential units. The roads are paved and include marked pedestrian crossings with minimal traffic. Construction barriers are visible on one side, suggesting ongoing work. Trees line parts of the street, creating a blend of greenery with the urban landscape. A cloudy sky hangs above, giving the scene a subdued atmosphere. Parking spaces, street signs, and utility poles add functional details, while the area appears clean and orderly. Overall, it reflects a typical neighborhood in a small or medium-sized city. The restorative indicator scores are:
- Being-away: 0.26465
- Coherence: 0.56596
- Scope: 0.43048
- Fascination: 0.62419
- Average Score: 0.47132"
D:/A_Research/A_doing_research/20250804_LLM_campus_restoration/shanghai/test//202211_114.35772670303169_22.751752755502764.png,"This image taken in Shenzhen. The image depicts a street corner in an urban area, bustling with moderate activity. On the right side, there is a convenience store with goods displayed outside, while on the left, several residential-style buildings line the road. A few pedestrians and vehicles, including a motorbike and a parked car, populate the scene. Trees and street signs add greenery and structure to the area. The road is clearly marked, with two intersecting streets visible. The setting appears calm with partial cloud cover in the sky, suggesting daytime with soft lighting. Overall, the area is functional and moderately developed. The restorative indicator scores are:
- Being-away: 0.50873
- Coherence: 0.66938
- Scope: 0.43058
- Fascination: 0.62413
- Average Score: 0.55821"
D:/A_Research/A_doing_research/20250804_LLM_campus_restoration/shanghai/test//202211_114.368547_22.736087599999998.png,"This image taken in Shenzhen. The image captures a broad street with light traffic, flanked by green trees and pedestrian pathways on both sides. On the right, a construction site features advertisement boards and towering buildings in the background. A pedestrian crossing and signage are visible near the middle. The blue sky with scattered clouds adds brightness to the scene, contrasting with the buildings and lush greenery. A person is riding a motorbike near the corner, adding a dynamic element to the urban setting. The area appears tidy and organized, blending development with nature through its tree-lined roads and fenced pathways. The restorative indicator scores are:
- Being-away: 0.86736
- Coherence: 0.56596
- Scope: 0.43039
- Fascination: 0.31266
- Average Score: 0.54409"
D:/A_Research/A_doing_research/20250804_LLM_campus_restoration/shanghai/test//202211_114.3569203_22.6889893.png,"This image taken in Shenzhen. The image captures a busy urban street under clear skies. On the left, a silver car prepares to enter the intersection, while motorcyclists and pedestrians navigate the bustling area. A tall building with reflective windows and palm trees line the right side, alongside a convenience store and parked cars. Trees provide shade on both sides, and a colorful arched structure is visible in the background. Pedestrian crossings and vehicles, including a bus and motorbikes, add movement to the scene, with people walking and engaging in daily activities. The image reflects everyday life in a lively city setting. The restorative indicator scores are:
- Being-away: 0.61232
- Coherence: 0.56562
- Scope: 0.43068
- Fascination: 0.62407
- Average Score: 0.55817"
D:/A_Research/A_doing_research/20250804_LLM_campus_restoration/shanghai/test//202211_114.37215326558275_22.730109705730648.png,"This image taken in Shenzhen. This street view showcases a serene urban scene flanked by lush greenery on both sides. The wide, asphalt road is well-maintained, featuring yellow lane markings and minimal traffic. Dense trees line the path, offering shade and contributing to an eco-friendly environment. A neatly trimmed garden is visible on the right, with bushes and flowers adding vibrant touches. A modern glass building can be seen amid the trees in the background, indicating a mix of natural and urban settings. The overall atmosphere is calm and inviting, ideal for leisurely walks or drives while appreciating the surroundings. The restorative indicator scores are:
- Being-away: 0.71404
- Coherence: 0.66888
- Scope: 0.65439
- Fascination: 0.72103
- Average Score: 0.68959"
D:/A_Research/A_doing_research/20250804_LLM_campus_restoration/shanghai/test//202211_114.3734899_22.7272945.png,"This image taken in Shenzhen. The image depicts a wide intersection with multiple pedestrian crosswalks and traffic lights. The area appears urban with modern office buildings on the right, including one displaying an advertisement on its facade. A quiet road extends into the distance surrounded by greenery, suggesting a commercial area with minimal traffic. Overcast skies dominate the atmosphere, giving the scene a subdued feel. The roads and sidewalks are well-maintained, with visible road markings, bollards, and security cameras. A parked blue vehicle and a few cars are scattered, emphasizing a calm, unbusy moment in the day. The environment is clean and structured. The restorative indicator scores are:
- Being-away: 0.26465
- Coherence: 0.66893
- Scope: 0.65449
- Fascination: 0.31268
- Average Score: 0.47519"
D:/A_Research/A_doing_research/20250804_LLM_campus_restoration/shanghai/test//202211_114.37561489812998_22.690434165694633.png,"This image taken in Shenzhen. The panoramic street view showcases a wide urban road under a clear blue sky with scattered clouds. A white truck is visible on the right side while a pedestrian overpass spans the middle, connecting both sides of the road. The structure features greenery and metal railings. To the left, there’s a fenced pedestrian area lined with trees, while the right side reveals more vegetation and parked vehicles. A large building with red and beige tones can be seen behind the overpass. The surroundings are clean and organized, suggesting a busy but well-maintained cityscape. Traffic appears light at the moment. The restorative indicator scores are:
- Being-away: 0.39852
- Coherence: 0.32951
- Scope: 0.42998
- Fascination: 0.21364
- Average Score: 0.34291"
D:/A_Research/A_doing_research/20250804_LLM_campus_restoration/shanghai/test//202211_114.3769458_22.689101.png,"This image taken in Shenzhen. The street view image depicts a curved road surrounded by lush greenery and trees on both sides. Blue arrow signs indicate the direction to follow around the curve. A metal guardrail separates the road from pedestrian pathways and a dense area of shrubs. A white vehicle roof is visible at the bottom, suggesting the image is captured from a car. In the distance, a building partially visible behind the greenery contrasts with the natural elements. The scene is illuminated by sunlight filtering through the trees, adding brightness to the overall setting. The environment appears serene and well-maintained. The restorative indicator scores are:
- Being-away: 0.71425
- Coherence: 0.44705
- Scope: 0.30472
- Fascination: 0.31200
- Average Score: 0.44451"
D:/A_Research/A_doing_research/20250804_LLM_campus_restoration/shanghai/test//202211_114.3836078_22.744371099999995.png,"This image taken in Shenzhen. This street view depicts an urban area with mid-rise apartment buildings, ground-floor shops, and parked vehicles. Red trucks are visible on the roadside, alongside cars, suggesting a busy street. Crosswalks and road markings indicate pedestrian-friendly infrastructure, while greenery and trees add a touch of nature. The sky is overcast, creating a subdued atmosphere. Signs in a language consistent with Chinese are displayed on shopfronts and buildings, suggesting this is in a Chinese city. The surroundings exhibit a mixture of residential and commercial activity, with a hint of industrial transport, adding dynamism to the streetscape. The restorative indicator scores are:
- Being-away: 0.26459
- Coherence: 0.56650
- Scope: 0.42949
- Fascination: 0.40355
- Average Score: 0.41603"
D:/A_Research/A_doing_research/20250804_LLM_campus_restoration/shanghai/test//202212_113.77643691902465_22.689496014406288.png,"This image taken in Shenzhen. This street view image shows a wide urban road with multiple lanes. On the left, trees line the roadway, along with low-rise buildings. On the right, residential apartments with parked cars are visible adjacent to green grass and small trees. A large shipping container truck labeled ""MOL"" occupies the center-right side of the road, while other smaller vehicles are scattered along the street. The sky is clear and bright, indicating daytime, with sunlight glaring from above the blue industrial buildings on the right. The perspective appears to be shot from a moving vehicle. The restorative indicator scores are:
- Being-away: 0.39852
- Coherence: 0.44754
- Scope: 0.30531
- Fascination: 0.21332
- Average Score: 0.34117"
D:/A_Research/A_doing_research/20250804_LLM_campus_restoration/shanghai/test//202211_114.38063190000001_22.6953099.png,"This image taken in Shenzhen. The image depicts an urban street intersection under a partly cloudy sky. Buildings with red facades and retail shops line the right side of the road, while construction barriers are visible on the left. Traffic includes cars, trucks, and a motorbike, with a blue truck prominently entering the intersection. Crosswalks and traffic lights are evident, and the road appears well-used yet slightly cracked. The area conveys a mix of commercial activity and ongoing development, with greenery and palm trees sparsely visible. The atmosphere feels active but relaxed, with a limit sign (30) and a blend of urban and suburban elements. The restorative indicator scores are:
- Being-away: 0.09477
- Coherence: 0.21346
- Scope: 0.42958
- Fascination: 0.82540
- Average Score: 0.39080"
D:/A_Research/A_doing_research/20250804_LLM_campus_restoration/shanghai/test//202212_113.78080880458923_22.697984700257628.png,"This image taken in Shenzhen. This street view image captures a wide road with two lanes in each direction, separated by a grassy median. It is set in an urban area with multi-story residential or commercial buildings on both sides. Parked vehicles, including trucks and cars, line the right side of the road. Trees provide shade along the pavement. The sunny weather casts bright light, and the clear blue sky is visible. Pedestrian activity appears minimal, though some figures are seen near the trees. Overall, the scene depicts a bustling but orderly environment typical of a city street. The restorative indicator scores are:
- Being-away: 0.61389
- Coherence: 0.91405
- Scope: 0.42904
- Fascination: 0.50824
- Average Score: 0.61630"
D:/A_Research/A_doing_research/20250804_LLM_campus_restoration/shanghai/test//202212_113.7773688_22.700072399999996.png,"This image taken in Shenzhen. The image shows a wide, multi-lane urban intersection on a clear day under bright sunlight. Modern buildings line both sides, including apartment complexes and office structures. Construction equipment and barriers suggest ongoing development. Sparse trees and streetlights adorn the area, and a few vehicles, including a white car, are visible. The road surface is clean and well-maintained with clear lane markings, crosswalks, and median dividers. The intersection appears quiet, with minimal foot or vehicle traffic. The foreground includes the shadowed front of a vehicle, adding perspective to the panoramic view. The environment suggests a developing urban area. The restorative indicator scores are:
- Being-away: 0.26509
- Coherence: 0.66966
- Scope: 0.76012
- Fascination: 0.40375
- Average Score: 0.52465"
D:/A_Research/A_doing_research/20250804_LLM_campus_restoration/shanghai/test//202211_114.40298750000001_22.696152799999997.png,"This image taken in Shenzhen. The street view image captures a wide road intersection on a sunny day, flanked by buildings and greenery. The road is divided by a median and marked with clear lane directions. Residential and commercial buildings line both sides, with some displaying storefronts. Pedestrian crossings and a small setup with blue tents are visible near the middle buildings. A tall, modern tower contrasts with the low-rise structures, while distant mountains provide a picturesque backdrop. The skies are partly cloudy with ample sunlight, creating a vibrant yet serene urban setting. Vehicles are sparsely seen, reflecting light traffic at this moment. The restorative indicator scores are:
- Being-away: 0.39841
- Coherence: 0.77737
- Scope: 0.76004
- Fascination: 0.40357
- Average Score: 0.58485"
D:/A_Research/A_doing_research/20250804_LLM_campus_restoration/shanghai/test//202212_113.7951026_22.699638300000004.png,"This image taken in Shenzhen. This street view captures a busy urban intersection under clear blue skies. The central crosswalk spans a multi-lane road, surrounded by buildings on both sides. The left side features beige and green apartment complexes, while the right has motorcyclists waiting at traffic lights near greenery-shaped medians. Both sides of the road showcase pedestrian paths and planted trees, bringing an urban yet green appearance. Several vehicles, including scooters and cars, navigate the intersection. The image depicts a well-planned roadway system with traffic signals, fences, and sidewalks ensuring organized flow and safety. Overall, the setting appears vibrant and functional. The restorative indicator scores are:
- Being-away: 0.39807
- Coherence: 0.77740
- Scope: 0.42895
- Fascination: 0.40402
- Average Score: 0.50211"
D:/A_Research/A_doing_research/20250804_LLM_campus_restoration/shanghai/test//202212_113.79688929487973_22.680480331073678.png,"This image taken in Shenzhen. This street view showcases a busy urban area with multi-story residential and commercial buildings lining both sides of the road. The street features divided lanes separated by a red plastic barrier. Trees, advertisements, and construction fences are visible, creating a mix of green and urban elements. A cyclist rides near the barrier, adding life to the scene. The sky is bright and clear, suggesting sunny weather. The perspective is captured from a vehicle, possibly showcasing transportation or construction activity in the area. This location seems to be undergoing development while maintaining daily urban functions. The restorative indicator scores are:
- Being-away: 0.39817
- Coherence: 0.44737
- Scope: 0.30590
- Fascination: 0.40404
- Average Score: 0.38887"
D:/A_Research/A_doing_research/20250804_LLM_campus_restoration/shanghai/test//202212_113.8052854_22.6785739.png,"This image taken in Shenzhen. The image shows a busy urban street intersection on a clear day. Buildings flank both sides of the road, including modern glass structures and older residential buildings with shops at street level. Trees line portions of the road, while crosswalks and traffic flow divides are visible. Pedestrians are crossing, motorbikes are parked, and cars move along the lanes. Bright yellow barriers and lane markings guide vehicles, suggesting organized traffic control. Overall, the scene portrays a bustling city environment blending greenery, commerce, and transportation infrastructure in a dynamic urban setting. The restorative indicator scores are:
- Being-away: 0.39827
- Coherence: 0.77741
- Scope: 0.06900
- Fascination: 0.50737
- Average Score: 0.43801"
D:/A_Research/A_doing_research/20250804_LLM_campus_restoration/shanghai/test//202212_113.81152624040243_22.669452211760223.png,"This image taken in Shenzhen. The image depicts a busy urban street under clear, sunny skies. To the left, there are older apartment buildings and businesses, while construction is visible on the right, with cranes and scaffolding. A divided roadway and pedestrian crosswalk run through the scene. Vehicles, including cars, a truck, and a scooter, occupy the streets. Fencing surrounds a construction site in the center. The cityscape blends residential, commercial, and developmental areas, framed with nearby hills on the horizon. The restorative indicator scores are:
- Being-away: 0.09291
- Coherence: 0.32942
- Scope: 0.42858
- Fascination: 0.31284
- Average Score: 0.29094"
D:/A_Research/A_doing_research/20250804_LLM_campus_restoration/shanghai/test//202212_113.8150205_22.6618553.png,"This image taken in Shenzhen. The image depicts a busy urban intersection under bright daylight with clear skies. Surrounding the streets are residential and commercial buildings, adorned with shops and trees. Traffic signals are suspended overhead, while vehicles, including cars, motorcycles, and public transport, traverse the roadways. Pedestrians can be spotted near the sidewalks, and some appear to be waiting at a crosswalk. Streetlights and signage line the streets, with pavement and greenery separating lanes. The perspective seems to be from a vehicle, with its rooftop and equipment subtly visible in the foreground. The setting reflects a lively yet orderly city environment. The restorative indicator scores are:
- Being-away: 0.09324
- Coherence: 0.56575
- Scope: 0.42850
- Fascination: 0.62549
- Average Score: 0.42824"
D:/A_Research/A_doing_research/20250804_LLM_campus_restoration/shanghai/test//202212_113.822997_22.673369699999995.png,"This image taken in Shenzhen. The image showcases a bustling urban intersection with various buildings, including high-rise towers on the right. The street is busy, with numerous cars and motorcycles parked or in transit. Palm trees and greenery are visible along the roadside, adding a touch of nature to the scene. Pedestrian crossings connect the wide roads, while signage and storefronts suggest a commercial area. The clear sky above is tinged with soft clouds, indicating daytime. People navigate the sidewalks near motorcycles, contributing to the lively, dynamic setting. The photo captures a typical busy city environment blending modern infrastructure with daily activity. The restorative indicator scores are:
- Being-away: 0.50656
- Coherence: 0.91392
- Scope: 0.65715
- Fascination: 0.72137
- Average Score: 0.69975"
D:/A_Research/A_doing_research/20250804_LLM_campus_restoration/shanghai/test//202212_113.84548710000001_22.595948799999995.png,"This image taken in Shenzhen. The street view image shows a bustling urban scene with a modern commercial area on the right featuring a multi-story building, storefronts, and parked cars. On the left, a road lined with trees and greenery offers a quieter contrast. The infrastructure reflects contemporary design, and distant high-rises add to the cityscape. Traffic is minimal on the road, creating an organized ambiance. The overall setting showcases a blend of commercial activity and urban greenery, with an emphasis on balanced development in an urban environment. The restorative indicator scores are:
- Being-away: 0.61388
- Coherence: 0.67009
- Scope: 0.06952
- Fascination: 0.50769
- Average Score: 0.46530"
D:/A_Research/A_doing_research/20250804_LLM_campus_restoration/shanghai/test//202212_113.8333147_22.5931892.png,"This image taken in Shenzhen. This street view captures a busy urban neighborhood with narrow roads and multi-story buildings featuring brick and concrete facades. There are small shops and convenience stores, like a visible 7-Eleven, alongside other local businesses displaying signs in Chinese. Scooters and parked cars line the streets, while pedestrians and cyclists move about. Yellow road markings and a pedestrian crossing are prominent. Trees provide greenery amid the dense infrastructure, giving some shade. The scene portrays a mixed-use residential and commercial area typical of bustling city life, likely in East Asia, with a blend of modern and older architectural styles. The restorative indicator scores are:
- Being-away: 0.50663
- Coherence: 0.56570
- Scope: 0.18315
- Fascination: 0.50765
- Average Score: 0.44078"
D:/A_Research/A_doing_research/20250804_LLM_campus_restoration/shanghai/test//202212_113.8545129_22.757254.png,"This image taken in Shenzhen. The street view image showcases a wide intersection under an overcast sky, surrounded by greenery and urban structures. Pedestrian crossings and traffic signals are visible, with cars, a van, and a motorbike navigating the roads. A bus stop is located on the left, with signs, including red digital displays, visible throughout the area. Buildings and power lines are positioned in the background, indicating a mix of urban and suburban elements. The image conveys a typical bustling urban setting with vehicles and pedestrians actively utilizing the roads and surroundings. The restorative indicator scores are:
- Being-away: 0.26456
- Coherence: 0.67013
- Scope: 0.42814
- Fascination: 0.62531
- Average Score: 0.49703"
D:/A_Research/A_doing_research/20250804_LLM_campus_restoration/shanghai/test//202212_113.8455067_22.571828900000003.png,"This image taken in Shenzhen. This street view showcases a bustling urban area with tall residential and commercial buildings on both sides. Trees line the streets, adding greenery amid the concrete structures. The road is busy with cars, a blue truck, and pedestrians navigating the area. A bridge or overpass in the background crosses above, offering additional transit infrastructure. The weather appears overcast, and the overall atmosphere reflects a typical city environment with movement and activity. Signs, parked cars, and advertisements hint at active businesses and routine urban life. The image combines dynamic city elements with modern architecture and infrastructure. The restorative indicator scores are:
- Being-away: 0.26456
- Coherence: 0.21291
- Scope: 0.30638
- Fascination: 0.50773
- Average Score: 0.32290"
D:/A_Research/A_doing_research/20250804_LLM_campus_restoration/shanghai/test//202212_113.8597812_22.757076.png,"This image taken in Shenzhen. This street view features a wide intersection surrounded by urban buildings, lush green trees, and streetlights. On the left side, a curving, modern glass-front building is visible, while a beige, rectangular building lines the right side. Vehicles, including cars and vans, are driving along designated lanes. Pedestrian crossings with blue markings stretch across the road. Road signs and traffic lights are strategically placed throughout the scene. A cloudy sky above suggests overcast weather, and the road surface appears clean and well-maintained. Shops line the streets, adding a vibrant urban feel, while greenery softens the bustling environment. The restorative indicator scores are:
- Being-away: 0.26455
- Coherence: 0.56643
- Scope: 0.65745
- Fascination: 0.50806
- Average Score: 0.49912"
D:/A_Research/A_doing_research/20250804_LLM_campus_restoration/shanghai/test//202212_113.8680685_22.5560727.png,"This image taken in Shenzhen. This image shows a wide intersection with multiple pedestrian crosswalks beneath a cloudy sky. Vehicles, including buses and cars, are scattered across the scene, indicating moderate activity. On the left are several modern buildings and trees, and on the right are residential-style structures alongside tall urban buildings. Traffic lights are installed at the corner, and the road appears spacious and well-maintained. Beyond the intersection, dense high-rise buildings and urban infrastructure dominate. The overall ambience reflects a developed cityscape blending residential and commercial areas with organized traffic control systems. The restorative indicator scores are:
- Being-away: 0.09296
- Coherence: 0.85954
- Scope: 0.65775
- Fascination: 0.21202
- Average Score: 0.45557"
D:/A_Research/A_doing_research/20250804_LLM_campus_restoration/shanghai/test//202212_113.86693239299775_22.5059467417505.png,"This image taken in Shenzhen. This street view image captures a relatively quiet urban area with a divided road. The left side has directional signage indicating turns, along with greenery and trees. The right side features a fenced-off construction site, with visible cranes and industrial-like structures in the background. The overcast sky gives a muted atmosphere, while the road appears to have minimal traffic. A vehicle’s rooftop is visible in the foreground, suggesting the image was captured from a mounted camera. Buildings and city elements are scattered further afield, reflecting a developing or transitional urban space. The restorative indicator scores are:
- Being-away: 0.39824
- Coherence: 0.44720
- Scope: 0.42760
- Fascination: 0.08242
- Average Score: 0.33887"
D:/A_Research/A_doing_research/20250804_LLM_campus_restoration/shanghai/test//202212_113.86139183326183_22.587593857146626.png,"This image taken in Shenzhen. The image shows a street lined with tall trees providing shade and a residential building to the right with white walls and visible windows. Parked cars fill both sides of the road, including a silver sedan and a blue container truck further along. The pavement is clean, and the area appears calm with minimal traffic. Vegetation surrounds the scene, giving the area a tranquil urban feel. The angle seems taken from the vantage of a rooftop or vehicle-mounted camera. The environment suggests a possibly older residential neighborhood with functional rather than aesthetic design. The restorative indicator scores are:
- Being-away: 0.71463
- Coherence: 0.32823
- Scope: 0.30669
- Fascination: 0.31196
- Average Score: 0.41538"
D:/A_Research/A_doing_research/20250804_LLM_campus_restoration/shanghai/test//202103_114.0727822_22.654202299999998.png,"This image taken in Shenzhen. The image shows a bustling urban street under construction, blending older buildings with modern development. On the left, mid-rise residential buildings line a relatively open area with parked cars and pedestrians. To the right, a large steel-framed structure is under construction, surrounded by red barriers and excavators. People on bikes and foot navigate the street near a traditional-style gate, leading to shops and small businesses. In the background, skyscrapers tower over the city, suggesting ongoing urban expansion. The scene reflects a mix of past and future architecture, with visible infrastructure progress and daily life amidst construction work. The restorative indicator scores are:
- Being-away: 0.10006
- Coherence: 0.08766
- Scope: 0.31257
- Fascination: 0.62116
- Average Score: 0.28036"
D:/A_Research/A_doing_research/20250804_LLM_campus_restoration/shanghai/test//202212_113.8707263_22.568021299999998.png,"This image taken in Shenzhen. The street view depicts a bustling urban area with various elements. The road is wide with multiple lanes, accommodating cars, buses, and other vehicles, including a parked silver car in the foreground. Pedestrian fencing lines the sidewalks for safety, and the area has an abundance of bicycles parked near the roadside. Large buildings, including commercial and residential structures, are visible on both sides of the street. Green trees and palms add a touch of nature to the urban scene. Traffic signs, billboards, and advertisements are prominently displayed, providing an insight into the area's lively cityscape atmosphere. The restorative indicator scores are:
- Being-away: 0.39817
- Coherence: 0.07214
- Scope: 0.54185
- Fascination: 0.50812
- Average Score: 0.38007"
D:/A_Research/A_doing_research/20250804_LLM_campus_restoration/shanghai/test//202212_113.87041220000002_22.5580962.png,"This image taken in Shenzhen. The street view depicts a wide intersection surrounded by tall residential and commercial buildings. Pedestrian crossings stretch across multiple lanes, and the roads appear clean and clear. A few people are walking, while cars and motorbikes are in motion. On the left, a large classical-style building stands, contrasting with modern high-rises on the right. Trees line the sidewalks, adding greenery to the urban scene. The sky is partly cloudy, giving a neutral tone to the image. Traffic lights are visible, and the area appears organized and moderately busy, suggesting a typical city environment. The restorative indicator scores are:
- Being-away: 0.26448
- Coherence: 0.56622
- Scope: 0.54183
- Fascination: 0.72185
- Average Score: 0.52360"
D:/A_Research/A_doing_research/20250804_LLM_campus_restoration/shanghai/test//202212_113.8757923_22.514260899999996.png,"This image taken in Shenzhen. This wide street view shows a busy intersection with multiple lanes, traffic signals, and vehicles, including cars and a small truck. An overpass dominates the left side, with greenery and trees surrounding the area. The scene features clear skies with patches of clouds, and the location appears clean and orderly. Road dividers with plants separate the lanes, and buildings are visible in the distance. The intersection is spacious, giving the impression of a developed urban area with good infrastructure. Vehicles are observed calmly navigating, indicating moderate traffic flow. The perspective is captured from a car's rooftop for a panoramic effect. The restorative indicator scores are:
- Being-away: 0.09292
- Coherence: 0.32834
- Scope: 0.65730
- Fascination: 0.31117
- Average Score: 0.34743"
D:/A_Research/A_doing_research/20250804_LLM_campus_restoration/shanghai/test//202212_113.8790194_22.5608856.png,"This image taken in Shenzhen. The image depicts an urban street intersection with multiple crosswalks, surrounded by tall residential and commercial buildings. Cars and scooters are seen on the road, while pedestrians use designated crossings. Green traffic lights are visible, ensuring smooth movement. Trees and plants line the sidewalks, adding greenery to the area. On the left, construction or maintenance workers are stationed near the road. The right side features smaller shops and eateries with red tents. In the distance, modern skyscrapers rise under a cloudy sky, showcasing a blend of urban development and everyday street activity. The restorative indicator scores are:
- Being-away: 0.26437
- Coherence: 0.44692
- Scope: 0.75914
- Fascination: 0.62560
- Average Score: 0.52400"
D:/A_Research/A_doing_research/20250804_LLM_campus_restoration/shanghai/test//202212_113.87765440000001_22.775584799999997.png,"This image taken in Shenzhen. This panoramic street view image captures a busy urban intersection under a clear blue sky. Glass high-rises and modern buildings dominate the left side, while mid-rise apartment buildings and commercial properties are on the right. Vehicles, including sedans and scooters, are parked or moving along the multi-lane road. Crosswalks, traffic signage, and modest landscaping with trees and grass patches add structure to the area. A pedestrian sign and barriers are visible nearby, suggesting a focus on safety. The image conveys an active cityscape with mixed-use infrastructure, balancing residential, commercial, and transportation elements. The restorative indicator scores are:
- Being-away: 0.61518
- Coherence: 0.66963
- Scope: 0.65739
- Fascination: 0.62552
- Average Score: 0.64193"
D:/A_Research/A_doing_research/20250804_LLM_campus_restoration/shanghai/test//202212_113.8839338_22.792216499999995.png,"This image taken in Shenzhen. The image depicts a city intersection with urban surroundings. The streets have marked crosswalks, traffic lights, and vehicles, including cars, a motorbike, and a three-wheeled cargo bike. Surrounding buildings vary in size and style, with residential structures and some under construction, visible to the left. Blue construction barriers line part of the road, displaying information posters. Trees add greenery to the central area, while the environment appears overcast, with cloudy weather. The view suggests a bustling area undergoing development, blending older buildings with new constructions. The restorative indicator scores are:
- Being-away: 0.09357
- Coherence: 0.44713
- Scope: 0.30642
- Fascination: 0.40318
- Average Score: 0.31257"
D:/A_Research/A_doing_research/20250804_LLM_campus_restoration/shanghai/test//202212_113.881676_22.5046663.png,"This image taken in Shenzhen. This street view depicts an urban area with a complex intersection beneath elevated highways. Multiple lanes and road markings guide traffic, including a designated bicycle lane to the side. Overhead traffic lights are visible, signaling vehicles. Surrounding the scene are modern high-rise buildings made of glass and concrete, indicating a business or commercial district. A truck can be seen in the distance, while a few motorcycles navigate the roads. Greenery lines some portions, contrasting with the gray pavement. The cloudy sky reflects subdued lighting, suggesting a calm day with minimal activity. The foreground features the visible roof of a vehicle. The restorative indicator scores are:
- Being-away: 0.09323
- Coherence: 0.21197
- Scope: 0.54221
- Fascination: 0.50897
- Average Score: 0.33910"
D:/A_Research/A_doing_research/20250804_LLM_campus_restoration/shanghai/test//202212_113.8850943_22.7812449.png,"This image taken in Shenzhen. This street view captures a bustling urban intersection surrounded by tall buildings and commercial establishments. The scene includes various vehicles, motorcycles, and pedestrians navigating through wide roads and crosswalks. Traffic lights and street signs are visible, while greenery and trees line some parts of the streets. Prominent structures include high-rise residential and office buildings, along with a shopping complex displaying advertisements. The atmosphere appears cloudy with soft, diffused lighting. Overall, the image illustrates a developed city environment with mixed-use infrastructure and steady activity. The restorative indicator scores are:
- Being-away: 0.09390
- Coherence: 0.91343
- Scope: 0.83003
- Fascination: 0.72169
- Average Score: 0.63976"
D:/A_Research/A_doing_research/20250804_LLM_campus_restoration/shanghai/test//202212_113.8871212311432_22.59073404108649.png,"This image taken in Shenzhen. The image depicts a busy urban street. Tall residential buildings line the background, surrounded by lush green trees. The street is divided by yellow lines and metal barriers, accommodating both vehicles and pedestrians. Cars are parked along the sides, and scooters are stationed near sidewalks. People are walking and interacting near storefronts on the right, with visible signage and activity from small businesses. A taxi with branding is parked on the street, indicating transportation services. The overall atmosphere suggests a typical lively city environment, with residential, commercial, and transit elements seamlessly blended. The sky appears slightly cloudy, complementing the setting. The restorative indicator scores are:
- Being-away: 0.61523
- Coherence: 0.66993
- Scope: 0.30643
- Fascination: 0.82790
- Average Score: 0.60487"
D:/A_Research/A_doing_research/20250804_LLM_campus_restoration/shanghai/test//202212_113.8873515_22.494999999999997.png,"This image taken in Shenzhen. This street view shows a busy urban intersection under a concrete overpass and elevated train tracks. Multiple pedestrian zebra crossings span the road, which has moderate vehicle traffic, including a red truck and silver cars. Dense greenery and shaded trees line the streets, creating an urban yet natural environment. Small tents and people are visible near the left corner of the intersection, likely part of roadside stalls or vendors. Buildings in the background complement the cityscape, while the overcast sky conveys a calm ambiance. The road appears clean, and the infrastructure reflects efficient urban planning. The restorative indicator scores are:
- Being-away: 0.50786
- Coherence: 0.32834
- Scope: 0.54255
- Fascination: 0.08192
- Average Score: 0.36517"
D:/A_Research/A_doing_research/20250804_LLM_campus_restoration/shanghai/test//202212_113.8901847_22.5280826.png,"This image taken in Shenzhen. The image shows a wide street flanked by palm trees and greenery, creating an organized urban environment. On the left side are parked cars and buildings partially visible behind trees, while the right side features a grassy median with trees and modern structures. A blue road sign indicates directions, and a silver car is seen turning near marked yellow lines on the road. The overall impression is of a clean, modern city with spacious roads, light traffic, and a neat atmosphere. The image is taken from a vehicle's perspective, with part of its roof mirror visible in the foreground. The restorative indicator scores are:
- Being-away: 0.50792
- Coherence: 0.77999
- Scope: 0.42723
- Fascination: 0.31148
- Average Score: 0.50665"
D:/A_Research/A_doing_research/20250804_LLM_campus_restoration/shanghai/test//202212_113.88794576517202_22.47006173226548.png,"This image taken in Shenzhen. The image depicts a sunny street view surrounded by lush greenery with tree canopies providing shade. The road is lined with barriers on both sides for pedestrian safety. On the left side, there appears to be a fenced-off area with a few items placed on the ground. The right side features dense vegetation, adding to the forest-like atmosphere. Bright sunlight filters through the trees, creating a serene backdrop. The road is narrow, with yellow lane markings guiding the path forward. Overall, the scene gives a peaceful, semi-rural impression, blending natural beauty with urban design. The restorative indicator scores are:
- Being-away: 0.93798
- Coherence: 0.07169
- Scope: 0.30624
- Fascination: 0.62612
- Average Score: 0.48551"
D:/A_Research/A_doing_research/20250804_LLM_campus_restoration/shanghai/test//202212_113.891474774064_22.785579979547432.png,"This image taken in Shenzhen. This street view shows a busy urban setting with multi-story buildings featuring shops at ground level and residential spaces above. The street has two lanes divided by a median with green shrubs. Various vehicles, including cars, scooters, and trucks, are visible. Shops have colorful signs in Chinese characters, suggesting this scene is likely in a city in China. Pedestrians and cyclists are scattered along the sidewalks. The buildings are a mix of white and pastel hues, with visible air conditioning units. The atmosphere seems lively, with commercial activity and daily commuting. The sky is overcast, indicating cloudy weather. The restorative indicator scores are:
- Being-away: 0.39873
- Coherence: 0.67058
- Scope: 0.30655
- Fascination: 0.62622
- Average Score: 0.50052"
D:/A_Research/A_doing_research/20250804_LLM_campus_restoration/shanghai/test//202212_113.89180624418951_22.79290449136687.png,"This image taken in Shenzhen. This street view depicts a busy urban road lined with mid-rise buildings. Many cars, motorcycles, and pedestrians are scattered across the area, indicating activity. Shops occupy the lower floors, with signage visible. A partially constructed building stands prominently on the right, contrasting with finished structures nearby. Green shrubs divide the road lanes, providing a touch of greenery. The sky is overcast, giving the scene a muted feel. Overall, the image reflects a lively city scene with mixed residential and commercial areas, ongoing construction, traffic, and daily life activities. The restorative indicator scores are:
- Being-away: 0.26295
- Coherence: 0.44633
- Scope: 0.18256
- Fascination: 0.21165
- Average Score: 0.27587"
D:/A_Research/A_doing_research/20250804_LLM_campus_restoration/shanghai/test//202212_113.8915262_22.7874822.png,"This image taken in Shenzhen. The image depicts a street intersection in an urban area with light traffic. On the left, a relatively quiet road with trees lining the sidewalk can be seen, alongside older buildings. The center highlights commercial storefronts with bold signage, parked cars, and greenery separating lanes. The right view captures vehicles navigating the intersection, crosswalks, and pedestrians amid taller buildings. Streetlights and traffic poles are visible throughout, under a cloudy sky. The scene reflects a typical city environment balancing residential, commercial, and vehicular activity. The restorative indicator scores are:
- Being-away: 0.61453
- Coherence: 0.44628
- Scope: 0.30655
- Fascination: 0.62627
- Average Score: 0.49841"
D:/A_Research/A_doing_research/20250804_LLM_campus_restoration/shanghai/test//202212_113.8943005_22.776301499999995.png,"This image taken in Shenzhen. This image showcases a busy urban intersection surrounded by tall residential buildings and commercial structures. Multiple vehicles, including cars, buses, and motorcycles, navigate the wide roadway. Pedestrian crossings are visible, and traffic lights regulate the flow. Streetlamps line both sides of the road, and greenery adds an element of nature. The sky is overcast, creating a somber ambiance typical of cloudy weather. The left side has older, low-rise buildings, contrasting with the modern high-rises on the right, reflecting urban development. Buses and signage hint at transportation activity, while few pedestrians and riders add a dynamic yet organized city vibe. The restorative indicator scores are:
- Being-away: 0.09375
- Coherence: 0.56620
- Scope: 0.89852
- Fascination: 0.62633
- Average Score: 0.54620"
D:/A_Research/A_doing_research/20250804_LLM_campus_restoration/shanghai/test//202212_113.8927901_22.761324599999995.png,"This image taken in Shenzhen. The image depicts a wide urban intersection with multiple zebra crossings and traffic signals. The setting appears during a cloudy day, with overcast skies. Surrounding the intersection, there are various buildings, including residential apartments and commercial structures. On the left and center, vehicles are parked along the road, and a lone blue truck drives forward. To the right, a motorcyclist is navigating the street. Green patches, trees, and streetlights line portions of the area, adding some greenery. The scene offers a quiet and organized glimpse of city life, with minimal traffic and activity. The restorative indicator scores are:
- Being-away: 0.09342
- Coherence: 0.56622
- Scope: 0.54294
- Fascination: 0.21170
- Average Score: 0.35357"
D:/A_Research/A_doing_research/20250804_LLM_campus_restoration/shanghai/test//202212_113.8982409_22.550873.png,"This image taken in Shenzhen. This image shows a bright urban street scene on a sunny day. High-rise residential buildings are visible in the background, and a walkway bridge spans across the road. There are trees and greenery lining the street, providing shade and aesthetic appeal. A small pedestrian crossing is present, with a person walking in the crosswalk. Vehicles, including a car, can be seen on the road. The street appears clean, with proper signage and a well-maintained landscape. A small security booth is situated near the crossing, and construction barriers with advertisements line the opposite side of the road. The restorative indicator scores are:
- Being-away: 0.78630
- Coherence: 0.67048
- Scope: 0.65710
- Fascination: 0.50987
- Average Score: 0.65594"
D:/A_Research/A_doing_research/20250804_LLM_campus_restoration/shanghai/test//202212_113.89919588637308_22.514262033985645.png,"This image taken in Shenzhen. The image depicts an urban street view with two lanes divided by fencing in the middle. Trees line both sides of the road, providing greenery to the area. On the left and right, residential buildings are visible, showcasing apartments and shops at street level. Several shared bicycles are parked along the pedestrian path, reflecting a public transportation option. Cars are driving calmly, indicating a well-organized traffic flow. The surroundings are clean and structured, with modern infrastructure and ample vegetation. The overall atmosphere of the street seems busy yet orderly, representing a typical city environment. The restorative indicator scores are:
- Being-away: 0.61427
- Coherence: 0.44688
- Scope: 0.30591
- Fascination: 0.30968
- Average Score: 0.41918"
D:/A_Research/A_doing_research/20250804_LLM_campus_restoration/shanghai/test//202212_113.9048747_22.5351983.png,"This image taken in Shenzhen. This street view depicts a busy intersection surrounded by tall residential buildings and greenery. There are multiple lanes with vehicles, including cars, motorbikes, and a yellow utility truck, navigating the road. Pedestrian crosswalks are visible, with a few people on sidewalks. Traffic signal poles and street signs provide navigation for commuters. Blue tents in the background might indicate a local market or temporary event setup. The atmosphere suggests an urban environment, possibly during daytime under overcast skies. Construction cranes and distant skyscrapers hint at ongoing development in the area, blending modernity with natural elements. The restorative indicator scores are:
- Being-away: 0.26245
- Coherence: 0.56593
- Scope: 0.42677
- Fascination: 0.62681
- Average Score: 0.47049"
D:/A_Research/A_doing_research/20250804_LLM_campus_restoration/shanghai/test//202212_113.90245330000002_22.580992999999996.png,"This image taken in Shenzhen. This street view depicts a bustling urban intersection surrounded by tall residential and commercial buildings. The roads are clean, with multiple lanes and crosswalks, indicating a developed area. Trees are visible along the sidewalks, providing a touch of greenery. Several vehicles, including cars, buses, and bicycles, are present, showcasing active traffic flow. Pedestrian activity on the sidewalks and cyclists riding hints at a lively atmosphere. Retail shops and signs are evident, suggesting business activity. The cloudy sky contrasts with the urban environment, while traffic lights organize movement at the busy crossroads. The restorative indicator scores are:
- Being-away: 0.39819
- Coherence: 0.44692
- Scope: 0.54344
- Fascination: 0.72084
- Average Score: 0.52735"
D:/A_Research/A_doing_research/20250804_LLM_campus_restoration/shanghai/test//202212_113.9088971_22.5624485.png,"This image taken in Shenzhen. This image depicts a sunny urban intersection surrounded by various buildings, including high-rise apartments and commercial structures. The roads feature crosswalks, traffic signals, motor vehicles, and a scooter. To the left, there is a fenced-off construction area, while red barriers are visible on the right, demarcating parts of the road. A significant green tree is positioned centrally, adding contrast to the city's infrastructure. The atmosphere seems busy yet organized, with observed traffic moving smoothly. Streetlights and signage enhance navigation, and the background reveals a mix of modern and older architecture, emphasizing a city in development. The restorative indicator scores are:
- Being-away: 0.26246
- Coherence: 0.44732
- Scope: 0.42669
- Fascination: 0.62685
- Average Score: 0.44083"
D:/A_Research/A_doing_research/20250804_LLM_campus_restoration/shanghai/test//202212_113.91085916435753_22.76927076485941.png,"This image taken in Shenzhen. This street view image captures a bustling urban area under clear, bright skies. Vehicles, including vans, cars, and motorized rickshaws, line the road while people can be seen walking or riding. On the left, a mix of newer white-painted buildings and older, weathered structures reflect the area's diverse development. The right side showcases similar buildings with businesses and shops. A prominent tree adds greenery to the scene amid concrete surroundings. Advertising is visible on vans promoting services. Overall, the image reveals a lively, functional street typical of a small to mid-sized city, blending modern activity with older architecture. The restorative indicator scores are:
- Being-away: 0.09360
- Coherence: 0.32837
- Scope: 0.65795
- Fascination: 0.88179
- Average Score: 0.49043"
D:/A_Research/A_doing_research/20250804_LLM_campus_restoration/shanghai/test//202212_113.9112664_22.481579000000004.png,"This image taken in Shenzhen. The image depicts a quiet urban street surrounded by lush greenery, with trees lining the sides. On the left, there is a gated entrance and small security kiosk, accompanied by flower beds. A black car is parked near another pathway leading past modern buildings on the right. The area is paved with clean gray bricks, and a streetlight and banners are visible. The setting appears tranquil, combining urban architecture and natural elements, likely near a residential or business complex. The sky is cloudy, casting a soft light over the scene. The restorative indicator scores are:
- Being-away: 0.61433
- Coherence: 0.78091
- Scope: 0.30634
- Fascination: 0.40116
- Average Score: 0.52568"
D:/A_Research/A_doing_research/20250804_LLM_campus_restoration/shanghai/test//202212_113.9144565_22.508373499999998.png,"This image taken in Shenzhen. The street view captures a bustling urban area with multi-story residential and commercial buildings lining the road. Shops and signs are visible, including ""白枝食品"" on the storefront. Pedestrians move along the sidewalks, and cars, including a blue Lexus and a black Mercedes, navigate the marked lanes and crosswalks of the intersection. The scene features dense greenery, with trees lining one side of the road, providing contrast to the buildings. Yellow road markings and barriers define traffic flow. Construction work is visible in the foreground. The sky is partly cloudy, suggesting a bright but overcast day in this lively cityscape. The restorative indicator scores are:
- Being-away: 0.26204
- Coherence: 0.56555
- Scope: 0.30634
- Fascination: 0.62689
- Average Score: 0.44021"
D:/A_Research/A_doing_research/20250804_LLM_campus_restoration/shanghai/test//202212_113.909758_22.487155499999997.png,"This image taken in Shenzhen. The street view depicts a bustling urban area featuring modern high-rise buildings and a classic-style building with arched windows and red awnings. A green bus is driving on the road, alongside cars and a pickup truck, while pedestrians walk near a hedge-lined sidewalk. Numerous parked bicycles line the opposite side of the street. The cityscape blends contemporary architecture with traditional designs, and the atmosphere suggests a lively and well-developed business or shopping district. Trees add greenery to the scene, and the clear sky creates a pleasant outdoor atmosphere. Traffic flows smoothly, indicating an organized urban environment. The restorative indicator scores are:
- Being-away: 0.82953
- Coherence: 0.56558
- Scope: 0.76134
- Fascination: 0.88227
- Average Score: 0.75968"
D:/A_Research/A_doing_research/20250804_LLM_campus_restoration/shanghai/test//202212_113.9185767_22.7716986.png,"This image taken in Shenzhen. The image shows a 360-degree urban street view with wide roads and green median strips separating lanes. Tall modern buildings with glass facades and residential apartments dominate the surroundings, suggesting a mix of commercial and residential areas. Some vehicles, pedestrians, and cyclists are visible, along with a bus approaching. Trees and greenery add a refreshing contrast to the urban environment. Traffic lanes and crosswalks are clearly marked. The bright sunlight indicates daytime, and the sky is clear with minimal clouds. Overall, the area appears organized, clean, and bustling with activity typical of a cityscape. The restorative indicator scores are:
- Being-away: 0.50885
- Coherence: 0.78114
- Scope: 0.65827
- Fascination: 0.40100
- Average Score: 0.58731"
D:/A_Research/A_doing_research/20250804_LLM_campus_restoration/shanghai/test//202212_113.9200199_22.4932087.png,"This image taken in Shenzhen. This image showcases a busy urban intersection with multiple streets converging. The scene features vehicles, including taxis and a black car, navigating the wide roads. Surrounding buildings include a mix of residential apartments, storefronts, and a modern commercial property with the “Bank of China” signage. Trees line the streets, providing greenery to the urban setting. Pedestrian crossings are clearly visible, but the streets appear relatively calm and under a cloudy sky. Blue tarps and outdoor stalls suggest small businesses or markets nearby. The overall atmosphere feels like a typical day in a bustling yet orderly city neighborhood. The restorative indicator scores are:
- Being-away: 0.09372
- Coherence: 0.56513
- Scope: 0.18228
- Fascination: 0.88071
- Average Score: 0.43046"
D:/A_Research/A_doing_research/20250804_LLM_campus_restoration/shanghai/test//202212_113.9169837_22.524702500000004.png,"This image taken in Shenzhen. This street view image showcases a bustling urban area with wide roads marked by yellow traffic lines and shaded by large leafy trees. On the left, vehicles, including a yellow truck, are parked along the roadside. To the right, vendors with carts appear to be selling goods. Various shops and buildings, including the prominently visible ""Coyee Apartment,"" line the street. Pedestrians and bikes are scattered throughout, contributing to the lively atmosphere. The intersection has a variety of vehicles and marked pedestrian pathways, indicating a functional and busy city zone. A small cloud-covered sky visible amid the trees adds a natural touch. The restorative indicator scores are:
- Being-away: 0.71575
- Coherence: 0.78118
- Scope: 0.42575
- Fascination: 0.83426
- Average Score: 0.68924"
D:/A_Research/A_doing_research/20250804_LLM_campus_restoration/shanghai/test//202212_113.9224188_22.538887600000006.png,"This image taken in Shenzhen. The street view captures an urban intersection bordered by high-rise residential and commercial buildings. On the left, a yellow storefront marks a bustling road, while the right side features a sleek curved building. Trees line the streets, providing greenery amidst the architecture. Pedestrians are visible walking near crosswalks, and cyclists wait at designated bike areas. Traffic lights hang overhead, indicating a multi-lane road. A white car is visible in the foreground, suggesting vehicular activity. The background features a park or landscaped area, adding a tranquil touch to the scene. The overall setting is modern, lively, and community-oriented. The restorative indicator scores are:
- Being-away: 0.71627
- Coherence: 0.67185
- Scope: 0.76076
- Fascination: 0.78221
- Average Score: 0.73278"
D:/A_Research/A_doing_research/20250804_LLM_campus_restoration/shanghai/test//202212_113.9239898_22.504820799999997.png,"This image taken in Shenzhen. This street view depicts a wide intersection surrounded by mid-rise residential buildings and lush green trees under a cloudy sky. Pedestrian crossings are visible, with traffic lights controlling the flow. A blue car and a police motorcycle are in motion, while other vehicles and scattered pedestrians are nearby. The buildings feature varied architecture, with visible balconies and air conditioning units. Some shops or businesses are alongside these structures, and palm trees add a tropical touch. The scene conveys an urban atmosphere with moderate traffic and mixed-use zoning, suggesting a typical neighborhood setting. Road design appears clear and organized. The restorative indicator scores are:
- Being-away: 0.50866
- Coherence: 0.91635
- Scope: 0.30619
- Fascination: 0.40105
- Average Score: 0.53306"
D:/A_Research/A_doing_research/20250804_LLM_campus_restoration/shanghai/test//202212_113.9270181_22.5401367.png,"This image taken in Shenzhen. This street view image showcases a peaceful roadway surrounded by lush greenery and tall trees. Divided into multiple lanes, the road appears sunny with dappled light filtering through the branches. A speed limit sign indicating 50 km/h is present, and the sidewalks are well-maintained with grass and shaded pathways. The road curves slightly, with minimal traffic visible, and blue signage can be seen in the distance. The setting suggests a suburban or park-like environment with a serene atmosphere. The captured view is bright, clear, and emphasizes the harmony between urban structure and nature. The restorative indicator scores are:
- Being-away: 0.71677
- Coherence: 0.44772
- Scope: 0.76085
- Fascination: 0.50926
- Average Score: 0.60865"
D:/A_Research/A_doing_research/20250804_LLM_campus_restoration/shanghai/test//202212_113.93087370000002_22.545790199999995.png,"This image taken in Shenzhen. The street view image shows a spacious urban intersection surrounded by greenery and modern buildings. Trees line both sides of the road, providing shade and a natural touch to the cityscape. Pedestrian crossings are visible along the roads, and vehicles, cyclists, and occasional pedestrians are present. The buildings include glass-covered towers and smaller structures, indicating a mix of commercial and office spaces. The bright sunlight creates some glare, adding a warm atmosphere to the scene. Traffic lights and road signs are visible, and the overall setting suggests a clean and organized urban area with a focus on green spaces. The restorative indicator scores are:
- Being-away: 0.71699
- Coherence: 0.56541
- Scope: 0.76096
- Fascination: 0.50915
- Average Score: 0.63813"
D:/A_Research/A_doing_research/20250804_LLM_campus_restoration/shanghai/test//202212_113.9281393_22.7900159.png,"This image taken in Shenzhen. The image depicts a busy urban street intersection surrounded by modern architecture. On the left, trees line the sidewalk near a building with ivy and a colorful mural. Pedestrians and utility workers are visible. Across the street, a large, gray multi-story commercial structure dominates the right, with clean, geometric lines. Crosswalks and street signs are prominent, while cars and scooters are sporadically parked or driving. The bright blue sky suggests good weather. A sense of urban bustle accompanies the orderly layout, blending corporate spaces and everyday activity. The restorative indicator scores are:
- Being-away: 0.39811
- Coherence: 0.78158
- Scope: 0.30619
- Fascination: 0.40139
- Average Score: 0.47182"
D:/A_Research/A_doing_research/20250804_LLM_campus_restoration/shanghai/test//202212_113.9303129_22.7637627.png,"This image taken in Shenzhen. This street view showcases a modern urban environment under clear blue skies. On the left, tall glass skyscrapers dominate the scene, complemented by smaller buildings and lush greenery. To the right, mid-rise structures and trees line the road. The wide intersection features several crosswalks and lanes for vehicles, bicycles, and scooters. Pedestrians, a red motorized tricycle, and cars are visible, creating a bustling yet orderly vibe. A mix of shade and sunlight falls on the street, enhancing the vibrant atmosphere. The far-left and far-right showcase open spaces bordered by greenery, giving a balanced urban-rural feel to the image. The restorative indicator scores are:
- Being-away: 0.26137
- Coherence: 0.67260
- Scope: 0.76091
- Fascination: 0.62698
- Average Score: 0.58046"
D:/A_Research/A_doing_research/20250804_LLM_campus_restoration/shanghai/test//202212_113.931886_22.7478105.png,"This image taken in Shenzhen. The street view shows a bustling urban intersection surrounded by modern high-rise buildings, some with glass exteriors. Wide roads with clearly marked pedestrian crossings extend in multiple directions. Vehicular traffic includes cars, buses, and taxis, with moderate flow. Trees and small landscaped areas add greenery. Notable architectural structures include a uniquely shaped building with a white facade on the right. Traffic lights and signs are visible, ensuring organized movement. The setting feels dynamic and contemporary, reflecting a city with significant development and modern infrastructure. The cloudy sky suggests daytime without direct sunlight. The restorative indicator scores are:
- Being-away: 0.09337
- Coherence: 0.67232
- Scope: 0.54294
- Fascination: 0.83611
- Average Score: 0.53619"
D:/A_Research/A_doing_research/20250804_LLM_campus_restoration/shanghai/test//202212_113.9340142_22.516298099999997.png,"This image taken in Shenzhen. This street view showcases a wide urban intersection surrounded by modern, high-rise buildings and lush greenery. The glass facades of the buildings reflect sunlight under a bright, clear blue sky. Zebra crossings and road markings are visible, ensuring pedestrian safety. Cars are scattered across the road, indicating light traffic. Well-maintained flower beds and trees line the sidewalks, adding greenery to the bustling metropolitan environment. Architectural styles vary, with sleek skyscrapers dominating the left, and mid-rise residential buildings on the right. The image captures the vibrancy of a modern city blending infrastructure with nature. The restorative indicator scores are:
- Being-away: 0.26099
- Coherence: 0.67234
- Scope: 0.94546
- Fascination: 0.88009
- Average Score: 0.68972"
D:/A_Research/A_doing_research/20250804_LLM_campus_restoration/shanghai/test//202212_113.9356375_22.5753551.png,"This image taken in Shenzhen. This street view captures a bustling urban area dominated by modern skyscrapers, with glass facades reflecting the blue sky. A large red truck is seen on the left side, while multiple cars, including white taxis, traverse the road marked by yellow grid lines. Metal barriers separate lanes, guiding traffic flow. Green spaces with trees and shrubs add greenery to the scene, softening the industrial vibe. Pedestrians are minimally visible, emphasizing vehicle activity. The background showcases densely packed tall buildings under development, with construction cranes visible. Overall, the image portrays a vibrant, dynamic cityscape with modern infrastructure and organized traffic systems. The restorative indicator scores are:
- Being-away: 0.61642
- Coherence: 0.56627
- Scope: 0.66073
- Fascination: 0.62642
- Average Score: 0.61746"
D:/A_Research/A_doing_research/20250804_LLM_campus_restoration/shanghai/test//202212_113.93686530000001_22.496623499999995.png,"This image taken in Shenzhen. The street view showcases a well-maintained urban road with minimal traffic. A blue directional sign indicates nearby roads: Gongye 7th Road, Gongye 9th Road, Gongye 8th Road, and Nanshan Zhongxin Road. On either side of the street are lush green spaces with trees and grass, providing a refreshing contrast to the tall residential and commercial buildings in the background. A pedestrian crossing leads to a gated entrance, likely part of a residential or retail complex. Vehicles are parked along the road. The overall atmosphere is calm, with clear skies and moderate urban activity. The restorative indicator scores are:
- Being-away: 0.91539
- Coherence: 0.78129
- Scope: 0.90596
- Fascination: 0.72135
- Average Score: 0.83100"
D:/A_Research/A_doing_research/20250804_LLM_campus_restoration/shanghai/test//202212_113.9436688_22.539266799999996.png,"This image taken in Shenzhen. The image depicts a wide urban street intersection surrounded by modern high-rise buildings, including prominent glass skyscrapers. The road features clearly marked pedestrian crosswalks and minimal traffic. Greenery lines the sidewalks, with trees providing shade and bike-sharing stations visible. The ZTE building is noticeable on the left. The atmosphere appears calm, likely in a business district, with a clear, slightly overcast sky overhead. A vehicle at the bottom center hints at the perspective being captured from atop a car. Overall, it conveys a clean, organized cityscape blending modern infrastructure with natural elements. The restorative indicator scores are:
- Being-away: 0.50943
- Coherence: 0.78294
- Scope: 0.90469
- Fascination: 0.62693
- Average Score: 0.70600"
D:/A_Research/A_doing_research/20250804_LLM_campus_restoration/shanghai/test//202212_113.94629651068989_22.542967760048658.png,"This image taken in Shenzhen. This street view depicts a wide, well-maintained road with multiple lanes, flanked by lush greenery and tall trees on both sides, creating a serene, shaded atmosphere. The area appears clean, and the clear blue sky adds to the pleasant scenery. A lone white car is visible driving along the right lane. The road leads into the distance toward modern buildings visible in the background. A grassy median divides the lanes, adding to the natural feel of the environment. The overall scene reflects an urban area designed harmoniously with nature, blending infrastructure and green spaces seamlessly. The restorative indicator scores are:
- Being-away: 0.71677
- Coherence: 0.44807
- Scope: 0.30631
- Fascination: 0.51001
- Average Score: 0.49529"
D:/A_Research/A_doing_research/20250804_LLM_campus_restoration/shanghai/test//202212_113.9402644_22.519026199999995.png,"This image taken in Shenzhen. The street view image captures a busy urban intersection surrounded by modern multi-story buildings, some under construction. The foreground shows several lanes with vehicles, buses, and motorbikes, while sidewalks are lined with parked bicycles and scooters. Shopfronts and advertising billboards, including a Louis Vuitton ad, add a commercial vibe. The area reflects development with cranes visible and a mix of glass and concrete architecture, exhibiting a blend of contemporary urban design. The sky is bright with scattered clouds, contributing to an overall busy yet structured city ambiance. Pedestrians and riders actively navigate the bustling street. The restorative indicator scores are:
- Being-away: 0.26090
- Coherence: 0.86659
- Scope: 0.42469
- Fascination: 0.62691
- Average Score: 0.54477"
D:/A_Research/A_doing_research/20250804_LLM_campus_restoration/shanghai/test//202212_113.9384694_22.50815679999999.png,"This image taken in Shenzhen. The street view image shows an urban roadway with multiple lanes separated by yellow markings, surrounded by trees and greenery. Tall buildings are visible in the background on both sides, creating a mix of urban and natural landscapes. A bus and cars are moving along the road under a partly cloudy sky. The intersection ahead features traffic lights and pedestrian crossings, indicating a controlled urban traffic area. Sidewalks line the road with a few pedestrians and bicycles visible, suggesting a bustling yet orderly environment conducive to commuting and daily life. The restorative indicator scores are:
- Being-away: 0.61628
- Coherence: 0.07015
- Scope: 0.30600
- Fascination: 0.50923
- Average Score: 0.37541"
D:/A_Research/A_doing_research/20250804_LLM_campus_restoration/shanghai/test//202212_113.9494489_22.5835412.png,"This image taken in Shenzhen. The image shows a busy urban intersection, with multiple lanes and pedestrian crossings. Surrounding buildings vary in style, including modern high-rises, commercial spaces, and residential complexes. Trees line the streets, adding greenery to the area. Vehicles such as cars, taxis, and scooters are visible, along with pedestrians crossing or waiting to cross. The sky is overcast, suggesting cloudy or rainy weather. Traffic lights control movement, with some vehicles stopped at red lights. Billboards and signage are prominently displayed on building facades. The image appears to be taken from a vehicle, as part of the hood is visible in the foreground. The restorative indicator scores are:
- Being-away: 0.26034
- Coherence: 0.78289
- Scope: 0.54356
- Fascination: 0.51003
- Average Score: 0.52421"
D:/A_Research/A_doing_research/20250804_LLM_campus_restoration/shanghai/test//202212_113.9450831_22.532614599999995.png,"This image taken in Shenzhen. The image depicts an urban street with wide roads and modern surroundings. On the left, a few cars, including a blue and white vehicle, pass through an intersection. There's construction work fenced off with green mesh, warning signs, and barriers at the center of the road. Tall glass office buildings stand on the right, while lush greenery and trees line the left side. The sky is overcast, and overall, the scene portrays a mix of city infrastructure and nature amidst routine activity in a business district environment. Modern and sleek architecture dominates the backdrop. The restorative indicator scores are:
- Being-away: 0.50947
- Coherence: 0.20885
- Scope: 0.30631
- Fascination: 0.91329
- Average Score: 0.48448"
D:/A_Research/A_doing_research/20250804_LLM_campus_restoration/shanghai/test//202212_113.95960670000001_22.543149499999995.png,"This image taken in Shenzhen. The image shows a busy city intersection with cars, buses, and a construction vehicle at a stoplight. Large residential high-rises dominate the right side, while trees and greenery line the left. The sky is overcast, and the road has multiple lanes with marked pedestrian crossings. A variety of vehicles are present, including sedans, taxis, and vans. Traffic signs and signals are visible, and the urban backdrop includes smaller buildings further down the road. The scene conveys city life with modern infrastructure and active traffic movement surrounded by a mix of urban and natural landscapes. The restorative indicator scores are:
- Being-away: 0.09337
- Coherence: 0.78277
- Scope: 0.66037
- Fascination: 0.40193
- Average Score: 0.48461"
D:/A_Research/A_doing_research/20250804_LLM_campus_restoration/shanghai/test//202212_113.9694544_22.528250199999995.png,"This image taken in Shenzhen. The image showcases an urban street view featuring a mix of modern skyscrapers and residential buildings. To the left, buildings with balconies and greenery blend with construction cranes, indicating ongoing development. The center reveals a roundabout surrounded by parked cars and lush trees, while a wide road extends into the background. The right side highlights tall glass skyscrapers and more parked vehicles. The street displays crosswalks, traffic signs, and varying vehicle types, including a white sedan and blue trucks. The scene combines urban activity with pockets of green spaces, symbolizing urban planning in a dynamic city environment. The restorative indicator scores are:
- Being-away: 0.71728
- Coherence: 0.56474
- Scope: 0.42403
- Fascination: 0.62656
- Average Score: 0.58315"
D:/A_Research/A_doing_research/20250804_LLM_campus_restoration/shanghai/test//202212_113.9620692_22.54229159999999.png,"This image taken in Shenzhen. The image depicts a bustling urban intersection surrounded by tall residential buildings and lush greenery. The scene features pedestrian crossings, street signs, vehicles, and motorbikes. A yellow convertible car is parked on the right, adding vibrancy to the setting. On the left, individuals ride scooters and cross the street. Towering buildings exhibit modern architecture, while trees and landscaped areas provide a pleasant contrast to the urban infrastructure. Traffic lanes are clearly marked, and the sky appears overcast, hinting at subdued lighting. The view captures the blending of city life and greenery, showcasing a typical metropolitan streetscape. The restorative indicator scores are:
- Being-away: 0.50942
- Coherence: 0.44803
- Scope: 0.90385
- Fascination: 0.62654
- Average Score: 0.62196"
D:/A_Research/A_doing_research/20250804_LLM_campus_restoration/shanghai/test//202212_113.9776265_22.5282479.png,"This image taken in Shenzhen. This panorama depicts a wide intersection framed by greenery and urban surroundings. The street features multiple lanes with clear markings, traffic lights, and directional signs. Cars are visible crossing or waiting at the intersection. On the left, a sidewalk lined with trees leads to a fenced area, while on the right, dense vegetation surrounds the road. A few modern skyscrapers rise in the distance, contrasting with the natural elements. The sky is cloudy, reflecting soft daylight, and the overall atmosphere is calm. The foreground shows the roof of a vehicle, likely capturing the image, emphasizing a driver’s perspective. The restorative indicator scores are:
- Being-away: 0.50922
- Coherence: 0.44848
- Scope: 0.42396
- Fascination: 0.31079
- Average Score: 0.42311"
D:/A_Research/A_doing_research/20250804_LLM_campus_restoration/shanghai/test//202212_113.9847278_22.5463916.png,"This image taken in Shenzhen. The image captures a wide urban street with multiple lanes flanked by green spaces and trees on both sides. Tall modern buildings loom in the background, reflecting a developed cityscape. Vehicles, including sedans and SUVs, are visible on the road, indicating active traffic. Well-maintained grassy areas and landscaped plants enhance the aesthetic, while streetlights line the road, adding structure. The sky appears partly cloudy, creating a bright yet smooth atmosphere. The perspective seems to be taken from a moving vehicle, with the hood visible at the bottom of the image. It conveys a clean, organized, and vibrant metropolitan environment. The restorative indicator scores are:
- Being-away: 0.78794
- Coherence: 0.32773
- Scope: 0.90265
- Fascination: 0.84152
- Average Score: 0.71496"
D:/A_Research/A_doing_research/20250804_LLM_campus_restoration/shanghai/test//202212_113.992758_22.535601.png,"This image taken in Shenzhen. This street view showcases a busy urban intersection with multiple lanes. A large flyover spans the road, adorned with blue directional signs in Chinese, indicating routes for drivers. Surrounding the road are tall residential buildings, tropical palm trees, and dense greenery on the right side. Vehicles, including a white bus and cars, can be seen navigating the wide asphalt area. Pedestrian crossings are visible, and traffic lights regulate movement. Overhead security cameras and streetlights ensure safety and visibility. The environment blends urban density with natural elements, highlighting a bustling yet organized area under a slightly overcast sky. The restorative indicator scores are:
- Being-away: 0.50858
- Coherence: 0.56425
- Scope: 0.84179
- Fascination: 0.72069
- Average Score: 0.65883"
D:/A_Research/A_doing_research/20250804_LLM_campus_restoration/shanghai/test//202212_113.9878482_22.594933299999997.png,"This image taken in Shenzhen. The image depicts a busy urban street with a mix of commercial and residential buildings. On the left, there’s a crosswalk and vehicles, including a small truck and cars, parked near storefronts. A brightly-colored driving school shop stands out with visible signage on the right side of the road. Scooters and pedestrians add to the hustle of the area. Tall modern buildings are visible in the distance, blending with greenery and fenced pathways. The street is clean and well-maintained, with yellow lane markings and safety barriers while a cloudy sky sets a muted tone overhead. The restorative indicator scores are:
- Being-away: 0.39852
- Coherence: 0.44803
- Scope: 0.18236
- Fascination: 0.62648
- Average Score: 0.41384"
D:/A_Research/A_doing_research/20250804_LLM_campus_restoration/shanghai/test//202212_114.0005612_22.5402458.png,"This image taken in Shenzhen. The image depicts a street view with a split road featuring a pedestrian crosswalk. The left side shows parked cars next to a pathway lined with trees and a fenced area. A person is walking towards the distance. On the right side, there are more parked vehicles, including trucks, alongside trees and greenery extending into a slope. A mix of buildings is visible in the background, including one wrapped in construction fencing. The atmosphere appears calm, with sporadic activity. Cars are parked on both sides, and the area has a blend of urban infrastructure and natural surroundings. The restorative indicator scores are:
- Being-away: 0.87927
- Coherence: 0.44847
- Scope: 0.18233
- Fascination: 0.31077
- Average Score: 0.45521"
D:/A_Research/A_doing_research/20250804_LLM_campus_restoration/shanghai/test//202212_114.0326051_22.526367499999996.png,"This image taken in Shenzhen. This street view depicts a bustling urban intersection with modern high-rise buildings in the background, blending residential and commercial architecture. A blue bus, several cars, and motorbikes are waiting at crossing lanes marked with zebra stripes. The traffic signals hang prominently overhead, and pedestrians navigate the sidewalks. On the left, trees line the road, providing greenery, while construction equipment appears on the far-right, indicating development. The scene has a cloudy sky and spacious roads, showcasing a blend of movement and urban planning in a cityscape. The restorative indicator scores are:
- Being-away: 0.09261
- Coherence: 0.44851
- Scope: 0.18230
- Fascination: 0.39964
- Average Score: 0.28076"
D:/A_Research/A_doing_research/20250804_LLM_campus_restoration/shanghai/test//202212_114.0109223_22.545793100000004.png,"This image taken in Shenzhen. The street view depicts a multi-lane road lined with vibrant green trees on both sides, creating a pleasant urban environment. There is sparse traffic, including a red bus, white car, a van, and a motorbike. Pedestrian crossings and sidewalks are visible, with people walking and a small park area on the right. Tall buildings rise in the distance, indicating a nearby cityscape. The road divider and fencing separate lanes efficiently, promoting organized traffic flow. The clear blue sky with scattered clouds adds to the serene urban atmosphere and overall clarity of the scene. The restorative indicator scores are:
- Being-away: 0.83467
- Coherence: 0.44848
- Scope: 0.54335
- Fascination: 0.72069
- Average Score: 0.63680"
D:/A_Research/A_doing_research/20250804_LLM_campus_restoration/shanghai/test//202212_114.0250293_22.545575599999992.png,"This image taken in Shenzhen. This street view image depicts a wide, multi-lane road with sparse traffic, bordered by lush greenery, manicured shrubs, and trees. To the left, modern high-rise buildings can be seen in the distance, hinting at an urban setting. The right side features more vegetation, with a mix of taller trees and landscaped spaces. A small overpass or structure is visible further along the road. The overall atmosphere is calm, with gray skies suggesting overcast weather. Vehicles, including cars and a truck, are traveling in an organized manner. The foreground features the roof of a vehicle, likely capturing the image perspective. The restorative indicator scores are:
- Being-away: 0.72076
- Coherence: 0.44850
- Scope: 0.65993
- Fascination: 0.62808
- Average Score: 0.61432"
D:/A_Research/A_doing_research/20250804_LLM_campus_restoration/shanghai/test//202212_114.048521_22.5232585.png,"This image taken in Shenzhen. The image shows a bustling urban street with traffic and pedestrians, bordered by trees. Cars are parked along the road, while others are moving, creating a busy atmosphere. On the left is a multi-story commercial building with advertisements, storefronts, and people walking. The right side reveals more trees and vehicles, including motorcycles, a tented area, and two prominent skyscrapers in the background. Yellow road markings are visible, guiding traffic flow. The scene highlights city life with urban architecture, greenery, and activity blending together. Bright natural light illuminates the street. The restorative indicator scores are:
- Being-away: 0.50831
- Coherence: 0.67593
- Scope: 0.30513
- Fascination: 0.72040
- Average Score: 0.55244"
D:/A_Research/A_doing_research/20250804_LLM_campus_restoration/shanghai/test//202212_114.05823080000002_22.540602100000005.png,"This image taken in Shenzhen. This street view depicts a modern urban area with towering skyscrapers full of reflective glass panels, creating a sleek and contemporary feel. A paved pedestrian walkway with trees and greenery contrasts with the busy roads where vehicles, including a white van, are visible. The signage indicates navigation in multiple languages, likely within a developed city. The road curves gracefully, bordered by colorful flowers, bushes, and a manicured sidewalk. Pedestrians stroll casually, giving a sense of daily city life. The presence of parking areas and pedestrian crossings suggests the area combines residential, business, and commercial purposes. Bright yet cloudy skies complete the view. The restorative indicator scores are:
- Being-away: 0.79083
- Coherence: 0.44874
- Scope: 0.66020
- Fascination: 0.84265
- Average Score: 0.68560"
D:/A_Research/A_doing_research/20250804_LLM_campus_restoration/shanghai/test//202212_114.0551493_22.518495400000003.png,"This image taken in Shenzhen. The image captures an urban street scene with a divided road lined by greenery. To the left is a quieter road surrounded by trees and bushes, while the right side shows a busier intersection with marked pedestrian crossings and cars. Tall residential and commercial buildings dominate the skyline, and an overpass bridge connects both sides of the road. The scene is framed by trees, adding greenery to the urban environment. A gas station and surrounding buildings are visible near the intersection. The image suggests a blend of natural and developed infrastructure typical of modern cities. The restorative indicator scores are:
- Being-away: 0.72118
- Coherence: 0.56335
- Scope: 0.42422
- Fascination: 0.51035
- Average Score: 0.55477"
D:/A_Research/A_doing_research/20250804_LLM_campus_restoration/shanghai/test//202212_114.0658167_22.534223299999994.png,"This image taken in Shenzhen. This street view shows an urban setting with mid-rise apartment buildings in the background surrounded by greenery. The foreground features yellow barricades and blue tents set up along the road, possibly for public events or a temporary checkpoint. To the left is a gated campus or facility, and to the right is a concrete entrance covered by trees and flowers. A billboard displays a design featuring the Chinese flag with cartoon characters. A white vehicle is partially visible at the bottom of the image, suggesting this is a streetside perspective from a moving or stationed car. The restorative indicator scores are:
- Being-away: 0.61569
- Coherence: 0.56297
- Scope: 0.18222
- Fascination: 0.51032
- Average Score: 0.46780"
D:/A_Research/A_doing_research/20250804_LLM_campus_restoration/shanghai/test//202212_114.0908997_22.5583526.png,"This image taken in Shenzhen. The street view depicts a busy urban intersection surrounded by tall residential and commercial buildings. Multiple cars, buses, and taxis populate the road, while pedestrians cross at designated crosswalks. There are trees and greenery framing sections of the road, providing a balance to the dense urban landscape. Construction cranes are visible in the skyline, indicating ongoing development. The overcast sky gives the area a muted appearance, with scattered activity showing signs of everyday urban life. The restorative indicator scores are:
- Being-away: 0.39913
- Coherence: 0.67573
- Scope: 0.76336
- Fascination: 0.51022
- Average Score: 0.58711"
D:/A_Research/A_doing_research/20250804_LLM_campus_restoration/shanghai/test//202212_114.0770361_22.5528905.png,"This image taken in Shenzhen. This street view captures a busy urban scene with multiple lanes of traffic filled with vehicles such as sedans, SUVs, and public buses. The road is bordered by trees and greenery, offering a contrast to the gray asphalt. On the right, pedestrians, bicycles, and scooters navigate a sidewalk. Tall buildings and a construction crane are visible in the background, indicating a city environment. The sky looks overcast, hinting at mild weather. Traffic lights, signage, and street markings ensure order on the bustling road. The image suggests an active and developed area with balanced urban and natural elements. The restorative indicator scores are:
- Being-away: 0.61565
- Coherence: 0.06892
- Scope: 0.30496
- Fascination: 0.78861
- Average Score: 0.44454"
D:/A_Research/A_doing_research/20250804_LLM_campus_restoration/shanghai/test//202212_114.0864988_22.5573059.png,"This image taken in Shenzhen. The street view showcases an urban environment with a wide intersection, lush green trees lining the sidewalks, and modern buildings in the background. Blue tents, likely temporary structures, are set up on the sidewalk near barricades. Vehicles, including cars and scooters, are positioned on the street and parked nearby. Pedestrian crosswalk markings and bike lanes are visible, emphasizing the area’s accessibility for various forms of transport. The atmosphere is calm, with sparse traffic, natural greenery providing shade, and urban infrastructure blending residential and functional elements harmoniously. The restorative indicator scores are:
- Being-away: 0.72209
- Coherence: 0.44918
- Scope: 0.30498
- Fascination: 0.94412
- Average Score: 0.60509"
D:/A_Research/A_doing_research/20250804_LLM_campus_restoration/shanghai/test//202212_114.0910387431752_22.549649716591308.png,"This image taken in Shenzhen. The image depicts an urban street scene with multiple lanes of traffic, road markings, and vehicles including taxis, cars, and cargo trucks. To the left, there are residential buildings and greenery, while the center features a hotel with signage reading “亚朵酒店.” Pedestrians and a cyclist are visible, alongside a sidewalk and paved walkway bordered by well-maintained landscaping. In the background, high-rise buildings and cranes suggest ongoing construction. The sky is overcast, creating a muted atmosphere, and the overall environment reflects a bustling yet orderly city setting with modern infrastructure. The restorative indicator scores are:
- Being-away: 0.83385
- Coherence: 0.56309
- Scope: 0.66115
- Fascination: 0.51022
- Average Score: 0.64208"
D:/A_Research/A_doing_research/20250804_LLM_campus_restoration/shanghai/test//202212_114.1040977_22.558683299999995.png,"This image taken in Shenzhen. This is a bustling urban intersection surrounded by modern high-rise buildings and greenery. Multiple roads converge with marked pedestrian crossings, while vehicles such as sedans, buses, and a black SUV occupy the lanes. People are visible walking or cycling, contributing to the active cityscape. The area features diverse architecture, including glass-covered structures, a large corporate building, and more contemporary skyscrapers in the distance. Traffic lights and signage maintain organization, while trees add a touch of nature among the urban density. The image conveys a typical day in a busy metropolitan environment under clear skies. The restorative indicator scores are:
- Being-away: 0.39886
- Coherence: 0.67544
- Scope: 0.84239
- Fascination: 0.62860
- Average Score: 0.63632"
D:/A_Research/A_doing_research/20250804_LLM_campus_restoration/shanghai/test//202212_114.09686669419649_22.53823779479983.png,"This image taken in Shenzhen. This street view captures an urban scene with a multi-lane road surrounded by residential buildings and construction sites. To the left, yellow apartment buildings feature balconies, while the right side showcases modern high-rises and ongoing construction, with a crane visible. Vehicles, including cars and trucks, occupy the road. A bus stop with advertisements is seen on the left, adjacent to fenced greenery. The sky is partly cloudy, creating a balanced urban landscape. Barriers and billboards along the right side of the road indicate development in the area, blending residential and commercial zones with evolving infrastructure. The restorative indicator scores are:
- Being-away: 0.25891
- Coherence: 0.20557
- Scope: 0.18261
- Fascination: 0.72311
- Average Score: 0.34255"
D:/A_Research/A_doing_research/20250804_LLM_campus_restoration/shanghai/test//202212_114.1282478_22.556577899999997.png,"This image taken in Shenzhen. This street view image shows an urban intersection with multiple crossing paths, surrounded by tall buildings and greenery. A blue metal structure on the right appears to be under construction or renovation, possibly a bus stop or shelter, while advertisements are displayed on its walls. Vehicles, including motorbikes and cars, are parked or moving, with road signs indicating directions. The area is orderly, featuring lane markings, traffic lights, and pedestrian crossings. The left side showcases high-rise buildings, while the right side has trees and a quieter street. The ambiance is modern yet calm, showcasing mixed urban and natural elements. The restorative indicator scores are:
- Being-away: 0.50899
- Coherence: 0.06926
- Scope: 0.05975
- Fascination: 0.21018
- Average Score: 0.21204"
D:/A_Research/A_doing_research/20250804_LLM_campus_restoration/shanghai/test//202212_114.1136781_22.5459787.png,"This image taken in Shenzhen. This street view captures a busy urban intersection surrounded by towering skyscrapers and modern infrastructure. Vehicles include sedans, taxis, and SUVs navigating multilane roads, while overhead pedestrian bridges connect different parts of the area. The scene features commercial buildings with prominent signage, lush greenery, and glass facades. The road appears well-maintained with clear lane markings, signaling a bustling metropolitan vibe. This might be a central business district, emphasizing dense urban development and heavy traffic flow typical of such areas. The restorative indicator scores are:
- Being-away: 0.09152
- Coherence: 0.78383
- Scope: 0.42338
- Fascination: 0.78863
- Average Score: 0.52184"
D:/A_Research/A_doing_research/20250804_LLM_campus_restoration/shanghai/test//202212_114.12220825245038_22.563703360607565.png,"This image taken in Shenzhen. The street view captures a busy urban scene on a sunny day with numerous cars, pedestrians, and trees lining the sidewalks. Buildings rise in the background, including modern high-rises and older structures. Traffic markings and signs are visible on the paved road, with yellow crosswalks and directional arrows. There’s a sign displaying “Beili South Rd.,” suggesting a location, with fencing separating the sidewalk from the street. A Michelin-themed storefront is on the right, while the left reveals shaded areas beneath leafy trees. The atmosphere is vibrant, blending modern infrastructure with greenery, indicative of a well-developed, busy city street. The restorative indicator scores are:
- Being-away: 0.61688
- Coherence: 0.44935
- Scope: 0.30481
- Fascination: 0.62851
- Average Score: 0.49989"
D:/A_Research/A_doing_research/20250804_LLM_campus_restoration/shanghai/test//202212_114.2643742_22.586968899999995.png,"This image taken in Shenzhen. This street view image captures a busy urban scene with multiple trucks parked and driving on a multi-lane road beneath elevated expressways. The overhead highways create a dense concrete framework, while greenery and trees add some contrast to the industrial vibe. A white van and other vehicles are visible alongside red trucks. In the distance, a tall glass building rises, suggesting a mixed residential and commercial area. Road signage is displayed, and barriers along the road bear colorful slogans or advertisements. The overall setting gives an impression of a city area with active traffic flow and infrastructure. The restorative indicator scores are:
- Being-away: 0.25848
- Coherence: 0.32870
- Scope: 0.42288
- Fascination: 0.07675
- Average Score: 0.27170"
D:/A_Research/A_doing_research/20250804_LLM_campus_restoration/shanghai/test//202212_114.2485962_22.597206699999997.png,"This image taken in Shenzhen. The image depicts a vibrant urban street scene. On the left, cars are parked under a row of tall palm trees next to a construction wall with advertisements. The foreground shows part of a car roof. To the right, a multi-lane road is bordered by neatly maintained greenery and large residential or commercial high-rise buildings in the background. The area appears clean and organized, surrounded by lush vegetation. The setting is bright with sunlight, under a partly cloudy sky. The restorative indicator scores are:
- Being-away: 0.83415
- Coherence: 0.06994
- Scope: 0.42293
- Fascination: 0.51084
- Average Score: 0.45946"
D:/A_Research/A_doing_research/20250804_LLM_campus_restoration/shanghai/test//202103_114.1198452_22.5910835.png,"This image taken in Shenzhen. The street view depicts a busy urban intersection with multiple lanes and pedestrian crossings. The scene includes buildings under construction, residential complexes, and commercial establishments like ""Vienna."" Traffic comprises cars, trucks, motorbikes, and pedestrians. Green fencing and cranes surround a construction site on the right side. Vegetation and trees line parts of the sidewalk, adding greenery. The overall atmosphere suggests a developing city with ongoing infrastructure projects. Signs and traffic lights organize movement, while motorized vehicles blend with daily pedestrian activity. Overcast skies enhance the subdued lighting of the environment. The restorative indicator scores are:
- Being-away: 0.39542
- Coherence: 0.76351
- Scope: 0.31255
- Fascination: 0.51513
- Average Score: 0.49665"
