spatial_element,psychological_perception,behavioral_motivation,relation_type,image_id
highway,lack of refuge,continued transit,negative,201311_113.83766518162263_22.641416403895732.png
traffic,functional space,focus on tasks,negative,201311_113.83766518162263_22.641416403895732.png
infrastructure,stressful environment,avoidance of relaxation,negative,201311_113.83766518162263_22.641416403895732.png
roadway,not a refuge,safe navigation,negative,201311_113.83533558902073_22.644305643221244.png
traffic,reinforces daily demands,maintaining focus,negative,201311_113.83533558902073_22.644305643221244.png
setting,utilitarian nature,continuing routines,negative,201311_113.83533558902073_22.644305643221244.png
construction,lack of refuge,avoidance of space,negative,201311_113.826843_22.5991516.png
overpass,distraction,increased stress,negative,201311_113.826843_22.5991516.png
power lines,urban demands,focus on tasks,negative,201311_113.826843_22.5991516.png
trees,separation from urban bustle,seeking tranquility,positive,201311_113.8327226_22.588928800000005.png
road,limited escape,feeling tethered,negative,201311_113.8327226_22.588928800000005.png
cars,disruption of peace,increased stress,negative,201311_113.8327226_22.588928800000005.png
wall,barrier to freedom,feeling confined,negative,201311_113.8327226_22.588928800000005.png
sky,sense of openness,inspiration,positive,201311_113.8327226_22.588928800000005.png
highway,lack of escape,commuting,negative,201311_113.87865392033376_22.61317748414232.png
traffic,stress,traveling,negative,201311_113.87865392033376_22.61317748414232.png
road,mental detachment,transit,negative,201311_113.87865392033376_22.61317748414232.png
highway,lack of escape,increased stress,negative,201311_113.83882751120629_22.63997007932517.png
vehicles,ongoing activity,distraction from concerns,negative,201311_113.83882751120629_22.63997007932517.png
road signs,sense of urgency,focus on transit,negative,201311_113.83882751120629_22.63997007932517.png
trees,moderate sense of being away,mental escape,positive,201311_113.8247679_22.6033668.png
road,departure from urban hustle,pleasant break,positive,201311_113.8247679_22.6033668.png
sky,feeling of openness,mental escape,positive,201311_113.8247679_22.6033668.png
trees,sense of escape,step away from concerns,positive,201311_113.8462841_22.583814599999993.png
street,mental respite,find calm,positive,201311_113.8462841_22.583814599999993.png
road,lack of escape,remain engaged,negative,201311_113.83844682320864_22.579318505915754.png
wall,connection to mundane,avoid exploration,negative,201311_113.83844682320864_22.579318505915754.png
graffiti,urban presence,stay within familiar,negative,201311_113.83844682320864_22.579318505915754.png
highway,lack of mental detachment,prevent contemplation,negative,201311_113.84117664281987_22.637094674727816.png
vehicles,distraction from escape,hinder refuge perception,negative,201311_113.84117664281987_22.637094674727816.png
greenery,peaceful escape,respite,positive,201311_113.882861_22.6128348.png
pathways,detachment from stresses,disconnection,positive,201311_113.882861_22.6128348.png
spaces,serene environment,opportunities for respite,positive,201311_113.882861_22.6128348.png
aesthetic,feeling of detachment,escape from urban nuisances,positive,201311_113.882861_22.6128348.png
nature,partial escape from urban hustle,seeking refuge,positive,201311_113.8964295_22.5980825.png
road,not a complete refuge,awareness of everyday concerns,negative,201311_113.8964295_22.5980825.png
vehicles,visible reminders of city life,acknowledging urban presence,negative,201311_113.8964295_22.5980825.png
road,lack of refuge,difficulty disconnecting,negative,201311_113.9210168_22.637396899999995.png
barriers,increased stress,feeling overwhelmed,negative,201311_113.9210168_22.637396899999995.png
traffic,constant distraction,inability to relax,negative,201311_113.9210168_22.637396899999995.png
context,urban pressure,staying engaged with work,negative,201311_113.9210168_22.637396899999995.png
roads,lack of detachment,avoid seeking respite,negative,201311_113.91650685779294_22.599782819195894.png
traffic,connection to routines,continue daily responsibilities,negative,201311_113.91650685779294_22.599782819195894.png
signals,ongoing urban life,remain engaged with tasks,negative,201311_113.91650685779294_22.599782819195894.png
buildings,not a refuge,transit activities,negative,201311_113.8903839_22.5539715.png
greenery,lack of mental respite,routine activities,negative,201311_113.8903839_22.5539715.png
highway,not conducive to escape,avoidance of refuge,negative,201311_113.9022082_22.590201799999996.png
vehicles,associated with movement,engagement in purpose,neutral,201311_113.9022082_22.590201799999996.png
traffic,limited sense of being away,prevent mental escape,negative,201311_113.907799_22.526203099999996.png
building,evokes thoughts of routines,trigger thoughts of responsibilities,negative,201311_113.907799_22.526203099999996.png
road,incomplete escape,transient experience,negative,201311_113.90606_22.596435000000003.png
trees,visual buffer,mitigating concerns,positive,201311_113.90606_22.596435000000003.png
highway,lack of refuge,avoidance of demands,negative,201311_113.9315387_22.6072424.png
vehicles,cognitive demands,routine engagement,negative,201311_113.9315387_22.6072424.png
infrastructure,not an escape,continued stress,negative,201311_113.9315387_22.6072424.png
nature,hint of tranquility,temporary relief,neutral,201311_113.9315387_22.6072424.png
trees,moderate sense of being away,respite from urban nuisances,positive,201311_113.92134492327405_22.6301559311904.png
road,tempered feeling of escape,connection to daily life,negative,201311_113.92134492327405_22.6301559311904.png
traffic,tempered feeling of escape,connection to daily life,negative,201311_113.92134492327405_22.6301559311904.png
car,tempered feeling of escape,connection to daily life,negative,201311_113.92134492327405_22.6301559311904.png
greenery,moderate sense of being away,detachment from tasks,positive,201311_113.95997440000001_22.599463099999998.png
trees,moderate sense of being away,detachment from tasks,positive,201311_113.95997440000001_22.599463099999998.png
sky,moderate sense of being away,detachment from tasks,positive,201311_113.95997440000001_22.599463099999998.png
road,sense of detachment,move away from demands,positive,201311_113.95997440000001_22.599463099999998.png
traffic,not a complete escape,awareness of daily life,negative,201311_113.95997440000001_22.599463099999998.png
street,lack of refuge,transit,negative,201311_113.9212475061574_22.624198398318953.png
vehicles,active environment,daily functioning,negative,201311_113.9212475061574_22.624198398318953.png
traffic,not tranquil escape,obligation focus,negative,201311_113.9212475061574_22.624198398318953.png
path,moderate sense of being away,potential escape from urban life,positive,201311_113.955732_22.590690699999996.png
greenery,calm atmosphere,encourages relaxation,positive,201311_113.955732_22.590690699999996.png
buildings,limited feeling of refuge,reminds of daily responsibilities,negative,201311_113.955732_22.590690699999996.png
activity,lack of complete detachment,prevents full escape,negative,201311_113.955732_22.590690699999996.png
road,not a refuge,escape from thoughts,negative,201311_113.93390290000002_22.603255199999996.png
vehicles,functional space,concerns remain,negative,201311_113.93390290000002_22.603255199999996.png
traffic,strong sense of escape unlikely,avoidance of stress,negative,201311_113.93390290000002_22.603255199999996.png
roadway,escape from demands,relaxation,positive,201311_113.972093_22.603460099999996.png
greenery,serene atmosphere,mental clarity,positive,201311_113.972093_22.603460099999996.png
traffic,departure from nuisances,calmness,positive,201311_113.972093_22.603460099999996.png
greenery,sense of escape,detach from daily demands,positive,201311_113.97217166373336_22.598046834891043.png
trees,calmness,clear mind,positive,201311_113.97217166373336_22.598046834891043.png
road,respite from urban hustle,seek tranquility,positive,201311_113.97217166373336_22.598046834891043.png
wooded areas,enclosed nature,escape city life,positive,201311_113.97217166373336_22.598046834891043.png
buildings,not a refuge,difficult to disengage,negative,201311_113.9785024_22.6241635.png
traffic,actively stimulating,hard to focus,negative,201311_113.9785024_22.6241635.png
activity,busy environment,challenging to rest,negative,201311_113.9785024_22.6241635.png
street,not a refuge,difficulty escaping thoughts,negative,201311_113.9787376_22.589872099999997.png
traffic,feeling of public activity,inability to mentally disengage,negative,201311_113.9787376_22.589872099999997.png
commercial,active space,struggle with everyday responsibilities,negative,201311_113.9787376_22.589872099999997.png
vegetation,escape from urban nuisances,detachment from routine,positive,201311_113.9824091_22.594394199999996.png
pathway,separation from city life,taking a break,positive,201311_113.9824091_22.594394199999996.png
urban elements,visible demands of city life,awareness of routine concerns,negative,201311_113.9824091_22.594394199999996.png
road,not a refuge,no escape,negative,201311_113.9874162_22.598817899999997.png
vehicles,associated stresses,no mental disengagement,negative,201311_113.9874162_22.598817899999997.png
environment,part of everyday life,no sanctuary,negative,201311_113.9874162_22.598817899999997.png
buildings,moderate sense of being away,not a complete refuge,neutral,201311_113.9934289_22.598725899999998.png
roads,connection to regular life,implies ongoing urban development,negative,201311_113.9934289_22.598725899999998.png
greenery,moderate sense of being away,seeking refuge,positive,201311_113.9956108_22.602901100000004.png
water,moderate sense of being away,seeking refuge,positive,201311_113.9956108_22.602901100000004.png
buildings,not entirely removed from daily demands,limited escape,negative,201311_113.9956108_22.602901100000004.png
roads,not entirely removed from daily demands,limited escape,negative,201311_113.9956108_22.602901100000004.png
cars,doesn't strongly signal an escape,limited escape,negative,201311_113.9956108_22.602901100000004.png
construction,lack of detachment,continued engagement,negative,201311_113.9849525_22.597865099999996.png
signage,lack of tranquility,task-oriented actions,negative,201311_113.9849525_22.597865099999996.png
infrastructure,active environment,focus on responsibilities,negative,201311_113.9849525_22.597865099999996.png
urban,not a refuge,avoidance of relaxation,negative,201311_113.9849525_22.597865099999996.png
trees,sense of detachment,mental disengagement,positive,201311_113.97215286575438_22.599851368800312.png
ambiance,peaceful atmosphere,feeling of escape,positive,201311_113.97215286575438_22.599851368800312.png
vehicles,limited sense of being away,transit and activity,negative,201311_114.010794_22.5554258.png
greenery,slight contrast to urban environments,mental escape,neutral,201311_114.010794_22.5554258.png
environment,lack of strong detachment,none,negative,201311_114.010794_22.5554258.png
street,not a refuge,avoidance of stress,negative,201311_114.00419846671053_22.673102084815238.png
construction,lack of tranquility,distraction from thoughts,negative,201311_114.00419846671053_22.673102084815238.png
environment,functional,minimal engagement,negative,201311_114.00419846671053_22.673102084815238.png
greenery,sense of escape,mental detachment,positive,201311_113.9934635_22.605469299999996.png
sky,feeling of refuge,stress relief,positive,201311_113.9934635_22.605469299999996.png
road,separation from concerns,enhanced focus,positive,201311_113.9934635_22.605469299999996.png
buildings,lack of escape,no refuge seeking,negative,201311_113.9978764_22.603342699999995.png
roads,active environment,engagement with surroundings,neutral,201311_113.9978764_22.603342699999995.png
infrastructure,urban setting,potential activity,neutral,201311_113.9978764_22.603342699999995.png
elements,absence of nature,lack of relaxation,negative,201311_113.9978764_22.603342699999995.png
seclusion,lack of privacy,no withdrawal,negative,201311_113.9978764_22.603342699999995.png
trees,calm atmosphere,moderate sense of being away,positive,201311_114.0367137_22.625328199999995.png
buildings,sense of everyday life,not feeling like an escape,negative,201311_114.0367137_22.625328199999995.png
vehicles,active environment,suggests activity,negative,201311_114.0367137_22.625328199999995.png
greenery,not a wilderness,lack of retreat space,negative,201311_114.0367137_22.625328199999995.png
intersection,difficult to feel removed,engaged with surroundings,negative,201311_114.108805_22.539949000000004.png
traffic,constant activity,focused on tasks,negative,201311_114.108805_22.539949000000004.png
urban,not a refuge,mental disengagement,negative,201311_114.108805_22.539949000000004.png
street,not a refuge,difficulty disconnecting,negative,201311_114.1329892_22.5822593.png
traffic,stressful environment,increased anxiety,negative,201311_114.1329892_22.5822593.png
activity,lack of mental respite,continuation of urban grind,negative,201311_114.1329892_22.5822593.png
street,lack of mental escape,difficulty in detachment,negative,201311_114.07813510000001_22.5592236.png
cars,distraction from tasks,increased focus on daily life,negative,201311_114.07813510000001_22.5592236.png
shops,busy environment,engagement with public space,neutral,201311_114.07813510000001_22.5592236.png
pedestrians,active public space,observation of daily life,neutral,201311_114.07813510000001_22.5592236.png
vehicles,detracted sense of escape,less engagement with nature,negative,201311_114.0918839_22.580004399999996.png
urban,lack of refuge,continued routine activities,negative,201311_114.0918839_22.580004399999996.png
natural,mixed feelings of comfort,limited exploration,neutral,201311_114.0918839_22.580004399999996.png
industrial,increased stress,avoidance of the area,negative,201311_114.0918839_22.580004399999996.png
trees,slight sense of escape,temporary relief from urban demands,positive,201311_114.1260936_22.5848949.png
roadway,embedded in daily life,continuation of daily tasks,negative,201311_114.1260936_22.5848949.png
construction,presence of nuisances,distraction from relaxation,negative,201311_114.1260936_22.5848949.png
hills,distant view,momentary distraction,neutral,201311_114.1260936_22.5848949.png
street,limited sense of being away,lack of escape,negative,201311_114.0363794_22.549060799999996.png
construction,not a peaceful refuge,increased stress,negative,201311_114.0363794_22.549060799999996.png
traffic,detachment from usual concerns,distraction from relaxation,negative,201311_114.0363794_22.549060799999996.png
trees,break from built environment,seeking relaxation,positive,201311_114.1331646_22.6036264.png
shade,sense of comfort,spending time outdoors,positive,201311_114.1331646_22.6036264.png
pedestrians,departure from urban demands,engaging with community,positive,201311_114.1331646_22.6036264.png
infrastructure,limited escape,feeling constrained,negative,201311_114.1331646_22.6036264.png
trees,potential escape from urban bustle,seek refuge,positive,201311_114.13313586110559_22.60543104368196.png
roads,limits feeling of complete refuge,avoid detachment,negative,201311_114.13313586110559_22.60543104368196.png
vehicles,limits feeling of complete refuge,avoid detachment,negative,201311_114.13313586110559_22.60543104368196.png
fencing,limits feeling of complete refuge,avoid detachment,negative,201311_114.13313586110559_22.60543104368196.png
street,source of demands,avoid seeking refuge,negative,201311_114.1398083_22.565269999999995.png
traffic,not tranquil,avoid escape,negative,201311_114.1398083_22.565269999999995.png
development,ongoing nuisances,not seeking out,negative,201311_114.1398083_22.565269999999995.png
trees,respite from urban nuisances,escape from daily demands,positive,201311_114.13318312310899_22.60182164061621.png
seclusion,sense of escape,mental break from tasks,positive,201311_114.13318312310899_22.60182164061621.png
separation,clear distinction between areas,enhanced pedestrian experience,positive,201311_114.13318312310899_22.60182164061621.png
natural elements,mental refreshment,relaxation from city life,positive,201311_114.13318312310899_22.60182164061621.png
environment,strong sense of escape,seeking refuge,positive,201311_114.1422458_22.573539200000006.png
scenery,clear separation from responsibilities,disengaging from routines,positive,201311_114.1422458_22.573539200000006.png
streetscape,limited restorative potential,escape demanding thoughts,negative,201311_114.158799_22.6090681.png
traffic,lack of peace,avoid distractions,negative,201311_114.158799_22.6090681.png
buildings,not a true refuge,find tranquility,negative,201311_114.158799_22.6090681.png
pedestrian activity,usual distractions,seek solitude,negative,201311_114.158799_22.6090681.png
road,lack of escape,avoidance of stress,negative,201311_114.1664523_22.6055109.png
traffic,overwhelmed feeling,increased anxiety,negative,201311_114.1664523_22.6055109.png
water,minimal relaxation,limited respite,neutral,201311_114.1664523_22.6055109.png
greenery,insufficient tranquility,lack of engagement,negative,201311_114.1664523_22.6055109.png
urban,active connection,social interaction,positive,201311_114.1664523_22.6055109.png
trees,respite from urban hustle,seeking relaxation,positive,201311_114.14111260000001_22.612017599999994.png
sunlight,sense of warmth and comfort,enjoying outdoor spaces,positive,201311_114.14111260000001_22.612017599999994.png
street,active urban environment,engaging with city life,negative,201311_114.14111260000001_22.612017599999994.png
traffic,stress from noise and congestion,avoiding busy areas,negative,201311_114.14111260000001_22.612017599999994.png
buildings,lack of escape,searching for tranquility,negative,201311_114.14111260000001_22.612017599999994.png
homes,respite from urban nuisances,seeking comfort,positive,201311_114.1699075_22.572947699999997.png
greenery,departure from everyday life,relaxation,positive,201311_114.1699075_22.572947699999997.png
road,reminders of daily routines,distraction,negative,201311_114.1699075_22.572947699999997.png
cars,urban settings,stress response,negative,201311_114.1699075_22.572947699999997.png
built environment,incomplete sense of escape,frustration,negative,201311_114.1699075_22.572947699999997.png
traffic,lack of refuge,continued engagement,negative,201311_114.1708255_22.6072058.png
structures,active urban life,functional use,neutral,201311_114.1708255_22.6072058.png
crossings,limited mental disengagement,navigating space,negative,201311_114.1708255_22.6072058.png
cars,urban functionality,daily responsibilities,negative,201311_114.1708255_22.6072058.png
green,calm atmosphere,feeling of escape,positive,201311_114.1753739_22.602115699999995.png
road,degree of separation,providing a pathway,neutral,201311_114.1753739_22.602115699999995.png
vegetation,feeling of refuge,momentarily disconnect,positive,201311_114.1712754_22.5966659.png
pathway,sense of being away,escape urban nuisances,positive,201311_114.1712754_22.5966659.png
truck,less bustling environment,reduce daily demands,positive,201311_114.1712754_22.5966659.png
bicycles,calm atmosphere,enjoy tranquility,positive,201311_114.1712754_22.5966659.png
highway,limited escape,disconnect from demands,negative,201311_114.1766153913743_22.62211635756483.png
surroundings,potential refuge,seek tranquility,positive,201311_114.1766153913743_22.62211635756483.png
nature,mental escape,break from responsibilities,positive,201311_114.1715729_22.579913799999993.png
environment,serene environment,facilitates relaxation,positive,201311_114.1715729_22.579913799999993.png
road,sense of being away,mental escape,positive,201311_114.16919617982792_22.62714279983004.png
sky,mental escape,partial escape,positive,201311_114.16919617982792_22.62714279983004.png
traffic,not a complete refuge,awareness of external stimuli,negative,201311_114.16919617982792_22.62714279983004.png
greenery,sense of escape,mentally disengage,positive,201311_114.1856469_22.5908533.png
hillsides,respite,escape daily demands,positive,201311_114.1856469_22.5908533.png
sky,departure from nuisances,relaxation,positive,201311_114.1856469_22.5908533.png
traffic,sparse environment,enjoy open space,positive,201311_114.1856469_22.5908533.png
road,open feeling,explore,positive,201311_114.1856469_22.5908533.png
street,lack of escape,avoidance of usual concerns,negative,201311_114.186989_22.595263999999997.png
infrastructure,sense of confinement,increased stress,negative,201311_114.186989_22.595263999999997.png
greenery,sense of being away,mental escape,positive,201311_114.1832046_22.5984266.png
sunlight,calm atmosphere,temporary refuge,positive,201311_114.1832046_22.5984266.png
traffic,not completely isolated,interaction with environment,neutral,201311_114.1832046_22.5984266.png
trees,tranquil atmosphere,temporary reprieve,positive,201311_114.176878_22.581670799999998.png
shade,removed atmosphere,escape from demands,positive,201311_114.176878_22.581670799999998.png
bus,tranquil atmosphere,temporary reprieve,positive,201311_114.176878_22.581670799999998.png
barriers,lack of refuge,avoidance of stress,negative,201312_113.7839461_22.716497199999996.png
environment,functional feeling,continuation of responsibilities,negative,201312_113.7839461_22.716497199999996.png
tunnel,not a refuge,focus on transit,negative,201311_114.231161_22.596456399999994.png
infrastructure,functional space,not a retreat,negative,201311_114.231161_22.596456399999994.png
highway,not a true refuge,transit,negative,201311_114.1860739_22.6130437.png
hills,visual break,temporary escape,positive,201311_114.1860739_22.6130437.png
greenery,visual break,temporary escape,positive,201311_114.1860739_22.6130437.png
vehicles,constant flow,travel,negative,201311_114.1860739_22.6130437.png
infrastructure,reminder of daily routines,lack of escape,negative,201312_113.78218214006371_22.68964439788343.png
roads,sense of urban nuisances,avoidance of respite,negative,201312_113.78218214006371_22.68964439788343.png
buildings,demands of tasks,stress response,negative,201312_113.78218214006371_22.68964439788343.png
infrastructure,lack of refuge,avoidance of space,negative,201312_113.78476114628427_22.697658317071774.png
construction,disruption of peace,withdrawal from area,negative,201312_113.78476114628427_22.697658317071774.png
street,deserted feeling,hesitation to engage,negative,201312_113.78476114628427_22.697658317071774.png
areas,lack of escape,disinterest in exploring,negative,201312_113.78476114628427_22.697658317071774.png
street,lack of refuge,engagement with environment,negative,201312_113.8278184_22.7315766.png
traffic,stressful atmosphere,avoidance of the area,negative,201312_113.8278184_22.7315766.png
shops,commercial engagement,shopping or socializing,neutral,201312_113.8278184_22.7315766.png
pedestrians,busy environment,movement through space,neutral,201312_113.8278184_22.7315766.png
street,difficult to feel detached,remain engaged with daily life,negative,201312_113.83443584337306_22.74126975401547.png
buildings,no significant escape,continue routine activities,negative,201312_113.83443584337306_22.74126975401547.png
traffic,connection to routine world,stay within daily concerns,negative,201312_113.83443584337306_22.74126975401547.png
signs,not a refuge,avoid relaxation,negative,201312_113.83443584337306_22.74126975401547.png
traffic,potential stress,difficulty detaching,negative,201312_113.830443_22.644925700000005.png
roads,not a refuge,navigating urban traffic,negative,201312_113.830443_22.644925700000005.png
infrastructure,urban ambiance,increased activity,negative,201312_113.830443_22.644925700000005.png
streetscape,lack of escape,avoidance of daily concerns,negative,201312_113.83572026600113_22.73146253989801.png
shops,overstimulation,increased activity,negative,201312_113.83572026600113_22.73146253989801.png
traffic,stress,distraction from relaxation,negative,201312_113.83572026600113_22.73146253989801.png
urban atmosphere,mental demands,inability to relax,negative,201312_113.83572026600113_22.73146253989801.png
store,not a true refuge,lack of escape,negative,201312_113.8360353_22.761185699999995.png
cars,active urban environment,engagement with surroundings,neutral,201312_113.8360353_22.761185699999995.png
poles,lack of tranquility,increased awareness of tasks,negative,201312_113.8360353_22.761185699999995.png
wires,disruption of peace,focus on daily nuisances,negative,201312_113.8360353_22.761185699999995.png
street,lack of tranquility,inability to escape,negative,201312_113.8235017_22.698809100000002.png
traffic,engagement with pressures,increased stress,negative,201312_113.8235017_22.698809100000002.png
shops,overstimulation,distraction from relaxation,negative,201312_113.8235017_22.698809100000002.png
signage,visual clutter,decreased focus,negative,201312_113.8235017_22.698809100000002.png
pedestrians,crowdedness,avoidance of space,negative,201312_113.8235017_22.698809100000002.png
street,not a refuge,continue daily activities,negative,201312_113.8409926803816_22.75012227013069.png
cars,busy environment,engage in tasks,negative,201312_113.8409926803816_22.75012227013069.png
pedestrians,crowded feeling,move quickly,negative,201312_113.8409926803816_22.75012227013069.png
commercial,demanding atmosphere,participate in commerce,negative,201312_113.8409926803816_22.75012227013069.png
street,lack of escape,avoidance of refuge,negative,201312_113.8346455_22.695685499999996.png
traffic,overwhelmed by activity,increased stress,negative,201312_113.8346455_22.695685499999996.png
buildings,urban confinement,limited relaxation,negative,201312_113.8346455_22.695685499999996.png
greenery,sense of escape,mental break,positive,201312_113.83914327807292_22.754952015391464.png
trees,feeling of removal,stress relief,positive,201312_113.83914327807292_22.754952015391464.png
sky,sunny disposition,enhanced mood,positive,201312_113.83914327807292_22.754952015391464.png
streetscape,limited sense of being away,not escaping thoughts,negative,201312_113.85651230262431_22.656305210826364.png
traffic,stressful environment,increased anxiety,negative,201312_113.85651230262431_22.656305210826364.png
construction,disruption of peace,avoidance of area,negative,201312_113.85651230262431_22.656305210826364.png
traffic,lack of escape,routine obligations,negative,201312_113.83718987956412_22.73739513103713.png
buildings,mental detachment hindered,daily stressors,negative,201312_113.83718987956412_22.73739513103713.png
infrastructure,sense of obligation,engagement in city activities,negative,201312_113.83718987956412_22.73739513103713.png
sky,open space,limited mental relief,neutral,201312_113.83718987956412_22.73739513103713.png
greenery,peaceful atmosphere,escape from daily demands,positive,201312_113.8374755_22.647390599999994.png
intersection,sense of separation,distract from immediate concerns,positive,201312_113.8374755_22.647390599999994.png
nature,feeling of being away,contribute to relaxation,positive,201312_113.8374755_22.647390599999994.png
greenery,moderate sense of being away,partial escape from urban nuisability,positive,201312_113.8530002_22.568199100000005.png
playground,degree of respite,encourages relaxation,positive,201312_113.8530002_22.568199100000005.png
buildings,not entirely removed from daily life,reminds of urban demands,negative,201312_113.8530002_22.568199100000005.png
infrastructure,suggests urban presence,limits complete detachment,negative,201312_113.8530002_22.568199100000005.png
greenery,sense of being away,momentary escape,positive,201312_113.85777283738314_22.642709229323334.png
trees,separation from daily life,escape nuisances,positive,201312_113.85777283738314_22.642709229323334.png
mountains,feeling of detachment,temporary retreat,positive,201312_113.85777283738314_22.642709229323334.png
roads,not complete wilderness,awareness of surroundings,negative,201312_113.85777283738314_22.642709229323334.png
infrastructure,tempered detachment,acknowledgment of daily concerns,negative,201312_113.85777283738314_22.642709229323334.png
trees,moderate sense of being away,brief mental departure,positive,201312_113.8578372_22.5682381.png
greenery,slight refuge,escape from urban demands,positive,201312_113.8578372_22.5682381.png
slope,visual separation,reduce daily concerns,positive,201312_113.8578372_22.5682381.png
cars,inhabited area,engagement with daily life,neutral,201312_113.8574523_22.571860800000003.png
buildings,functional space,continuation of routine,neutral,201312_113.8574523_22.571860800000003.png
power lines,urban presence,acceptance of environment,negative,201312_113.8574523_22.571860800000003.png
quiet,sense of calm,temporary respite,positive,201312_113.8574523_22.571860800000003.png
roads,not conducive to being away,increased distractions,negative,201312_113.85980904184744_22.648029621847705.png
vehicles,not a refuge,escape from responsibilities,negative,201312_113.85980904184744_22.648029621847705.png
buildings,filled with demands,lack of relaxation,negative,201312_113.85980904184744_22.648029621847705.png
road,lack of refuge,seeking escape,negative,201312_113.876258209507_22.67064777876147.png
traffic,stress,avoiding the area,negative,201312_113.876258209507_22.67064777876147.png
infrastructure,functional detachment,not lingering,negative,201312_113.876258209507_22.67064777876147.png
traffic,lack of peace,avoidance of thoughts,negative,201312_113.860416_22.5694392.png
commercial,stressful environment,escape from daily life,negative,201312_113.860416_22.5694392.png
natural,unfulfilled need for tranquility,desire for refuge,negative,201312_113.860416_22.5694392.png
trees,not a clear refuge,continuation of everyday life,negative,201312_113.8659038_22.605222400000002.png
traffic,sense of escape lacking,engagement in daily activities,negative,201312_113.8659038_22.605222400000002.png
buildings,urban nuisances present,no detachment from environment,negative,201312_113.8659038_22.605222400000002.png
pedestrian,ongoing activity,participation in urban life,negative,201312_113.8659038_22.605222400000002.png
road,not a refuge,continuation of activity,negative,201312_113.88293720000001_22.8212419.png
traffic,ongoing obligations,inability to escape,negative,201312_113.88293720000001_22.8212419.png
highway,sense of distance,lack of contemplation,negative,201312_113.88293720000001_22.8212419.png
traffic,feeling of being overwhelmed,avoidance of stress,negative,201312_113.8877873_22.674002400000003.png
buildings,lack of mental escape,increased focus on daily routines,negative,201312_113.8877873_22.674002400000003.png
pedestrians,sense of busyness,engagement in daily activities,neutral,201312_113.8877873_22.674002400000003.png
vehicles,lack of quietude,avoidance of space,negative,201312_113.8844253_22.668941099999998.png
signage,continuous demand for attention,distraction from relaxation,negative,201312_113.8844253_22.668941099999998.png
pedestrians,not a refuge,increased stress,negative,201312_113.8844253_22.668941099999998.png
streetscape,focused on daily tasks,engagement with surroundings,negative,201312_113.8966185193665_22.67673893440902.png
traffic,not a refuge,routine activities,negative,201312_113.8966185193665_22.67673893440902.png
buildings,demands on thoughts,practical engagement,negative,201312_113.8966185193665_22.67673893440902.png
environment,lack of mental detachment,continued routine,negative,201312_113.8966185193665_22.67673893440902.png
road,not a refuge,difficult to disconnect,negative,201312_113.9001954_22.673202699999997.png
gas station,active environment,not a tranquil escape,negative,201312_113.9001954_22.673202699999997.png
traffic,ongoing concerns,distracted from responsibilities,negative,201312_113.9001954_22.673202699999997.png
highway,lack of refuge,continued commuting,negative,201312_113.89200644069061_22.81193671333176.png
infrastructure,sense of confinement,avoidance of relaxation,negative,201312_113.89200644069061_22.81193671333176.png
walkway,sense of being away from daily stressors,mental escape,positive,201312_113.9104919_22.707616799999997.png
trees,mental escape,relaxation,positive,201312_113.9104919_22.707616799999997.png
traffic,diminished feeling of refuge,avoidance,negative,201312_113.9104919_22.707616799999997.png
greenery,calm environment,limited escape,negative,201312_113.9201526_22.757344299999996.png
traffic,not a true refuge,increased stress,negative,201312_113.9201526_22.757344299999996.png
infrastructure,transit space,distraction from concerns,negative,201312_113.9201526_22.757344299999996.png
road,sense of detachment,escape from urban demands,positive,201312_113.92843742482079_22.742538568001862.png
vegetation,sense of detachment,escape from urban demands,positive,201312_113.92843742482079_22.742538568001862.png
traffic,limited escape,stay aware of immediate concerns,negative,201312_113.92843742482079_22.742538568001862.png
construction,limited escape,stay aware of immediate concerns,negative,201312_113.92843742482079_22.742538568001862.png
pathway,potential escape,mental retreat,positive,201312_113.89281280000002_22.556411099999995.png
trees,peaceful environment,relaxation,positive,201312_113.89281280000002_22.556411099999995.png
spaces,degree of separation,stress relief,positive,201312_113.89281280000002_22.556411099999995.png
infrastructure,orderliness,comfort,positive,201312_113.89281280000002_22.556411099999995.png
fields,temporary escape,seeking refuge,positive,201312_113.9319524_22.7820153.png
roads,limited feeling of being away,feeling constrained,negative,201312_113.9319524_22.7820153.png
buildings,lack of refuge,avoiding the area,negative,201312_113.9319524_22.7820153.png
sky,sense of openness,enjoying the view,positive,201312_113.9319524_22.7820153.png
vehicles,distraction from nature,feeling overwhelmed,negative,201312_113.9319524_22.7820153.png
intersection,not a refuge,engaged in transit,negative,201312_113.9332992_22.683222899999997.png
traffic,sense of activity,moving through space,neutral,201312_113.9332992_22.683222899999997.png
buildings,lack of respite,participating in urban life,negative,201312_113.9332992_22.683222899999997.png
greenery,somewhat tranquil,seeking refuge,positive,201312_113.92896073426577_22.788379996341252.png
buildings,busy area,engaging with urban life,neutral,201312_113.92896073426577_22.788379996341252.png
power lines,functional environment,accepting urban realities,negative,201312_113.92896073426577_22.788379996341252.png
road,not a complete escape,continuing daily routine,negative,201312_113.92896073426577_22.788379996341252.png
vehicles,sense of busyness,participating in urban activity,neutral,201312_113.92896073426577_22.788379996341252.png
machinery,nuisance,avoidance,negative,201312_113.93568964381272_22.79704532316997.png
dust,disruption,avoidance,negative,201312_113.93568964381272_22.79704532316997.png
development,stress,escape,negative,201312_113.93568964381272_22.79704532316997.png
street,difficult to feel mentally detached,unlikely to serve as a refuge,negative,201312_113.93225513663295_22.67354575658441.png
traffic,bustling environment,constant activity,negative,201312_113.93225513663295_22.67354575658441.png
pedestrian,active engagement,distracted from daily tasks,negative,201312_113.93225513663295_22.67354575658441.png
buildings,disruption,avoidance of space,negative,201312_113.93280873958427_22.797684582528913.png
environment,lack of tranquility,increased stress,negative,201312_113.93280873958427_22.797684582528913.png
elements,absence of leisure,decreased relaxation,negative,201312_113.93280873958427_22.797684582528913.png
infrastructure,lack of escape,no mental departure,negative,201312_113.93289859477152_22.800449818195553.png
construction,continuation of built environment,no retreat,negative,201312_113.93289859477152_22.800449818195553.png
elements,absence of natural features,no facilitation of mental departure,negative,201312_113.93289859477152_22.800449818195553.png
street,lack of refuge,avoidance of stress,negative,201312_113.940145_22.6708651.png
greenery,slight relief,temporary escape,neutral,201312_113.940145_22.6708651.png
buildings,urban demands,acceptance of routine,negative,201312_113.940145_22.6708651.png
vehicles,stress from traffic,increased anxiety,negative,201312_113.940145_22.6708651.png
road,sense of detachment,temporary refuge,positive,201312_113.9400991_22.675618299999996.png
surroundings,relative quiet,escape from routine,positive,201312_113.9400991_22.675618299999996.png
scenery,natural beauty,relaxation,positive,201312_113.9400991_22.675618299999996.png
traffic,lack of refuge,difficulty to detach,negative,201312_113.9447581_22.788198900000005.png
road,functional area,not for escape,negative,201312_113.9447581_22.788198900000005.png
development,constant activity,inability to relax,negative,201312_113.9447581_22.788198900000005.png
construction,lack of escape,difficulty disconnecting,negative,201312_113.94724641296688_22.762202944327534.png
traffic,active urban setting,persistent thoughts of tasks,negative,201312_113.94724641296688_22.762202944327534.png
commercial,ongoing distractions,inability to relax,negative,201312_113.94724641296688_22.762202944327534.png
roadway,lack of mental distance,difficulty in escaping,negative,201312_113.9421799_22.6686978.png
stalls,part of everyday hustle,inability to stop thinking,negative,201312_113.9421799_22.6686978.png
containers,urban nuisances,feeling overwhelmed,negative,201312_113.9421799_22.6686978.png
traffic,distraction from tasks,inability to relax,negative,201312_113.9421799_22.6686978.png
intersection,lack of privacy,avoidance of the area,negative,201312_113.94683940000002_22.745170999999996.png
construction,distraction,increased transit,negative,201312_113.94683940000002_22.745170999999996.png
traffic,stress,hurry through,negative,201312_113.94683940000002_22.745170999999996.png
road,lack of escape,remain connected,negative,201312_113.94687218395403_22.792900726064204.png
buildings,distraction from daily life,engage in commerce,negative,201312_113.94687218395403_22.792900726064204.png
traffic,stressful environment,transit,negative,201312_113.94687218395403_22.792900726064204.png
road,mental escape,respite from city life,positive,201312_113.94748592446027_22.77183085041752.png
vehicles,quiet atmosphere,separation from urban nuisances,positive,201312_113.94748592446027_22.77183085041752.png
buildings,tranquil character,relaxation,positive,201312_113.94748592446027_22.77183085041752.png
nature,peacefulness,mental escape,positive,201312_113.94748592446027_22.77183085041752.png
highway,not a refuge,avoid relaxation,negative,201312_113.95310359293084_22.71916721241418.png
traffic,associated with transit,continue moving,negative,201312_113.95310359293084_22.71916721241418.png
street,low sense of being away,connection to daily life,negative,201312_113.9522727_22.793913.png
vehicles,potential distractions,avoidance of routine,negative,201312_113.9522727_22.793913.png
shops,lack of mental detachment,engagement with surroundings,negative,201312_113.9522727_22.793913.png
greenery,slight escape from urban clutter,seek refuge,positive,201312_113.95561950000001_22.7145902.png
highway,difficulty detaching from daily concerns,focus on driving,negative,201312_113.95561950000001_22.7145902.png
highway,not a refuge,focus on journey,negative,201312_113.9569087_22.710923500000003.png
traffic,constant disturbance,avoidance of thoughts,negative,201312_113.9569087_22.710923500000003.png
buildings,urban development,engagement with environment,neutral,201312_113.9569087_22.710923500000003.png
cranes,signs of construction,focus on surroundings,neutral,201312_113.9569087_22.710923500000003.png
road,lack of refuge,not stopping thoughts,negative,201312_113.9485822_22.767552100000003.png
infrastructure,busy environment,not escaping tasks,negative,201312_113.9485822_22.767552100000003.png
power lines,functional space,not finding tranquility,negative,201312_113.9485822_22.767552100000003.png
signs,lack of tranquility,not facilitating escape,negative,201312_113.9485822_22.767552100000003.png
trees,lack of escape,no refuge seeking,negative,201312_113.9429058_22.681555399999997.png
bridge,lack of separation,no distancing from responsibilities,negative,201312_113.9429058_22.681555399999997.png
shops,connected to daily life,engagement in routine activities,neutral,201312_113.9429058_22.681555399999997.png
vehicles,busy environment,continuation of daily tasks,negative,201312_113.9429058_22.681555399999997.png
pedestrians,active atmosphere,participation in urban life,neutral,201312_113.9429058_22.681555399999997.png
greenery,moderate sense of escape,momentarily detach from daily concerns,positive,201312_113.9571939_22.735764799999995.png
hills,tranquil atmosphere,momentarily detach from daily concerns,positive,201312_113.9571939_22.735764799999995.png
sky,contrast to urban nuisances,momentarily detach from daily concerns,positive,201312_113.9571939_22.735764799999995.png
road,not inherently stressful,pass through without stress,neutral,201312_113.9571939_22.735764799999995.png
traffic,not a complete refuge,remain aware of surroundings,negative,201312_113.9571939_22.735764799999995.png
traffic,lack of refuge,avoidance of space,negative,201312_113.9532978470833_22.688725149365723.png
commerce,mental detachment difficulty,continuation of tasks,negative,201312_113.9532978470833_22.688725149365723.png
pedestrian,overwhelmed by activity,increased stress,negative,201312_113.9532978470833_22.688725149365723.png
sky,slight sense of escape,seeking refuge,positive,201312_113.9594006_22.7664273.png
landscape,feeling of removal,escaping daily concerns,positive,201312_113.9594006_22.7664273.png
road,not a true refuge,staying in urban pressures,negative,201312_113.9594006_22.7664273.png
vehicles,visible urban presence,maintaining daily concerns,negative,201312_113.9594006_22.7664273.png
trees,sense of greenery,moderate escape,positive,201312_113.9624331_22.795895.png
roads,diminished escape,awareness of human activity,negative,201312_113.9624331_22.795895.png
vehicles,slight disruption,acknowledgment of infrastructure,negative,201312_113.9624331_22.795895.png
trees,moderate sense of being away,slight escape from urban nuisances,positive,201312_113.9629334_22.596588599999997.png
sky,moderate sense of being away,slight escape from urban nuisances,positive,201312_113.9629334_22.596588599999997.png
roads,not a complete refuge,remains aware of daily responsibilities,negative,201312_113.9629334_22.596588599999997.png
buildings,not a complete refuge,remains aware of daily responsibilities,negative,201312_113.9629334_22.596588599999997.png
vehicles,not a complete refuge,remains aware of daily responsibilities,negative,201312_113.9629334_22.596588599999997.png
road,limited sense of escape,difficulty in detaching from concerns,negative,201312_113.96037321245348_22.71031364112373.png
architecture,lack of natural beauty,no strong sense of refuge,negative,201312_113.96037321245348_22.71031364112373.png
traffic,lack of escape,stay engaged,negative,201312_113.95807713632374_22.69596139553345.png
buildings,transitional space,move through,negative,201312_113.95807713632374_22.69596139553345.png
infrastructure,connection to everyday life,continue routine,negative,201312_113.95807713632374_22.69596139553345.png
trees,sense of escape,temporary detachment,positive,201312_113.96347738401079_22.808961303980453.png
sky,sense of escape,temporary detachment,positive,201312_113.96347738401079_22.808961303980453.png
road,not a complete refuge,functional use,neutral,201312_113.96347738401079_22.808961303980453.png
trees,sense of escape,seeking tranquility,positive,201312_113.9639165641494_22.592330286341497.png
space,relief from distractions,finding peace,positive,201312_113.9639165641494_22.592330286341497.png
roads,not complete wilderness,acknowledging limits,neutral,201312_113.9639165641494_22.592330286341497.png
nature,departure from urban hustle,escaping daily demands,positive,201312_113.9639165641494_22.592330286341497.png
trees,not a natural retreat,unlikely to escape,negative,201312_113.9663157_22.5911024.png
buildings,part of everyday world,no significant break,negative,201312_113.9663157_22.5911024.png
traffic,evokes daily demands,maintain typical thoughts,negative,201312_113.9663157_22.5911024.png
construction,lack of refuge,avoidance of space,negative,201312_113.97725700000001_22.692804.png
infrastructure,urban annoyance,stress increase,negative,201312_113.97725700000001_22.692804.png
environment,ordinary setting,difficulty in mental detachment,negative,201312_113.97725700000001_22.692804.png
highway,not a refuge,engaged in travel,negative,201312_113.9738335_22.7337.png
traffic,stressful environment,commuting,negative,201312_113.9738335_22.7337.png
roads,moderate sense of being away,detachment from routines,neutral,201312_113.97779910000001_22.583089800000003.png
vehicles,not a complete sanctuary,recognition of demands,negative,201312_113.97779910000001_22.583089800000003.png
materials,sense of detachment,temporary escape,positive,201312_113.97779910000001_22.583089800000003.png
street,not a refuge,engagement,negative,201312_113.9768203_22.7324706.png
vehicles,constant presence,distraction,negative,201312_113.9768203_22.7324706.png
buildings,urban bustle,activity,neutral,201312_113.9768203_22.7324706.png
buildings,weak sense of escape,limited mental disengagement,negative,201312_113.98020260000001_22.706513.png
traffic,connected to daily demands,increased stress,negative,201312_113.98020260000001_22.706513.png
road,transitional space,functional use,neutral,201312_113.98020260000001_22.706513.png
road,sense of being away,feelings of escape,positive,201312_113.9866768764742_22.71677410752129.png
landscapes,feelings of tranquility,sense of relaxation,positive,201312_113.9866768764742_22.71677410752129.png
hills,sense of scale,enhanced perception of space,positive,201312_113.9866768764742_22.71677410752129.png
street,limited sense of escape,seeking refuge,negative,201312_114.02460795663488_22.690583366445924.png
vehicles,active urban environment,distraction from daily demands,negative,201312_114.02460795663488_22.690583366445924.png
buildings,lack of strong refuge,avoidance of stress,negative,201312_114.02460795663488_22.690583366445924.png
foliage,degree of visual separation,escape from urban nuisances,positive,201312_114.02329532604585_22.718456107324215.png
road,not a complete refuge,limits feeling of being away,negative,201312_114.02329532604585_22.718456107324215.png
vehicles,presence of urban nuisances,inhibits relaxation,negative,201312_114.02329532604585_22.718456107324215.png
street,limited sense of escape,none,negative,201312_114.0020013_22.7316767.png
traffic,mental burden,none,negative,201312_114.0020013_22.7316767.png
construction,everyday grind,none,negative,201312_114.0020013_22.7316767.png
commercial,lack of tranquility,none,negative,201312_114.0020013_22.7316767.png
traffic,not a refuge,disconnect from concerns,negative,201312_113.98465042947734_22.697789878371264.png
buildings,ongoing activity,engage in daily life,negative,201312_113.98465042947734_22.697789878371264.png
infrastructure,connected to routines,continue typical activities,negative,201312_113.98465042947734_22.697789878371264.png
trees,sense of escape,mental detachment,positive,201312_114.1090122_22.6811702.png
road,diminished refuge,awareness of infrastructure,negative,201312_114.1090122_22.6811702.png
scenery,contrast to busy environments,relaxation,positive,201312_114.1090122_22.6811702.png
power lines,hint of urban presence,increased stress,negative,201312_114.1090122_22.6811702.png
traffic,not a refuge,daily routines,negative,201312_113.9868342_22.6970249.png
buildings,ordinary life,everyday concerns,negative,201312_113.9868342_22.6970249.png
vehicle,lack of escape,commuting,negative,201312_113.9868342_22.6970249.png
streetscape,lack of escape,limited mental detachment,negative,201312_114.01953790895728_22.71317023818615.png
greenery,minimal refuge,no significant relaxation,negative,201312_114.01953790895728_22.71317023818615.png
infrastructure,stressful environment,increased daily demands,negative,201312_114.01953790895728_22.71317023818615.png
traffic,distraction,avoidance of relaxation,negative,201312_114.01953790895728_22.71317023818615.png
trees,visual respite,escape from urban hustle,positive,201312_114.12473379288609_22.683326689080907.png
sunlight,sense of calm,relaxation,positive,201312_114.12473379288609_22.683326689080907.png
construction,distraction,inability to fully relax,negative,201312_114.12473379288609_22.683326689080907.png
greenery,sense of being away,temporary escape,positive,201312_114.12473379288609_22.683326689080907.png
concrete,urban demands,stress,negative,201312_114.12473379288609_22.683326689080907.png
police,sense of security,feel safe,positive,201312_114.0766239_22.750108900000004.png
entrance,sense of separation,avoid chaos,positive,201312_114.0766239_22.750108900000004.png
trees,temporary escape,relax,positive,201312_114.0766239_22.750108900000004.png
spaces,buffer from urban environment,reduce stress,positive,201312_114.0766239_22.750108900000004.png
infrastructure,not a refuge,no escape,negative,201312_114.13003_22.6889903.png
activity,part of everyday grind,no detachment,negative,201312_114.13003_22.6889903.png
trees,limited mental respite,continue daily routines,negative,201312_114.0251038_22.7133515.png
streets,lack of escape,engage in commerce,negative,201312_114.0251038_22.7133515.png
skies,minimal refuge,observe surroundings,neutral,201312_114.0251038_22.7133515.png
traffic,sense of routine,maintain daily activities,negative,201312_114.0251038_22.7133515.png
street,difficult to escape,find refuge,negative,201312_114.1371844_22.686265900000006.png
traffic,constant presence,escape demands,negative,201312_114.1371844_22.686265900000006.png
commercial,visible everyday life,avoid distractions,negative,201312_114.1371844_22.686265900000006.png
construction,lack of relaxation,avoid the area,negative,201312_114.14028577812942_22.64580744386048.png
debris,stressful environment,seek refuge elsewhere,negative,201312_114.14028577812942_22.64580744386048.png
cranes,distraction from respite,move away,negative,201312_114.14028577812942_22.64580744386048.png
silos,industrial atmosphere,reduce time spent,negative,201312_114.14028577812942_22.64580744386048.png
infrastructure,lack of mental detachment,no escape from daily demands,negative,201312_114.139972570633_22.674626512428038.png
buildings,ordinary urban space,limited restorative experience,negative,201312_114.139972570633_22.674626512428038.png
noise,temporary refuge,avoid overwhelming crowds,neutral,201312_114.139972570633_22.674626512428038.png
trees,natural escape,detachment from daily demands,positive,201312_114.14506092354861_22.693567282949985.png
greenery,sense of calm,relaxation,positive,201312_114.14506092354861_22.693567282949985.png
traffic,distraction,avoidance of stress,negative,201312_114.14506092354861_22.693567282949985.png
road,lack of complete refuge,increased awareness,negative,201312_114.14506092354861_22.693567282949985.png
vehicles,lack of refuge,difficulty disconnecting,negative,201312_114.0305048_22.7552166.png
poles,feeling of pressure,inability to relax,negative,201312_114.0305048_22.7552166.png
elements,constant activity,increased stress,negative,201312_114.0305048_22.7552166.png
construction,unfinished surroundings,distraction from thoughts,negative,201312_114.0305048_22.7552166.png
street,lack of escape,no mental detachment,negative,201312_114.1465315_22.64902.png
traffic,stressful environment,increased tension,negative,201312_114.1465315_22.64902.png
structures,utilitarian space,limited relaxation,negative,201312_114.1465315_22.64902.png
road,lack of escape,avoidance of stress,negative,201312_114.1468709_22.670344.png
traffic,overwhelmed by demands,increased anxiety,negative,201312_114.1468709_22.670344.png
street,lack of refuge,avoidance of stress,negative,201312_114.1505006_22.683427199999993.png
traffic,increased stress,distraction from thoughts,negative,201312_114.1505006_22.683427199999993.png
pedestrian,crowdedness,withdrawal,negative,201312_114.1505006_22.683427199999993.png
commercial,overstimulation,escape,negative,201312_114.1505006_22.683427199999993.png
greenery,sense of escape,temporary mental detachment,positive,201312_114.1545373_22.6585078.png
street,break from demands,relaxation from city life,positive,201312_114.1545373_22.6585078.png
street,lack of refuge,avoidance of daily demands,negative,201312_114.15496564402403_22.68774104495292.png
construction,increased stress,seeking quieter spaces,negative,201312_114.15496564402403_22.68774104495292.png
traffic,feeling overwhelmed,desire for escape,negative,201312_114.15496564402403_22.68774104495292.png
buildings,sense of confinement,search for open areas,negative,201312_114.15496564402403_22.68774104495292.png
street,minimal feeling of escape,lack of refuge seeking,negative,201312_114.1564987_22.682483800000004.png
traffic,associated pressures,avoidance of stress,negative,201312_114.1564987_22.682483800000004.png
buildings,connected to urban life,engagement in daily routines,neutral,201312_114.1564987_22.682483800000004.png
road,lack of escape,continuing daily routines,negative,201312_114.1675356_22.644914899999993.png
streetlights,functional environment,navigating urban space,neutral,201312_114.1675356_22.644914899999993.png
buildings,urban demands,engaging with city life,negative,201312_114.1675356_22.644914899999993.png
street,sense of being away,mental break,positive,201312_114.1701336_22.6451791.png
environment,refuge from nuisances,escape from tasks,positive,201312_114.1701336_22.6451791.png
street,lack of escape,continuing responsibilities,negative,201312_114.17593013178106_22.636968925868143.png
buildings,lack of tranquility,avoiding relaxation,negative,201312_114.17593013178106_22.636968925868143.png
traffic,stressful environment,increased activity,negative,201312_114.17593013178106_22.636968925868143.png
intersection,minimal psychological escape,difficulty detaching from concerns,negative,201312_114.17911787827708_22.646863043098495.png
traffic,busy and overwhelming,increased stress,negative,201312_114.17911787827708_22.646863043098495.png
shops,connection to usual demands,engagement in commercial activity,neutral,201312_114.17911787827708_22.646863043098495.png
construction,demanding attention,increased focus,negative,201312_114.1743229_22.648339499999995.png
traffic,lack of tranquility,avoidance of relaxation,negative,201312_114.1743229_22.648339499999995.png
infrastructure,busy environment,heightened stress,negative,201312_114.1743229_22.648339499999995.png
natural elements,reduced restorative potential,lack of escape,negative,201312_114.1743229_22.648339499999995.png
street,not a refuge,continue daily tasks,negative,201312_114.18655560000002_22.637104.png
commerce,active engagement,participate in activities,neutral,201312_114.18655560000002_22.637104.png
traffic,stressful environment,avoid the area,negative,201312_114.18655560000002_22.637104.png
intersection,not a refuge,wish to escape,negative,201312_114.18679310000002_22.650756199999996.png
traffic,stressful environment,avoidance,negative,201312_114.18679310000002_22.650756199999996.png
pedestrian,crowded space,seeking solitude,negative,201312_114.18679310000002_22.650756199999996.png
commercial,demanding atmosphere,desire for peace,negative,201312_114.18679310000002_22.650756199999996.png
trees,sense of separation,feeling of escape,positive,201312_114.18534443829918_22.652647385478126.png
greenery,sense of being away,escape from demands,positive,201312_114.18534443829918_22.652647385478126.png
sky,calm environment,relaxation,positive,201312_114.18534443829918_22.652647385478126.png
street,lack of escape,avoidance of daily concerns,negative,201312_114.18090536599144_22.643472136404366.png
construction,distraction from relaxation,increased stress,negative,201312_114.18090536599144_22.643472136404366.png
traffic,overwhelmed by activity,inability to unwind,negative,201312_114.18090536599144_22.643472136404366.png
road,partial sense of being away,limited escape from daily demands,neutral,201312_114.18888920000002_22.625178400000003.png
greenery,not a strong refuge,minimal relaxation,negative,201312_114.18888920000002_22.625178400000003.png
vehicles,distraction from tranquility,increased stress,negative,201312_114.18888920000002_22.625178400000003.png
construction,lack of isolation,reduced comfort,negative,201312_114.18888920000002_22.625178400000003.png
highway,temporary distraction from routine,driving,neutral,201312_114.19084678366524_22.66063459298591.png
vehicles,not a complete escape,awareness of surroundings,negative,201312_114.19084678366524_22.66063459298591.png
urban,visual separation from clutter,avoidance of daily concerns,positive,201312_114.19084678366524_22.66063459298591.png
street,lack of detachment,continue daily routines,negative,201312_114.19316369793675_22.635618175979587.png
infrastructure,functional environment,navigate urban space,neutral,201312_114.19316369793675_22.635618175979587.png
pedestrians,busy atmosphere,engage with surroundings,neutral,201312_114.19316369793675_22.635618175979587.png
cyclists,active environment,move through space,neutral,201312_114.19316369793675_22.635618175979587.png
vehicles,traffic presence,adapt to flow,negative,201312_114.19316369793675_22.635618175979587.png
traffic,lack of escape,maintaining routine,negative,201312_114.1908895_22.5558844.png
buildings,connection to routine,engaging in daily activities,negative,201312_114.1908895_22.5558844.png
greenery,minimal relief,seeking respite,neutral,201312_114.1908895_22.5558844.png
traffic lights,reinforcement of order,following traffic rules,neutral,201312_114.1908895_22.5558844.png
pedestrian crossings,necessity for safety,crossing streets,neutral,201312_114.1908895_22.5558844.png
trees,degree of escape,mental detachment,positive,201312_114.1945279_22.639228699999997.png
vehicles,less demanding atmosphere,casual pedestrian activity,positive,201312_114.1945279_22.639228699999997.png
roads,stressful environment,increased attention,negative,201312_114.1943834_22.631455699999997.png
traffic,busy atmosphere,avoidance of the area,negative,201312_114.1943834_22.631455699999997.png
power lines,distraction,navigation focus,negative,201312_114.1943834_22.631455699999997.png
greenery,mild sense of escape,temporary respite,positive,201312_114.1950844_22.634264699999992.png
sky,mild sense of escape,temporary respite,positive,201312_114.1950844_22.634264699999992.png
roads,low to moderate sense of being away,none,negative,201312_114.1950844_22.634264699999992.png
traffic,low to moderate sense of being away,none,negative,201312_114.1950844_22.634264699999992.png
infrastructure,low to moderate sense of being away,none,negative,201312_114.1950844_22.634264699999992.png
pedestrian areas,temporary respite,mild sense of escape,positive,201312_114.1950844_22.634264699999992.png
highway,detracted focus,increased mental engagement,negative,201312_114.19602911551343_22.663121813261984.png
vehicles,lack of escape,continued driving,negative,201312_114.19602911551343_22.663121813261984.png
greenery,sense of physical distance,seeking escape,positive,201312_114.1961887_22.708436.png
traffic,not a complete escape,increased stress,negative,201312_114.1961887_22.708436.png
overpass,degree of separation,perception of distance,neutral,201312_114.1961887_22.708436.png
highway,moderate sense of being away,mental escape,positive,201312_114.2010636_22.665965500000006.png
greenery,visual break from urban nuisances,mental escape,positive,201312_114.2010636_22.665965500000006.png
traffic,prevent complete detachment,remain concerned,negative,201312_114.2010636_22.665965500000006.png
built environment,prevent complete detachment,remain concerned,negative,201312_114.2010636_22.665965500000006.png
highway,low feeling of being away,no escape from obligations,negative,201312_114.19775787834423_22.663948568441985.png
traffic,reminder of daily concerns,increased awareness of travel demands,negative,201312_114.19775787834423_22.663948568441985.png
infrastructure,lack of refuge,no relaxation or escape,negative,201312_114.19775787834423_22.663948568441985.png
traffic,lack of mental detachment,continuation of daily life,negative,201312_114.19969620936563_22.652557138337144.png
shops,functional environment,engagement in daily activities,negative,201312_114.19969620936563_22.652557138337144.png
pedestrians,busy atmosphere,social interaction,neutral,201312_114.19969620936563_22.652557138337144.png
highway,low sense of escape,limited refuge seeking,negative,201312_114.2033489_22.668222899999993.png
vehicles,urban nuisance,avoidance of travel,negative,201312_114.2033489_22.668222899999993.png
structures,lack of escape,no refuge seeking,negative,201312_114.2022029_22.657184499999996.png
elements,not aesthetically pleasing,no relaxation,negative,201312_114.2022029_22.657184499999996.png
cues,typical urban life,no departure,negative,201312_114.2022029_22.657184499999996.png
corner,lack of refuge,distraction from routine,negative,201312_114.2074247_22.6760155.png
activity,sense of hustle,engagement with surroundings,negative,201312_114.2074247_22.6760155.png
traffic,feeling of busyness,avoidance of space,negative,201312_114.2074247_22.6760155.png
space,limited sense of being away,not escaping daily demands,negative,201312_114.1964133_22.669798999999998.png
construction,lack of refuge,engaging in functional activities,negative,201312_114.1964133_22.669798999999998.png
people,feeling of busyness,waiting or working,negative,201312_114.1964133_22.669798999999998.png
urban,not a natural retreat,experiencing hustle and bustle,negative,201312_114.1964133_22.669798999999998.png
intersection,lack of escape,difficult to disengage,negative,201312_114.20805200000001_22.6377857.png
traffic,mental clutter,increased stress,negative,201312_114.20805200000001_22.6377857.png
infrastructure,no refuge,feeling overwhelmed,negative,201312_114.20805200000001_22.6377857.png
trees,limited sense of escape,difficulty in disconnecting,negative,201312_114.21492477006552_22.750303352861994.png
buildings,urban stress,inability to relax,negative,201312_114.21492477006552_22.750303352861994.png
road,lack of tranquility,feeling overwhelmed,negative,201312_114.21492477006552_22.750303352861994.png
traffic,constant distraction,inability to focus,negative,201312_114.21492477006552_22.750303352861994.png
greenery,sense of being away,temporary escape,positive,201312_114.2176059_22.68184889999999.png
sky,visual break,relief from density,positive,201312_114.2176059_22.68184889999999.png
traffic,ongoing demands,limited refuge,negative,201312_114.2176059_22.68184889999999.png
road,clear infrastructure,restricted restoration,negative,201312_114.2176059_22.68184889999999.png
trees,minimal escape from concerns,limited relaxation,negative,201312_114.2148053_22.727966299999995.png
buildings,functional urban environment,routine engagement,neutral,201312_114.2148053_22.727966299999995.png
traffic,lack of mental detachment,avoidance of deeper reflection,negative,201312_114.2148053_22.727966299999995.png
sky,sense of openness,encouragement to observe,positive,201312_114.2148053_22.727966299999995.png
lighting,bright and inviting atmosphere,enhanced visibility,positive,201312_114.2148053_22.727966299999995.png
street,lack of escape,avoidance of urban life,negative,201312_114.2186886_22.6391748.png
vehicles,overwhelmed by traffic,stress response,negative,201312_114.2186886_22.6391748.png
buildings,sense of confinement,desire for refuge,negative,201312_114.2186886_22.6391748.png
pedestrians,feeling of busyness,increased anxiety,negative,201312_114.2186886_22.6391748.png
roadway,limited mental escape,difficulty disconnecting,negative,201312_114.22741642663604_22.6742870331036.png
traffic,ongoing stress,increased anxiety,negative,201312_114.22741642663604_22.6742870331036.png
barriers,feeling trapped,avoidance of the area,negative,201312_114.22741642663604_22.6742870331036.png
street,lack of escape,difficulty disengaging,negative,201312_114.2215308_22.638467100000003.png
traffic,mental strain,inability to find respite,negative,201312_114.2215308_22.638467100000003.png
commercial,overstimulation,increased stress,negative,201312_114.2215308_22.638467100000003.png
street,lack of refuge,avoidance of the area,negative,201312_114.2217792_22.645389599999994.png
traffic,stressful environment,seeking quiet spaces,negative,201312_114.2217792_22.645389599999994.png
commercial,busy atmosphere,engagement in daily activities,neutral,201312_114.2217792_22.645389599999994.png
highway,lack of sanctuary,avoid seeking escape,negative,201312_114.2280303_22.6858936.png
hills,some respite,temporary disconnection,positive,201312_114.2280303_22.6858936.png
traffic,constant distraction,inability to disconnect,negative,201312_114.2280303_22.6858936.png
signage,commercial intrusion,diminished sense of escape,negative,201312_114.2280303_22.6858936.png
greenery,potential for relaxation,seeking calmness,positive,201312_114.2280303_22.6858936.png
trees,not a refuge,continue daily activities,negative,201312_114.22255509192577_22.74762079192338.png
infrastructure,sense of everyday world,remain engaged with obligations,negative,201312_114.22255509192577_22.74762079192338.png
road,not a sanctuary,avoid relaxation,negative,201312_114.22255509192577_22.74762079192338.png
street,lack of refuge,avoidance of stress,negative,201312_114.22327990000001_22.752087699999997.png
buildings,urban pressure,engagement in activity,negative,201312_114.22327990000001_22.752087699999997.png
traffic,increased anxiety,withdrawal from environment,negative,201312_114.22327990000001_22.752087699999997.png
commercial,overstimulation,seeking escape,negative,201312_114.22327990000001_22.752087699999997.png
road,functional urban area,not a place for escape,negative,201312_114.22879333076148_22.67811880661746.png
buildings,functional urban area,not a place for escape,negative,201312_114.22879333076148_22.67811880661746.png
construction,functional urban area,not a place for escape,negative,201312_114.22879333076148_22.67811880661746.png
trees,slight natural buffer,temporary relief,neutral,201312_114.22879333076148_22.67811880661746.png
highway,sense of movement,momentarily disengage,neutral,201312_114.22976024585495_22.66465441636165.png
vehicles,lack of mental escape,focus on the drive,negative,201312_114.22976024585495_22.66465441636165.png
road,purpose-driven journey,prevent deep sense of being away,negative,201312_114.22976024585495_22.66465441636165.png
travelers,awareness of others,limit retreat experience,negative,201312_114.22976024585495_22.66465441636165.png
greenery,degree of separation,slight mental detachment,positive,201312_114.23170335000688_22.66473085769163.png
highway,not a true refuge,preventing escape,negative,201312_114.23170335000688_22.66473085769163.png
traffic,continuous movement,maintaining everyday concerns,negative,201312_114.23170335000688_22.66473085769163.png
street,not a refuge,disconnect from tasks,negative,201312_114.23322180000001_22.749445099999996.png
vehicles,sense of escape detracted,engage in urban activity,negative,201312_114.23322180000001_22.749445099999996.png
roads,partial escape from demands,shift focus to journey,positive,201312_114.2306855_22.6447186.png
greenery,sense of separation from stresses,provide mental detachment,positive,201312_114.2306855_22.6447186.png
movement,awareness of external world,not fully retreating from responsibilities,negative,201312_114.2306855_22.6447186.png
trees,limited refuge,feel disconnected,negative,201312_114.2377708_22.660016599999995.png
roads,urban stress,avoid nature,negative,201312_114.2377708_22.660016599999995.png
fences,confinement,restrict movement,negative,201312_114.2377708_22.660016599999995.png
buildings,urban presence,feel overwhelmed,negative,201312_114.2377708_22.660016599999995.png
sky,limited openness,seek escape,negative,201312_114.2377708_22.660016599999995.png
vehicles,lack of escape,avoidance of the area,negative,201312_114.2375818252192_22.664361221799496.png
buildings,urban functionality,engagement in daily activities,neutral,201312_114.2375818252192_22.664361221799496.png
traffic,pressing matters,increased stress,negative,201312_114.2375818252192_22.664361221799496.png
greenery,minimal refuge,limited relaxation,negative,201312_114.2375818252192_22.664361221799496.png
infrastructure,urban demands,functional navigation,neutral,201312_114.2375818252192_22.664361221799496.png
traffic,lack of escape,difficulty in relaxing,negative,201312_114.2335359_22.676501499999993.png
greenery,minimal connection to nature,limited restorative experience,negative,201312_114.2335359_22.676501499999993.png
infrastructure,sense of urban life,engagement with daily tasks,negative,201312_114.2335359_22.676501499999993.png
trees,sense of escape,seeking refuge,positive,201312_114.2461532_22.686516899999994.png
road,feeling of detachment,moving away from pressures,positive,201312_114.2461532_22.686516899999994.png
traffic,lack of complete refuge,staying alert,negative,201312_114.2461532_22.686516899999994.png
sky,calmness,enjoying the environment,positive,201312_114.2461532_22.686516899999994.png
infrastructure,urban pressure,navigating the space,negative,201312_114.2461532_22.686516899999994.png
road,lack of escape,lower refuge seeking,negative,201312_114.24427254906077_22.685548141769612.png
traffic,urban stress,avoidance of the area,negative,201312_114.24427254906077_22.685548141769612.png
buildings,disconnection from nature,reduced relaxation,negative,201312_114.24427254906077_22.685548141769612.png
street,lack of escape,difficulty disengaging,negative,201312_114.24759367393123_22.751763700769764.png
vehicles,active urban environment,increased engagement,negative,201312_114.24759367393123_22.751763700769764.png
buildings,connection to external demands,maintaining responsibilities,negative,201312_114.24759367393123_22.751763700769764.png
roads,not a strong refuge,preventing mental escape,negative,201312_114.2548337_22.687333400000007.png
construction,does not offer deep respite,discouraging relaxation,negative,201312_114.2548337_22.687333400000007.png
infrastructure,prevents complete mental escape,limiting respite,negative,201312_114.2548337_22.687333400000007.png
construction,lack of tranquility,prevent sense of escape,negative,201312_114.2637641_22.694024.png
traffic,urban hustle,increase daily stress,negative,201312_114.2637641_22.694024.png
buildings,no mental respite,reduce relaxation,negative,201312_114.2637641_22.694024.png
streetscape,lack of escape,avoidance of the area,negative,201312_114.23760175466754_22.742406490495853.png
cars,mundane environment,transit behavior,negative,201312_114.23760175466754_22.742406490495853.png
garages,lack of refuge,work-related actions,negative,201312_114.23760175466754_22.742406490495853.png
debris,mental clutter,distraction,negative,201312_114.23760175466754_22.742406490495853.png
construction,unsettling atmosphere,transit behavior,negative,201312_114.23760175466754_22.742406490495853.png
highway,lack of refuge,difficulty in focusing,negative,201312_114.26495182895304_22.709595012731427.png
traffic,constant distraction,continuation of activity,negative,201312_114.26495182895304_22.709595012731427.png
road,daily demands,limited mental detachment,negative,201312_114.2661953_22.752016300000005.png
buildings,potential nuisances,limited mental detachment,negative,201312_114.2661953_22.752016300000005.png
greenery,functional urban landscape,not a complete escape,negative,201312_114.2661953_22.752016300000005.png
highway,not a place for escape,continue thinking about tasks,negative,201312_114.2668932_22.764998399999996.png
traffic,stressful environment,avoid stopping,negative,201312_114.2668932_22.764998399999996.png
urban,functional space,focus on daily demands,negative,201312_114.2668932_22.764998399999996.png
road,not a true refuge,avoidance of obligations,negative,201312_114.2727165_22.694055199999998.png
traffic,part of everyday world,lack of escape,negative,201312_114.2727165_22.694055199999998.png
construction,nuisance,distraction from relaxation,negative,201312_114.2727165_22.694055199999998.png
greenery,sense of separation,seeking respite,positive,201312_114.27759610961736_22.662900653370745.png
traffic,limited escape,distraction from thoughts,negative,201312_114.27759610961736_22.662900653370745.png
traffic,lack of escape,increased engagement,negative,201312_114.2380314_22.670535799999996.png
roadway,constant distraction,mental detachment avoidance,negative,201312_114.2380314_22.670535799999996.png
greenery,sense of being away,seeking escape,positive,201312_114.2411396_22.6499076.png
traffic,not a complete escape,feeling of constraint,negative,201312_114.2411396_22.6499076.png
buildings,moderate feeling of being away,accepting surroundings,neutral,201312_114.2411396_22.6499076.png
street,difficult to escape,active engagement,negative,201312_114.2407985_22.655806999999996.png
buildings,demands attention,focus on tasks,negative,201312_114.2407985_22.655806999999996.png
highway,moderate sense of being away,detachment from daily routines,positive,201312_114.27193234373506_22.6662252991443.png
trees,visual escape,relaxation,positive,201312_114.27193234373506_22.6662252991443.png
hills,visual escape,relaxation,positive,201312_114.27193234373506_22.6662252991443.png
buildings,diminished feeling of refuge,limited escape,negative,201312_114.27193234373506_22.6662252991443.png
traffic,diminished feeling of refuge,limited escape,negative,201312_114.27193234373506_22.6662252991443.png
road,diminished sense of escape,less likely to forget responsibilities,negative,201312_114.28216869505376_22.684396481503317.png
vehicles,diminished sense of escape,less likely to forget responsibilities,negative,201312_114.28216869505376_22.684396481503317.png
structures,diminished sense of escape,less likely to forget responsibilities,negative,201312_114.28216869505376_22.684396481503317.png
greenery,hint of refuge,temporary escape from responsibilities,neutral,201312_114.28216869505376_22.684396481503317.png
traffic,difficult to disconnect,feel stressed,negative,201312_114.2829641_22.722505.png
signage,visual escape,attempt to relax,neutral,201312_114.2829641_22.722505.png
structures,not a strong refuge,avoid stressors,negative,201312_114.2829641_22.722505.png
highway,not conducive to escape,continuing commute,negative,201312_114.28141_22.776670399999997.png
traffic,implied need for onward travel,engaging in daily concerns,negative,201312_114.28141_22.776670399999997.png
cars,suggests journey,commuting,negative,201312_114.28141_22.776670399999997.png
road,antithetical to being away,thinking about tasks,negative,201312_114.28141_22.776670399999997.png
highway,low sense of escape,limited mental disengagement,negative,201312_114.2854693_22.661615100000002.png
greenery,not a true refuge,suggested travel purpose,negative,201312_114.2854693_22.661615100000002.png
traffic,ongoing movement,feeling of being in transit,negative,201312_114.2854693_22.661615100000002.png
road,inherent purpose of travel,limits restoration,negative,201312_114.2854693_22.661615100000002.png
construction,lack of refuge,avoidance of space,negative,201312_114.2873743_22.774913799999997.png
infrastructure,work-in-progress,increased stress,negative,201312_114.2873743_22.774913799999997.png
traffic,grounded in daily concerns,remain in routine,negative,201312_114.2902803_22.780098900000002.png
buildings,lack of refuge,avoid the area,negative,201312_114.2902803_22.780098900000002.png
roads,overwhelmed by environment,seek escape,negative,201312_114.2902803_22.780098900000002.png
trees,sense of escape,mental break,positive,201312_114.29582448022549_22.718211389759997.png
greenery,feeling of separation,mental break,positive,201312_114.29582448022549_22.718211389759997.png
road,spaciousness,escape urban demands,positive,201312_114.29582448022549_22.718211389759997.png
street,amplified stress,avoidance of tasks,negative,201312_114.2977424_22.721650899999993.png
traffic,constant distraction,increased focus on surroundings,negative,201312_114.2977424_22.721650899999993.png
construction,heightened anxiety,desire to escape,negative,201312_114.2977424_22.721650899999993.png
greenery,sense of detachment,allowing for a mental break,positive,201312_114.293584_22.7855359.png
trees,buffer from intensity,providing calmness,positive,201312_114.293584_22.7855359.png
sidewalks,relatively calm,encouraging walking,positive,201312_114.293584_22.7855359.png
road,sense of escape,take a break,positive,201312_114.2989917246515_22.691329368652724.png
greenery,tranquil atmosphere,reduce stress,positive,201312_114.2989917246515_22.691329368652724.png
paths,well-defined structure,navigate easily,positive,201312_114.2989917246515_22.691329368652724.png
street,limited mental detachment,avoidance of tasks,negative,201312_114.297774_22.668009000000005.png
environment,change of scenery,temporary escape,neutral,201312_114.297774_22.668009000000005.png
street,lack of refuge,ongoing journey,negative,201312_114.3024738_22.713602799999997.png
traffic,stress and distraction,avoidance of the area,negative,201312_114.3024738_22.713602799999997.png
buildings,urban congestion,seeking quieter spaces,negative,201312_114.3024738_22.713602799999997.png
noise,overstimulation,desire for escape,negative,201312_114.3024738_22.713602799999997.png
bridge,not a refuge,no escape,negative,201312_114.30084265157338_22.721674421737674.png
traffic,lack of detachment,no mental restoration,negative,201312_114.30084265157338_22.721674421737674.png
buildings,urban landscape,no calming effect,negative,201312_114.30084265157338_22.721674421737674.png
street,not a refuge,not escaping responsibilities,negative,201312_114.3068844999097_22.781795199656468.png
traffic,functional environment,not finding tranquility,negative,201312_114.3068844999097_22.781795199656468.png
businesses,stressful atmosphere,not relaxing,negative,201312_114.3068844999097_22.781795199656468.png
roads,not a true refuge,stay engaged,negative,201312_114.30610550000002_22.6990579.png
traffic,part of everyday life,avoid detachment,negative,201312_114.30610550000002_22.6990579.png
construction,ongoing concerns,remain alert,negative,201312_114.30610550000002_22.6990579.png
construction,feelings of stress,avoidance of the area,negative,201312_114.30637782958321_22.763717356228167.png
development,lack of refuge,seeking escape,negative,201312_114.30637782958321_22.763717356228167.png
zone,work zone mentality,increased anxiety,negative,201312_114.30637782958321_22.763717356228167.png
highway,lack of escape,difficult to stop thoughts,negative,201312_114.3073455_22.674572200000004.png
traffic,stress and distraction,avoidance of relaxation,negative,201312_114.3073455_22.674572200000004.png
road,functional and demanding,focus on responsibilities,negative,201312_114.3073455_22.674572200000004.png
highway,not a complete refuge,means of transition,negative,201312_114.3078142_22.745294399999995.png
traffic,sense of escape lacking,mental detachment hindered,negative,201312_114.3078142_22.745294399999995.png
urban,clear proximity,increased daily pressures,negative,201312_114.3078142_22.745294399999995.png
street,lack of escape,engagement with surroundings,negative,201312_114.3078453_22.770198800000003.png
vehicles,constant activity,movement through space,neutral,201312_114.3078453_22.770198800000003.png
infrastructure,functional environment,utilitarian use,neutral,201312_114.3078453_22.770198800000003.png
highway,not a refuge,lack of mental break,negative,201312_114.30882777640898_22.732776127722143.png
vehicles,potential disruption,avoidance of relaxation,negative,201312_114.30882777640898_22.732776127722143.png
construction,not peaceful,increased stress,negative,201312_114.30882777640898_22.732776127722143.png
traffic,lack of peace,difficulty disengaging,negative,201312_114.3081115_22.7803939.png
infrastructure,stressful environment,inability to relax,negative,201312_114.3081115_22.7803939.png
buildings,active atmosphere,engagement with daily life,negative,201312_114.3081115_22.7803939.png
highway,low sense of being away,not escape from daily demands,negative,201312_114.30909598501461_22.730988309983697.png
vehicles,utilitarian nature,work against feeling of refuge,negative,201312_114.30909598501461_22.730988309983697.png
construction,functional environment,lack of refuge,negative,201312_114.31085900000001_22.689298199999996.png
earth,non-restorative space,avoidance of stress,negative,201312_114.31085900000001_22.689298199999996.png
poles,uninviting atmosphere,disengagement,negative,201312_114.31085900000001_22.689298199999996.png
highway,not a secluded refuge,transit and activity,negative,201312_114.30829269569529_22.736351932211612.png
greenery,visual escape from urban clutter,temporary detachment,positive,201312_114.30829269569529_22.736351932211612.png
vehicles,constant movement,less opportunity for escape,negative,201312_114.30829269569529_22.736351932211612.png
guardrails,thoroughfare nature,journey focus,negative,201312_114.30829269569529_22.736351932211612.png
roads,lack of escape,remain engaged,negative,201312_114.3102506058095_22.683110612437336.png
vehicles,connection to daily life,continue routine,negative,201312_114.3102506058095_22.683110612437336.png
structures,not a refuge,avoid relaxation,negative,201312_114.3102506058095_22.683110612437336.png
road,not a refuge,continuation of daily life,negative,201312_114.3115919864939_22.782113155236605.png
traffic,feeling of thoroughfare,lack of escape,negative,201312_114.3115919864939_22.782113155236605.png
infrastructure,urban demands,engagement with daily concerns,negative,201312_114.3115919864939_22.782113155236605.png
roads,not a strong refuge,remain engaged,negative,201312_114.31306709138376_22.68430250803886.png
vehicles,busy atmosphere,continue daily activities,negative,201312_114.31306709138376_22.68430250803886.png
greenery,slight escape,seek tranquility,positive,201312_114.31306709138376_22.68430250803886.png
highway,lack of escape,avoidance of stress,negative,201312_114.31406450584258_22.754072290303167.png
traffic,ongoing concern,increased anxiety,negative,201312_114.31406450584258_22.754072290303167.png
infrastructure,lack of tranquility,disengagement from routine,negative,201312_114.31406450584258_22.754072290303167.png
road,not a refuge,continuation of routines,negative,201312_114.3141215_22.79020119999999.png
vehicles,urban stress,increased traffic,negative,201312_114.3141215_22.79020119999999.png
vehicles,lack of refuge,increased stress,negative,201312_114.3155155_22.763827.png
roads,mental distractions,difficulty concentrating,negative,201312_114.3155155_22.763827.png
buildings,urban activity,feeling overwhelmed,negative,201312_114.3155155_22.763827.png
street,lack of escape,no desire to stay,negative,201312_114.3182645830684_22.724908281132695.png
shops,minimal refuge,limited engagement,negative,201312_114.3182645830684_22.724908281132695.png
traffic,increased stress,avoidance of area,negative,201312_114.3182645830684_22.724908281132695.png
highway,decent sense of being away,mental escape,positive,201312_114.31522844727854_22.755518967676593.png
vegetation,separation from surroundings,partial detachment,positive,201312_114.31522844727854_22.755518967676593.png
traffic,indication of being in a moving vehicle,suggests partial detachment,negative,201312_114.31522844727854_22.755518967676593.png
median,touch of nature,none,positive,201312_114.31612025816067_22.78552685983303.png
road,lack of refuge,none,negative,201312_114.31612025816067_22.78552685983303.png
buildings,functional environment,none,negative,201312_114.31612025816067_22.78552685983303.png
road,lack of escape,disconnection from concerns,negative,201312_114.31805096058591_22.78701133861716.png
vehicles,reminders of daily life,increased stress,negative,201312_114.31805096058591_22.78701133861716.png
setting,urban distractions,difficulty in relaxing,negative,201312_114.31805096058591_22.78701133861716.png
premises,escape from urban nuisances,seeking refuge,positive,201312_114.31831256057494_22.766440655872437.png
vegetation,sense of detachment,exploring nature,positive,201312_114.31831256057494_22.766440655872437.png
pathway,limited feeling of being away,hesitation to engage,negative,201312_114.31831256057494_22.766440655872437.png
view,awareness of daily concerns,returning to routine,negative,201312_114.31831256057494_22.766440655872437.png
greenery,lack of refuge,no escape,negative,201312_114.3184209_22.690870499999996.png
roads,constant presence,stay engaged,negative,201312_114.3184209_22.690870499999996.png
vehicles,urban demands,avoidance of detachment,negative,201312_114.3184209_22.690870499999996.png
construction,everyday world,remain involved,negative,201312_114.3184209_22.690870499999996.png
trees,natural respite,seeking escape,positive,201312_114.3197591_22.688869199999992.png
street,lack of escape,avoidance of nuisances,negative,201312_114.3197591_22.688869199999992.png
traffic,urban stress,increased anxiety,negative,201312_114.3197591_22.688869199999992.png
trees,degree of escape,facilitating detachment,positive,201312_114.3210375_22.764714699999995.png
highway,mental tethering,navigation and travel concerns,negative,201312_114.3210375_22.764714699999995.png
buildings,lack of refuge,continuation of daily life,negative,201312_114.32047496065323_22.79014665066662.png
roads,stress continuation,no escape from obligations,negative,201312_114.32047496065323_22.79014665066662.png
wires,urban stress,no mental break,negative,201312_114.32047496065323_22.79014665066662.png
store,daily life implication,engagement in routine,negative,201312_114.32047496065323_22.79014665066662.png
construction,lack of escape,avoidance of respite,negative,201312_114.32338790973945_22.666212701049062.png
environment,mental burden,focus on responsibilities,negative,201312_114.32338790973945_22.666212701049062.png
traffic,lack of escape,avoidance of the area,negative,201312_114.3255492_22.6750059.png
buildings,confinement,seeking open spaces,negative,201312_114.3255492_22.6750059.png
power lines,disconnection,desire for tranquility,negative,201312_114.3255492_22.6750059.png
highway,stress and obligation,engagement with tasks,negative,201312_114.32671199869294_22.792176681474434.png
street,lack of escape,no mental break,negative,201312_114.3236299_22.6808436.png
traffic,stressful environment,increased anxiety,negative,201312_114.3236299_22.6808436.png
construction,disruption,avoidance of space,negative,201312_114.3236299_22.6808436.png
buildings,busy atmosphere,limited relaxation,negative,201312_114.3236299_22.6808436.png
road,lack of refuge,avoidance of area,negative,201312_114.3253160812913_22.666449648426.png
buildings,busy environment,engagement in activities,neutral,201312_114.3253160812913_22.666449648426.png
construction,distraction from tranquility,stress response,negative,201312_114.3253160812913_22.666449648426.png
street,lack of escape,no mental break,negative,201312_114.3267391_22.701104000000004.png
cars,stressful environment,increased daily concerns,negative,201312_114.3267391_22.701104000000004.png
signage,everyday life,no refuge,negative,201312_114.3267391_22.701104000000004.png
roads,sense of escape diminished,not seeking refuge,negative,201312_114.3289824_22.6672359.png
vehicles,transitional space feeling,not stopping to think,negative,201312_114.3289824_22.6672359.png
industrial,removal from concerns lessened,not feeling removed,negative,201312_114.3289824_22.6672359.png
highway,sense of detachment,leave behind hustle,positive,201312_114.327853_22.801035.png
trees,partial escape,seek refuge,positive,201312_114.327853_22.801035.png
infrastructure,limited feeling of refuge,implied journey,negative,201312_114.327853_22.801035.png
construction,not a strong refuge,unlikely to offer escape,negative,201312_114.3357108_22.7068871.png
scaffolding,general sense of urban development,suggests ongoing activity,negative,201312_114.3357108_22.7068871.png
environment,active and noisy,does not provide peace,negative,201312_114.3357108_22.7068871.png
traffic,lack of escape,avoidance of area,negative,201312_114.34066892262155_22.688445482442333.png
buildings,sense of activity,engagement with surroundings,neutral,201312_114.34066892262155_22.688445482442333.png
vehicles,overwhelmed by presence,stress response,negative,201312_114.34066892262155_22.688445482442333.png
pedestrian,functional environment,navigating through space,neutral,201312_114.34066892262155_22.688445482442333.png
trees,slight sense of escape,seeking refuge,positive,201312_114.33773830000001_22.598599399999998.png
sky,slight sense of escape,seeking refuge,positive,201312_114.33773830000001_22.598599399999998.png
road,limited sense of being away,continuing journey,negative,201312_114.33773830000001_22.598599399999998.png
traffic,feeling of ongoing activity,engaging with daily concerns,negative,201312_114.33773830000001_22.598599399999998.png
vehicles,feeling of ongoing activity,engaging with daily concerns,negative,201312_114.33773830000001_22.598599399999998.png
street,increased stress,avoidance of the area,negative,201312_114.3442393_22.704083.png
traffic,overwhelmed,seeking quieter spaces,negative,201312_114.3442393_22.704083.png
infrastructure,lack of refuge,desire for escape,negative,201312_114.3442393_22.704083.png
greenery,slight escape from urban harshness,seek refuge,positive,201312_114.3488355_22.7166059.png
road,not a complete refuge,continue daily routines,negative,201312_114.3488355_22.7166059.png
traffic,suggests ongoing demands,endure nuisances,negative,201312_114.3488355_22.7166059.png
highway,not a refuge,transit,negative,201312_114.3589352_22.74361039999999.png
sky,visual respite,temporary relief,positive,201312_114.3589352_22.74361039999999.png
concrete,overwhelming presence,movement focus,negative,201312_114.3589352_22.74361039999999.png
trees,natural escape,detach from daily pressures,positive,201312_114.34766130644998_22.7063972838596.png
vegetation,calm atmosphere,relax and unwind,positive,201312_114.34766130644998_22.7063972838596.png
traffic,sense of removal,seek tranquility,negative,201312_114.34766130644998_22.7063972838596.png
built environment,not fully removed,remain engaged with daily life,neutral,201312_114.34766130644998_22.7063972838596.png
trees,feeling of escape,disconnect from daily concerns,positive,201312_114.3564416_22.612451399999998.png
road,feeling exposed,detracts from escape,negative,201312_114.3564416_22.612451399999998.png
buildings,functional environment,difficult to disconnect,negative,201312_114.3564416_22.612451399999998.png
sky,sense of openness,enhance relaxation,positive,201312_114.3564416_22.612451399999998.png
traffic,lack of mental escape,avoidance of the area,negative,201312_114.3630441_22.746719300000002.png
construction,stress and distraction,seeking quieter spaces,negative,201312_114.3630441_22.746719300000002.png
establishments,overstimulation,desire for detachment,negative,201312_114.3630441_22.746719300000002.png
highway,temporary escape,transit,negative,201312_114.3597196_22.747154499999997.png
environment,not designed for contemplation,not stopping,negative,201312_114.3597196_22.747154499999997.png
street,not a refuge,remain engaged,negative,201312_114.36931788822233_22.690775032098227.png
traffic,stressful environment,avoid responsibilities,negative,201312_114.36931788822233_22.690775032098227.png
infrastructure,overwhelmed by concerns,stay focused on daily tasks,negative,201312_114.36931788822233_22.690775032098227.png
traffic,not a refuge,transit activity,negative,201312_114.3739421_22.708664299999995.png
roads,not conducive to escape,daily concerns,negative,201312_114.3739421_22.708664299999995.png
construction,active environment,functional use,neutral,201312_114.3739421_22.708664299999995.png
greenery,sense of escape,stop thinking about chores,positive,201312_114.36616_22.6108985.png
road,detachment from daily demands,temporarily disengage,positive,201312_114.36616_22.6108985.png
sky,serene atmosphere,seek tranquility,positive,201312_114.36616_22.6108985.png
greenery,respite from stress,mental escape,positive,201312_114.37249116294527_22.720139972827667.png
road,urban thoroughfare,less effective for mental escape,negative,201312_114.37249116294527_22.720139972827667.png
vehicles,urban stressors,detachment from demands,negative,201312_114.37249116294527_22.720139972827667.png
greenery,sense of escape,temporary mental break,positive,201312_114.38311694003148_22.759337400803414.png
vehicles,feeling of detachment,enhanced journey experience,positive,201312_114.38311694003148_22.759337400803414.png
bridge,sense of escape,detachment from daily concerns,positive,201312_114.38751719988959_22.614756043802693.png
water,feeling of being away,providing a feeling of escape,positive,201312_114.38751719988959_22.614756043802693.png
hills,natural scenery,enhancing relaxation,positive,201312_114.38751719988959_22.614756043802693.png
sea,detachment from urban life,promoting tranquility,positive,201312_114.38751719988959_22.614756043802693.png
trees,sense of respite,seeking tranquility,positive,201312_114.3839314_22.616090400000004.png
sky,feeling of openness,enhancing relaxation,positive,201312_114.3839314_22.616090400000004.png
entrance,sense of separation,creating boundaries,positive,201312_114.3839314_22.616090400000004.png
buildings,controlled environment,providing structure,neutral,201312_114.3839314_22.616090400000004.png
road,tempered escape,acknowledging urban presence,negative,201312_114.3839314_22.616090400000004.png
traffic,not a refuge,remain stressed,negative,201312_114.3844879049078_22.694927737925436.png
signage,not peaceful,avoid relaxation,negative,201312_114.3844879049078_22.694927737925436.png
urban,far from escape,continue daily demands,negative,201312_114.3844879049078_22.694927737925436.png
buildings,lack of escape,difficulty disconnecting,negative,201312_114.3907674_22.715154400000003.png
roads,functional area,no refuge,negative,201312_114.3907674_22.715154400000003.png
road,lack of escape,routine activity,negative,201312_114.38093593859112_22.72336363860997.png
construction,stressful environment,limited relaxation,negative,201312_114.38093593859112_22.72336363860997.png
infrastructure,urban pressure,increased busyness,negative,201312_114.38093593859112_22.72336363860997.png
cyclist,moment of movement,personal escape,neutral,201312_114.38093593859112_22.72336363860997.png
road,not a refuge,traveling,negative,201312_114.39662752429521_22.66077937955246.png
cars,connected to demands,commuting,negative,201312_114.39662752429521_22.66077937955246.png
highway,transitional space,passing through,neutral,201312_114.39662752429521_22.66077937955246.png
greenery,some visual separation,temporary distraction,neutral,201312_114.39662752429521_22.66077937955246.png
street,lack of escape,avoidance of stress,negative,201312_114.3980056_22.695391199999996.png
traffic,overwhelmed by demands,increased urgency,negative,201312_114.3980056_22.695391199999996.png
infrastructure,constant obligation,reduced relaxation,negative,201312_114.3980056_22.695391199999996.png
trees,pleasant environment,none,neutral,201312_114.3908848_22.7107337.png
roads,active environment,none,negative,201312_114.3908848_22.7107337.png
buildings,lack of refuge,none,negative,201312_114.3908848_22.7107337.png
vehicles,demanding thoughts,none,negative,201312_114.3908848_22.7107337.png
road,not a complete refuge,remain connected to daily life,negative,201312_114.3940449_22.663478299999994.png
greenery,natural escape,seek detachment from everyday demands,positive,201312_114.3940449_22.663478299999994.png
road,lack of escape,no detachment,negative,201312_114.3994517_22.718462399999993.png
street,calmness,passive observation,neutral,201312_114.3994517_22.718462399999993.png
streets,sense of escape,seeking tranquility,positive,201312_114.4100365_22.6964255.png
mountains,peaceful environment,enjoying nature,positive,201312_114.4100365_22.6964255.png
person,removed from demands,relaxing,positive,201312_114.4100365_22.6964255.png
bicycle,calmness,exploring surroundings,positive,201312_114.4100365_22.6964255.png
roads,sense of stress,avoidance,negative,201312_114.4042881_22.7525312.png
structures,lack of escape,disengagement,negative,201312_114.4042881_22.7525312.png
landscaping,sense of being away,escape daily pressures,positive,201312_114.4014968_22.718388399999995.png
greenery,calming presence,detachment from routine,positive,201312_114.4014968_22.718388399999995.png
mountain,sense of openness,relaxation,positive,201312_114.4014968_22.718388399999995.png
sky,feeling of openness,mental escape,positive,201312_114.4014968_22.718388399999995.png
road,lack of refuge,avoidance of urban demands,negative,201312_114.40110214497871_22.75813869549027.png
green,difficulty feeling removed,limited relaxation,negative,201312_114.40110214497871_22.75813869549027.png
roads,moderate sense of being away,temporary escape from routines,positive,201312_114.4025148_22.7138714.png
sky,feeling of removal from urban demands,temporary escape from concerns,positive,201312_114.4025148_22.7138714.png
greenery,sense of tranquility,relaxation and rejuvenation,positive,201312_114.4025148_22.7138714.png
buildings,sense of organization,potential for human activity,neutral,201312_114.4025148_22.7138714.png
traffic,not a refuge,reminded of obligations,negative,201312_114.4140567_22.696117900000004.png
shops,distractions present,engagement with daily life,negative,201312_114.4140567_22.696117900000004.png
environment,lack of escape,continuation of routine,negative,201312_114.4140567_22.696117900000004.png
greenery,slight buffer from pressures,partial respite,positive,201312_114.4138687_22.6339508.png
buildings,limited sense of escape,awareness of urban activity,negative,201312_114.4138687_22.6339508.png
traffic,active urban environment,increased stress,negative,201312_114.4138687_22.6339508.png
layout,organized space,encourages use,positive,201312_114.4138687_22.6339508.png
street,low restorative potential,unlikely to relax,negative,201312_114.412929_22.6364274.png
buildings,associated with daily demands,increased stress,negative,201312_114.412929_22.6364274.png
greenery,sense of being away,mental escape,positive,201312_114.4102507_22.647543199999994.png
highway,not complete detachment,ongoing presence of traffic,negative,201312_114.4102507_22.647543199999994.png
road,sense of calm,disengage from tasks,positive,201312_114.4191801_22.642567800000002.png
landscaping,detachment from bustle,escape daily concerns,positive,201312_114.4191801_22.642567800000002.png
trees,orderly environment,temporary disengagement,positive,201312_114.4191801_22.642567800000002.png
trees,respite from daily demands,mentally disengage,positive,201312_114.4226865_22.63003519999999.png
traffic,slight diminishment of escape,awareness of disruptions,negative,201312_114.4226865_22.63003519999999.png
sign,potential disruption awareness,caution in movement,neutral,201312_114.4226865_22.63003519999999.png
construction,lack of escape,no disconnection,negative,201312_114.42792634826039_22.627361865481564.png
buildings,sterile environment,no engagement,negative,201312_114.42792634826039_22.627361865481564.png
roads,absence of urban nuisances,limited exploration,neutral,201312_114.42792634826039_22.627361865481564.png
trees,feeling of being away,escape from urban life,positive,201312_114.4314124_22.5944781.png
road,limited detachment,inability to fully escape,negative,201312_114.4314124_22.5944781.png
hills,sense of remoteness,seek tranquility,positive,201312_114.4314124_22.5944781.png
infrastructure,presence of everyday concerns,return to urban mindset,negative,201312_114.4314124_22.5944781.png
nature,moderate sense of escape,seeking refuge,positive,201312_114.4391976_22.585810399999996.png
road,lessened feeling of refuge,awareness of urban demands,negative,201312_114.4391976_22.585810399999996.png
vehicles,lessened feeling of refuge,awareness of urban demands,negative,201312_114.4391976_22.585810399999996.png
billboards,lessened feeling of refuge,awareness of urban demands,negative,201312_114.4391976_22.585810399999996.png
sky,sense of escape,seeking refuge,positive,201312_114.4391976_22.585810399999996.png
highway,lack of peace,inability to escape,negative,201312_114.4500566_22.596177499999992.png
traffic,mental distraction,increased stress,negative,201312_114.4500566_22.596177499999992.png
vehicles,constant attention demand,heightened awareness,negative,201312_114.4500566_22.596177499999992.png
roadwork,disruption of tranquility,avoidance of the area,negative,201312_114.4500566_22.596177499999992.png
road,not a strong escape,difficult to disconnect,negative,201312_114.4491001_22.6303715.png
sign,connection to everyday concerns,remains engaged with daily life,negative,201312_114.4491001_22.6303715.png
buildings,does not feel like a refuge,unable to relax,negative,201312_114.4491001_22.6303715.png
road,sense of detachment,moderate feeling of being away,neutral,201312_114.45393190000001_22.576957399999998.png
guardrail,sense of detachment,moderate feeling of being away,neutral,201312_114.45393190000001_22.576957399999998.png
foliage,sense of detachment,moderate feeling of being away,positive,201312_114.45393190000001_22.576957399999998.png
road,sense of escape,travel and connection,positive,201312_114.44753853438388_22.59878176472855.png
greenery,visual respite,momentary detachment from thoughts,positive,201312_114.44753853438388_22.59878176472855.png
hills,calming effect,relaxation,positive,201312_114.44753853438388_22.59878176472855.png
scenery,mental detachment,stop thinking about pressing matters,positive,201312_114.44753853438388_22.59878176472855.png
driving,limited mental detachment,active engagement,negative,201312_114.44753853438388_22.59878176472855.png
road,mild sense of detachment,common activities observed,neutral,201312_114.454187_22.573039099999995.png
trees,not a complete escape,adjacent to road,negative,201312_114.454187_22.573039099999995.png
traffic,typical concerns,driving and pedestrian crossing,neutral,201312_114.454187_22.573039099999995.png
construction,urban environment,indicates development,negative,201312_114.454187_22.573039099999995.png
greenery,buffer from urban environment,seeking escape,positive,201312_114.46222082344174_22.597519112938247.png
highway,not a place of refuge,transitional movement,negative,201312_114.46222082344174_22.597519112938247.png
traffic,constant distraction,inability to relax,negative,201312_114.46222082344174_22.597519112938247.png
street,not a strong refuge,difficult to detach,negative,201312_114.4660371_22.599518000000003.png
traffic,connected to daily demands,maintaining routine,negative,201312_114.4660371_22.599518000000003.png
activity,bustling nature,engagement in responsibilities,negative,201312_114.4660371_22.599518000000003.png
trees,escape from urban nuisances,temporary mental detachment,positive,201312_114.46308265218917_22.600867810572353.png
street,sense of tranquility,relaxation,positive,201312_114.46308265218917_22.600867810572353.png
greenery,tranquil setting,escape daily stresses,positive,201312_114.4623147_22.564201599999997.png
mountains,clear one's mind,seek solitude,positive,201312_114.4623147_22.564201599999997.png
road,human presence,maintain connection,neutral,201312_114.4623147_22.564201599999997.png
road,sense of being in transit,continuing daily activities,neutral,201312_114.4670775_22.593282500000004.png
buildings,lack of escape,feeling overwhelmed,negative,201312_114.4670775_22.593282500000004.png
vehicles,part of everyday life,not taking a break,negative,201312_114.4670775_22.593282500000004.png
wires,urban setting,accepting daily nuisances,negative,201312_114.4670775_22.593282500000004.png
trees,slight sense of detachment,escape daily nuisances,positive,201312_114.4751016_22.5895245.png
buildings,strong feeling of being away,difficult to escape,negative,201312_114.4751016_22.5895245.png
traffic,sense of daily demands,increased stress,negative,201312_114.4751016_22.5895245.png
sky,slight sense of detachment,momentary relief,positive,201312_114.4751016_22.5895245.png
intersection,demanding attention,avoidance of space,negative,201312_114.4768636_22.600935600000003.png
traffic,stressful environment,increased vigilance,negative,201312_114.4768636_22.600935600000003.png
construction,disruptive atmosphere,seeking quieter areas,negative,201312_114.4768636_22.600935600000003.png
pedestrians,crowded feeling,desire for solitude,negative,201312_114.4768636_22.600935600000003.png
traffic,sense of order,movement,neutral,201312_114.47514667677305_22.59246633652697.png
buildings,not a feeling of escape,remain engaged,negative,201312_114.47514667677305_22.59246633652697.png
road,peaceful environment,navigate through,neutral,201312_114.47514667677305_22.59246633652697.png
pedestrian,not a departure from normalcy,continue daily activities,negative,201312_114.47514667677305_22.59246633652697.png
greenery,mental respite,seeking escape,positive,201312_114.48075_22.543404699999993.png
lighthouse,sense of leisure,tourist attraction,positive,201312_114.48075_22.543404699999993.png
trees,contrast to urban nuisances,finding refuge,positive,201312_114.48075_22.543404699999993.png
signage,implied leisure,exploring destinations,positive,201312_114.48075_22.543404699999993.png
intersection,lack of refuge,difficulty in mental retreat,negative,201312_114.4766241_22.591292899999996.png
traffic,constant stimuli,inability to stop thinking,negative,201312_114.4766241_22.591292899999996.png
buildings,engagement with external world,distraction from responsibilities,negative,201312_114.4766241_22.591292899999996.png
urban,overwhelmed by activity,increased stress,negative,201312_114.4766241_22.591292899999996.png
trees,sense of detachment,escape from stressors,positive,201312_114.47875850000001_22.553592399999996.png
mountains,sense of detachment,escape from stressors,positive,201312_114.47875850000001_22.553592399999996.png
roads,limited escape,stay within urban environment,negative,201312_114.47875850000001_22.553592399999996.png
buildings,limited escape,stay within urban environment,negative,201312_114.47875850000001_22.553592399999996.png
infrastructure,limited escape,stay within urban environment,negative,201312_114.47875850000001_22.553592399999996.png
traffic,detracted feeling of escape,limited relaxation,negative,201312_114.4832208_22.5590197.png
greenery,some respite,temporary relief,positive,201312_114.4832208_22.5590197.png
street,limited sense of escape,not conducive to stopping thoughts,negative,201312_114.47923537862984_22.584275880726327.png
traffic,not a refuge,increased distraction,negative,201312_114.47923537862984_22.584275880726327.png
commercial,neutral space,lack of engagement,neutral,201312_114.47923537862984_22.584275880726327.png
roadway,limited escape from daily demands,feel removed from concerns,negative,201312_114.4840805_22.53794989999999.png
vehicles,challenging to feel removed,remain engaged with tasks,negative,201312_114.4840805_22.53794989999999.png
signage,active urban setting,heightened awareness of surroundings,neutral,201312_114.4840805_22.53794989999999.png
barriers,sense of confinement,avoid distractions,negative,201312_114.4840805_22.53794989999999.png
roads,sense of separation,escape urban bustle,positive,201312_114.4802195_22.582718999999997.png
buildings,feeling of removal,reduce immediate demands,positive,201312_114.4802195_22.582718999999997.png
greenery,calmness,promote relaxation,positive,201312_114.4802195_22.582718999999997.png
traffic,potential for noise,awareness of nuisances,negative,201312_114.4802195_22.582718999999997.png
infrastructure,signs of urban life,remind of everyday demands,negative,201312_114.4802195_22.582718999999997.png
trees,sense of being away,mental escape,positive,201312_114.48557416772826_22.59829195321127.png
road,feeling of refuge,break from concerns,positive,201312_114.48557416772826_22.59829195321127.png
roads,not a refuge,unlikely to disengage,negative,201312_114.4873638_22.570848099999996.png
buildings,active environment,not a tranquil retreat,negative,201312_114.4873638_22.570848099999996.png
trucks,working environment,not facilitating escape,negative,201312_114.4873638_22.570848099999996.png
greenery,sense of refuge,escape from urban noise,positive,201312_114.4932418459449_22.59812495946907.png
trees,sense of refuge,seek shade,positive,201312_114.4932418459449_22.59812495946907.png
traffic,diminished restorative effect,mental associations with commuting,negative,201312_114.4932418459449_22.59812495946907.png
road,slightly diminished escape,associations with daily tasks,negative,201312_114.4932418459449_22.59812495946907.png
road,not a refuge,unable to escape thoughts,negative,201312_114.4898353_22.568732999999998.png
buildings,active urban setting,increased preoccupations,negative,201312_114.4898353_22.568732999999998.png
cars,distraction from demands,difficulty in relaxation,negative,201312_114.4898353_22.568732999999998.png
wires,overwhelming environment,heightened stress,negative,201312_114.4898353_22.568732999999998.png
signs,constant reminders of activity,inability to focus,negative,201312_114.4898353_22.568732999999998.png
scenery,sense of escape,seeking refuge,positive,201312_114.5019189_22.530503599999996.png
traffic,limited escape,continuing obligations,negative,201312_114.5019189_22.530503599999996.png
infrastructure,place of transit,engaging with activity,neutral,201312_114.5019189_22.530503599999996.png
trees,moderate sense of being away,seeking refuge,positive,201312_114.5101182_22.53470929999999.png
setting,departure from urban nuisances,escaping daily demands,positive,201312_114.5101182_22.53470929999999.png
road,not a complete escape,acknowledging presence of urban life,negative,201312_114.5101182_22.53470929999999.png
vehicles,partial refuge,limited relaxation,negative,201312_114.5101182_22.53470929999999.png
trees,sense of escape,seeking tranquility,positive,201312_114.50825870000001_22.5439801.png
hills,feeling of being away,avoiding stress,positive,201312_114.50825870000001_22.5439801.png
traffic,not complete disconnection,awareness of surroundings,negative,201312_114.50825870000001_22.5439801.png
road,visible stressors,acknowledging reality,negative,201312_114.50825870000001_22.5439801.png
roads,sense of detachment,escape from urban routines,positive,201312_114.5155718_22.546039.png
landscape,peaceful atmosphere,refuge from daily demands,positive,201312_114.5155718_22.546039.png
traffic,structured environment,limited escape from responsibilities,negative,201312_114.5155718_22.546039.png
planning,hint of structure,maintaining responsibilities,neutral,201312_114.5155718_22.546039.png
trees,slight respite,mental detachment,positive,201312_114.5106195_22.595839499999997.png
roads,functional environment,daily demands,negative,201312_114.5106195_22.595839499999997.png
industrial,active functional area,not a refuge,negative,201312_114.5106195_22.595839499999997.png
facilities,less like a refuge,mental detachment,negative,201312_114.5106195_22.595839499999997.png
trees,sense of escape,disconnect from worries,positive,201312_114.5020857_22.597646299999997.png
sky,feeling of being away,momentarily disconnect,positive,201312_114.5020857_22.597646299999997.png
traffic,sense of refuge,break from demands,positive,201312_114.5020857_22.597646299999997.png
trees,sense of tranquility,momentarily disengage,positive,201312_114.5107575_22.541550199999996.png
road,degree of separation,escape from daily nuisances,positive,201312_114.5107575_22.541550199999996.png
nature,sense of escape,departure from routine,positive,201312_114.52151801756803_22.5503279488395.png
hills,moderate feeling of being away,journey away from routine,positive,201312_114.52151801756803_22.5503279488395.png
trees,sense of tranquility,seeking solitude,positive,201312_114.52151801756803_22.5503279488395.png
sign,indication of adventure,exploration,positive,201312_114.52151801756803_22.5503279488395.png
setting,sense of being away,mental escape,positive,201312_114.5220393_22.475605999999992.png
environment,tranquil atmosphere,relaxation,positive,201312_114.5220393_22.475605999999992.png
roads,accessibility,visiting,neutral,201312_114.5220393_22.475605999999992.png
signs,guidance,navigation,neutral,201312_114.5220393_22.475605999999992.png
scenery,sense of detachment,seeking refuge,positive,201312_114.52381306735515_22.478818206957524.png
road,suggestion of passage,moving away,positive,201312_114.52381306735515_22.478818206957524.png
construction,diminished escape,hesitation to engage,negative,201312_114.52381306735515_22.478818206957524.png
development,potential disruption,avoidance,negative,201312_114.52381306735515_22.478818206957524.png
trees,sense of escape,seeking respite,positive,201312_114.52687398431966_22.55529951634409.png
vegetation,temporary respite,relaxation,positive,201312_114.52687398431966_22.55529951634409.png
road,contrast to urban life,exploration,positive,201312_114.52687398431966_22.55529951634409.png
greenery,sense of refuge,escape from everyday nuisances,positive,201312_114.52854614555584_22.484118971276985.png
nature,break from typical thought patterns,relaxation,positive,201312_114.52854614555584_22.484118971276985.png
terrain,sense of being away,momentarily forget responsibilities,positive,201312_114.5483818_22.501877299999993.png
greenery,peaceful escape,find refuge from distractions,positive,201312_114.5483818_22.501877299999993.png
trees,mental escape,break from routine,positive,201312_114.5302195_22.557136299999996.png
atmosphere,sense of refuge,reduce stress,positive,201312_114.5302195_22.557136299999996.png
setting,calmness,relaxation,positive,201312_114.5302195_22.557136299999996.png
greenery,not a strong escape,limited relaxation,negative,201312_114.5316803_22.488411699999997.png
roads,active area,increased awareness,neutral,201312_114.5316803_22.488411699999997.png
buildings,visible demands,continued engagement,negative,201312_114.5316803_22.488411699999997.png
vehicles,not removed from life,maintained routine,negative,201312_114.5316803_22.488411699999997.png
road,lack of escape,limited mental detachment,negative,201312_114.5506189_22.557558299999997.png
traffic,active environment,increased stress,negative,201312_114.5506189_22.557558299999997.png
urban,not restful,no relaxation,negative,201312_114.5506189_22.557558299999997.png
road,sense of escape,seeking refuge,positive,201312_114.56205587873401_22.552096985531563.png
sea,leisure destination,focusing on relaxation,positive,201312_114.56205587873401_22.552096985531563.png
vegetation,natural tranquility,enhancing well-being,positive,201312_114.56205587873401_22.552096985531563.png
mountains,departure from routine,exploring new perspectives,positive,201312_114.56205587873401_22.552096985531563.png
nature,feeling of being away,mental escape,positive,201312_114.5669133_22.495827700000003.png
mountains,sense of detachment,avoid urban nuisances,positive,201312_114.5669133_22.495827700000003.png
road,limited detachment,avoidance of daily life,negative,201312_114.53446893156645_22.490667636964762.png
greenery,natural escape,seeking refuge,positive,201312_114.53446893156645_22.490667636964762.png
traffic,implied movement,awareness of demands,negative,201312_114.53446893156645_22.490667636964762.png
landscape,sense of escape,seeking refuge,positive,201312_114.602737_22.542949899999996.png
atmosphere,calmness,avoiding distractions,positive,201312_114.602737_22.542949899999996.png
nature,sense of being away,detach from daily life,positive,201312_114.5713258_22.547361500000004.png
road,feeling of separation,facilitate mental escape,positive,201312_114.5713258_22.547361500000004.png
buildings,signs of human activity,transitional space usage,neutral,201312_114.5713258_22.547361500000004.png
greenery,sense of being away,temporary escape,positive,201312_114.5959745_22.5385763.png
landscape,feeling of refuge,escape daily demands,positive,201312_114.5959745_22.5385763.png
sky,enhanced perception,enjoy leisure,positive,201312_114.5959745_22.5385763.png
path,accessibility,reinforce escape,positive,201312_114.5959745_22.5385763.png
street,limited sense of being away,minimal opportunities to relax,negative,201402_114.037805_22.73677109999999.png
shops,active everyday environment,engagement with daily life,negative,201402_114.037805_22.73677109999999.png
traffic,lack of escape,increased stress,negative,201402_114.037805_22.73677109999999.png
people,not a refuge,social interaction,neutral,201402_114.037805_22.73677109999999.png
highway,lack of escape,engaged in traveling,negative,201402_114.1971458_22.6760886.png
vehicles,distraction from concerns,focus on surroundings,negative,201402_114.1971458_22.6760886.png
street,limited sense of being away,not a strong refuge,negative,201402_114.2354072444943_22.717375951530183.png
shops,functional transit space,commercial activity,neutral,201402_114.2354072444943_22.717375951530183.png
cars,distraction from escape,pedestrian traffic,negative,201402_114.2354072444943_22.717375951530183.png
streetscape,lack of refuge,no escape from thoughts,negative,201402_114.2917458_22.775605299999995.png
trees,minimal mental detachment,limited relaxation,negative,201402_114.2917458_22.775605299999995.png
greenery,temporary escape from daily stresses,seeking tranquility,positive,201402_114.2535144_22.696713399999997.png
trees,sense of openness,relaxation,positive,201402_114.2535144_22.696713399999997.png
entrance,planned area,departure from city life,positive,201402_114.2535144_22.696713399999997.png
traffic,tempered feeling of sanctuary,awareness of urban demands,negative,201402_114.2535144_22.696713399999997.png
infrastructure,not a complete sanctuary,acknowledgment of surroundings,negative,201402_114.2535144_22.696713399999997.png
street,not a sense of refuge,difficult to escape concerns,negative,201402_114.2854241_22.7630765.png
traffic,distraction from thoughts,engaging in daily activities,negative,201402_114.2854241_22.7630765.png
signals,lack of seclusion,continuing routine,negative,201402_114.2854241_22.7630765.png
crossings,not feeling away,staying connected to daily life,negative,201402_114.2854241_22.7630765.png
trees,slight escape from urban clutter,seek refuge,positive,201402_114.16331550000001_22.657446800000002.png
highway,difficult to disconnect from daily concerns,remain engaged with daily life,negative,201402_114.16331550000001_22.657446800000002.png
traffic,overwhelmed by constant movement,avoid relaxation,negative,201402_114.16331550000001_22.657446800000002.png
trees,temporary detachment,observe local life,positive,201402_114.30128034173985_22.712177235389564.png
street,sense of being away,escape from daily demands,positive,201402_114.30128034173985_22.712177235389564.png
trees,mental escape,walk or cycle,positive,201402_114.29298400868292_22.690155413404717.png
sidewalks,relative calmness,walk or cycle,positive,201402_114.29298400868292_22.690155413404717.png
trees,sense of being away,allowing for a mental break,positive,201402_114.30325706315772_22.703626619142224.png
shrubs,sense of being away,allowing for a mental break,positive,201402_114.30325706315772_22.703626619142224.png
buildings,not a complete escape,awareness of urban demands,negative,201402_114.30325706315772_22.703626619142224.png
road,not a complete escape,awareness of urban demands,negative,201402_114.30325706315772_22.703626619142224.png
traffic,not a complete escape,awareness of urban demands,negative,201402_114.30325706315772_22.703626619142224.png
utility poles,not a complete escape,awareness of urban demands,negative,201402_114.30325706315772_22.703626619142224.png
greenery,sense of escape,mental break,positive,201402_114.31223135126848_22.67236365375285.png
sky,detachment from urban hustle,respite from demands,positive,201402_114.31223135126848_22.67236365375285.png
street,lack of escape,disconnection difficulty,negative,201402_114.31253709602333_22.77022698214317.png
buildings,connection to daily life,engagement with routine,negative,201402_114.31253709602333_22.77022698214317.png
construction,disruption of peace,avoidance of tranquility,negative,201402_114.31253709602333_22.77022698214317.png
trees,respite from hustle,seeking relaxation,positive,201402_114.30978904708078_22.699304893574542.png
roads,partial detachment,maintaining distance,neutral,201402_114.30978904708078_22.699304893574542.png
buildings,urban demands,continuing responsibilities,negative,201402_114.30978904708078_22.699304893574542.png
cars,overt nuisances,avoiding distractions,negative,201402_114.30978904708078_22.699304893574542.png
construction,not a refuge,avoidance,negative,201402_114.317867137311_22.735005186227806.png
debris,lack of tranquility,distraction,negative,201402_114.317867137311_22.735005186227806.png
street,urban hustle,engagement,negative,201402_114.317867137311_22.735005186227806.png
area,transitional,continuation of tasks,negative,201402_114.317867137311_22.735005186227806.png
buildings,feeling of transition,none,negative,201402_114.32746970000001_22.739143999999996.png
earth,lack of escape,none,negative,201402_114.32746970000001_22.739143999999996.png
greenery,temporary respite,escape from tasks,positive,201402_114.3126874_22.6741184.png
roads,limited escape,reduced relaxation,negative,201402_114.3126874_22.6741184.png
infrastructure,distraction,avoidance of area,negative,201402_114.3126874_22.6741184.png
traffic,interruption of peace,seek quieter spaces,negative,201402_114.3126874_22.6741184.png
greenery,sense of escape,mental break,positive,201402_114.3385831_22.7636766.png
road,sense of escape,mental break,positive,201402_114.3385831_22.7636766.png
environment,refuge from stresses,escape from obligations,positive,201402_114.3385831_22.7636766.png
vegetation,sense of separation,facilitating a mental escape,positive,201402_114.32552398551188_22.739111257548483.png
roads,feeling of being in a less frequented area,departure from busy city life,positive,201402_114.32552398551188_22.739111257548483.png
buildings,quiet atmosphere,mental escape,positive,201402_114.32552398551188_22.739111257548483.png
greenery,sense of escape,clear one's mind,positive,201402_114.31282391584024_22.716085470930057.png
street,calm atmosphere,detach from daily demands,positive,201402_114.31282391584024_22.716085470930057.png
absence,refuge from nuisances,seek tranquility,positive,201402_114.31282391584024_22.716085470930057.png
buildings,lack of escape,not detaching from thoughts,negative,201402_114.32487122091618_22.686445706805312.png
infrastructure,no feeling of refuge,not encouraging relaxation,negative,201402_114.32487122091618_22.686445706805312.png
roads,mundane area,routine tasks,negative,201402_114.34935705669396_22.72479227935493.png
buildings,not a peaceful refuge,lack of escape,negative,201402_114.34935705669396_22.72479227935493.png
stacks,functional environment,limited focus shift,negative,201402_114.34935705669396_22.72479227935493.png
buildings,lack of escape,avoidance of space,negative,201402_114.34622870000001_22.695338.png
roads,feeling of transition,passing through,negative,201402_114.34622870000001_22.695338.png
wires,not a refuge,disengagement,negative,201402_114.34622870000001_22.695338.png
streetscape,difficult to escape,lack of mental respite,negative,201402_114.3503119_22.760835700000005.png
roads,not a refuge,inability to detach,negative,201402_114.3503119_22.760835700000005.png
vehicles,mental detachment hindered,stress continuation,negative,201402_114.3503119_22.760835700000005.png
activity,no significant respite,avoidance of relaxation,negative,201402_114.3503119_22.760835700000005.png
street,does not evoke escape,limited relaxation,negative,201402_114.3502292_22.688675400000005.png
traffic,busy environment,increased stress,negative,201402_114.3502292_22.688675400000005.png
buildings,functional space,no retreat,negative,201402_114.3502292_22.688675400000005.png
road,sense of escape,seeking tranquility,positive,201402_114.36034582007444_22.719017512451686.png
greenery,break from overwhelming,mental respite,positive,201402_114.36034582007444_22.719017512451686.png
atmosphere,organized and tranquil,relief from daily demands,positive,201402_114.36034582007444_22.719017512451686.png
roads,sense of escape,disconnect from distractions,positive,201402_114.35708922806192_22.720431376967106.png
greenery,quiet atmosphere,momentarily disconnect from demands,positive,201402_114.35708922806192_22.720431376967106.png
traffic,lack of escape,avoid lingering,negative,201402_114.35812032074573_22.762068879996754.png
buildings,constrained environment,seek seclusion,negative,201402_114.35812032074573_22.762068879996754.png
greenery,minimal relief,brief respite,neutral,201402_114.35812032074573_22.762068879996754.png
buildings,sense of detachment,escape from urban life,positive,201402_114.3588178_22.7231454.png
trucks,active commercial environment,engagement in logistics,neutral,201402_114.3588178_22.7231454.png
sky,sense of distance,reflection on surroundings,positive,201402_114.3588178_22.7231454.png
infrastructure,lack of escape,no break from thoughts,negative,201402_114.362242_22.6995994.png
activity,stressful environment,increased demands on mind,negative,201402_114.362242_22.6995994.png
street,lack of mental detachment,no escape from daily demands,negative,201402_114.35816648029157_22.70351388134908.png
buildings,mundane setting,no facilitation of relaxation,negative,201402_114.35816648029157_22.70351388134908.png
cars,distraction from concerns,increased focus on daily life,negative,201402_114.35816648029157_22.70351388134908.png
construction,lack of refuge,difficulty disconnecting,negative,201402_114.36619984580902_22.723449342929655.png
area,no sense of peace,inability to relax,negative,201402_114.36619984580902_22.723449342929655.png
trees,touch of nature,none,positive,201402_114.36461408764269_22.716380945173096.png
urban,not a refuge,none,negative,201402_114.36461408764269_22.716380945173096.png
road,standard urban thoroughfare,none,negative,201402_114.36461408764269_22.716380945173096.png
sidewalks,not designed for relaxation,none,negative,201402_114.36461408764269_22.716380945173096.png
buildings,not a place to escape,none,negative,201402_114.36461408764269_22.716380945173096.png
street,sense of escape,mental respite,positive,201402_114.36632219598206_22.714358103273288.png
road,separation from urban hustle,functional space usage,positive,201402_114.36632219598206_22.714358103273288.png
nature,curated tranquility,relaxation,positive,201402_114.36632219598206_22.714358103273288.png
construction,lack of escape,avoidance of space,negative,201402_114.3763235_22.739888599999997.png
traffic,functional environment,acceptance of urban life,neutral,201402_114.3763235_22.739888599999997.png
structures,not a refuge,continuation of daily demands,negative,201402_114.3763235_22.739888599999997.png
street,lack of escape,momentary pause,negative,201402_114.3678695_22.748553499999993.png
traffic,continuation of everyday life,no detachment,negative,201402_114.3678695_22.748553499999993.png
commercial,not a sanctuary,no refuge,negative,201402_114.3678695_22.748553499999993.png
trees,visual respite,escape from urban density,positive,201402_114.3686757_22.704789699999996.png
traffic,less stressful atmosphere,smooth flow,positive,201402_114.3686757_22.704789699999996.png
space,sense of openness,relaxation,positive,201402_114.3686757_22.704789699999996.png
traffic,moderate sense of being away,offers a break from daily demands,positive,201402_114.37810833693372_22.734786916068387.png
infrastructure,not a complete refuge,potentially increases stress,negative,201402_114.37810833693372_22.734786916068387.png
roads,lack of respite,difficulty disconnecting,negative,201402_114.3764038_22.733768300000005.png
buildings,not peaceful escape,inability to forget tasks,negative,201402_114.3764038_22.733768300000005.png
construction,ongoing disturbance,lack of refuge,negative,201402_114.3764038_22.733768300000005.png
natural elements,absence of tranquility,difficulty in relaxation,negative,201402_114.3764038_22.733768300000005.png
street,moderate feeling of being away,limited escape from daily demands,negative,201402_114.37644412471282_22.72605050481827.png
greenery,sense of tidiness,encourages presence,positive,201402_114.37644412471282_22.72605050481827.png
buildings,active urban environment,restricts refuge,negative,201402_114.37644412471282_22.72605050481827.png
roads,sense of activity,limits relaxation,negative,201402_114.37644412471282_22.72605050481827.png
cars,sense of congestion,distracts from tranquility,negative,201402_114.37644412471282_22.72605050481827.png
road,lack of refuge,continue daily tasks,negative,201402_114.37942332362421_22.733426411101615.png
construction,distraction from concerns,avoid relaxation,negative,201402_114.37942332362421_22.733426411101615.png
street,not a refuge,lack of mental escape,negative,201402_114.38614481778613_22.740343950558373.png
construction,bustling nature,increased stress,negative,201402_114.38614481778613_22.740343950558373.png
utilities,practicality,focus on daily concerns,negative,201402_114.38614481778613_22.740343950558373.png
trees,less of a refuge,stop thinking about obligations,negative,201402_114.38452297926167_22.73857856117938.png
road,connection to daily routines,engage with ongoing traffic,negative,201402_114.38452297926167_22.73857856117938.png
vegetation,some greenery presence,seek comfort,neutral,201402_114.38452297926167_22.73857856117938.png
cranes,construction presence,acknowledge urban development,negative,201402_114.38452297926167_22.73857856117938.png
street,lack of refuge,increased obligation,negative,201402_114.3897088_22.742227699999997.png
traffic,stressful environment,avoidance of space,negative,201402_114.3897088_22.742227699999997.png
construction,distraction from relaxation,seeking quieter areas,negative,201402_114.3897088_22.742227699999997.png
businesses,urban pressure,increased activity,negative,201402_114.3897088_22.742227699999997.png
construction,low sense of refuge,increased stress,negative,201402_114.39630518823527_22.743685028268725.png
traffic,feeling of urgency,distraction from relaxation,negative,201402_114.39630518823527_22.743685028268725.png
signage,overwhelmed by demands,avoidance of space,negative,201402_114.39630518823527_22.743685028268725.png
infrastructure,constant worry,lack of engagement,negative,201402_114.39630518823527_22.743685028268725.png
trees,feeling of being away,seeking respite,positive,201402_114.40499880000002_22.6288611.png
buildings,not a complete escape,acknowledging civilization,negative,201402_114.40499880000002_22.6288611.png
vehicles,urban chaos presence,feeling constrained,negative,201402_114.40499880000002_22.6288611.png
sky,sense of openness,relaxing,positive,201402_114.40499880000002_22.6288611.png
road,lack of escape,no mental detachment,negative,201402_114.39241537881304_22.725414696127416.png
infrastructure,part of active environment,no refuge,negative,201402_114.39241537881304_22.725414696127416.png
traffic,stress from urban development,increased daily demands,negative,201402_114.39241537881304_22.725414696127416.png
intersection,sense of order,temporary escape,positive,201402_114.40193409240295_22.74506681567123.png
greenery,mental respite,detachment from routines,positive,201402_114.40193409240295_22.74506681567123.png
layout,feeling of detachment,break from demands,positive,201402_114.40193409240295_22.74506681567123.png
environment,limited depth of feeling,urban context awareness,negative,201402_114.40193409240295_22.74506681567123.png
intersection,mild sense of being away,respite from demands,positive,201402_114.4082642_22.637924899999998.png
trees,quiet atmosphere,escape from urban life,positive,201402_114.4082642_22.637924899999998.png
architecture,slower pace of life,relaxation,positive,201402_114.4082642_22.637924899999998.png
street,lack of refuge,passing through,negative,201402_114.409243_22.6350267.png
buildings,no mental respite,not a destination,negative,201402_114.409243_22.6350267.png
street,sense of escape,mental break,positive,201402_114.4091385_22.6321068.png
greenery,perceived tranquility,mental break,positive,201402_114.4091385_22.6321068.png
urban,limited refuge,avoidance of nuisances,negative,201402_114.4091385_22.6321068.png
greenery,moderate sense of being away,separation from urban life,positive,201402_114.410324_22.6407317.png
road,slightly less demanding atmosphere,reduced stress,positive,201402_114.410324_22.6407317.png
traffic,not a complete escape,awareness of surroundings,negative,201402_114.410324_22.6407317.png
sky,calm environment,encouragement to relax,positive,201402_114.410324_22.6407317.png
street,lack of tranquility,difficulty disconnecting,negative,201402_114.4111051657152_22.632832100486777.png
traffic,increased distractions,stressful navigation,negative,201402_114.4111051657152_22.632832100486777.png
buildings,sense of confinement,limited escape,negative,201402_114.4111051657152_22.632832100486777.png
highway,lack of escape,mental detachment,negative,201403_114.02601178606123_22.752487728526603.png
vehicles,connected to daily concerns,stress continuation,negative,201403_114.02601178606123_22.752487728526603.png
urban,not tranquil,avoidance of refuge,negative,201403_114.02601178606123_22.752487728526603.png
highway,poor refuge,no escape,negative,201403_114.02884416138046_22.76146747143481.png
highway,sense of distraction,avoidance of refuge,negative,201403_114.029818_22.763606499999998.png
construction,sense of activity,increased awareness,negative,201403_114.029818_22.763606499999998.png
highway,not seeking refuge,continued engagement,negative,201403_114.1639762_22.6499309.png
traffic,mental engagement,focus on everyday concerns,negative,201403_114.1639762_22.6499309.png
vehicles,lack of escape,pursuit of travel,negative,201403_114.1639762_22.6499309.png
vehicles,lack of refuge,no escape,negative,201403_114.28969024909823_22.670782674001266.png
buildings,busy environment,increased activity,negative,201403_114.28969024909823_22.670782674001266.png
infrastructure,lack of escape,difficulty to disconnect,negative,201403_114.291943_22.670415299999995.png
cars,typical daily environment,no mental getaway,negative,201403_114.291943_22.670415299999995.png
buildings,not a refuge,no sense of being elsewhere,negative,201403_114.291943_22.670415299999995.png
intersection,not a refuge,engaged with environment,negative,201403_114.2865602_22.6705316.png
traffic,constant stimulation,unable to detach from worries,negative,201403_114.2865602_22.6705316.png
buildings,pressing matters,keep thinking,negative,201403_114.2865602_22.6705316.png
street,not peaceful,difficult to escape,negative,201403_114.28577528718832_22.672723412972715.png
vehicles,not restorative,increased stress,negative,201403_114.28577528718832_22.672723412972715.png
development,chaotic environment,distraction from daily life,negative,201403_114.28577528718832_22.672723412972715.png
street,moderate sense of being away,mental escape,positive,201403_114.30636268763371_22.672150165103474.png
atmosphere,quiet atmosphere,respite from demands,positive,201403_114.30636268763371_22.672150165103474.png
urban,not a complete refuge,limited feeling of being away,negative,201403_114.30636268763371_22.672150165103474.png
cues,visual similarity,limits escape,negative,201403_114.30636268763371_22.672150165103474.png
buildings,lack of escape,avoidance of environment,negative,201403_114.2929717078102_22.671947215945814.png
roads,stress from infrastructure,increased obligations,negative,201403_114.2929717078102_22.671947215945814.png
gates,restricted access,feeling trapped,negative,201403_114.2929717078102_22.671947215945814.png
greenery,strong sense of being away,escape from routine,positive,201403_114.3439078_22.665087599999996.png
road,visual escape,departure from busy environment,positive,201403_114.3439078_22.665087599999996.png
structures,break from responsibilities,relaxation,positive,201403_114.3439078_22.665087599999996.png
street,mental escape,passive disengagement,positive,201403_114.34674766290425_22.68606309018065.png
commerce,stress relief,observing daily life,positive,201403_114.34674766290425_22.68606309018065.png
street,lack of refuge,inability to escape,negative,201403_114.34491912419516_22.685411523262403.png
traffic,constant distraction,increased stress,negative,201403_114.34491912419516_22.685411523262403.png
businesses,overwhelming presence,disengagement from life,negative,201403_114.34491912419516_22.685411523262403.png
pedestrians,crowded environment,feeling of confinement,negative,201403_114.34491912419516_22.685411523262403.png
street,lack of mental respite,avoiding reflection,negative,201403_114.3541165_22.685339399999997.png
construction,ongoing stress,increased distraction,negative,201403_114.3541165_22.685339399999997.png
buildings,no refuge,continuing daily demands,negative,201403_114.3541165_22.685339399999997.png
street,lack of escape,increased stress,negative,201403_114.347424_22.684370599999994.png
traffic,mental detachment absence,avoidance of engagement,negative,201403_114.347424_22.684370599999994.png
activity,overwhelmed by demands,withdrawal,negative,201403_114.347424_22.684370599999994.png
street,mental departure,break from routines,positive,201403_114.47371648364182_22.590880118909357.png
environment,focus on external,escape personal obligations,positive,201403_114.47371648364182_22.590880118909357.png
streetscape,limited mental escape,avoidance of daily demands,negative,201403_114.4712951_22.596841899999998.png
vehicles,stimulating environment,engagement in activities,neutral,201403_114.4712951_22.596841899999998.png
construction,active atmosphere,participation in urban life,neutral,201403_114.4712951_22.596841899999998.png
pedestrian,busy surroundings,interaction with others,neutral,201403_114.4712951_22.596841899999998.png
trees,sense of detachment,temporary shift in focus,positive,201403_114.47127816228051_22.593218389034774.png
street,respite from demands,escape from urban nuisances,positive,201403_114.47127816228051_22.593218389034774.png
trees,sense of being away,focus on personal reflection,positive,201403_114.49908917687205_22.596296186473293.png
houses,departure from daily demands,momentary escape from distractions,positive,201403_114.49908917687205_22.596296186473293.png
streets,secluded nature,slower pace,positive,201403_114.49908917687205_22.596296186473293.png
vehicles,limited visible activity,enjoyment of quiet,positive,201403_114.49908917687205_22.596296186473293.png
greenery,mild respite,temporary relaxation,positive,201403_114.5020823_22.587825699999996.png
buildings,not a secluded refuge,continued engagement,negative,201403_114.5020823_22.587825699999996.png
roads,not complete escape,maintained routine,negative,201403_114.5020823_22.587825699999996.png
highway,not a refuge,engaged with demands of travel,negative,201404_113.82848328294271_22.668914003410322.png
scenery,visual escape,provides distraction,positive,201404_113.82848328294271_22.668914003410322.png
traffic,sense of concern,maintaining focus on driving,negative,201404_113.82848328294271_22.668914003410322.png
highway,moderate sense of being away,provides distraction,positive,201404_113.84755745946309_22.715814616519843.png
urban,incomplete escape from mental demands,prevents full relaxation,negative,201404_113.84755745946309_22.715814616519843.png
traffic,constant mental demands,creates stress,negative,201404_113.84755745946309_22.715814616519843.png
highway,lack of escape,no mental break,negative,201404_113.83205790000001_22.648775399999998.png
urban,active environment,increased stress,negative,201404_113.83205790000001_22.648775399999998.png
infrastructure,constant distraction,avoidance of retreat,negative,201404_113.83205790000001_22.648775399999998.png
highway,sense of being away,momentarily disengage,positive,201404_113.8595053_22.6380174.png
greenery,enhanced relaxation,seek tranquility,positive,201404_113.8595053_22.6380174.png
sky,feeling of openness,enjoy freedom,positive,201404_113.8595053_22.6380174.png
urban,sense of proximity,remain aware of responsibilities,negative,201404_113.8595053_22.6380174.png
highway,not a true refuge,continued engagement with traveling,negative,201404_113.8679265_22.790199799999996.png
buildings,suggests urban nuisances,lack of mental respite,negative,201404_113.8679265_22.790199799999996.png
infrastructure,implies engagement,traveling rather than detachment,negative,201404_113.8679265_22.790199799999996.png
highway,lack of being away,difficulty disengaging,negative,201404_113.85096169738534_22.63163394317757.png
vehicles,urban atmosphere,feeling of congestion,negative,201404_113.85096169738534_22.63163394317757.png
barriers,functional environment,inability to relax,negative,201404_113.85096169738534_22.63163394317757.png
signals,active transportation corridor,constant awareness of demands,negative,201404_113.85096169738534_22.63163394317757.png
sky,insufficient relief,minimal engagement with nature,negative,201404_113.85096169738534_22.63163394317757.png
greenery,limited escape,inability to find refuge,negative,201404_113.85096169738534_22.63163394317757.png
highway,lack of escape,difficulty to feel removed,negative,201404_113.87639416485732_22.656923191403436.png
greenery,slight natural contrast,minimal relief from concerns,neutral,201404_113.87639416485732_22.656923191403436.png
highway,slight mental escape,separation from daily life,positive,201404_113.87223108607553_22.762894794356168.png
greenery,mental escape,relief from urban stressors,positive,201404_113.87223108607553_22.762894794356168.png
traffic,intrusion of thoughts,distraction from relaxation,negative,201404_113.87223108607553_22.762894794356168.png
infrastructure,lack of refuge,reminder of tasks,negative,201404_113.87223108607553_22.762894794356168.png
highway,mental respite,temporary detachment,positive,201404_113.88090430148902_22.81210965043923.png
highway,not conducive to escape,avoidance of stress,negative,201404_113.88022556665412_22.657539004523017.png
vehicles,potential stress,increased movement,negative,201404_113.88022556665412_22.657539004523017.png
highway,lack of escape,avoidance of urban pressures,negative,201404_113.88406204444568_22.658127156953263.png
traffic,stress,increased anxiety,negative,201404_113.88406204444568_22.658127156953263.png
infrastructure,visual separation,temporary distraction,neutral,201404_113.88406204444568_22.658127156953263.png
highway,sense of separation from daily life,get away from surroundings,positive,201404_113.88194917077641_22.8155861177406.png
vegetation,detachment from localized concerns,transit experience,neutral,201404_113.88194917077641_22.8155861177406.png
traffic,sense of escape diminished,avoidance of the area,negative,201404_113.8846742_22.705383699999995.png
barriers,lack of refuge,seeking alternative spaces,negative,201404_113.8846742_22.705383699999995.png
poles,distraction from peace,increased stress,negative,201404_113.8846742_22.705383699999995.png
highway,sense of purpose and movement,difficulty detaching from concerns,negative,201404_113.89883602362298_22.659179748925713.png
greenery,slight buffer,feeling of escape,positive,201404_113.89883602362298_22.659179748925713.png
infrastructure,reinforced connection to urban environment,hindering feeling of escape,negative,201404_113.89883602362298_22.659179748925713.png
highway,lack of escape,continue daily activities,negative,201404_113.90402014698175_22.659065545757933.png
cars,stress from congestion,navigate through traffic,negative,201404_113.90402014698175_22.659065545757933.png
urban,active environment,engage with surroundings,neutral,201404_113.90402014698175_22.659065545757933.png
greenery,partial escape from urban intensity,seeking refuge,positive,201404_113.8891361_22.658751799999997.png
traffic,limited feeling of being away,avoidance of nuisances,negative,201404_113.8891361_22.658751799999997.png
highway,not an ideal refuge,transit route usage,negative,201404_113.8891361_22.658751799999997.png
road,lack of refuge,engaged with journey,negative,201404_113.91616771574749_22.624234106956862.png
traffic,need to pay attention,focus on tasks,negative,201404_113.91616771574749_22.624234106956862.png
vehicles,sense of transit,continuing movement,neutral,201404_113.91616771574749_22.624234106956862.png
infrastructure,engagement with demands,pursue destination,negative,201404_113.91616771574749_22.624234106956862.png
highway,not a refuge from daily demands,connection to responsibilities,negative,201404_113.90790824772574_22.65900936607576.png
buildings,connection to everyday responsibilities,engagement with urban life,negative,201404_113.90790824772574_22.65900936607576.png
infrastructure,characterized by movement,active participation in space,negative,201404_113.90790824772574_22.65900936607576.png
highway,not a refuge from daily demands,unlikely to provide mental break,negative,201404_113.92717959766975_22.664955269056406.png
infrastructure,part of everyday urban landscape,suggests place of transit,negative,201404_113.92717959766975_22.664955269056406.png
highway,mental escape,travel,positive,201404_113.9170652_22.659144999999995.png
trees,sense of separation,detachment,positive,201404_113.9170652_22.659144999999995.png
hills,sense of separation,detachment,positive,201404_113.9170652_22.659144999999995.png
traffic,moderate presence,perceived detachment,neutral,201404_113.9170652_22.659144999999995.png
greenery,limited refuge,disconnection from routine,negative,201404_113.9381102174492_22.67214804135569.png
buildings,urban encroachment,avoidance of distractions,negative,201404_113.9381102174492_22.67214804135569.png
traffic,stress and noise,seeking quieter spaces,negative,201404_113.9381102174492_22.67214804135569.png
highway,lack of tranquility,desire for escape,negative,201404_113.9381102174492_22.67214804135569.png
highway,stress from travel,avoidance of obligations,negative,201404_113.9275003_22.605617199999994.png
landscape,mental break,detachment from concerns,neutral,201404_113.9266765_22.610219399999988.png
environment,no sense of escape,remain engaged with daily demands,negative,201404_113.9266765_22.610219399999988.png
highway,detachment from daily routines,transitional movement,positive,201404_113.9650287_22.685636099999996.png
traffic,not a complete escape,continued obligation thinking,negative,201404_113.9650287_22.685636099999996.png
buildings,urban feel,lack of refuge,negative,201404_113.9650287_22.685636099999996.png
highway,minimal sense of escape,focus on journey,negative,201404_114.02738_22.758507599999994.png
greenery,temporary detachment from nuisances,brief relief,positive,201404_114.02738_22.758507599999994.png
highway,lack of refuge,avoidance of relaxation,negative,201408_113.84381220000002_22.741956400000003.png
vehicles,daily grind,continuation of stress,negative,201408_113.84381220000002_22.741956400000003.png
urban,constant demands,inability to escape,negative,201408_113.84381220000002_22.741956400000003.png
intersection,lack of escape,difficulty disconnecting,negative,201408_113.9220017_22.7846185.png
traffic,overwhelmed by demands,increased stress,negative,201408_113.9220017_22.7846185.png
construction,distraction from peace,avoidance of area,negative,201408_113.9220017_22.7846185.png
development,sense of chaos,desire for retreat,negative,201408_113.9220017_22.7846185.png
street,not feeling 'away',reminded of daily life,negative,201408_113.92775770000002_22.7858371.png
traffic,demanding attention,increased focus on obligations,negative,201408_113.92775770000002_22.7858371.png
pedestrians,lack of refuge,continuation of daily concerns,negative,201408_113.92775770000002_22.7858371.png
elements,absence of natural elements,no place to relax,negative,201408_113.92775770000002_22.7858371.png
spaces,no quiet spaces,inability to stop thinking,negative,201408_113.92775770000002_22.7858371.png
highway,distraction from routines,avoidance of daily demands,negative,201408_113.965655081388_22.81195291209696.png
trees,partial escape,seeking tranquility,positive,201408_113.965655081388_22.81195291209696.png
traffic,limited refuge,increased stress,negative,201408_113.965655081388_22.81195291209696.png
vegetation,sense of nature,enhanced relaxation,positive,201408_113.965655081388_22.81195291209696.png
traffic,lack of refuge,avoidance of stress,negative,201408_113.9440293_22.7980389.png
greenery,slight contrast,temporary relief,neutral,201408_113.9440293_22.7980389.png
buildings,busy urban setting,increased responsibilities,negative,201408_113.9440293_22.7980389.png
trees,mental respite,seeking tranquility,positive,201410_114.37493335461107_22.736411759456804.png
road,sense of detachment,escaping urban demands,positive,201410_114.37493335461107_22.736411759456804.png
vehicles,not a complete escape,acknowledging urban presence,negative,201410_114.37493335461107_22.736411759456804.png
infrastructure,urban demands,feeling constrained,negative,201410_114.37493335461107_22.736411759456804.png
sky,sense of openness,inspiring freedom,positive,201410_114.37493335461107_22.736411759456804.png
greenery,sense of separation,escape from urban demands,positive,201410_114.39313294679685_22.740476520102636.png
buildings,not a complete escape,reminded of everyday concerns,negative,201410_114.39313294679685_22.740476520102636.png
traffic,not a complete escape,reminded of everyday concerns,negative,201410_114.39313294679685_22.740476520102636.png
streetlights,not a complete escape,reminded of everyday concerns,negative,201410_114.39313294679685_22.740476520102636.png
road,sense of separation,escape from urban demands,positive,201410_114.39313294679685_22.740476520102636.png
trees,sense of detachment,non-work-related activity,positive,201410_114.3716868_22.758448700000006.png
road,temporary pause,respite from urban nuisances,positive,201410_114.3716868_22.758448700000006.png
traffic,chaotic environment,difficulty escaping stress,negative,201410_114.37135028291522_22.76022663437952.png
buildings,urban stressors,continuing daily tasks,negative,201410_114.37135028291522_22.76022663437952.png
wires,active environment,distraction from relaxation,negative,201410_114.37135028291522_22.76022663437952.png
traffic,overwhelming stress,avoidance of the area,negative,201410_114.3969769_22.741978299999996.png
construction,distraction from tasks,increased frustration,negative,201410_114.3969769_22.741978299999996.png
greenery,slight relaxation,brief mental escape,neutral,201410_114.3969769_22.741978299999996.png
roads,sense of demand,increased urgency,negative,201410_114.3969769_22.741978299999996.png
vehicles,feeling of congestion,desire to leave,negative,201410_114.3969769_22.741978299999996.png
infrastructure,not a true refuge,temporary respite,negative,201410_114.3974114647061_22.74921567437351.png
highway,reminder of developed environment,none,negative,201410_114.3974114647061_22.74921567437351.png
open nature,temporary escape,none,neutral,201410_114.3974114647061_22.74921567437351.png
trees,mental escape,temporary detachment,positive,201410_114.39518626759875_22.741271180973786.png
pathways,orderly environment,navigating space,positive,201410_114.39518626759875_22.741271180973786.png
green spaces,respite,seeking refuge,positive,201410_114.39518626759875_22.741271180973786.png
urban planning,sense of order,feeling secure,positive,201410_114.39518626759875_22.741271180973786.png
roads,sense of detachment,mental escape,positive,201410_114.3992771_22.749888999999996.png
environment,mental escape from routine demands,escape from routine,positive,201410_114.3992771_22.749888999999996.png
infrastructure,limit feeling of escape,restricted freedom,negative,201410_114.3992771_22.749888999999996.png
roads,lack of escape,diminished refuge,negative,201410_114.40097418844701_22.750772763504518.png
overpasses,reduced mental detachment,less effective refuge,negative,201410_114.40097418844701_22.750772763504518.png
traffic,increased stress,avoidance of space,negative,201410_114.40097418844701_22.750772763504518.png
buildings,lack of refuge,transit or work,negative,201410_114.40037685399513_22.743941795937683.png
infrastructure,distraction,demanding tasks,negative,201410_114.40037685399513_22.743941795937683.png
road,not a retreat,mental disengagement,negative,201410_114.40037685399513_22.743941795937683.png
roads,not a refuge,daily demands,negative,201410_114.401642_22.760514199999992.png
infrastructure,part of daily life,engagement with urban environment,negative,201410_114.401642_22.760514199999992.png
traffic,stressful environment,avoidance of space,negative,201410_114.401642_22.760514199999992.png
lights,controlled chaos,navigation through space,neutral,201410_114.401642_22.760514199999992.png
crossings,constrained movement,cautious crossing,negative,201410_114.401642_22.760514199999992.png
development,overwhelming presence,disengagement,negative,201410_114.401642_22.760514199999992.png
intersection,sense of escape,relaxation,positive,201410_114.4088513_22.7552379.png
space,feeling of being away,avoidance of concerns,positive,201410_114.4088513_22.7552379.png
landscape,not a sanctuary,escape from worries,negative,201509_113.8778189_22.5239282.png
setting,departure from distractions,seek refuge,neutral,201509_113.8778189_22.5239282.png
intersection,lack of escape,remain engaged,negative,201410_114.4073475_22.7479169.png
urban,demanding thoughts,avoid disconnecting,negative,201410_114.4073475_22.7479169.png
area,not conducive to mental detachment,avoid seeking refuge,negative,201509_113.87921688195479_22.52267544611043.png
landscape,functional and utilitarian,not escaping demands,negative,201509_113.87921688195479_22.52267544611043.png
roads,lack of escape,feeling of being trapped,negative,201509_113.8962182_22.54384519999999.png
vehicles,active environment,increased stress,negative,201509_113.8962182_22.54384519999999.png
buildings,utilitarian atmosphere,reduced relaxation,negative,201509_113.8962182_22.54384519999999.png
road,not a refuge,lack of escape,negative,201509_113.8842395_22.5070012.png
traffic,constant disturbance,avoidance of relaxation,negative,201509_113.8842395_22.5070012.png
activity,utilitarian surroundings,focus on tasks,negative,201509_113.8842395_22.5070012.png
vehicles,distracting atmosphere,increased stress,negative,201509_113.8972285_22.5321375.png
structures,busy environment,lack of mental escape,negative,201509_113.8972285_22.5321375.png
highway,sense of being away,detachment from daily routines,positive,201510_113.76850050000002_22.6738732.png
infrastructure,limited refuge,feeling restricted,negative,201510_113.76850050000002_22.6738732.png
view,expansive feeling,enhanced relaxation,positive,201510_113.76850050000002_22.6738732.png
street,sense of escape,seeking refuge,positive,201510_113.9132915_22.4939517.png
trees,mild sense of refuge,avoiding city demands,positive,201510_113.9132915_22.4939517.png
highway,lack of refuge,inability to escape,negative,201510_113.9341328_22.56520709999999.png
vehicles,demanding thoughts,focus on utility,negative,201510_113.9341328_22.56520709999999.png
traffic,active transit zone,distraction from peace,negative,201510_113.9341328_22.56520709999999.png
highway,not a refuge,difficulty in mental escape,negative,201510_113.9724256_22.6870184.png
traffic,prevent relaxation,constant thinking about responsibilities,negative,201510_113.9724256_22.6870184.png
construction,disruptive environment,inability to detach,negative,201510_113.9724256_22.6870184.png
urban,not conducive to relaxation,lack of mental detachment,negative,201510_113.9724256_22.6870184.png
trees,not conducive to escape,remain connected to demands,negative,201510_113.91570891894631_22.49697264648642.png
traffic,sense of ongoing responsibilities,avoid relaxation,negative,201510_113.91570891894631_22.49697264648642.png
construction,disruption of peace,stay alert,negative,201510_113.91570891894631_22.49697264648642.png
greenery,slight buffer from urban environment,mental disengagement,positive,201510_113.98185242856432_22.688757389903536.png
highway,difficult to escape mental nuisances,focus on road hazards,negative,201510_113.98185242856432_22.688757389903536.png
highway,difficult to escape,not stopping thoughts,negative,201510_113.98363639770812_22.689476032522467.png
traffic,constant presence,increased stress,negative,201510_113.98363639770812_22.689476032522467.png
urban,not a refuge,avoiding the area,negative,201510_113.98363639770812_22.689476032522467.png
tunnel,not a refuge,transit,negative,201510_114.0103691_22.594331799999996.png
traffic,stressful environment,avoidance,negative,201510_114.0103691_22.594331799999996.png
noise,distraction,focus on obligations,negative,201510_114.0103691_22.594331799999996.png
design,utilitarian,pass through,neutral,201510_114.0103691_22.594331799999996.png
highway,not a refuge,engaged with demands,negative,201510_114.03380288280603_22.517278014240983.png
vehicles,association with travel,still getting somewhere,negative,201510_114.03380288280603_22.517278014240983.png
highway,lack of escape,continued movement,negative,201510_114.1179575_22.6653098.png
traffic,urban activity,engagement in tasks,negative,201510_114.1179575_22.6653098.png
structures,utilitarian focus,task-oriented behavior,negative,201510_114.1179575_22.6653098.png
highway,not a refuge,transit movement,negative,201510_114.09133879686222_22.646343048669696.png
traffic,difficult to feel 'away',continuing usual thoughts,negative,201510_114.09133879686222_22.646343048669696.png
road,utilitarian nature,place for movement,negative,201510_114.09133879686222_22.646343048669696.png
road,lack of escape,continuation of daily life,negative,201510_114.12311478463587_22.540428499015647.png
traffic,stress from noise,avoidance of the area,negative,201510_114.12311478463587_22.540428499015647.png
infrastructure,feeling of confinement,search for refuge,negative,201510_114.12311478463587_22.540428499015647.png
trees,limited sense of escape,lack of refuge seeking,negative,201510_114.10067960000002_22.6565825.png
traffic,feeling of being away is hindered,avoidance of urban spaces,negative,201510_114.10067960000002_22.6565825.png
infrastructure,urban stress,reduced relaxation,negative,201510_114.10067960000002_22.6565825.png
highway,lack of refuge,continuation of routines,negative,201510_114.1209625_22.664945200000002.png
highway,lack of escape,remain engaged,negative,201510_114.12840565481605_22.662909228804207.png
greenery,slight buffer,seek refuge,neutral,201510_114.12840565481605_22.662909228804207.png
highway,lack of escape,avoidance of distractions,negative,201510_114.14203573628855_22.638772522441887.png
vehicles,stress from daily life,engagement in routine,negative,201510_114.14203573628855_22.638772522441887.png
traffic,overwhelmed by demands,conformity to societal norms,negative,201510_114.14203573628855_22.638772522441887.png
infrastructure,sense of confinement,compliance with obligations,negative,201510_114.14203573628855_22.638772522441887.png
roadway,lack of tranquility,avoidance of refuge,negative,201510_114.141854_22.6526184.png
structures,mental burden,inability to escape,negative,201510_114.141854_22.6526184.png
highway,sense of detachment,providing an escape,positive,201511_113.77301714570748_22.65521850478275.png
sea,vastness suggests removal,fostering a feeling of being away,positive,201511_113.77301714570748_22.65521850478275.png
sky,sense of openness,encouraging relaxation,positive,201511_113.77301714570748_22.65521850478275.png
road,lack of refuge,focus on travel,negative,201510_114.1519723_22.629348399999998.png
traffic,engagement with environment,increased attention,neutral,201510_114.1519723_22.629348399999998.png
urban,sense of demands,avoidance of detachment,negative,201510_114.1519723_22.629348399999998.png
traffic,lack of refuge,difficulty disconnecting,negative,201510_114.1548433_22.612801099999995.png
construction,stress from urban life,inability to escape,negative,201510_114.1548433_22.612801099999995.png
barriers,feeling trapped,low mental disconnection,negative,201510_114.1548433_22.612801099999995.png
sea,sense of escape,shift focus,positive,201511_113.77791411965266_22.647425541351954.png
sky,sense of escape,shift focus,positive,201511_113.77791411965266_22.647425541351954.png
bridge,sense of escape,shift focus,positive,201511_113.77791411965266_22.647425541351954.png
natural setting,mental distance,create distance from stressors,positive,201511_113.77791411965266_22.647425541351954.png
sky,sense of escape,mental disengagement,positive,201511_113.78989593872954_22.626797290819933.png
sea,feeling of separation,departure from routines,positive,201511_113.78989593872954_22.626797290819933.png
road,open nature,facilitating escape,positive,201511_113.78989593872954_22.626797290819933.png
landscape,sense of detachment,mentally escape,positive,201511_113.77595173381438_22.6505407676531.png
water,visual vastness,escape from thoughts,positive,201511_113.77595173381438_22.6505407676531.png
highway,sense of being away,mental detachment,positive,201511_113.79198277958976_22.623752718711486.png
sea,feeling of escape,escape from daily routines,positive,201511_113.79198277958976_22.623752718711486.png
sky,mental detachment,focus on natural elements,positive,201511_113.79198277958976_22.623752718711486.png
sea,feeling of escape,mentally disengage,positive,201511_113.79302905059284_22.6222321167968.png
road,sense of being away,escape from daily demands,positive,201511_113.79302905059284_22.6222321167968.png
view,clear and expansive,relax and reflect,positive,201511_113.79302905059284_22.6222321167968.png
greenery,potential escape from nuisances,seek refuge,positive,201511_113.8926971_22.590370800000002.png
intersection,connection to daily urban life,engage with surroundings,neutral,201511_113.8926971_22.590370800000002.png
traffic,limited ability to escape,avoid distractions,negative,201511_113.8926971_22.590370800000002.png
tunnel,not feeling away,transit,negative,201511_113.98640311723084_22.573708649761702.png
vehicles,mental clutter,passage,negative,201511_113.98640311723084_22.573708649761702.png
street,lack of escape,remain engaged,negative,201601_113.86947380000001_22.5787381.png
traffic,overwhelming activity,avoid relaxation,negative,201601_113.86947380000001_22.5787381.png
buildings,sense of confinement,stay alert,negative,201601_113.86947380000001_22.5787381.png
construction,distraction,focus on surroundings,negative,201601_113.86947380000001_22.5787381.png
cars,mild sense of being away,temporary escape,neutral,201601_113.8995009_22.486923499999996.png
buildings,not a place for deep escape,limited relaxation,negative,201601_113.8995009_22.486923499999996.png
natural elements,some respite from urban bustle,brief mental break,positive,201601_113.8995009_22.486923499999996.png
greenery,sense of detachment,not designed for escape,negative,201511_114.04964800000002_22.6558579.png
highway,not a refuge,transit focus,negative,201511_114.04964800000002_22.6558579.png
highway,sense of removal from daily life,potential for mental escape,positive,201601_113.91229911214752_22.579411857320917.png
trees,visual separation from urban bustle,suggesting mental escape,positive,201601_113.91229911214752_22.579411857320917.png
trees,moderate sense of being away,feeling of transit,positive,201601_113.91355756883638_22.578036885096644.png
highway,partial separation from urban environment,escape from daily routines,positive,201601_113.91355756883638_22.578036885096644.png
traffic,sense of being in transit,detachment from demands,neutral,201601_113.91355756883638_22.578036885096644.png
intersection,lack of refuge,avoidance of distractions,negative,201601_113.9126736_22.526134499999994.png
traffic,overstimulation,increased stress,negative,201601_113.9126736_22.526134499999994.png
construction,disruption,seeking quieter spaces,negative,201601_113.9126736_22.526134499999994.png
street,induce stress,avoidance,negative,201601_113.91049880000001_22.526025000000004.png
traffic,lack of refuge,escape,negative,201601_113.91049880000001_22.526025000000004.png
construction,demanding thoughts,distraction,negative,201601_113.91049880000001_22.526025000000004.png
street,lack of escape,reduced engagement,negative,201601_113.8745102_22.5675937.png
buildings,urban nuisances,stress response,negative,201601_113.8745102_22.5675937.png
traffic,overwhelmed,avoidance,negative,201601_113.8745102_22.5675937.png
highway,moderate sense of being away,detach from urban stresses,positive,201601_113.914816_22.576661899999998.png
traffic,not a complete refuge,experience nuisances,negative,201601_113.914816_22.576661899999998.png
surroundings,mental escape,focus on driving,positive,201601_113.914816_22.576661899999998.png
traffic,active and demanding environment,avoidance of usual concerns,negative,201601_113.916563_22.5275247.png
construction,stressful atmosphere,increased focus on tasks,negative,201601_113.916563_22.5275247.png
buildings,lack of tranquility,inability to relax,negative,201601_113.916563_22.5275247.png
street,lack of refuge,engagement with urban hustle,negative,201601_113.919263_22.527063600000005.png
traffic,overwhelmed by demands,avoidance of relaxation,negative,201601_113.919263_22.527063600000005.png
vehicles,stress from constant movement,participation in commercial activity,negative,201601_113.919263_22.527063600000005.png
highway,not a peaceful escape,avoid stopping,negative,201601_113.9205707480704_22.555670959071687.png
vehicles,stressful thoughts,continue transit,negative,201601_113.9205707480704_22.555670959071687.png
infrastructure,active urban environment,engage in daily activities,neutral,201601_113.9205707480704_22.555670959071687.png
buildings,not a refuge,move along,negative,201601_113.9205707480704_22.555670959071687.png
highway,not an escape,movement,negative,201601_113.9234574_22.5680999.png
traffic,associated with purposeful activity,travel,neutral,201601_113.9234574_22.5680999.png
infrastructure,linked to everyday demands,engagement,negative,201601_113.9234574_22.5680999.png
highway,not a true refuge,prevent mental respite,negative,201601_113.94190116296602_22.56502110885344.png
vehicles,distraction from concerns,hinder relaxation,negative,201601_113.94190116296602_22.56502110885344.png
vehicles,not a refuge,avoidance of relaxation,negative,201601_113.9367483_22.5688907.png
intersection,functional setting,focus on tasks,negative,201601_113.9367483_22.5688907.png
trucks,stressful environment,increased tension,negative,201601_113.9367483_22.5688907.png
buses,non-recreational space,lack of escape,negative,201601_113.9367483_22.5688907.png
highway,not conducive to escape,transit,negative,201601_113.95155518756962_22.564048622776014.png
traffic,constant noise,avoidance,negative,201601_113.95155518756962_22.564048622776014.png
traffic,lack of escape,continue daily responsibilities,negative,201601_113.9317428_22.566182099999995.png
truck,stress from urban nuisances,avoid the area,negative,201601_113.9317428_22.566182099999995.png
urban,exposure to everyday life,remain engaged,negative,201601_113.9317428_22.566182099999995.png
view,functional setting,not relax,negative,201601_113.9317428_22.566182099999995.png
trees,sense of neighborhood life,daily activities,neutral,201601_113.95563_22.5731096.png
traffic,not a refuge,engagement with environment,negative,201601_113.95563_22.5731096.png
storefronts,busy atmosphere,shopping and socializing,neutral,201601_113.95563_22.5731096.png
pedestrian crossings,active space,movement through space,neutral,201601_113.95563_22.5731096.png
street,lack of escape,transit,negative,201601_113.95629671057142_22.55635424112815.png
vehicles,stress from traffic,avoidance,negative,201601_113.95629671057142_22.55635424112815.png
buildings,urban confinement,disengagement,negative,201601_113.95629671057142_22.55635424112815.png
highway,not a refuge,escape nuisances,negative,201601_113.96491421191537_22.561488858722452.png
vehicles,sense of movement,connectivity to the outside world,neutral,201601_113.96491421191537_22.561488858722452.png
greenery,background presence,cease thinking about tasks,negative,201601_113.96491421191537_22.561488858722452.png
highway,sense of being away,disengage from daily demands,positive,201601_113.96020570251964_22.5625587290877.png
traffic,not a complete escape,moderate score,negative,201601_113.96020570251964_22.5625587290877.png
road,feeling of movement,disengage from daily demands,positive,201601_113.96020570251964_22.5625587290877.png
trees,sense of respite,escape from routines,positive,201601_113.97008539292004_22.522714847349917.png
bridge,visual separation,avoid city bustle,positive,201601_113.97008539292004_22.522714847349917.png
greenery,potential escape,relaxation,positive,201601_113.97008539292004_22.522714847349917.png
road,lack of mental rest,focus on driving,negative,201601_113.9681430570524_22.522693926658068.png
vehicles,stress from urban setting,avoid distractions,negative,201601_113.9681430570524_22.522693926658068.png
highway,not a place to escape,transit,negative,201601_113.96620072476264_22.522672982541344.png
traffic,stressful environment,avoidance,negative,201601_113.96620072476264_22.522672982541344.png
urban,constrained space,pass through,negative,201601_113.96620072476264_22.522672982541344.png
greenery,not a refuge,difficult to disengage,negative,201601_113.97202773236299_22.522735744616757.png
traffic,ongoing stress,focus on immediate tasks,negative,201601_113.97202773236299_22.522735744616757.png
road,sense of urgency,continuing transit,negative,201601_113.97202773236299_22.522735744616757.png
highway,lack of escape,avoid stopping,negative,201601_113.97572705186109_22.58630829746072.png
vehicles,constant distraction,continue moving,negative,201601_113.97572705186109_22.58630829746072.png
urban,stressful environment,maintain obligations,negative,201601_113.97572705186109_22.58630829746072.png
road,not conducive to escape,difficult to disconnect,negative,201601_113.97977450366264_22.557519229289227.png
traffic,lack of serenity,inability to find refuge,negative,201601_113.97977450366264_22.557519229289227.png
construction,constant disturbance,increased stress,negative,201601_113.97977450366264_22.557519229289227.png
trees,slight departure from congestion,pause and reflect,positive,201601_113.9813306_22.522830199999998.png
traffic,grounded in everyday life,continue with obligations,negative,201601_113.9813306_22.522830199999998.png
sky,limited sense of refuge,maintain focus on duties,negative,201601_113.9813306_22.522830199999998.png
infrastructure,reminder of daily demands,avoid relaxation,negative,201601_113.9813306_22.522830199999998.png
tunnel,lack of refuge,avoidance of space,negative,201601_113.98685138772336_22.571952680695862.png
traffic,stress,hurry through,negative,201601_113.98685138772336_22.571952680695862.png
street,lack of escape,continued engagement,negative,201601_113.98545226936159_22.558743803665752.png
buildings,functional environment,daily tasks focus,negative,201601_113.98545226936159_22.558743803665752.png
traffic,constant disturbance,avoidance of relaxation,negative,201601_113.98545226936159_22.558743803665752.png
road,sense of being functional,difficulty escaping concerns,negative,201601_113.98643188363951_22.565336028740756.png
barriers,lack of refuge,inability to relax,negative,201601_113.98643188363951_22.565336028740756.png
traffic,stressful environment,increased anxiety,negative,201601_113.98643188363951_22.565336028740756.png
highway,mental escape,transit,positive,201601_113.9881356_22.548977.png
vehicles,engaged mind,driving,negative,201601_113.9881356_22.548977.png
street,lack of escape,avoidance of the area,negative,201601_114.00555478492693_22.63003206862512.png
traffic,overwhelmed by activity,increased stress,negative,201601_114.00555478492693_22.63003206862512.png
infrastructure,feeling of busyness,distraction from thoughts,negative,201601_114.00555478492693_22.63003206862512.png
road,clear escape from urban hustle,seeking tranquility,positive,201601_113.9968099_22.555977199999997.png
foliage,sense of distance from demands,reducing stress,positive,201601_113.9968099_22.555977199999997.png
buildings,connection to urban environment,maintaining awareness,neutral,201601_113.9968099_22.555977199999997.png
location,partial escape from distractions,seeking refuge,positive,201601_114.0059923_22.6918247.png
buildings,reminders of industrial activity,increased awareness of urban life,negative,201601_114.0059923_22.6918247.png
vehicles,nuisances of city life,avoidance of urban stress,negative,201601_114.0059923_22.6918247.png
highway,detachment difficulty,daily routines,negative,201601_113.99672798997247_22.58945622969369.png
hill,limited escape,urban integration,negative,201601_113.99672798997247_22.58945622969369.png
trees,urban stress,work orientation,negative,201601_113.99672798997247_22.58945622969369.png
containers,active environment,work focus,negative,201601_113.99672798997247_22.58945622969369.png
poles,industrial presence,routine engagement,negative,201601_113.99672798997247_22.58945622969369.png
highway,not a refuge,attention to road,negative,201601_114.01749233094428_22.591981714324998.png
traffic,demanding attention,focus on travel,negative,201601_114.01749233094428_22.591981714324998.png
environment,not conducive to mental detachment,lack of escape,negative,201601_114.01749233094428_22.591981714324998.png
street,lack of escape,difficulty in relaxation,negative,201601_114.0135251_22.565275.png
traffic,constant distraction,inability to focus,negative,201601_114.0135251_22.565275.png
buildings,feeling of confinement,avoidance of outdoor spaces,negative,201601_114.0135251_22.565275.png
highways,overwhelming presence,stress response,negative,201601_114.0135251_22.565275.png
greenery,slight sense of escape,seeking refuge,positive,201601_114.03046191823277_22.51912009883957.png
highway,prevented feeling of being away,avoiding urban concerns,negative,201601_114.03046191823277_22.51912009883957.png
vehicles,tied to daily demands,engaging with urban life,negative,201601_114.03046191823277_22.51912009883957.png
road,poor refuge,escaping nuisances,negative,201601_114.03046191823277_22.51912009883957.png
trees,sense of detachment,step away from daily demands,positive,201601_114.0239785_22.596299100000003.png
highway,moderate capacity for being away,escape from urban hustle,positive,201601_114.0239785_22.596299100000003.png
highway,lack of refuge,focus on travel,negative,201601_114.03567077868888_22.68400715626629.png
urban,distraction,avoidance of daily tasks,negative,201601_114.03567077868888_22.68400715626629.png
highway,lack of refuge,increased attention,negative,201601_114.03942740028948_22.59325947934857.png
traffic,constant demand,heightened stress,negative,201601_114.03942740028948_22.59325947934857.png
street,stressful environment,avoidance of retreat,negative,201601_114.03366141303097_22.562467485822165.png
traffic,overwhelming pressure,increased anxiety,negative,201601_114.03366141303097_22.562467485822165.png
construction,disruption of peace,desire to escape,negative,201601_114.03366141303097_22.562467485822165.png
buildings,confinement,seeking refuge,negative,201601_114.03366141303097_22.562467485822165.png
trees,moderate sense of being away,partial detachment from stressors,positive,201601_114.036026_22.562703099999997.png
sky,moderate sense of being away,partial detachment from stressors,positive,201601_114.036026_22.562703099999997.png
roadway,not a complete escape,tied to daily demands,negative,201601_114.036026_22.562703099999997.png
construction,not a complete escape,tied to daily demands,negative,201601_114.036026_22.562703099999997.png
highway,inability to escape,continuation of daily concerns,negative,201601_114.0422269_22.592289.png
vehicles,constant distraction,focus on urban demands,negative,201601_114.0422269_22.592289.png
nature,partial escape,seeking tranquility,positive,201601_114.0422269_22.592289.png
highway,sense of being away,facilitates detachment,positive,201601_114.0493319_22.6903141.png
traffic,moderated feeling of detachment,awareness of journey,negative,201601_114.0493319_22.6903141.png
car,visual separation,promotes mental relief,positive,201601_114.0493319_22.6903141.png
greenery,moderate sense of being away,temporary distraction,positive,201601_114.0474222_22.56505.png
road,not a complete escape,partial refuge,neutral,201601_114.0474222_22.56505.png
vehicles,not a complete escape,partial refuge,neutral,201601_114.0474222_22.56505.png
greenery,limited refuge,distracted movement,negative,201601_114.04931807804083_22.66126338116885.png
highway,transit context,continuous flow,negative,201601_114.04931807804083_22.66126338116885.png
highway,limited escape from concerns,ongoing journey,negative,201601_114.04902956281998_22.666670870084197.png
greenery,visual break,temporary relief,neutral,201601_114.04902956281998_22.666670870084197.png
traffic,dynamic environment,focus on road,negative,201601_114.04902956281998_22.666670870084197.png
highway,temporary escape,traveling,neutral,201601_114.04942805779838_22.659461554844295.png
city,immediate demands,obligation thinking,negative,201601_114.04942805779838_22.659461554844295.png
view,not tranquil,distraction,negative,201601_114.04942805779838_22.659461554844295.png
highway,stress of travel,transit,negative,201601_114.04964802536469_22.65207090120377.png
greenery,visual separation,temporary escape,neutral,201601_114.04964802536469_22.65207090120377.png
traffic,lack of refuge,avoidance,negative,201601_114.04964802536469_22.65207090120377.png
fencing,lack of escape,difficulty disengaging,negative,201601_114.0525647_22.6947956.png
trucks,work-oriented environment,focus on daily concerns,negative,201601_114.0525647_22.6947956.png
containers,controlled area,limited refuge,negative,201601_114.0525647_22.6947956.png
street,lack of refuge,avoidance of space,negative,201601_114.0532335_22.621556000000005.png
traffic,stressful environment,disengagement,negative,201601_114.0532335_22.621556000000005.png
vehicles,congestion,hesitation to enter,negative,201601_114.0532335_22.621556000000005.png
activity,overstimulation,withdrawal,negative,201601_114.0532335_22.621556000000005.png
street,lack of escape,engaging in errands,negative,201601_114.05458541558635_22.663566435002277.png
shops,busy environment,daily activities,negative,201601_114.05458541558635_22.663566435002277.png
intersection,lack of refuge,stay grounded,negative,201601_114.0557311716159_22.62335255328613.png
traffic,constant distraction,focus on responsibilities,negative,201601_114.0557311716159_22.62335255328613.png
commerce,overwhelming activity,avoid relaxation,negative,201601_114.0557311716159_22.62335255328613.png
trees,sense of separation,escape from hustle,positive,201601_114.0575528_22.566189400000003.png
walkway,distinct backdrop,enhanced focus,positive,201601_114.0575528_22.566189400000003.png
skies,calmness,relaxation,positive,201601_114.0575528_22.566189400000003.png
street,not conducive to being away,seeking respite,negative,201601_114.0681826_22.6512261.png
cars,busy and active environment,ongoing engagement,negative,201601_114.0681826_22.6512261.png
commercial,lack of refuge,avoiding daily demands,negative,201601_114.0681826_22.6512261.png
shops,active engagement,exploring local offerings,positive,201601_114.07046730000002_22.5518554.png
buildings,urban connection,navigating the area,neutral,201601_114.07046730000002_22.5518554.png
spaces,respite from demands,taking a break,positive,201601_114.07046730000002_22.5518554.png
atmosphere,sense of detachment,relaxing outdoors,positive,201601_114.07046730000002_22.5518554.png
intersection,stressful environment,avoidance of the area,negative,201601_114.06932279268345_22.56935392270659.png
traffic,overwhelmed senses,increased focus on safety,negative,201601_114.06932279268345_22.56935392270659.png
noise,distraction,desire for quiet,negative,201601_114.06932279268345_22.56935392270659.png
construction,feels like a functional space,difficult to escape demands,negative,201601_114.0724127_22.649408300000005.png
power lines,not a refuge,inhibits relaxation,negative,201601_114.0724127_22.649408300000005.png
urban,general utilitarian feel,limits retreat,negative,201601_114.0724127_22.649408300000005.png
road,not conducive to escape,unable to relax,negative,201601_114.0712346_22.5696774.png
vehicles,constant distraction,inability to focus,negative,201601_114.0712346_22.5696774.png
infrastructure,active space,lack of tranquility,negative,201601_114.0712346_22.5696774.png
highway,not a refuge,escape daily routines,negative,201601_114.0724316_22.615120099999995.png
traffic,exposed nature,foster sense of being away,negative,201601_114.0724316_22.615120099999995.png
highway,moderate sense of being away,distraction from daily routines,positive,201601_114.09230752812105_22.655173748538054.png
traffic,nuisance,hindering escape from stresses,negative,201601_114.09230752812105_22.655173748538054.png
highway,sense of detachment,temporary escape,positive,201601_114.1000798_22.6646044.png
scenery,refuge from demands,disengage from responsibilities,positive,201601_114.1000798_22.6646044.png
highway,minimal sense of being away,difficulty detaching from everyday,negative,201601_114.10467809451235_22.63798504103764.png
traffic,minimal sense of being away,difficulty detaching from everyday,negative,201601_114.10467809451235_22.63798504103764.png
structures,minimal sense of being away,difficulty detaching from everyday,negative,201601_114.10467809451235_22.63798504103764.png
road,not a refuge,avoidance of obligations,negative,201601_114.10623119912222_22.574391960607027.png
buildings,connected to demands,engagement in urban life,negative,201601_114.10623119912222_22.574391960607027.png
traffic,stressful environment,increased anxiety,negative,201601_114.10623119912222_22.574391960607027.png
highway,limited sense of escape,difficult to relax,negative,201601_114.10618209449758_22.639128819453624.png
greenery,sense of being away,temporary distraction,neutral,201601_114.10618209449758_22.639128819453624.png
traffic,demanding attention,focus on driving,negative,201601_114.10618209449758_22.639128819453624.png
highway,not a refuge,lack of escape,negative,201601_114.10719781995881_22.66485982284317.png
traffic,associated with movement,practical concerns,negative,201601_114.10719781995881_22.66485982284317.png
infrastructure,no sense of sanctuary,no distraction from thoughts,negative,201601_114.10719781995881_22.66485982284317.png
highway,lack of refuge,difficulty detaching,negative,201601_114.10914030735168_22.664945423098374.png
park,difficult to disconnect,inability to find refuge,negative,201601_114.1125916_22.709417099999996.png
vehicles,stressful environment,increased anxiety,negative,201601_114.1125916_22.709417099999996.png
signage,lack of tranquility,distraction from work,negative,201601_114.1125916_22.709417099999996.png
booth,functional nature,no mental escape,negative,201601_114.1125916_22.709417099999996.png
traffic,high level of ongoing activity,increased stress,negative,201601_114.1115713_22.576595899999997.png
infrastructure,lack of tranquility,avoidance of the area,negative,201601_114.1115713_22.576595899999997.png
vehicles,urban busyness,distraction from tasks,negative,201601_114.1115713_22.576595899999997.png
signs,overwhelmed by demands,increased focus on navigation,negative,201601_114.1115713_22.576595899999997.png
intersection,not a refuge,escape from stress,negative,201601_114.1613079_22.566802599999995.png
traffic,creates stress,demand attention,negative,201601_114.1613079_22.566802599999995.png
construction,not a place to relax,avoid distractions,negative,201601_114.1613079_22.566802599999995.png
commercial,increases pressure,seek detachment,negative,201601_114.1613079_22.566802599999995.png
highway,stressful environment,active commuting,negative,201601_114.1179061_22.642301299999996.png
traffic,difficult to perceive as refuge,cease thinking,negative,201601_114.1179061_22.642301299999996.png
urban,not a tranquil escape,avoid relaxation,negative,201601_114.1179061_22.642301299999996.png
highway,not conducive to escape,transit and movement,negative,201602_113.8346418_22.579743099999998.png
traffic,associated with demands,reaching a destination,negative,201602_113.8346418_22.579743099999998.png
urban,place to get through,movement through space,negative,201602_113.8346418_22.579743099999998.png
roads,sense of being removed,escape from daily demands,positive,201602_113.840329_22.576161200000005.png
sky,feeling of escape,avoid urban nuisances,positive,201602_113.840329_22.576161200000005.png
elements,lack of human activity,promote solitude,positive,201602_113.840329_22.576161200000005.png
highway,sense of detachment,contemplation,neutral,201602_113.86300899856657_22.555466000376438.png
traffic,lack of tranquility,avoidance,negative,201602_113.86300899856657_22.555466000376438.png
highway,sense of detachment,mental disengagement,positive,201602_113.86567215367191_22.55283817379702.png
vehicles,continuous flow,escape from routine,positive,201602_113.86567215367191_22.55283817379702.png
cityscape,feeling of being in a different space,temporary escape,positive,201602_113.86567215367191_22.55283817379702.png
elements,facilitating relaxation,disengagement from daily concerns,positive,201602_113.86567215367191_22.55283817379702.png
street,lack of escape,no desire to relax,negative,201602_114.0243778_22.644818399999995.png
traffic,stressful environment,avoidance of responsibilities,negative,201602_114.0243778_22.644818399999995.png
greenery,minimal restorative quality,limited engagement,neutral,201602_114.0243778_22.644818399999995.png
buildings,urban confinement,no inclination to unwind,negative,201602_114.0243778_22.644818399999995.png
intersection,lack of escape,no mental detachment,negative,201602_114.0302102_22.682382.png
traffic,stressful environment,increased obligations,negative,201602_114.0302102_22.682382.png
buildings,functional space,public interaction,neutral,201602_114.0302102_22.682382.png
street,lack of mental escape,remain engaged,negative,201602_114.0076178_22.653348199999996.png
traffic,chaotic environment,avoid relaxation,negative,201602_114.0076178_22.653348199999996.png
pedestrians,high activity,stay alert,negative,201602_114.0076178_22.653348199999996.png
commercial,busy atmosphere,focus on surroundings,negative,201602_114.0076178_22.653348199999996.png
street,peaceful escape,seeking refuge,positive,201602_114.1318184_22.558027199999998.png
greenery,sense of detachment,avoiding everyday concerns,positive,201602_114.1318184_22.558027199999998.png
cars,lack of escape,facilitates movement,negative,201602_114.1310943_22.566169000000002.png
buildings,urban demands,daily life activities,negative,201602_114.1310943_22.566169000000002.png
street,low degree of being away,break from demands,negative,201606_113.9774213_22.683000099999997.png
traffic,not fully removed,constant distraction,negative,201606_113.9774213_22.683000099999997.png
pedestrians,not fully removed,constant distraction,negative,201606_113.9774213_22.683000099999997.png
commercial activity,not fully removed,constant distraction,negative,201606_113.9774213_22.683000099999997.png
trees,lack of escape,difficulty to relax,negative,201606_113.9916356_22.678826899999997.png
street,urban stress,increased distraction,negative,201606_113.9916356_22.678826899999997.png
buildings,feeling of confinement,avoidance of the area,negative,201606_113.9916356_22.678826899999997.png
trees,sense of escape,seeking refuge,positive,201606_114.0396657_22.702419900000002.png
street,feeling of separation,avoiding daily nuisances,positive,201606_114.0396657_22.702419900000002.png
road,detracted feeling of refuge,increased awareness of surroundings,negative,201606_114.0396657_22.702419900000002.png
construction,disruption of tranquility,increased stress,negative,201606_114.0396657_22.702419900000002.png
highway,not conducive to feeling 'away',lack of escape,negative,201606_114.034896_22.7303757.png
traffic,signifies urban movement,reinforces daily demands,negative,201606_114.034896_22.7303757.png
greenery,doesn't evoke refuge,fails to provide a break,negative,201606_114.034896_22.7303757.png
street,lack of escape,no retreat,negative,201606_114.04623993684964_22.702158410966888.png
construction,stressful environment,avoidance,negative,201606_114.04623993684964_22.702158410966888.png
traffic,chaotic atmosphere,distraction,negative,201606_114.04623993684964_22.702158410966888.png
activity,busy surroundings,engagement,neutral,201606_114.04623993684964_22.702158410966888.png
highway,source of stress,difficult to escape,negative,201606_114.0391485_22.7282786.png
traffic,overwhelming setting,constant worry,negative,201606_114.0391485_22.7282786.png
noise,distraction from concerns,inability to relax,negative,201606_114.0391485_22.7282786.png
industrial,stressful environment,avoidance of the area,negative,201606_114.0391485_22.7282786.png
highway,lack of refuge,avoid deep thinking,negative,201606_114.04689680504964_22.709698532276278.png
traffic,stress and distraction,increased urgency,negative,201606_114.04689680504964_22.709698532276278.png
greenery,slight escape,temporary relief,positive,201606_114.04689680504964_22.709698532276278.png
infrastructure,constrained mental space,limited relaxation,negative,201606_114.04689680504964_22.709698532276278.png
highway,moderate sense of being away,mentally remove from daily worries,positive,201606_114.04747847868023_22.707976405644526.png
urban infrastructure,not a true escape,temporary detachment,negative,201606_114.04747847868023_22.707976405644526.png
road,context of accessibility,suggests nuisances,negative,201606_114.04747847868023_22.707976405644526.png
intersection,not a refuge,engagement with surroundings,negative,201606_114.0526739_22.720570799999997.png
traffic,demanding thoughts,lack of mental disengagement,negative,201606_114.0526739_22.720570799999997.png
urban,lack of peace,no sense of escape,negative,201606_114.0526739_22.720570799999997.png
intersection,lack of escape,thinking about errands,negative,201606_114.2208792_22.5549433.png
buildings,stress from daily demands,unable to disconnect,negative,201606_114.2208792_22.5549433.png
traffic,distraction from relaxation,focus on commute,negative,201606_114.2208792_22.5549433.png
activity,not a refuge,escaping demands,negative,201606_114.2378517_22.5992506.png
trucks,noisy area,stopping thoughts,negative,201606_114.2378517_22.5992506.png
construction,active environment,seeking tranquility,negative,201606_114.2378517_22.5992506.png
vehicles,lack of refuge,avoidance of space,negative,201606_114.24238642416961_22.588507629943926.png
road,busy environment,engagement in work,negative,201606_114.24238642416961_22.588507629943926.png
containers,active space,functional use,neutral,201606_114.24238642416961_22.588507629943926.png
street,lack of refuge,difficulty in relaxation,negative,201606_114.24402290000002_22.5875336.png
vehicles,stress from activity,increased urgency,negative,201606_114.24402290000002_22.5875336.png
infrastructure,feeling overwhelmed,avoidance of the area,negative,201606_114.24402290000002_22.5875336.png
commerce,constant distraction,inability to focus,negative,201606_114.24402290000002_22.5875336.png
natural spaces,diminished restorative quality,seeking solitude,negative,201606_114.24402290000002_22.5875336.png
traffic,limited sense of escape,avoidance of stress,negative,201607_114.0826483_22.571956200000002.png
construction,increased mental strain,distraction from tasks,negative,201607_114.0826483_22.571956200000002.png
infrastructure,lack of refuge,continuation of daily routines,negative,201607_114.0826483_22.571956200000002.png
city,overwhelmed by stimuli,inability to relax,negative,201607_114.0826483_22.571956200000002.png
trees,limited escape,avoidance of stress,negative,201607_114.12335291404062_22.560192823355546.png
cars,sense of activity,engagement with environment,neutral,201607_114.12335291404062_22.560192823355546.png
buildings,urban confinement,seeking refuge,negative,201607_114.12335291404062_22.560192823355546.png
route,sense of escape,focus on travel,positive,201606_114.270403_22.59173559999999.png
distractions,mental detachment,break from routine,positive,201606_114.270403_22.59173559999999.png
road,temporary shift in focus,allowing for a break,positive,201606_114.270403_22.59173559999999.png
greenery,sense of being away,seeking refuge,positive,201606_114.2487806_22.5800293.png
road,peaceful atmosphere,relaxing,positive,201606_114.2487806_22.5800293.png
mountains,calming setting,escaping daily life,positive,201606_114.2487806_22.5800293.png
crowds,absence of noise,enjoying solitude,positive,201606_114.2487806_22.5800293.png
highway,temporary escape,drive away,neutral,201607_114.13831938364214_22.572136971072915.png
traffic,lack of refuge,remain alert,negative,201607_114.13831938364214_22.572136971072915.png
road,structured environment,navigate carefully,negative,201607_114.13831938364214_22.572136971072915.png
surroundings,incomplete detachment,seek solitude,negative,201607_114.13831938364214_22.572136971072915.png
street,lack of escape,remain engaged,negative,201607_114.1406262_22.5624803.png
traffic,stressful environment,avoidance of relaxation,negative,201607_114.1406262_22.5624803.png
construction,disruption of peace,increased anxiety,negative,201607_114.1406262_22.5624803.png
buildings,confinement,pursuit of routine,negative,201607_114.1406262_22.5624803.png
greenery,sense of being away,escape from urban life,positive,201607_114.1453471_22.5625747.png
water,mental detachment,relaxation from daily stresses,positive,201607_114.1453471_22.5625747.png
pathways,buffer from demands,exploration of tranquil spaces,positive,201607_114.1453471_22.5625747.png
traffic,urban stress,avoidance of busy areas,negative,201607_114.1453471_22.5625747.png
vegetation,sense of escape,mentally detach,positive,201607_114.147683_22.590741099999992.png
sky,tranquil atmosphere,take a restorative break,positive,201607_114.147683_22.590741099999992.png
structures,removed from pressures,relax from routine,positive,201607_114.147683_22.590741099999992.png
trees,not strongly one of escape,limited refuge seeking,negative,201607_114.2277864_22.5652001.png
road,sense of urban presence,avoidance of urban demands,negative,201607_114.2277864_22.5652001.png
development,detracts from refuge,increased urban engagement,negative,201607_114.2277864_22.5652001.png
elements,utilitarian nature,reduced relaxation,negative,201607_114.2277864_22.5652001.png
road,moderate sense of being away,thinking about demanding tasks,negative,201607_114.14639180000002_22.5662748.png
greenery,visual break,temporary escape from urban life,positive,201607_114.14639180000002_22.5662748.png
urban infrastructure,prevent complete escape,continuing to think about tasks,negative,201607_114.14639180000002_22.5662748.png
street,lack of refuge,seeking escape,negative,201607_114.2372835_22.5605746.png
traffic,mental strain,avoiding congestion,negative,201607_114.2372835_22.5605746.png
buildings,urban stress,desiring tranquility,negative,201607_114.2372835_22.5605746.png
pedestrian,overstimulation,looking for calm,negative,201607_114.2372835_22.5605746.png
gates,lack of refuge,avoidance of relaxation,negative,201608_113.88426411773231_22.479283569355626.png
construction,increased stress,focus on responsibilities,negative,201608_113.88426411773231_22.479283569355626.png
environment,work-like atmosphere,transit behavior,negative,201608_113.88426411773231_22.479283569355626.png
trees,sense of escape,seeking refuge,positive,201608_113.8962098_22.5046666.png
greenery,feeling of refuge,avoiding distractions,positive,201608_113.8962098_22.5046666.png
path,journey away,escaping hustle,positive,201608_113.8962098_22.5046666.png
traffic,not a refuge,avoid the area,negative,201608_113.88605640000002_22.50858609999999.png
trucks,associated with daily life,engage in work activities,neutral,201608_113.88605640000002_22.50858609999999.png
buses,not conducive to escape,remain in routine,negative,201608_113.88605640000002_22.50858609999999.png
environment,lack of mental detachment,continue daily tasks,negative,201608_113.88605640000002_22.50858609999999.png
debris,sense of ongoing disruption,unlikely to find mental respite,negative,201608_113.8975891_22.547656000000003.png
infrastructure,lack of escape from daily life,no refuge from stressors,negative,201608_113.8975891_22.547656000000003.png
noise,increased stress,avoidance of the area,negative,201608_113.8975891_22.547656000000003.png
landscape,sense of escape,quiet contemplation,positive,201608_114.2309764_22.5870506.png
benches,refuge,rest and relaxation,positive,201608_114.2309764_22.5870506.png
paths,departure from urban bustle,exploration,positive,201608_114.2309764_22.5870506.png
highway,not a true refuge,temporary break,negative,201608_114.2262584_22.567451699999996.png
vehicles,functional space,mild form of being away,neutral,201608_114.2262584_22.567451699999996.png
infrastructure,constant presence,sense of journey,neutral,201608_114.2262584_22.567451699999996.png
greenery,feels like a transit space,not dedicated to refuge,negative,201608_114.2811067_22.642520699999995.png
traffic,demands of everyday life,moderate score,negative,201608_114.2811067_22.642520699999995.png
road,functional area,transit use,neutral,201608_114.2811067_22.642520699999995.png
scenery,sense of escape,enjoying the drive,positive,201608_114.2805139_22.625256699999998.png
road,mental 'being away',moment of contemplation,positive,201608_114.2805139_22.625256699999998.png
nature,moderate sense of being away,seeking respite,positive,201608_114.2707091_22.631033099999993.png
trees,break from urban environment,relaxation,positive,201608_114.2707091_22.631033099999993.png
road,association with obligations,travel,negative,201608_114.2707091_22.631033099999993.png
plaza,managed space,navigation,neutral,201608_114.2707091_22.631033099999993.png
monument,mundane realities,observation,negative,201608_114.2707091_22.631033099999993.png
trees,sense of escape,put aside worries,positive,201608_114.2818127_22.631925200000005.png
greenery,sense of escape,put aside worries,positive,201608_114.2818127_22.631925200000005.png
mountain,sense of escape,put aside worries,positive,201608_114.2818127_22.631925200000005.png
paths,deliberate design for relaxation,relax,positive,201608_114.2818127_22.631925200000005.png
gardens,deliberate design for relaxation,relax,positive,201608_114.2818127_22.631925200000005.png
trees,sense of refuge,escape from daily demands,positive,201608_114.300297_22.5877188.png
greenery,peaceful setting,temporary escape from thoughts,positive,201608_114.300297_22.5877188.png
entrance,exclusivity,feel secure,positive,201608_114.300297_22.5877188.png
greenery,sense of separation,temporary detachment,positive,201608_114.30005042823517_22.619531343457563.png
road,break from distractions,visual escape,positive,201608_114.30005042823517_22.619531343457563.png
sky,visual escape,temporary detachment,positive,201608_114.30005042823517_22.619531343457563.png
trees,sense of separation,temporary detachment,positive,201608_114.30005042823517_22.619531343457563.png
road,sense of escape,seek tranquility,positive,201608_114.2974366_22.623712499999996.png
trees,departure from busyness,relax in nature,positive,201608_114.2974366_22.623712499999996.png
traffic,limited escape,remain aware of pressures,negative,201608_114.2974366_22.623712499999996.png
road,not a refuge,not escaping obligations,negative,201608_114.31983769012724_22.60713021490779.png
vehicles,busy environment,not relaxing,negative,201608_114.31983769012724_22.60713021490779.png
lines,active setting,not disengaging,negative,201608_114.31983769012724_22.60713021490779.png
trees,mental escape,seeking refuge,positive,201708_113.88586270000002_22.575906099999997.png
infrastructure,not a complete refuge,continued engagement,negative,201708_113.88586270000002_22.575906099999997.png
greenery,degree of separation from nuisances,escape from tasks,positive,201708_113.9027665_22.512065999999997.png
tree,peaceful community atmosphere,relaxation,positive,201708_113.9027665_22.512065999999997.png
streetscape,connection to daily life,engagement with surroundings,neutral,201708_113.9027665_22.512065999999997.png
greenery,sense of escape,mentally disengage,positive,201708_113.9089397_22.523997199999993.png
atmosphere,tranquil feeling,seek refuge,positive,201708_113.9089397_22.523997199999993.png
infrastructure,blend of nature and urban,enjoy surroundings,positive,201708_113.9089397_22.523997199999993.png
cars,not a refuge,avoid retreat,negative,201708_113.907836_22.5343906.png
buildings,not a dedicated retreat,remain functional,negative,201708_113.907836_22.5343906.png
buildings,lack of refuge,difficulty disconnecting,negative,201708_113.9093758_22.557212999999994.png
traffic,increased stress,avoidance of space,negative,201708_113.9093758_22.557212999999994.png
roads,urban familiarity,acceptance of environment,neutral,201708_113.9093758_22.557212999999994.png
warehouses,lack of escape,avoidance of obligations,negative,201708_113.91294473496328_22.56617863908808.png
vehicles,functional space,focus on work,neutral,201708_113.91294473496328_22.56617863908808.png
traffic,stressful environment,avoidance of space,negative,201708_113.9129459_22.56437409999999.png
commercial,lack of tranquility,distraction from tasks,negative,201708_113.9129459_22.56437409999999.png
activity,overstimulation,inability to relax,negative,201708_113.9129459_22.56437409999999.png
area,not a refuge,no escape from demands,negative,201708_113.9153991_22.566538199999997.png
environment,utilitarian nature,place of work,negative,201708_113.9153991_22.566538199999997.png
work,sense of responsibility,engagement in tasks,neutral,201708_113.9153991_22.566538199999997.png
street,lack of escape,difficulty to disconnect,negative,201708_113.9135673_22.546821100000003.png
vehicles,sense of busyness,inability to find refuge,negative,201708_113.9135673_22.546821100000003.png
buildings,feeling of confinement,limited relaxation,negative,201708_113.9135673_22.546821100000003.png
highway,lack of refuge,avoidance of city life,negative,201708_113.9253328_22.525258900000004.png
buildings,urban stress,seeking escape,negative,201708_113.9253328_22.525258900000004.png
traffic,overwhelmed,desire for tranquility,negative,201708_113.9253328_22.525258900000004.png
greenery,slight contrast,temporary relief,neutral,201708_113.9253328_22.525258900000004.png
greenery,partial escape,seek refuge,positive,201708_113.9277515_22.5323324.png
paths,visual separation,reduce stress,positive,201708_113.9277515_22.5323324.png
road,limited refuge,feel constrained,negative,201708_113.9277515_22.5323324.png
buildings,urban hustle,remain connected,negative,201708_113.9277515_22.5323324.png
street,not a refuge,thinking about errands,negative,201708_113.92788695982428_22.524806671375114.png
traffic,stressful environment,concerns about work,negative,201708_113.92788695982428_22.524806671375114.png
buildings,overwhelming presence,focus on daily demands,negative,201708_113.92788695982428_22.524806671375114.png
greenery,some respite from distractions,seeking relaxation,positive,201708_113.9185789_22.548414300000005.png
road,not a complete escape,increased stress,negative,201708_113.9185789_22.548414300000005.png
buildings,public space feeling,social interaction,neutral,201708_113.9185789_22.548414300000005.png
traffic,mental detachment unlikely,avoidance of noise,negative,201708_113.9185789_22.548414300000005.png
greenery,decent sense of being away,encourages feeling of escape,positive,201708_113.9293361_22.539671100000003.png
trees,feeling of escape,encourages relaxation,positive,201708_113.9293361_22.539671100000003.png
road,preventing complete refuge,distracts from relaxation,negative,201708_113.9293361_22.539671100000003.png
buildings,proximity limits escape,creates a sense of confinement,negative,201708_113.9293361_22.539671100000003.png
path,partial respite,invites exploration,neutral,201708_113.9293361_22.539671100000003.png
greenery,lack of escape,no mental disengagement,negative,201708_113.9303359_22.515187099999995.png
traffic,high urbanization,active engagement,negative,201708_113.9303359_22.515187099999995.png
pedestrian,functional environment,movement through space,neutral,201708_113.9303359_22.515187099999995.png
trees,not a true refuge,limited escape from demands,negative,201708_113.9386855_22.5294169.png
buildings,functional urban space,lack of restorative experience,negative,201708_113.9386855_22.5294169.png
roads,sense of escape lacking,no motivation to relax,negative,201708_113.9386855_22.5294169.png
traffic,stressful environment,avoidance of urban areas,negative,201708_113.9386855_22.5294169.png
trees,natural escape,momentarily step away,positive,201708_113.9320289_22.5299254.png
sky,sense of detachment,momentarily step away,positive,201708_113.9320289_22.5299254.png
buildings,moderate sense of being away,none,neutral,201708_113.9320289_22.5299254.png
landscaped areas,feeling of detachment,momentarily step away,positive,201708_113.9320289_22.5299254.png
noises,absence of nuisances,none,positive,201708_113.9320289_22.5299254.png
crowds,absence of nuisances,none,positive,201708_113.9320289_22.5299254.png
trees,limited sense of refuge,minimal escape from distractions,negative,201708_113.9339176_22.5321216.png
street,busy urban context,increased engagement with surroundings,neutral,201708_113.9339176_22.5321216.png
traffic,overwhelmed by noise,avoidance of the area,negative,201708_113.9339176_22.5321216.png
landscaped areas,slight comfort,brief relaxation,positive,201708_113.9339176_22.5321216.png
greenery,sense of being away,seeking respite,positive,201708_113.93465350000001_22.538288899999998.png
pathways,tranquil space,encouraging relaxation,positive,201708_113.93465350000001_22.538288899999998.png
access,feeling of detachment,avoiding urban hustle,positive,201708_113.93465350000001_22.538288899999998.png
appearance,managed environment,promoting calmness,positive,201708_113.93465350000001_22.538288899999998.png
road,feeling of escape,removed from daily demands,positive,201708_113.9972635_22.529313099999996.png
greenery,sense of tranquility,encourages relaxation,positive,201708_113.9972635_22.529313099999996.png
path,well-kept environment,promotes walking,positive,201708_113.9972635_22.529313099999996.png
traffic,urban context,creates awareness of surroundings,neutral,201708_113.9972635_22.529313099999996.png
street,stressful environment,avoidance of thoughts,negative,201708_114.0144321_22.530894399999998.png
nature,temporary relief,seeking escape,positive,201708_114.0144321_22.530894399999998.png
street,lack of refuge,avoid contemplation,negative,201708_113.9439892_22.5486754.png
vehicles,distraction from thoughts,engage with surroundings,negative,201708_113.9439892_22.5486754.png
greenery,minimal comfort,brief respite,neutral,201708_113.9439892_22.5486754.png
highway,lack of refuge,avoidance of stress,negative,201708_113.9739700753787_22.522756618458434.png
traffic,overwhelmed by demands,disengagement from routine,negative,201708_113.9739700753787_22.522756618458434.png
vehicles,constant pressure,increased anxiety,negative,201708_113.9739700753787_22.522756618458434.png
streetlights,urban confinement,limited escape,negative,201708_113.9739700753787_22.522756618458434.png
trees,decent sense of being away,seeking escape,positive,201708_114.00418454403238_22.530139600113657.png
greenery,suggests a path away,avoiding urban nuisances,positive,201708_114.00418454403238_22.530139600113657.png
road,focus on traffic,preventing complete escape,negative,201708_114.00418454403238_22.530139600113657.png
greenery,sense of escape,seeking tranquility,positive,201708_114.0613657800079_22.531714736844258.png
sky,feeling of openness,desiring freedom,positive,201708_114.0613657800079_22.531714736844258.png
vehicles,limited retreat,hesitation to relax,negative,201708_114.0613657800079_22.531714736844258.png
road,connection to daily life,returning to routine,negative,201708_114.0613657800079_22.531714736844258.png
highway,difficult to disengage,find a peaceful escape,negative,201708_114.1139086_22.538370400000005.png
urban,constant noise,avoid daily concerns,negative,201708_114.1139086_22.538370400000005.png
street,mild sense of being away,temporary distraction,positive,201708_114.06525065622179_22.531777935683046.png
greenery,pleasant contrast,escape from stress,positive,201708_114.06525065622179_22.531777935683046.png
traffic,not a complete escape,increased stress,negative,201708_114.06525065622179_22.531777935683046.png
structures,potentially stressful,distraction from daily demands,negative,201708_114.06525065622179_22.531777935683046.png
traffic,stress from urban stimuli,engagement with daily tasks,negative,201709_113.8454008_22.576080899999997.png
construction,stress from urban stimuli,engagement with daily tasks,negative,201709_113.8454008_22.576080899999997.png
signage,stress from urban stimuli,engagement with daily tasks,negative,201709_113.8454008_22.576080899999997.png
trees,not a primary refuge,limited detachment,negative,201709_113.8556075_22.589795100000003.png
traffic,distraction from thoughts,increased obligations,negative,201709_113.8556075_22.589795100000003.png
buildings,functional environment,engagement in daily activities,neutral,201709_113.8556075_22.589795100000003.png
greenery,sense of escape,disconnect from daily stresses,positive,201709_113.8659685_22.5899967.png
atmosphere,serene environment,seek mental respite,positive,201709_113.8659685_22.5899967.png
curves,feeling of being away,allow for mental respite,positive,201709_113.8659685_22.5899967.png
separation,disconnection from urban distractions,escape typical city environments,positive,201709_113.8659685_22.5899967.png
buildings,lack of escape,remain engaged in city life,negative,201709_113.89287809313714_22.582046118157287.png
street,urban nuisances,avoidance of relaxation,negative,201709_113.89287809313714_22.582046118157287.png
street,limited sense of escape,engagement with environment,negative,201709_113.9006401_22.580222400000004.png
traffic,constant distraction,focus on immediate activities,negative,201709_113.9006401_22.580222400000004.png
architecture,utilitarian mindset,lack of mental detachment,negative,201709_113.9006401_22.580222400000004.png
trees,potential escape,seeking refuge,positive,201709_113.9192914_22.540217099999996.png
street,urban presence,transit,negative,201709_113.9192914_22.540217099999996.png
buildings,lack of refuge,avoidance,negative,201709_113.9192914_22.540217099999996.png
road,not a refuge,avoid mental escape,negative,201709_113.9321433_22.555366199999998.png
buildings,urban stress,increase anxiety,negative,201709_113.9321433_22.555366199999998.png
vehicles,everyday concerns,distract from relaxation,negative,201709_113.9321433_22.555366199999998.png
power lines,industrial environment,limit tranquility,negative,201709_113.9321433_22.555366199999998.png
greenery,moderate sense of being away,mental escape,positive,201709_113.92267140000001_22.5469096.png
trees,respite from urban hustle,providing shade,positive,201709_113.92267140000001_22.5469096.png
buildings,not a complete escape,awareness of urban environment,negative,201709_113.92267140000001_22.5469096.png
traffic,disruption of tranquility,increased stress,negative,201709_113.92267140000001_22.5469096.png
greenery,not a true escape,transitional space,negative,201709_113.9286848_22.584965899999997.png
parking,active urban area,not a refuge,negative,201709_113.9286848_22.584965899999997.png
building,active urban area,not a refuge,negative,201709_113.9286848_22.584965899999997.png
cars,active urban area,not a refuge,negative,201709_113.9286848_22.584965899999997.png
road,moderate sense of being away,respite from concerns,positive,201709_113.943607_22.5605947.png
greenery,moderate sense of being away,respite from concerns,positive,201709_113.943607_22.5605947.png
infrastructure,not a complete escape,reminder of daily demands,negative,201709_113.943607_22.5605947.png
intersection,sense of order,navigate efficiently,positive,201709_113.9344939_22.552632599999995.png
traffic,less of a refuge,avoid stress,negative,201709_113.9344939_22.552632599999995.png
signals,functional setting,follow rules,neutral,201709_113.9344939_22.552632599999995.png
cityscape,limited restorative potential,seek escape,negative,201709_113.9344939_22.552632599999995.png
trees,immersed in urban bustle,not escaping daily demands,negative,201709_113.9470346_22.558947799999995.png
intersection,not a refuge,exposed to everyday nuisances,negative,201709_113.9470346_22.558947799999995.png
trees,sense of respite,seeking escape,positive,201709_113.943488_22.554994399999995.png
road,busy environment,feeling of demand,negative,201709_113.943488_22.554994399999995.png
vehicles,potentially demanding,limiting escape,negative,201709_113.943488_22.554994399999995.png
buildings,urban pressure,increasing stress,negative,201709_113.943488_22.554994399999995.png
grassy areas,sense of calm,relaxation,positive,201709_113.943488_22.554994399999995.png
greenery,partial escape from urban nuisances,seeking tranquility,positive,201709_113.95156346258041_22.570739627221727.png
trees,separation from city life,relaxation,positive,201709_113.95156346258041_22.570739627221727.png
water,enhanced calmness,enjoying nature,positive,201709_113.95156346258041_22.570739627221727.png
roads,awareness of urban demands,stress management,negative,201709_113.95156346258041_22.570739627221727.png
buildings,limited sanctuary feeling,desire for escape,negative,201709_113.95156346258041_22.570739627221727.png
cars,lack of escape,none,negative,201709_113.95331802863919_22.58585880092765.png
buildings,mundane environment,none,negative,201709_113.95331802863919_22.58585880092765.png
traffic,stressful atmosphere,none,negative,201709_113.95331802863919_22.58585880092765.png
trees,sense of separation,mentally escape,positive,201709_113.9604736_22.548620099999997.png
park,sense of separation,mentally escape,positive,201709_113.9604736_22.548620099999997.png
traffic,escape from daily demands,reduce stress,positive,201709_113.9604736_22.548620099999997.png
road,escape from daily demands,reduce stress,positive,201709_113.9604736_22.548620099999997.png
trees,sense of detachment,escape daily routines,positive,201709_113.9630448_22.5664261.png
roads,partial escape,navigate urban life,neutral,201709_113.9630448_22.5664261.png
urban elements,reminder of city life,return to daily demands,negative,201709_113.9630448_22.5664261.png
street,lack of escape,difficulty in feeling away,negative,201709_113.9639129_22.534823.png
traffic,overwhelmed by urban life,inability to relax,negative,201709_113.9639129_22.534823.png
pedestrians,sense of busyness,increased stress,negative,201709_113.9639129_22.534823.png
trees,sense of being away,distance from urban hustle,positive,201709_113.96211397355088_22.531719062555634.png
shrubs,feeling of escape,break from demanding tasks,positive,201709_113.96211397355088_22.531719062555634.png
greenery,feeling of refuge,avoidance of bothersome elements,positive,201709_113.96211397355088_22.531719062555634.png
trees,sense of natural respite,detachment from urban hustle,positive,201709_113.964093_22.5445477.png
traffic,incomplete refuge,awareness of everyday nuisances,negative,201709_113.964093_22.5445477.png
pedestrians,incomplete refuge,awareness of everyday nuisances,negative,201709_113.964093_22.5445477.png
commercial activity,incomplete refuge,awareness of everyday demands,negative,201709_113.964093_22.5445477.png
streetscape,limited sense of escape,diminished feeling of being away,negative,201709_113.9686703_22.543817999999998.png
buildings,active urban environment,lack of peaceful refuge,negative,201709_113.9686703_22.543817999999998.png
shops,constant presence of daily life,distraction from relaxation,negative,201709_113.9686703_22.543817999999998.png
cars,commercial activity,inhibition of tranquility,negative,201709_113.9686703_22.543817999999998.png
trees,calmer atmosphere,seeking escape,positive,201709_113.9776927_22.553499299999995.png
sky,calmer atmosphere,seeking escape,positive,201709_113.9776927_22.553499299999995.png
street,limited escape,continuing daily activities,negative,201709_113.9776927_22.553499299999995.png
street,not a refuge,difficulty escaping,negative,201709_113.9781461_22.5620735.png
traffic,constant activity,increased stress,negative,201709_113.9781461_22.5620735.png
pedestrians,overwhelmed by noise,lack of relaxation,negative,201709_113.9781461_22.5620735.png
trees,some visual separation,disconnect from daily responsibilities,positive,201709_113.9787782_22.5597536.png
roads,not a refuge,remain in active environment,negative,201709_113.9787782_22.5597536.png
buildings,demanding environment,engage with daily demands,negative,201709_113.9787782_22.5597536.png
vehicles,active environment,stay alert,negative,201709_113.9787782_22.5597536.png
trucks,lack of refuge,avoidance of space,negative,201709_113.9925216_22.550671499999996.png
containers,stressful environment,withdrawal from area,negative,201709_113.9925216_22.550671499999996.png
debris,discomfort,leave the scene,negative,201709_113.9925216_22.550671499999996.png
rock,slight natural relief,stay longer,neutral,201709_113.9925216_22.550671499999996.png
dumpster,diminished peace,avoid proximity,negative,201709_113.9925216_22.550671499999996.png
greenery,sense of escape,retreat from pressures,positive,201709_113.9942723_22.596048899999996.png
sky,mental relief,journey away,positive,201709_113.9942723_22.596048899999996.png
pathway,uncluttered space,seeking respite,positive,201709_113.9942723_22.596048899999996.png
urban,presence of nuisances,avoidance of stress,negative,201709_113.9942723_22.596048899999996.png
traffic,lack of refuge,increased stress,negative,201709_113.9946018_22.6585788.png
buildings,overwhelmed by environment,avoidance of space,negative,201709_113.9946018_22.6585788.png
wires,distraction,inability to focus,negative,201709_113.9946018_22.6585788.png
green,mental escape,seeking refuge,positive,201709_113.9991206_22.600464199999998.png
sky,break from built environment,relaxation,positive,201709_113.9991206_22.600464199999998.png
roads,less complete refuge,hesitation to engage,negative,201709_113.9991206_22.600464199999998.png
infrastructure,disruption of peace,avoidance,negative,201709_113.9991206_22.600464199999998.png
infrastructure,lack of refuge,stay engaged,negative,201709_114.0022694_22.6728742.png
development,presence of daily life,continue routine,negative,201709_114.0022694_22.6728742.png
street,not a refuge,no escape,negative,201709_113.9994241_22.667688899999998.png
traffic,active environment,engagement in daily life,neutral,201709_113.9994241_22.667688899999998.png
pedestrians,functional space,movement through the area,neutral,201709_113.9994241_22.667688899999998.png
street,not a refuge,remain grounded,negative,201709_114.0003338_22.6503552.png
structures,demanding thoughts,prevent mental detachment,negative,201709_114.0003338_22.6503552.png
buildings,active environment,engage with reality,negative,201709_114.0003338_22.6503552.png
intersection,not a refuge,minimal disconnection,negative,201709_114.0030111_22.661061899999993.png
traffic,bustling environment,continuation of concerns,negative,201709_114.0030111_22.661061899999993.png
buildings,lack of escape,no encouragement to disconnect,negative,201709_114.0030111_22.661061899999993.png
pedestrians,busy atmosphere,no relaxation,negative,201709_114.0030111_22.661061899999993.png
street,momentary disengagement,observing activity,neutral,201709_114.0018234_22.667901699999994.png
urban density,difficulty in mental departure,feeling of being overwhelmed,negative,201709_114.0018234_22.667901699999994.png
commerce,lack of refuge,engaging in everyday activities,negative,201709_114.0018234_22.667901699999994.png
traffic,inability to escape nuisances,avoiding the area,negative,201709_114.0018234_22.667901699999994.png
traffic,sense of urban hustle,difficulty to disengage,negative,201709_114.003588_22.6409441.png
construction,lack of tranquility,difficulty to escape,negative,201709_114.003588_22.6409441.png
vehicles,busy environment,inability to relax,negative,201709_114.003588_22.6409441.png
trees,sense of detachment,mental escape,positive,201709_114.0047235_22.638701700000006.png
landscaped areas,respite from demands,escape sensory overload,positive,201709_114.0047235_22.638701700000006.png
road,lack of escape,remain engaged,negative,201709_114.0096115_22.600753299999997.png
site,intrusive environment,avoid relaxation,negative,201709_114.0096115_22.600753299999997.png
lines,not peaceful,stay alert,negative,201709_114.0096115_22.600753299999997.png
greenery,sense of escape,seeking refuge,positive,201709_114.00860371507362_22.636517955219855.png
construction,detracting feeling,avoiding thoroughfare,negative,201709_114.00860371507362_22.636517955219855.png
street,lack of refuge,continued concerns,negative,201709_114.01594280000002_22.643162600000004.png
traffic,overwhelmed,avoidance,negative,201709_114.01594280000002_22.643162600000004.png
construction,stress,distraction,negative,201709_114.01594280000002_22.643162600000004.png
trees,sense of natural escape,offering a temporary refuge,positive,201709_114.0144989_22.623911299999996.png
road,feeling of being 'away',creating a break from urban pressures,positive,201709_114.0144989_22.623911299999996.png
sky,clear skies suggest tranquility,encouraging relaxation,positive,201709_114.0144989_22.623911299999996.png
street,lack of refuge,avoidance of relaxation,negative,201709_114.0148822_22.677448899999998.png
vehicles,presence of concerns,engagement with daily life,negative,201709_114.0148822_22.677448899999998.png
construction,distraction from thoughts,increased stress,negative,201709_114.0148822_22.677448899999998.png
buildings,functional space,utilitarian use,neutral,201709_114.0148822_22.677448899999998.png
trees,limited sense of being away,difficulty escaping concerns,negative,201709_114.0188499_22.534879299999993.png
traffic,overwhelmed by urban nuisances,avoidance of the area,negative,201709_114.0188499_22.534879299999993.png
buildings,lack of refuge,disengagement from the environment,negative,201709_114.0188499_22.534879299999993.png
traffic,lack of tranquility,increased stress,negative,201709_114.0172955_22.634768700000002.png
construction,distraction,avoidance of space,negative,201709_114.0172955_22.634768700000002.png
pedestrians,crowdedness,withdrawal from area,negative,201709_114.0172955_22.634768700000002.png
street,low sense of being away,no escape from routines,negative,201709_114.0203571_22.6226998.png
traffic,stress from daily demands,increased daily concerns,negative,201709_114.0203571_22.6226998.png
construction,lack of refuge,avoidance of nuisances,negative,201709_114.0203571_22.6226998.png
intersection,not a strong refuge,engagement with environment,negative,201709_114.0218923_22.6305483.png
traffic,demands of city life,difficult to disengage,negative,201709_114.0218923_22.6305483.png
pedestrian,active engagement,movement through space,neutral,201709_114.0218923_22.6305483.png
trees,mental escape,relaxation,positive,201709_114.022449_22.621005399999994.png
sky,mental escape,relaxation,positive,201709_114.022449_22.621005399999994.png
infrastructure,grounded in reality,limited escape,negative,201709_114.022449_22.621005399999994.png
roads,grounded in reality,limited escape,negative,201709_114.022449_22.621005399999994.png
vehicles,grounded in reality,limited escape,negative,201709_114.022449_22.621005399999994.png
signage,grounded in reality,limited escape,negative,201709_114.022449_22.621005399999994.png
roads,structured environment,navigate easily,positive,201709_114.0226351_22.605973099999996.png
buildings,orderly environment,feel secure,positive,201709_114.0226351_22.605973099999996.png
traffic,calm atmosphere,reduce stress,positive,201709_114.0226351_22.605973099999996.png
greenery,sense of separation,escape urban chaos,positive,201709_114.0226351_22.605973099999996.png
architecture,designed environment,limit exploration,negative,201709_114.0226351_22.605973099999996.png
infrastructure,less wild environment,restrict freedom,negative,201709_114.0226351_22.605973099999996.png
vegetation,sense of being away,mental break,positive,201709_114.0226949_22.681729199999996.png
path,quiet escape,detachment from daily demands,positive,201709_114.0226949_22.681729199999996.png
streetscape,lack of escape,no restorative actions,negative,201709_114.0228811_22.535650599999997.png
buildings,not a refuge,avoidance of stress relief,negative,201709_114.0228811_22.535650599999997.png
traffic,distraction from worries,increased anxiety,negative,201709_114.0228811_22.535650599999997.png
pedestrian,busy atmosphere,lack of solitude,negative,201709_114.0228811_22.535650599999997.png
intersection,not a refuge,no escape,negative,201709_114.0241351_22.6258048.png
traffic,constant activity,no mental disengagement,negative,201709_114.0241351_22.6258048.png
buildings,urban nature,no respite,negative,201709_114.0241351_22.6258048.png
trees,potential escape from hustle,seeking refuge,positive,201709_114.02527420514076_22.68702748641247.png
street,degree of separation,navigating urban space,neutral,201709_114.02527420514076_22.68702748641247.png
environment,not a profound refuge,managing daily demands,negative,201709_114.02527420514076_22.68702748641247.png
street,respite from nuisances,engaging in activities,positive,201709_114.0316089_22.621808699999995.png
traffic,lack of escape,avoiding the area,negative,201709_114.0316089_22.621808699999995.png
urban,mental detachment,seeking tranquility,neutral,201709_114.0316089_22.621808699999995.png
street,lack of escape,minimal detachment,negative,201709_114.0255544_22.524026400000004.png
traffic,stress,increased routine,negative,201709_114.0255544_22.524026400000004.png
businesses,everyday pressure,continued engagement,negative,201709_114.0255544_22.524026400000004.png
street,not a refuge,none,negative,201709_114.03296708878203_22.60399336922657.png
traffic,stressful environment,avoidance,negative,201709_114.03296708878203_22.60399336922657.png
construction,disruption,none,negative,201709_114.03296708878203_22.60399336922657.png
design,utilitarian,none,neutral,201709_114.03296708878203_22.60399336922657.png
street,lack of refuge,inability to escape,negative,201709_114.0326601_22.6185074.png
buildings,overwhelmed by demands,constant engagement with tasks,negative,201709_114.0326601_22.6185074.png
traffic,stress from noise,difficulty in relaxing,negative,201709_114.0326601_22.6185074.png
trees,sense of escape,seeking refuge,positive,201709_114.0302705_22.5593357.png
green spaces,calming effect,relaxing,positive,201709_114.0302705_22.5593357.png
intersection,partial refuge,navigating traffic,neutral,201709_114.0302705_22.5593357.png
road,distraction,avoiding nuisances,negative,201709_114.0302705_22.5593357.png
entrance,sense of privacy,feel secure,positive,201709_114.0333185_22.7434467.png
trees,feeling of escape,seek refuge,positive,201709_114.0333185_22.7434467.png
atmosphere,sense of tranquility,relax and unwind,positive,201709_114.0333185_22.7434467.png
trees,mental detachment,escape from daily pressures,positive,201709_114.03547770766902_22.743490906000194.png
canal,mental detachment,escape from daily pressures,positive,201709_114.03547770766902_22.743490906000194.png
openness,mental detachment,escape from daily pressures,positive,201709_114.03547770766902_22.743490906000194.png
trees,sense of separation,stopping thoughts,positive,201709_114.0360691_22.637340599999998.png
vegetation,peaceful atmosphere,relaxing,positive,201709_114.0360691_22.637340599999998.png
cars,urban nuisances,avoiding stress,negative,201709_114.0360691_22.637340599999998.png
buildings,respite,finding calm,positive,201709_114.0360691_22.637340599999998.png
street,not a refuge,navigate,negative,201709_114.03886620000002_22.64132529999999.png
vehicles,busy environment,navigate,negative,201709_114.03886620000002_22.64132529999999.png
buildings,functional space,navigate,neutral,201709_114.03886620000002_22.64132529999999.png
shops,functional space,navigate,neutral,201709_114.03886620000002_22.64132529999999.png
trees,sense of nature,seeking tranquility,positive,201709_114.0364159_22.5548991.png
buildings,sense of functionality,engaging in activity,negative,201709_114.0364159_22.5548991.png
roads,sense of transit,moving through space,negative,201709_114.0364159_22.5548991.png
cars,sense of commerce,participating in daily life,negative,201709_114.0364159_22.5548991.png
signs,sense of direction,navigating environment,neutral,201709_114.0364159_22.5548991.png
street,lack of escape,engaging in routine,negative,201709_114.0379865_22.5205156.png
shops,disconnection difficulty,continuing daily activities,negative,201709_114.0379865_22.5205156.png
traffic,active urban environment,remaining alert,neutral,201709_114.0379865_22.5205156.png
street,demands attention,difficult to escape,negative,201709_114.0414485_22.640062199999996.png
traffic,stressful environment,increased focus on obligations,negative,201709_114.0414485_22.640062199999996.png
pedestrians,overwhelming presence,heightened awareness,negative,201709_114.0414485_22.640062199999996.png
commercial,lack of refuge,constant engagement,negative,201709_114.0414485_22.640062199999996.png
trees,not a strong refuge,detach from obligations,negative,201709_114.04279492847324_22.729973014590012.png
street,source of noise,avoidance of stress,negative,201709_114.04279492847324_22.729973014590012.png
site,lack of escape,no restorative actions,negative,201709_114.0445919_22.649543399999995.png
atmosphere,lack of peace,no calming activities,negative,201709_114.0445919_22.649543399999995.png
elements,absence of nature,no engagement with nature,negative,201709_114.0445919_22.649543399999995.png
entrance,not a complete escape,remain engaged,negative,201709_114.0451014_22.5753133.png
greenery,sense of separation,seek refuge,positive,201709_114.0451014_22.5753133.png
signs,reminders of regulations,adhere to rules,negative,201709_114.0451014_22.5753133.png
security booth,sense of oversight,feel monitored,neutral,201709_114.0451014_22.5753133.png
road,functional space,navigate efficiently,neutral,201709_114.0451014_22.5753133.png
roads,not inviting or tranquil,physical removal,negative,201709_114.04211849208629_22.727871304056496.png
setting,temporary escape,mental respite,neutral,201709_114.04211849208629_22.727871304056496.png
environment,lack of refuge,none,negative,201709_114.04211849208629_22.727871304056496.png
greenery,sense of refuge,escape from daily life,positive,201709_114.0452431_22.553932899999992.png
pathways,mental departure,relaxation from demands,positive,201709_114.0452431_22.553932899999992.png
roadway,peaceful atmosphere,contrast to urban nuisances,positive,201709_114.0452431_22.553932899999992.png
setting,serene environment,fostering tranquility,positive,201709_114.0452431_22.553932899999992.png
streetscape,lack of escape,remain anchored,negative,201709_114.0455486602847_22.522770585720306.png
vehicles,stress from traffic,avoid relaxation,negative,201709_114.0455486602847_22.522770585720306.png
signage,mental clutter,focus on responsibilities,negative,201709_114.0455486602847_22.522770585720306.png
trees,sense of order and safety,temporary escape,positive,201709_114.0457645_22.5104295.png
traffic,tranquil space,reduction of stress,positive,201709_114.0457645_22.5104295.png
streetscape,distinct from daily life,enhanced relaxation,positive,201709_114.0457645_22.5104295.png
greenery,feeling of tranquility,encouragement to unwind,positive,201709_114.0457645_22.5104295.png
trees,mental detachment,move freely,positive,201709_114.04611174452_22.516619027471318.png
pathways,visual buffer,facilitate movement,positive,201709_114.04611174452_22.516619027471318.png
green spaces,psychological buffer,escape urban life,positive,201709_114.04611174452_22.516619027471318.png
streetscape,limited sense of being away,constant reminders of daily demands,negative,201709_114.05014913221994_22.603617836913898.png
space,lack of profound escape,inability to relax,negative,201709_114.05014913221994_22.603617836913898.png
setting,distractions from worries,increased stress,negative,201709_114.05014913221994_22.603617836913898.png
intersection,difficult to escape,cease thinking,negative,201709_114.0523622_22.661118499999997.png
traffic,overwhelmed by demands,avoid obligations,negative,201709_114.0523622_22.661118499999997.png
buildings,lack of mental escape,remain engaged,negative,201709_114.0523622_22.661118499999997.png
trees,not a true refuge,difficulty to escape,negative,201709_114.0533998_22.528414399999996.png
traffic,stressful environment,avoidance of the area,negative,201709_114.0533998_22.528414399999996.png
buildings,lack of tranquility,desire for solitude,negative,201709_114.0533998_22.528414399999996.png
street,lack of refuge,avoidance of stress,negative,201709_114.05507060000001_22.611604299999993.png
nature,partial detachment,seeking tranquility,neutral,201709_114.05507060000001_22.611604299999993.png
street,lack of escape,avoidance of obligations,negative,201709_114.0569058_22.528170200000005.png
traffic,mental detachment intrusion,inability to relax,negative,201709_114.0569058_22.528170200000005.png
buildings,no natural immersion,disengagement from stress,negative,201709_114.0569058_22.528170200000005.png
cars,bustling environment,increased anxiety,negative,201709_114.0569058_22.528170200000005.png
street,difficult to detach from concerns,lack of mental escape,negative,201709_114.0502404_22.601815099999996.png
area,extension of daily life,no break from routine,negative,201709_114.0502404_22.601815099999996.png
vegetation,sense of natural respite,get away from daily demands,positive,201709_114.0552036_22.686124699999997.png
sky,sense of natural respite,get away from daily demands,positive,201709_114.0552036_22.686124699999997.png
road,reminder of urban context,prevent complete detachment,negative,201709_114.0552036_22.686124699999997.png
vehicles,reminder of urban context,prevent complete detachment,negative,201709_114.0552036_22.686124699999997.png
poles,reminder of urban context,prevent complete detachment,negative,201709_114.0552036_22.686124699999997.png
traffic,sense of busyness,distracting,negative,201709_114.0569178_22.626651600000002.png
establishments,sense of busyness,distracting,negative,201709_114.0569178_22.626651600000002.png
people,sense of busyness,distracting,negative,201709_114.0569178_22.626651600000002.png
street,lack of refuge,no escape,negative,201709_114.0588246_22.621622000000002.png
traffic,overwhelmed,avoidance,negative,201709_114.0588246_22.621622000000002.png
construction,distraction,increased stress,negative,201709_114.0588246_22.621622000000002.png
pedestrian,busy environment,no relaxation,negative,201709_114.0588246_22.621622000000002.png
intersection,lack of escape,difficulty relaxing,negative,201709_114.0592641_22.6360472.png
vehicles,stressful environment,increased obligation,negative,201709_114.0592641_22.6360472.png
shops,busy atmosphere,mental engagement,negative,201709_114.0592641_22.6360472.png
pedestrian,crowded feeling,limited relaxation,negative,201709_114.0592641_22.6360472.png
street,not a place of escape,continue daily activities,negative,201709_114.06019570199695_22.61155481335208.png
traffic,overwhelmed by demands,avoid stopping to think,negative,201709_114.06019570199695_22.61155481335208.png
construction,industrial atmosphere,remain focused on responsibilities,negative,201709_114.06019570199695_22.61155481335208.png
street,lack of escape,avoidance of area,negative,201709_114.0604228_22.633323999999995.png
construction,increased stress,distraction from tasks,negative,201709_114.0604228_22.633323999999995.png
traffic,feeling overwhelmed,desire to leave,negative,201709_114.0604228_22.633323999999995.png
construction,distant from urban comforts,offers a break,neutral,201709_114.0616625_22.682752000000004.png
clutter,generally unkempt appearance,does not feel like a refuge,negative,201709_114.0616625_22.682752000000004.png
workers,active environment,provides a break from familiarity,positive,201709_114.0616625_22.682752000000004.png
surroundings,departure from ordinary,offers an escape,neutral,201709_114.0616625_22.682752000000004.png
trees,sense of enclosure,mental escape,positive,201709_114.0612517_22.7125737.png
pedestrians,detached from urban stressors,seeking peace,positive,201709_114.0612517_22.7125737.png
ambiance,peaceful atmosphere,relaxation,positive,201709_114.0612517_22.7125737.png
street,not a place for mental respite,engagement in daily life,negative,201709_114.06117760000001_22.6566647.png
commerce,part of the everyday,participation in activities,neutral,201709_114.06117760000001_22.6566647.png
residential,sense of common concerns,continuation of routine,negative,201709_114.06117760000001_22.6566647.png
greenery,sense of peaceful escape,mental detachment,positive,201709_114.06294860000001_22.614748.png
trees,tranquil atmosphere,respite from daily demands,positive,201709_114.06294860000001_22.614748.png
street,lack of refuge,maintaining engagement,negative,201709_114.0627305_22.6549398.png
traffic,constant stimulation,increased awareness,negative,201709_114.0627305_22.6549398.png
construction,distraction,avoiding relaxation,negative,201709_114.0627305_22.6549398.png
pedestrians,social engagement,interaction with environment,neutral,201709_114.0627305_22.6549398.png
buildings,not a complete refuge,lower engagement,negative,201709_114.06331743553174_22.670580236507305.png
traffic,sense of escape lacking,avoidance of the area,negative,201709_114.06331743553174_22.670580236507305.png
billboard,not a refuge,no mental escape,negative,201709_114.0683385_22.697980400000002.png
vehicles,active environment,continuing daily concerns,negative,201709_114.0683385_22.697980400000002.png
buildings,not conducive,stopping thoughts,negative,201709_114.0683385_22.697980400000002.png
construction,industrial aesthetic,no mental escape,negative,201709_114.0683385_22.697980400000002.png
street,not ideal refuge,limited escape,negative,201709_114.06861678573122_22.721309304140785.png
businesses,part of urban hustle,increased stress,negative,201709_114.06861678573122_22.721309304140785.png
traffic,ongoing disturbance,distraction from tasks,negative,201709_114.06861678573122_22.721309304140785.png
trees,mental escape,detachment from urban nuisances,positive,201709_114.0703004_22.575922800000004.png
greenery,respite from city demands,exploration,positive,201709_114.0703004_22.575922800000004.png
road,quiet environment,relaxation,positive,201709_114.0703004_22.575922800000004.png
street,lack of social pressures,moderate engagement,neutral,201709_114.0696131_22.72285939999999.png
buildings,grounded in worldly context,continued awareness of responsibilities,negative,201709_114.0696131_22.72285939999999.png
cars,absence of escape,limited detachment from daily nuisances,negative,201709_114.0696131_22.72285939999999.png
intersection,lack of escape,no mental detachment,negative,201709_114.0707516_22.619814200000004.png
roads,regulated environment,functional use,neutral,201709_114.0707516_22.619814200000004.png
buildings,absence of refuge,no relaxation,negative,201709_114.0707516_22.619814200000004.png
trees,sense of being outdoors,connection to nature,positive,201709_114.0715639_22.5858708.png
roads,not a complete escape,continuation of urban engagement,negative,201709_114.0715639_22.5858708.png
vehicles,distraction from relaxation,inability to cease thinking,negative,201709_114.0715639_22.5858708.png
entrance,connection to urban demands,reminder of everyday tasks,negative,201709_114.0715639_22.5858708.png
vegetation,escape from urban distractions,seek respite,positive,201709_114.0756785_22.621517099999995.png
pathways,serene atmosphere,enjoy tranquility,positive,201709_114.0756785_22.621517099999995.png
area,respite from daily routines,take a break,positive,201709_114.0756785_22.621517099999995.png
absence,feeling of being away,reduce stress,positive,201709_114.0756785_22.621517099999995.png
road,lack of escape,focus on journey,negative,201709_114.0759565_22.641131100000003.png
traffic,stress from congestion,hurry to destination,negative,201709_114.0759565_22.641131100000003.png
construction,disruption of peace,avoidance of area,negative,201709_114.0759565_22.641131100000003.png
greenery,slight relief,appreciate nature,neutral,201709_114.0759565_22.641131100000003.png
road,not effective as a refuge,difficult to escape,negative,201709_114.0735486_22.645347300000005.png
traffic,not effective as a refuge,difficult to escape,negative,201709_114.0735486_22.645347300000005.png
infrastructure,not effective as a refuge,difficult to escape,negative,201709_114.0735486_22.645347300000005.png
buildings,not effective as a refuge,difficult to escape,negative,201709_114.0735486_22.645347300000005.png
greenery,somewhat effective,provides slight disconnection,neutral,201709_114.0735486_22.645347300000005.png
street,not a refuge,escape demanding thoughts,negative,201709_114.0771623_22.645235100000004.png
buildings,part of everyday world,daily activities,neutral,201709_114.0771623_22.645235100000004.png
traffic,constant activity,engagement with environment,negative,201709_114.0771623_22.645235100000004.png
pedestrians,busy atmosphere,movement through space,neutral,201709_114.0771623_22.645235100000004.png
trees,sense of escape,seeking tranquility,positive,201709_114.0776843_22.697828799999996.png
buildings,limited disconnect,feeling of obligation,negative,201709_114.0776843_22.697828799999996.png
vehicles,urban presence,returning to routine,negative,201709_114.0776843_22.697828799999996.png
traffic,stressful environment,avoidance of the area,negative,201709_114.0794414_22.701349300000004.png
construction,distraction from relaxation,increased anxiety,negative,201709_114.0794414_22.701349300000004.png
public spaces,lack of refuge,difficulty in disengaging,negative,201709_114.0794414_22.701349300000004.png
trees,sense of escape,disconnect from daily demands,positive,201709_114.0793126_22.562718900000004.png
pathways,areas for relaxation,contemplate,positive,201709_114.0793126_22.562718900000004.png
plaza,space for contemplation,relax,positive,201709_114.0793126_22.562718900000004.png
road,accessible urban space,navigate,neutral,201709_114.0793126_22.562718900000004.png
parking,urban presence,access,neutral,201709_114.0793126_22.562718900000004.png
cars,urban activity,move through space,neutral,201709_114.0793126_22.562718900000004.png
road,lack of refuge,transitional movement,negative,201709_114.0796603_22.647957800000004.png
trees,minimal green space,brief respite,neutral,201709_114.0796603_22.647957800000004.png
buildings,urban nuisances,continuation of daily tasks,negative,201709_114.0796603_22.647957800000004.png
wires,urban clutter,distraction,negative,201709_114.0796603_22.647957800000004.png
construction,preoccupied with demands,avoidance of refuge,negative,201709_114.07971477593887_22.71126202345593.png
trees,moderate sense of being away,walk or observe,positive,201709_114.08421288491131_22.647854636615133.png
walkways,slight separation from nuisances,escape from demands,positive,201709_114.08421288491131_22.647854636615133.png
urban,lack of profound detachment,none,negative,201709_114.08421288491131_22.647854636615133.png
road,not a refuge,avoid the area,negative,201709_114.08605403251362_22.64994922406397.png
traffic,active urban area,seek quieter spaces,negative,201709_114.08605403251362_22.64994922406397.png
infrastructure,functional focus,continue with demands,neutral,201709_114.08605403251362_22.64994922406397.png
street,lack of escape,difficulty detaching,negative,201709_114.0861318_22.6481459.png
traffic,stressful environment,increased anxiety,negative,201709_114.0861318_22.6481459.png
infrastructure,functional but uninviting,limited relaxation,negative,201709_114.0861318_22.6481459.png
crowd,overwhelming presence,avoidance of space,negative,201709_114.0861318_22.6481459.png
buildings,lack of escape,persistent daily concerns,negative,201709_114.0864595_22.6430561.png
traffic,stressful environment,increased daily pressures,negative,201709_114.0864595_22.6430561.png
activity,no mental break,continued focus on tasks,negative,201709_114.0864595_22.6430561.png
trees,feeling of respite,escape from urban nuisances,positive,201709_114.0871723_22.5609009.png
sky,moderate sense of being away,enjoyment of open space,positive,201709_114.0871723_22.5609009.png
buildings,not a complete escape,awareness of urban environment,negative,201709_114.0871723_22.5609009.png
cars,not a complete escape,acknowledgment of urban activity,negative,201709_114.0871723_22.5609009.png
pedestrians,not a complete escape,recognition of urban life,negative,201709_114.0871723_22.5609009.png
streetscape,lack of escape,continuation of routine,negative,201709_114.08609958800685_22.54267965139848.png
shops,part of everyday environment,engagement in commercial activity,neutral,201709_114.08609958800685_22.54267965139848.png
traffic,increased stress,avoidance of the area,negative,201709_114.08609958800685_22.54267965139848.png
pedestrian flow,sense of routine,participation in daily life,neutral,201709_114.08609958800685_22.54267965139848.png
nature,sense of being away,retreat from daily demands,positive,201709_114.0895652_22.672388600000005.png
road,feeling of escape,break from routine,positive,201709_114.0895652_22.672388600000005.png
landscape,absence of urban distractions,enhanced relaxation,positive,201709_114.0895652_22.672388600000005.png
site,limited sense of escape,avoidance of unpleasant environment,negative,201709_114.09394871171243_22.64708706936366.png
road,potentially unpleasant environment,distraction from tasks,negative,201709_114.09394871171243_22.64708706936366.png
work,demanding tasks,increased stress,negative,201709_114.09394871171243_22.64708706936366.png
gas,not a refuge,move on,negative,201709_114.0892075_22.703675100000005.png
environment,transactional,refuel,negative,201709_114.0892075_22.703675100000005.png
setting,lack of escape,not stop thinking,negative,201709_114.0892075_22.703675100000005.png
path,sense of refuge,step away from daily nuisances,positive,201709_114.08944130000002_22.6905944.png
trees,sense of refuge,step away from daily nuisances,positive,201709_114.08944130000002_22.6905944.png
hills,sense of refuge,step away from daily nuisances,positive,201709_114.08944130000002_22.6905944.png
materials,detracts from natural escape,limited engagement with nature,negative,201709_114.08944130000002_22.6905944.png
fencing,detracts from natural escape,limited engagement with nature,negative,201709_114.08944130000002_22.6905944.png
intersection,low sense of escape,limited refuge seeking,negative,201709_114.0945183_22.566247199999996.png
traffic,overwhelmed by stimuli,avoidance of the area,negative,201709_114.0945183_22.566247199999996.png
construction,disruption of peace,increased stress,negative,201709_114.0945183_22.566247199999996.png
intersection,not a refuge,avoid mental detachment,negative,201709_114.0946047_22.6365959.png
traffic,stressful environment,increase anxiety,negative,201709_114.0946047_22.6365959.png
buildings,functional setting,engage in daily activities,neutral,201709_114.0946047_22.6365959.png
trees,moderate sense of being away,create mental distance,positive,201709_114.0961759_22.659533099999997.png
industrial,mental distance from urban stresses,escape from daily nuisances,positive,201709_114.0961759_22.659533099999997.png
natural,limited feeling of escape,reduce stress,negative,201709_114.0961759_22.659533099999997.png
cars,not a refuge,increased obligations,negative,201709_114.0970581_22.647448799999996.png
buildings,feeling of urbanity,difficulty in relaxation,negative,201709_114.0970581_22.647448799999996.png
power lines,disconnection from nature,lack of focus on self,negative,201709_114.0970581_22.647448799999996.png
road,lack of refuge,none,negative,201709_114.0978356_22.692444399999992.png
overpass,daily routine stress,none,negative,201709_114.0978356_22.692444399999992.png
greenery,minimal escape,none,neutral,201709_114.0978356_22.692444399999992.png
trees,not feeling disconnected,remain engaged,negative,201709_114.098375_22.627081999999998.png
bushes,not feeling disconnected,remain engaged,negative,201709_114.098375_22.627081999999998.png
shops,sense of everyday presence,continue daily activities,negative,201709_114.098375_22.627081999999998.png
street,not feeling away from demands,stay involved,negative,201709_114.098375_22.627081999999998.png
traffic,stressful environment,avoidance of space,negative,201709_114.1016259_22.709084899999997.png
construction,disruption of peace,seeking quieter areas,negative,201709_114.1016259_22.709084899999997.png
buildings,lack of refuge,transit rather than relaxation,negative,201709_114.1016259_22.709084899999997.png
roads,limited feeling of escape,reduced engagement,negative,201709_114.1044272_22.5733348.png
buildings,limited feeling of escape,reduced engagement,negative,201709_114.1044272_22.5733348.png
fences,limited feeling of escape,reduced engagement,negative,201709_114.1044272_22.5733348.png
lampposts,limited feeling of escape,reduced engagement,negative,201709_114.1044272_22.5733348.png
greenery,integrated urban environment,limited connection to nature,negative,201709_114.1044272_22.5733348.png
cars,ordinary life,none,negative,201709_114.1036659_22.633577100000004.png
buildings,ordinary life,none,negative,201709_114.1036659_22.633577100000004.png
greenery,lack of escape,none,negative,201709_114.1036659_22.633577100000004.png
greenery,sense of being away,mentally detach,positive,201709_114.1053046_22.603605199999993.png
buildings,respite from noise,escape,positive,201709_114.1053046_22.603605199999993.png
street,feeling of refuge,seek quiet,positive,201709_114.1053046_22.603605199999993.png
trees,slight respite,temporary shift in focus,positive,201709_114.1045315_22.6256058.png
buildings,moderate sense of 'being away',not a complete escape,negative,201709_114.1045315_22.6256058.png
street,not a complete escape,daily life's demands,negative,201709_114.1045315_22.6256058.png
greenery,slight respite,temporary shift in focus,positive,201709_114.1045315_22.6256058.png
pedestrian areas,slight respite,temporary shift in focus,positive,201709_114.1045315_22.6256058.png
traffic,lack of escape,increased attention,negative,201709_114.10622441737641_22.68984118288231.png
shops,distraction from daily concerns,engagement in urban life,negative,201709_114.10622441737641_22.68984118288231.png
pedestrian,busy environment,interaction with others,negative,201709_114.10622441737641_22.68984118288231.png
intersection,not a sense of escape,continued daily activities,negative,201709_114.1064122_22.6536206.png
traffic,stressful environment,avoidance of the area,negative,201709_114.1064122_22.6536206.png
greenery,minimal respite,brief enjoyment,neutral,201709_114.1064122_22.6536206.png
buildings,urban confinement,acceptance of surroundings,negative,201709_114.1064122_22.6536206.png
trees,sense of being away,mental respite,positive,201709_114.10645_22.632911199999995.png
buildings,urban stressors,separation from daily demands,negative,201709_114.10645_22.632911199999995.png
green spaces,potential escape,relaxation,positive,201709_114.10645_22.632911199999995.png
street,calm environment,reduced anxiety,positive,201709_114.10645_22.632911199999995.png
buildings,limited refuge,continuation of routines,negative,201709_114.10725470000001_22.7062961.png
infrastructure,lack of escape,maintenance of daily life,negative,201709_114.10725470000001_22.7062961.png
greenery,sense of escape,seeking refuge,positive,201709_114.11168102857242_22.714879766622584.png
traffic,lack of peace,avoidance,negative,201709_114.11168102857242_22.714879766622584.png
activity,sense of quietness,relaxation,positive,201709_114.11168102857242_22.714879766622584.png
industrial,neglected feel,discomfort,negative,201709_114.11168102857242_22.714879766622584.png
street,lack of peace,difficulty escaping,negative,201709_114.1102505_22.6312783.png
traffic,overwhelmed by noise,inability to relax,negative,201709_114.1102505_22.6312783.png
shops,commercial distraction,increased stress,negative,201709_114.1102505_22.6312783.png
pedestrian,crowded environment,feeling trapped,negative,201709_114.1102505_22.6312783.png
trees,lack of escape,remain engaged,negative,201709_114.1117245_22.686429199999996.png
cars,connected environment,continue activities,neutral,201709_114.1117245_22.686429199999996.png
buildings,active setting,stay focused,negative,201709_114.1117245_22.686429199999996.png
traffic,not a refuge,engagement with surroundings,negative,201709_114.111629_22.532919400000004.png
construction,difficult to disconnect,increased focus on daily thoughts,negative,201709_114.111629_22.532919400000004.png
buildings,demands and routines,lack of mental respite,negative,201709_114.111629_22.532919400000004.png
street,active urban life,constant engagement,negative,201709_114.111629_22.532919400000004.png
traffic,not a refuge,no escape from responsibilities,negative,201709_114.1125109_22.5892819.png
vehicles,not a refuge,no escape from responsibilities,negative,201709_114.1125109_22.5892819.png
infrastructure,not a refuge,no escape from responsibilities,negative,201709_114.1125109_22.5892819.png
greenery,slight natural contrast,none evoked,neutral,201709_114.11348115980017_22.65206680298796.png
street,part of everyday life,none to escape,negative,201709_114.11348115980017_22.65206680298796.png
traffic,not a refuge,none to relax,negative,201709_114.11348115980017_22.65206680298796.png
construction,disruption of peace,none to enjoy,negative,201709_114.11348115980017_22.65206680298796.png
street,ongoing activity,difficulty disconnecting,negative,201709_114.1129657_22.6988743.png
highway,lack of refuge,inability to escape,negative,201709_114.1129657_22.6988743.png
environment,stressful atmosphere,increased focus on tasks,negative,201709_114.1129657_22.6988743.png
traffic,constant distraction,persistent engagement with daily demands,negative,201709_114.1129657_22.6988743.png
built environment,active place,lack of restful experience,negative,201709_114.1129657_22.6988743.png
greenery,active cityscape,limited escape,negative,201709_114.11704265662098_22.651467896116234.png
barriers,limited refuge,avoidance of urban stress,negative,201709_114.11704265662098_22.651467896116234.png
road,busy environment,increased activity,neutral,201709_114.11704265662098_22.651467896116234.png
environment,lack of escape,no retreat,negative,201709_114.11729870000002_22.6780618.png
roads,stressful atmosphere,increased activity,negative,201709_114.11729870000002_22.6780618.png
buildings,overwhelming presence,distraction from tasks,negative,201709_114.11729870000002_22.6780618.png
construction,ongoing disruption,avoidance of space,negative,201709_114.11729870000002_22.6780618.png
trees,potential escape from urban nuisances,seek tranquility,positive,201709_114.1179462_22.686612899999997.png
path,separation from city life,explore secluded areas,positive,201709_114.1179462_22.686612899999997.png
buildings,limit feeling of being truly 'away',remain aware of urban presence,negative,201709_114.1179462_22.686612899999997.png
infrastructure,restricts escape experience,avoid urban distractions,negative,201709_114.1179462_22.686612899999997.png
street,not a refuge,continued engagement,negative,201709_114.1218695_22.683096600000002.png
traffic,not a place to escape,maintaining focus on external world,negative,201709_114.1218695_22.683096600000002.png
buildings,lack of detachment,involvement in urban activity,negative,201709_114.1218695_22.683096600000002.png
intersection,low sense of escape,engagement with daily life,negative,201709_114.1202401_22.544557199999996.png
traffic,constant distraction,lack of retreat,negative,201709_114.1202401_22.544557199999996.png
environment,no refuge,continued involvement,negative,201709_114.1202401_22.544557199999996.png
trees,lack of refuge,continue thinking about responsibilities,negative,201709_114.1283506_22.5749688.png
roads,urban demands,feel trapped,negative,201709_114.1283506_22.5749688.png
buildings,urban nuisances,avoid relaxation,negative,201709_114.1283506_22.5749688.png
traffic,not a refuge,no escape,negative,201709_114.13731710000002_22.5779094.png
cars,part of everyday environment,no retreat,negative,201709_114.13731710000002_22.5779094.png
buildings,typical urban stressors,no relaxation,negative,201709_114.13731710000002_22.5779094.png
streetscape,lack of escape,increased stress,negative,201709_114.1390699_22.549754199999995.png
traffic,overwhelmed,avoidance,negative,201709_114.1390699_22.549754199999995.png
pedestrians,chaotic environment,distraction,negative,201709_114.1390699_22.549754199999995.png
commercial,busy atmosphere,engagement,neutral,201709_114.1390699_22.549754199999995.png
trees,respite from demands,seeking escape,positive,201709_114.2269618_22.548653100000003.png
traffic,limited sense of escape,feeling constrained,negative,201709_114.2269618_22.548653100000003.png
infrastructure,structured experience,navigating environment,neutral,201709_114.2269618_22.548653100000003.png
appearance,sense of being away,mental detachment,positive,201902_113.773877_22.7270682.png
infrastructure,not a strong refuge,preventing relaxation,negative,201902_113.773877_22.7270682.png
cars,lack of escape,avoidance of stress,negative,201902_113.77534719937155_22.74003922529751.png
road,ongoing activity,engagement in urban living,negative,201902_113.77534719937155_22.74003922529751.png
infrastructure,feeling of confinement,inability to detach,negative,201902_113.77534719937155_22.74003922529751.png
buildings,lack of mental escape,difficulty in relaxing,negative,201709_114.132548_22.5682471.png
traffic,stress from distractions,inability to focus,negative,201709_114.132548_22.5682471.png
commercial,overstimulation,avoidance of the area,negative,201709_114.132548_22.5682471.png
environment,sense of detachment,cessation of thinking,positive,201902_113.77916203609237_22.665526869148454.png
absence,mental separation,facilitate reflection,positive,201902_113.77916203609237_22.665526869148454.png
area,lack of refuge,no escape,negative,201902_113.78590912689597_22.731365381278035.png
layout,sense of routine,maintaining daily concerns,negative,201902_113.78590912689597_22.731365381278035.png
elements,absence of detachment,continuing daily demands,negative,201902_113.78590912689597_22.731365381278035.png
road,not peaceful,avoid seeking refuge,negative,201902_113.77947463659658_22.66730771479768.png
construction,not secluded,stay away from distractions,negative,201902_113.77947463659658_22.66730771479768.png
trees,temporary mental shift,seeking refuge,positive,201902_113.78802927099669_22.681579777229107.png
sidewalks,less stressful moment,escaping daily demands,positive,201902_113.78802927099669_22.681579777229107.png
traffic,calm environment,reducing stress,positive,201902_113.78802927099669_22.681579777229107.png
sky,relaxed state,finding tranquility,positive,201902_113.78802927099669_22.681579777229107.png
traffic,lack of escape,avoidance of relaxation,negative,201902_113.7923947_22.747967099999997.png
roads,lack of tranquility,distraction from tasks,negative,201902_113.7923947_22.747967099999997.png
buildings,urban demands,continuation of daily activities,negative,201902_113.7923947_22.747967099999997.png
construction,lack of escape,no break from thoughts,negative,201902_113.79093650000002_22.7095013.png
structures,chaotic environment,no relaxation,negative,201902_113.79093650000002_22.7095013.png
clutter,stressful atmosphere,avoidance of space,negative,201902_113.79093650000002_22.7095013.png
street,lack of escape,no refuge seeking,negative,201902_113.7968278_22.6764534.png
traffic,stressful environment,avoidance of routine,negative,201902_113.7968278_22.6764534.png
commercial,functional space,engagement in daily activities,neutral,201902_113.7968278_22.6764534.png
buildings,not a refuge,not conducive to escape,negative,201902_113.7956787_22.667452.png
area,work-related,focus on tasks,negative,201902_113.7956787_22.667452.png
street,lack of escape,minimal engagement,negative,201902_113.7974556807145_22.668184154312296.png
buildings,ordinary environment,limited exploration,negative,201902_113.7974556807145_22.668184154312296.png
vehicles,active community,passive observation,neutral,201902_113.7974556807145_22.668184154312296.png
store,convenience,occasional visits,neutral,201902_113.7974556807145_22.668184154312296.png
vehicles,lack of escape,remain engaged,negative,201902_113.79663449298718_22.665644889061195.png
buildings,mundane environment,avoid detachment,negative,201902_113.79663449298718_22.665644889061195.png
signs,active surroundings,stay focused,negative,201902_113.79663449298718_22.665644889061195.png
traffic,unsuitable refuge,requires attention,negative,201902_113.8009416_22.6712009.png
vehicles,distraction,engagement with landscape,negative,201902_113.8009416_22.6712009.png
buildings,lack of escape,continuing tasks,negative,201902_113.8009416_22.6712009.png
devices,need for focus,attention to surroundings,negative,201902_113.8009416_22.6712009.png
street,not a refuge,avoidance of responsibilities,negative,201902_113.80515620388461_22.74165165934952.png
traffic,demanding attention,increased alertness,negative,201902_113.80515620388461_22.74165165934952.png
buildings,overwhelming presence,distraction,negative,201902_113.80515620388461_22.74165165934952.png
street,not a refuge,no break from responsibilities,negative,201902_113.8029999_22.740948899999996.png
environment,constant activity,engagement in daily life,neutral,201902_113.8029999_22.740948899999996.png
street,not a refuge,avoidance of nuisances,negative,201902_113.80734899282018_22.782117482559418.png
traffic,challenging mental escape,distraction from thoughts,negative,201902_113.80734899282018_22.782117482559418.png
activity,lack of detachment,engagement with urban life,negative,201902_113.80734899282018_22.782117482559418.png
street,not a refuge,avoidance of obligations,negative,201902_113.8054848_22.743741.png
shops,bustling atmosphere,engagement in activities,neutral,201902_113.8054848_22.743741.png
cars,stressful environment,hurry or rush,negative,201902_113.8054848_22.743741.png
pedestrians,crowded space,social interaction,neutral,201902_113.8054848_22.743741.png
trees,limited escape,minimal mental detachment,negative,201902_113.81419840161459_22.719362407722716.png
buildings,functional environment,lack of refuge,negative,201902_113.81419840161459_22.719362407722716.png
streetscape,not a quiet refuge,avoidance of distractions,negative,201902_113.8125536_22.742092199999995.png
traffic,busy and active environment,increased stress,negative,201902_113.8125536_22.742092199999995.png
pedestrian,lack of tranquility,hurry through space,negative,201902_113.8125536_22.742092199999995.png
utility,disruptive presence,distracted movement,negative,201902_113.8125536_22.742092199999995.png
trees,sense of detachment,temporarily stop thinking,positive,201902_113.80888948749923_22.78419583992442.png
walking paths,potential refuge,escape from nuisances,positive,201902_113.80888948749923_22.78419583992442.png
greenery,moderate sense of being away,relaxation,positive,201902_113.80888948749923_22.78419583992442.png
trees,lack of refuge,difficulty escaping distractions,negative,201902_113.8148927055361_22.789415575629256.png
buildings,overwhelmed by activity,continuing to think about obligations,negative,201902_113.8148927055361_22.789415575629256.png
vehicles,increased stress,inability to relax,negative,201902_113.8148927055361_22.789415575629256.png
street,lack of escape,continuing obligations,negative,201902_113.8095455_22.770389100000003.png
vehicles,stressful environment,increased activity,negative,201902_113.8095455_22.770389100000003.png
signage,overstimulation,distraction from relaxation,negative,201902_113.8095455_22.770389100000003.png
street,lack of refuge,reminds of responsibilities,negative,201902_113.81502145623685_22.664961732096735.png
cars,sense of congestion,increases stress,negative,201902_113.81502145623685_22.664961732096735.png
traffic,feeling of overwhelm,distracts from relaxation,negative,201902_113.81502145623685_22.664961732096735.png
environment,functional mindset,focus on daily routines,negative,201902_113.81502145623685_22.664961732096735.png
street,lack of refuge,avoidance of environment,negative,201902_113.822293711952_22.708451784912096.png
buildings,overwhelmed by demands,seeking escape,negative,201902_113.822293711952_22.708451784912096.png
traffic,stress from noise,desire for tranquility,negative,201902_113.822293711952_22.708451784912096.png
road,moderate sense of being away,escape from stressors,positive,201902_113.81942816173449_22.706198696084314.png
greenery,visual separation,reduce urban anxiety,positive,201902_113.81942816173449_22.706198696084314.png
buildings,not a complete escape,remain aware of urban life,negative,201902_113.81942816173449_22.706198696084314.png
traffic,indicates urban environment,acknowledge city presence,neutral,201902_113.81942816173449_22.706198696084314.png
street,lack of refuge,increased awareness,negative,201902_113.8252899_22.704428199999995.png
traffic,stress from noise,avoidance of the area,negative,201902_113.8252899_22.704428199999995.png
shops,constant engagement,continued obligation,negative,201902_113.8252899_22.704428199999995.png
traffic,not a refuge,difficult to disconnect,negative,201902_113.82461400636875_22.737846546103565.png
buildings,not a refuge,difficult to disconnect,negative,201902_113.82461400636875_22.737846546103565.png
people,not a refuge,difficult to disconnect,negative,201902_113.82461400636875_22.737846546103565.png
space,associated with everyday activities,difficult to disconnect,negative,201902_113.82461400636875_22.737846546103565.png
street,lack of escape,continuing daily routines,negative,201902_113.8370193_22.8224631.png
buildings,absence of peace,maintaining obligations,negative,201902_113.8370193_22.8224631.png
cars,constant distraction,focus on responsibilities,negative,201902_113.8370193_22.8224631.png
traffic,lack of escape,difficulty disengaging,negative,201902_113.83507295538294_22.822440796148072.png
construction,connected to city life,inability to find refuge,negative,201902_113.83507295538294_22.822440796148072.png
street,limited sense of being away,avoidance of daily demands,negative,201902_113.8247647_22.739645499999998.png
construction,sense of activity,engagement with surroundings,negative,201902_113.8247647_22.739645499999998.png
vehicles,non-refuge character,acceptance of urban life,negative,201902_113.8247647_22.739645499999998.png
river,escape from demands,seek tranquility,positive,201902_113.8394141_22.7960351.png
canal,temporary refuge,relax and unwind,positive,201902_113.8394141_22.7960351.png
road,disconnection from urban life,take a break,positive,201902_113.8394141_22.7960351.png
industrial,incomplete refuge,feel constrained,negative,201902_113.8394141_22.7960351.png
street,lack of refuge,difficulty disconnecting,negative,201902_113.83749916662289_22.81017670040024.png
traffic,overwhelmed by busyness,inability to escape,negative,201902_113.83749916662289_22.81017670040024.png
commercial,constant distraction,engagement with daily concerns,negative,201902_113.83749916662289_22.81017670040024.png
greenery,limited sense of refuge,minimal relaxation,negative,201902_113.84031080000001_22.684660299999997.png
highway,overwhelmed by urban demands,increased stress,negative,201902_113.84031080000001_22.684660299999997.png
buildings,constrained mental space,focus on tasks,negative,201902_113.84031080000001_22.684660299999997.png
road,sense of urban presence,engagement with daily life,negative,201902_113.8445363319445_22.81410289539056.png
buildings,sense of obligation,continuation of responsibilities,negative,201902_113.8445363319445_22.81410289539056.png
trees,partial respite,temporary escape,neutral,201902_113.8445363319445_22.81410289539056.png
greenery,lack of complete escape,remains aware of obligations,negative,201902_113.8445363319445_22.81410289539056.png
street,difficult to disconnect,requires attention,negative,201902_113.84040741380237_22.715501429259064.png
cars,stressful environment,increases anxiety,negative,201902_113.84040741380237_22.715501429259064.png
shops,commercial demands,engagement in daily life,negative,201902_113.84040741380237_22.715501429259064.png
people,crowded space,heightened awareness,negative,201902_113.84040741380237_22.715501429259064.png
traffic,lack of escape,avoidance of space,negative,201902_113.84854679968943_22.7701941417243.png
fences,feeling of confinement,limited exploration,negative,201902_113.84854679968943_22.7701941417243.png
trees,hint of nature,brief relaxation,neutral,201902_113.84854679968943_22.7701941417243.png
urban,active environment,engagement with surroundings,negative,201902_113.84854679968943_22.7701941417243.png
greenery,sense of detachment,movement across space,positive,201902_113.8490224_22.784849399999995.png
overpass,feeling away from demands,separation from stressors,positive,201902_113.8490224_22.784849399999995.png
trees,sense of calm,enjoyment of nature,positive,201902_113.8490224_22.784849399999995.png
road,visual separation,navigation through space,neutral,201902_113.8490224_22.784849399999995.png
greenery,slight escape from urban stressors,partial mental break,positive,201902_113.8489156_22.7988786.png
water,slight escape from urban stressors,partial mental break,positive,201902_113.8489156_22.7988786.png
roads,not a complete refuge,limited detachment,negative,201902_113.8489156_22.7988786.png
infrastructure,not a complete refuge,limited detachment,negative,201902_113.8489156_22.7988786.png
activity,not a complete refuge,limited detachment,negative,201902_113.8489156_22.7988786.png
vehicle,not a complete refuge,limited detachment,negative,201902_113.8489156_22.7988786.png
street,lack of escape,difficulty in relaxation,negative,201902_113.85331727951454_22.561307463550936.png
traffic,stressful environment,increased focus on concerns,negative,201902_113.85331727951454_22.561307463550936.png
infrastructure,unfinished state,distraction from peace,negative,201902_113.85331727951454_22.561307463550936.png
greenery,moderate sense of being away,partial reprieve,positive,201902_113.8491885_22.701108400000003.png
road,not a complete escape,increased awareness of surroundings,negative,201902_113.8491885_22.701108400000003.png
infrastructure,visible daily demands,distraction from relaxation,negative,201902_113.8491885_22.701108400000003.png
streetscape,limited sense of being away,detachment from responsibilities,negative,201902_113.8577072_22.5595407.png
road,functional environment,engagement with daily demands,negative,201902_113.8577072_22.5595407.png
buildings,active urban environment,interaction with urban fabric,neutral,201902_113.8577072_22.5595407.png
environment,lack of refuge,avoidance of obligations,negative,201902_113.86079006751562_22.53464932614568.png
work,associated with demands,focus on tasks,negative,201902_113.86079006751562_22.53464932614568.png
development,no sense of peace,continuing distractions,negative,201902_113.86079006751562_22.53464932614568.png
trees,low restorative quality,limited escape,negative,201902_113.86370289163905_22.8024886393656.png
buildings,functional environment,lack of refuge,negative,201902_113.86370289163905_22.8024886393656.png
roads,urban stress,increased daily life engagement,negative,201902_113.86370289163905_22.8024886393656.png
vehicles,disconnection from nature,reduced relaxation,negative,201902_113.86370289163905_22.8024886393656.png
sky,mental escape,facilitates relaxation,positive,201902_113.86136305318175_22.532833376233018.png
cityscape,sense of separation,encourages reflection,positive,201902_113.86136305318175_22.532833376233018.png
pathway,sense of escape,facilitating mental detachment,positive,201902_113.86888616978932_22.81083364112787.png
greenery,tranquil zone,encouraging relaxation,positive,201902_113.86888616978932_22.81083364112787.png
trees,peaceful environment,promoting calmness,positive,201902_113.86888616978932_22.81083364112787.png
sky,feeling of detachment,enhancing mental clarity,positive,201902_113.86888616978932_22.81083364112787.png
traffic,limited psychological escape,increased attention,negative,201902_113.8718955_22.8034092.png
buildings,active everyday environment,lack of mental detachment,negative,201902_113.8718955_22.8034092.png
pedestrian,demanding environment,focus on obligations,negative,201902_113.8718955_22.8034092.png
intersection,not conducive to mental respite,lack of escape,negative,201902_113.88445939868075_22.796558804894957.png
traffic,intrusive thoughts,increased stress,negative,201902_113.88445939868075_22.796558804894957.png
buildings,active urban space,focus on responsibilities,negative,201902_113.88445939868075_22.796558804894957.png
trees,some visual relief,seeking comfort,positive,201902_113.87133138530254_22.808668132825623.png
roads,not a refuge,avoiding stress,negative,201902_113.87133138530254_22.808668132825623.png
buildings,functional city area,engaging with urban life,neutral,201902_113.87133138530254_22.808668132825623.png
traffic,not a primary escape,feeling overwhelmed,negative,201902_113.87133138530254_22.808668132825623.png
commercial elements,daily pressures,seeking distraction,negative,201902_113.87133138530254_22.808668132825623.png
trees,slight escape,seek refuge,positive,201902_113.8941739734363_22.720864788587726.png
construction,limited refuge,avoid disruption,negative,201902_113.8941739734363_22.720864788587726.png
light,moderate sense of being away,enjoy surroundings,positive,201902_113.8941739734363_22.720864788587726.png
space,temporary separation,experience calm,neutral,201902_113.8941739734363_22.720864788587726.png
street,lack of refuge,inability to relax,negative,201902_113.8693476_22.598104299999996.png
traffic,stressful environment,increased anxiety,negative,201902_113.8693476_22.598104299999996.png
buildings,urban confinement,avoidance of outdoor spaces,negative,201902_113.8693476_22.598104299999996.png
street,not a strong refuge,limited escape,negative,201902_113.9054886_22.808893400000002.png
cars,typical urban setting,routine thoughts,negative,201902_113.9054886_22.808893400000002.png
buildings,moderate to low potential,minimal break,negative,201902_113.9054886_22.808893400000002.png
trees,lack of escape,no mental departure,negative,201902_113.91025928046581_22.57583711733693.png
traffic,busy environment,increased distractions,negative,201902_113.91025928046581_22.57583711733693.png
storefronts,lack of seclusion,no refuge,negative,201902_113.91025928046581_22.57583711733693.png
intersection,not a peaceful refuge,lack of escape,negative,201902_113.9111927_22.562058600000004.png
vehicles,urban nuisances,increased stress,negative,201902_113.9111927_22.562058600000004.png
construction,disruption of tranquility,avoidance of area,negative,201902_113.9111927_22.562058600000004.png
buildings,not complete escape,remain aware of surroundings,negative,201902_113.91369036204115_22.571147968663006.png
power lines,suggest proximity,limit relaxation,negative,201902_113.91369036204115_22.571147968663006.png
traffic,limited sense of being away,not detaching from thoughts,negative,201902_113.91773296528667_22.72032295716598.png
buildings,limited sense of being away,not detaching from thoughts,negative,201902_113.91773296528667_22.72032295716598.png
poles,limited sense of being away,not detaching from thoughts,negative,201902_113.91773296528667_22.72032295716598.png
construction,lack of escape,difficulty in relaxation,negative,201902_113.9180008_22.7323099.png
traffic,stressful environment,increased distraction,negative,201902_113.9180008_22.7323099.png
vehicles,routine activity,inability to focus,negative,201902_113.9180008_22.7323099.png
traffic,constant reminders of responsibilities,difficulty in detachment,negative,201902_113.933462_22.733093500000003.png
buildings,lack of escape,inability to find refuge,negative,201902_113.933462_22.733093500000003.png
construction,overwhelmed by external stimuli,stress and distraction,negative,201902_113.933462_22.733093500000003.png
pedestrians,crowded environment,feeling of confinement,negative,201902_113.933462_22.733093500000003.png
construction,not conducive to mental escape,avoidance of the area,negative,201902_113.95157683450991_22.736968233955533.png
highway,lack of refuge,increased stress,negative,201902_113.95157683450991_22.736968233955533.png
machinery,distraction from relaxation,inability to focus,negative,201902_113.95157683450991_22.736968233955533.png
intersection,lack of escape,continuation of routines,negative,201902_113.92499627183881_22.727755738699123.png
roads,mundane environment,daily commuting,negative,201902_113.92499627183881_22.727755738699123.png
buildings,urban demands,engagement with city life,negative,201902_113.92499627183881_22.727755738699123.png
traffic,stressful atmosphere,increased urgency,negative,201902_113.92499627183881_22.727755738699123.png
traffic,active urban environment,engagement with surroundings,neutral,201902_113.9437007_22.741557399999998.png
buildings,sense of being in a different place,temporary escape,positive,201902_113.9437007_22.741557399999998.png
roads,not a complete detachment,continuation of daily life,negative,201902_113.9437007_22.741557399999998.png
highway,lack of escape,no mental break,negative,201902_113.9470223_22.7484815.png
traffic,stressful environment,increased commuting,negative,201902_113.9470223_22.7484815.png
trees,functional landscape,no retreat,negative,201902_113.9470223_22.7484815.png
trees,sense of being away,detaching from tasks,positive,201902_113.9962248_22.5369742.png
greenery,sense of being away,detaching from tasks,positive,201902_113.9962248_22.5369742.png
road,structured environment,detaching from tasks,positive,201902_113.9962248_22.5369742.png
buildings,not a complete refuge,limited mental escape,negative,201902_113.9962248_22.5369742.png
traffic,not a complete refuge,limited mental escape,negative,201902_113.9962248_22.5369742.png
trees,slight refuge,disconnect from obligations,positive,201902_114.0169032_22.544344900000002.png
flowers,slight refuge,disconnect from obligations,positive,201902_114.0169032_22.544344900000002.png
traffic,busy environment,none,negative,201902_114.0169032_22.544344900000002.png
city life,busy environment,none,negative,201902_114.0169032_22.544344900000002.png
vehicles,not a refuge,mental detachment avoidance,negative,201902_114.013333_22.6805554.png
dumpsters,not a peaceful escape,mental detachment avoidance,negative,201902_114.013333_22.6805554.png
buildings,ordinary environment,mental detachment avoidance,negative,201902_114.013333_22.6805554.png
trees,diminished feeling of refuge,difficulty disconnecting,negative,201902_113.9992712_22.644797499999992.png
infrastructure,limited perception of space,increased urban demands,negative,201902_113.9992712_22.644797499999992.png
greenery,lack of tranquility,inability to escape,negative,201902_113.9992712_22.644797499999992.png
concrete,lack of retreat,no escape from obligations,negative,201902_114.0248575_22.556648199999998.png
cars,stressful environment,increased urban demands,negative,201902_114.0248575_22.556648199999998.png
traffic,daily nuisances,distraction from relaxation,negative,201902_114.0248575_22.556648199999998.png
street,moderate sense of being away,divert attention from worries,positive,201902_114.0261381_22.54291179999999.png
dealerships,distinct purpose,divert attention from worries,positive,201902_114.0261381_22.54291179999999.png
activity,prevent complete escape,remain engaged with surroundings,negative,201902_114.0261381_22.54291179999999.png
commercial,prevent complete escape,remain engaged with surroundings,negative,201902_114.0261381_22.54291179999999.png
streetscape,not an ideal refuge,unlikely to escape,negative,201902_114.0317129_22.543413399999995.png
traffic,detracts from feeling of being away,increases daily demands,negative,201902_114.0317129_22.543413399999995.png
cars,busy nature,reduces relaxation,negative,201902_114.0317129_22.543413399999995.png
intersection,not a complete escape,maintains daily routine,negative,201902_114.0317129_22.543413399999995.png
trees,limited escape,avoidance of urban nuisances,negative,201902_114.03885820000002_22.5604182.png
cars,urban congestion,stress response,negative,201902_114.03885820000002_22.5604182.png
buildings,lack of refuge,diminished relaxation,negative,201902_114.03885820000002_22.5604182.png
storefronts,everyday activity,engagement in routine,neutral,201902_114.03885820000002_22.5604182.png
leaves,minimal natural comfort,temporary distraction,negative,201902_114.03885820000002_22.5604182.png
trees,visual respite,seeking calmness,positive,201902_114.0343191_22.5717816.png
greenery,calmer atmosphere,escaping urban stress,positive,201902_114.0343191_22.5717816.png
cars,reminder of responsibilities,returning to daily life,negative,201902_114.0343191_22.5717816.png
buildings,urban setting awareness,acknowledging surroundings,neutral,201902_114.0343191_22.5717816.png
traffic,lack of refuge,no mental break,negative,201902_114.0373344_22.567564599999997.png
commercial,stress from everyday life,increased focus on tasks,negative,201902_114.0373344_22.567564599999997.png
street,not a refuge,reminded of concerns,negative,201902_114.04594474714749_22.567282191742024.png
buildings,active urban space,engagement with environment,neutral,201902_114.04594474714749_22.567282191742024.png
signage,visible reminders,increased awareness,negative,201902_114.04594474714749_22.567282191742024.png
traffic,calm activity,passive observation,neutral,201902_114.04594474714749_22.567282191742024.png
pedestrians,sense of busyness,social interaction,neutral,201902_114.04594474714749_22.567282191742024.png
greenery,slight mental break,seeking refuge,positive,201902_114.0657778_22.551895000000002.png
vehicles,limited sense of escape,feeling confined,negative,201902_114.0657778_22.551895000000002.png
buildings,limited sense of escape,feeling confined,negative,201902_114.0657778_22.551895000000002.png
traffic,not a natural refuge,seek to escape,negative,201902_114.0531452_22.549275999999992.png
buildings,routine urban life,lower score for being away,negative,201902_114.0531452_22.549275999999992.png
signs,not peaceful retreat,avoidance of daily demands,negative,201902_114.0531452_22.549275999999992.png
cars,busy nature,feel 'away',negative,201902_114.0531452_22.549275999999992.png
intersection,place of routine,lower sense of tranquility,negative,201902_114.0531452_22.549275999999992.png
greenery,sense of escape,seeking refuge,positive,201902_114.0520098_22.574575899999996.png
road,not a complete refuge,continuing transit,negative,201902_114.0520098_22.574575899999996.png
street,lack of refuge,difficulty escaping,negative,201902_114.1086639_22.5815538.png
traffic,stress from noise,inability to relax,negative,201902_114.1086639_22.5815538.png
construction,distraction from concerns,increased anxiety,negative,201902_114.1086639_22.5815538.png
pedestrians,overstimulation,feeling overwhelmed,negative,201902_114.1086639_22.5815538.png
street,lack of refuge,avoidance of obligations,negative,201902_114.1107731_22.581580799999994.png
construction,stress from noise,increased anxiety,negative,201902_114.1107731_22.581580799999994.png
traffic,feeling overwhelmed,desire to escape,negative,201902_114.1107731_22.581580799999994.png
vehicles,distraction from thoughts,inability to relax,negative,201902_114.1107731_22.581580799999994.png
trees,sense of being outdoors,seeking refuge,positive,201907_113.8946333_22.677001399999998.png
cars,limited escape from nuisances,feeling constrained,negative,201907_113.8946333_22.677001399999998.png
roads,proximity to urban life,avoiding distractions,negative,201907_113.8946333_22.677001399999998.png
buildings,not a strong refuge,searching for tranquility,negative,201907_113.8946333_22.677001399999998.png
road,sense of escape,detach from worries,positive,201907_113.9017593_22.683537199999996.png
vegetation,sense of escape,detach from worries,positive,201907_113.9017593_22.683537199999996.png
traffic,busy and active environment,difficult to detach,negative,201902_114.08175460000001_22.5407434.png
buildings,not a tranquil escape,feeling of being overwhelmed,negative,201902_114.08175460000001_22.5407434.png
commercial,integral part of daily life,engagement with urban demands,neutral,201902_114.08175460000001_22.5407434.png
greenery,sense of separation,mental detachment,positive,201907_113.9094279_22.68317319999999.png
path,visual escape,relaxation,positive,201907_113.9094279_22.68317319999999.png
infrastructure,urban proximity,awareness of environment,negative,201907_113.9094279_22.68317319999999.png
greenery,feeling of being removed from daily demands,facilitating mental detachment,positive,201907_113.98950310000001_22.7206107.png
path,potential escape from urban stressors,suggesting tranquility,positive,201907_113.98950310000001_22.7206107.png
vegetation,sense of escape,mental departure,positive,201907_113.9914866_22.712476099999993.png
pathways,sense of escape,mental departure,positive,201907_113.9914866_22.712476099999993.png
atmosphere,secluded atmosphere,mental departure,positive,201907_113.9914866_22.712476099999993.png
greenery,sense of escape,provides refuge,positive,201908_113.8399887_22.6784854.png
road,detachment from routines,implies a journey,positive,201908_113.8399887_22.6784854.png
environment,peaceful,conducive to relaxation,positive,201908_113.8399887_22.6784854.png
road,not a true refuge,continue daily activities,negative,201908_113.9565736027895_22.781912573966014.png
traffic,increased stress,avoidance of the area,negative,201908_113.9565736027895_22.781912573966014.png
greenery,somewhat calming,temporary relief,neutral,201908_113.9565736027895_22.781912573966014.png
buildings,urban presence,engagement with urban life,neutral,201908_113.9565736027895_22.781912573966014.png
road,not truly away,continue traveling,negative,201908_113.95923697340167_22.779280766766284.png
greenery,visual escape,seek refuge,positive,201908_113.95923697340167_22.779280766766284.png
vehicle,context of travel,remain distracted,negative,201908_113.95923697340167_22.779280766766284.png
landscape,visual break,seeking respite,positive,201908_113.96067127793181_22.765060609485065.png
road,limited escape,transitional use,negative,201908_113.96067127793181_22.765060609485065.png
traffic,awareness of concerns,inability to relax,negative,201908_113.96067127793181_22.765060609485065.png
road,escape from obligations,finding respite,positive,201908_113.9661899_22.748525599999997.png
nature,peaceful atmosphere,temporary retreat,positive,201908_113.9661899_22.748525599999997.png
buildings,lack of escape,no disconnection,negative,201908_114.2311048_22.549318299999996.png
roadways,functional public space,utilitarian use,neutral,201908_114.2311048_22.549318299999996.png
crossings,lack of refuge,no retreat,negative,201908_114.2311048_22.549318299999996.png
greenery,disconnect from daily demands,focus on surroundings,positive,201908_114.23483890000001_22.5530353.png
walkways,sense of leisure,engage in passive activity,positive,201908_114.23483890000001_22.5530353.png
spaciousness,calmness,enjoy the environment,positive,201908_114.23483890000001_22.5530353.png
greenery,sense of being away,retreat from demands,positive,201908_113.99306_22.642044000000002.png
road,mental separation,focus on tasks,positive,201908_113.99306_22.642044000000002.png
greenery,sense of escape,mental detachment,positive,201908_114.2393767_22.557769699999998.png
pathways,relief from stress,encouragement to walk,positive,201908_114.2393767_22.557769699999998.png
buildings,urban hustle,awareness of stress,negative,201908_114.2393767_22.557769699999998.png
greenery,reasonable sense of being away,respite from urban bustle,positive,201908_114.24073976836634_22.55905624788543.png
buildings,limited feeling of escape,awareness of daily demands,negative,201908_114.24073976836634_22.55905624788543.png
walkways,sense of being away,encouragement to move,positive,201908_114.24073976836634_22.55905624788543.png
streetscape,not a refuge,difficult to detach,negative,201909_113.9015183_22.709992299999996.png
traffic,overwhelmed by stimuli,hindered feeling of escape,negative,201909_113.9015183_22.709992299999996.png
pedestrians,busy environment,inability to relax,negative,201909_113.9015183_22.709992299999996.png
commercial,constant demands,increased stress,negative,201909_113.9015183_22.709992299999996.png
intersection,not conducive to being away,avoidance of refuge,negative,202003_113.7706108_22.736299300000002.png
traffic,daily demands present,increased stress,negative,202003_113.7706108_22.736299300000002.png
infrastructure,lack of escape,staying engaged,negative,202003_113.7706108_22.736299300000002.png
trees,sense of distance,mental escape,positive,202003_113.8252313163741_22.745168442429677.png
median,separation from disturbances,avoidance of nuisances,positive,202003_113.8252313163741_22.745168442429677.png
pedestrian,opportunity to be away,relaxation,positive,202003_113.8252313163741_22.745168442429677.png
water,calming effect,escape from distractions,positive,201908_114.4869651_22.5351812.png
promenade,mental detachment,stop thinking about tasks,positive,201908_114.4869651_22.5351812.png
boats,sense of being away,departure from urban nuisances,positive,201908_114.4869651_22.5351812.png
road,lack of escape,avoidance of area,negative,202003_113.88955644157302_22.798927053748397.png
construction,stress from noise,increased alertness,negative,202003_113.88955644157302_22.798927053748397.png
infrastructure,utilitarian focus,task-oriented actions,neutral,202003_113.88955644157302_22.798927053748397.png
traffic,limited refuge,avoidance of urban areas,negative,202003_113.96826110000002_22.557930099999997.png
infrastructure,lack of escape,seeking tranquility,negative,202003_113.96826110000002_22.557930099999997.png
trees,sense of detachment,brief respite,positive,202003_113.9348723_22.508163400000004.png
walkway,sense of detachment,brief respite,positive,202003_113.9348723_22.508163400000004.png
layout,sense of detachment,brief respite,positive,202003_113.9348723_22.508163400000004.png
pathways,sense of organization,navigating space,positive,202003_113.92723770000002_22.507478399999997.png
greenery,partial escape from demands,seeking relaxation,positive,202003_113.92723770000002_22.507478399999997.png
infrastructure,sense of separation,maintaining boundaries,neutral,202003_113.92723770000002_22.507478399999997.png
urban context,reminders of responsibilities,feeling overwhelmed,negative,202003_113.92723770000002_22.507478399999997.png
street,not a refuge,escape demanding thoughts,negative,202003_113.89791352217823_22.573441987420974.png
highway,filled with stressors,avoidance of stress,negative,202003_113.89791352217823_22.573441987420974.png
construction,urban stress,seek quiet,negative,202003_113.89791352217823_22.573441987420974.png
infrastructure,lack of tranquility,desire for peace,negative,202003_113.89791352217823_22.573441987420974.png
trees,mild escape from concerns,seeking respite,positive,202003_113.9804017_22.7328451.png
greenery,natural buffer,providing comfort,positive,202003_113.9804017_22.7328451.png
traffic,urban nuisances,distracting attention,negative,202003_113.9804017_22.7328451.png
highway,not a complete refuge,maintaining awareness,negative,202003_113.9804017_22.7328451.png
buildings,limited sense of being away,continued connection to city life,negative,202003_114.0251856_22.63805.png
greenery,touch of nature,temporary escape from demands,positive,202003_114.0251856_22.63805.png
road,urban functionality,engagement with city demands,negative,202003_114.0251856_22.63805.png
trees,sense of peace,stepping away from usual thoughts,positive,202003_114.0504655_22.5620866.png
street,calm environment,mental escape from demanding tasks,positive,202003_114.0504655_22.5620866.png
grassy,tranquil environment,facilitating relaxation,positive,202003_114.0504655_22.5620866.png
road,diminished sense of being away,difficult to escape,negative,202003_114.04427320000002_22.599809599999997.png
traffic,sense of transit,not a refuge,negative,202003_114.04427320000002_22.599809599999997.png
vehicles,urban concerns,increased stress,negative,202003_114.04427320000002_22.599809599999997.png
intersection,sense of detachment,mental shift away from tasks,positive,202003_114.0375625_22.5992669.png
trees,visual break,escape from urban nuisances,positive,202003_114.0375625_22.5992669.png
traffic,ordered system,sense of separation,positive,202003_114.0375625_22.5992669.png
landscaped area,degree of separation,relief from intensity,positive,202003_114.0375625_22.5992669.png
trees,less mental escape,avoidance of refuge,negative,202003_114.1608721_22.604458399999995.png
road,active engagement,participation in activities,neutral,202003_114.1608721_22.604458399999995.png
traffic,stressful environment,increased urgency,negative,202003_114.1608721_22.604458399999995.png
traffic,urban stress,avoidance of refuge,negative,202003_114.06102530000001_22.5212205.png
pedestrian,lack of escape,engagement in routines,negative,202003_114.06102530000001_22.5212205.png
street,difficult to feel 'away',ongoing daily demands,negative,202003_114.1333236765208_22.563765990519713.png
vehicles,diminished feeling of refuge,commuting,negative,202003_114.1333236765208_22.563765990519713.png
buildings,sense of urban life,everyday activities,neutral,202003_114.1333236765208_22.563765990519713.png
greenery,not extensive enough for escape,limited refuge,negative,202003_114.1333236765208_22.563765990519713.png
street,lack of escape,no mental retreat,negative,202003_114.13048140326143_22.56003436029725.png
traffic,sense of busyness,increased obligations,negative,202003_114.13048140326143_22.56003436029725.png
buildings,urban demands,no break from concerns,negative,202003_114.13048140326143_22.56003436029725.png
traffic,active environment,lack of escape,negative,202003_114.1726333_22.5626956.png
buildings,not a refuge,stress from urban bustle,negative,202003_114.1726333_22.5626956.png
greenery,limited tranquility,distraction from mental concerns,negative,202003_114.1726333_22.5626956.png
highway,moderate feeling of being away,commuting or traveling,neutral,202003_114.1991135_22.709366499999998.png
hills,slight refuge from nuisances,seeking natural surroundings,positive,202003_114.1991135_22.709366499999998.png
greenery,slight refuge from nuisances,seeking natural surroundings,positive,202003_114.1991135_22.709366499999998.png
power lines,disruption of tranquility,avoiding busy areas,negative,202003_114.1991135_22.709366499999998.png
roadway,not a sanctuary,transit,negative,202003_114.2000427014398_22.692087883164596.png
highway,temporary escape,journey,neutral,202003_114.2000427014398_22.692087883164596.png
greenery,sense of respite,seek escape,positive,202003_114.2080935_22.731133000000003.png
road,limited feeling of refuge,avoid busy areas,negative,202003_114.2080935_22.731133000000003.png
tunnel,not conducive to escape,pass through,negative,202003_114.21845661197705_22.735003135425835.png
infrastructure,emphasizes functionality,movement,negative,202003_114.21845661197705_22.735003135425835.png
traffic,creates stress,avoidance,negative,202003_114.21845661197705_22.735003135425835.png
buildings,not a refuge,difficulty to escape,negative,202003_114.2344425_22.715313099999996.png
vehicles,constant presence,distraction from concerns,negative,202003_114.2344425_22.715313099999996.png
greenery,sense of separation,seeking escape,positive,202003_114.23825474491608_22.69764445152608.png
trees,calming effect,encouraging relaxation,positive,202003_114.23825474491608_22.69764445152608.png
overpass,controlled environment,avoiding vehicular interaction,positive,202003_114.23825474491608_22.69764445152608.png
traffic,lack of escape,difficulty disconnecting,negative,202101_113.80201360000001_22.7740782.png
construction,stress from urban life,inability to relax,negative,202101_113.80201360000001_22.7740782.png
power lines,sense of nuisance,increased anxiety,negative,202101_113.80201360000001_22.7740782.png
street,limited sense of being away,not able to escape,negative,202101_113.80844_22.772326999999997.png
buildings,structured and purposeful,no mental escape,negative,202101_113.80844_22.772326999999997.png
street,lack of refuge,avoidance of obligations,negative,202101_113.83342653285803_22.74918405936302.png
traffic,constant bustle,inability to relax,negative,202101_113.83342653285803_22.74918405936302.png
commercial,functional nature,distraction from thoughts,negative,202101_113.83342653285803_22.74918405936302.png
cars,lack of escape,no refuge seeking,negative,202101_113.80447898228654_22.773616876535506.png
buildings,slight respite,brief relaxation,neutral,202101_113.80447898228654_22.773616876535506.png
road,not a refuge,avoidance of daily demands,negative,202101_113.80447898228654_22.773616876535506.png
construction,stressful environment,avoidance of space,negative,202101_113.8336765_22.7472615.png
traffic,overwhelmed feelings,increased urgency,negative,202101_113.8336765_22.7472615.png
street,not feeling refuge,remaining engaged,negative,202101_113.85154710000002_22.8175131.png
infrastructure,overwhelmed by daily life,continuing routine activities,negative,202101_113.85154710000002_22.8175131.png
spaces,lack of escape,focusing on usual concerns,negative,202101_113.85154710000002_22.8175131.png
cars,less of a true refuge,not evoking escape,negative,202101_113.85347522474827_22.817266099271457.png
road,connected environment,feeling of connection,neutral,202101_113.85347522474827_22.817266099271457.png
wires,suggests daily demands,lack of escape,negative,202101_113.85347522474827_22.817266099271457.png
traffic,hindered escape,avoidance of space,negative,202101_113.85384977720011_22.78301523471154.png
structures,lack of respite,increased stress,negative,202101_113.85384977720011_22.78301523471154.png
activity,urban overwhelm,distraction from demands,negative,202101_113.85384977720011_22.78301523471154.png
trees,lack of refuge,no escape from daily concerns,negative,202101_113.87012102889791_22.814717371422628.png
traffic,stressful environment,avoidance of urban areas,negative,202101_113.87012102889791_22.814717371422628.png
construction,disruption,frustration with surroundings,negative,202101_113.87012102889791_22.814717371422628.png
greenery,partial relief,seeking nature,neutral,202101_113.87012102889791_22.814717371422628.png
greenery,slight mental escape,reduce stress,positive,202101_113.8756763_22.7810458.png
streetscape,not secluded,limited retreat,negative,202101_113.8756763_22.7810458.png
trees,slight sense of escape,none triggered,negative,202101_113.8572412_22.7889175.png
buildings,no feeling of removal,none triggered,negative,202101_113.8572412_22.7889175.png
traffic,evokes daily nuisances,none triggered,negative,202101_113.8572412_22.7889175.png
street,lack of refuge,avoidance of stress,negative,202101_113.864966_22.8152422.png
traffic,overwhelmed senses,escape from environment,negative,202101_113.864966_22.8152422.png
commerce,demanding thoughts,search for peace,negative,202101_113.864966_22.8152422.png
parking,lack of refuge,not escaping daily tasks,negative,202101_113.87957025575385_22.774874576875614.png
vehicles,utilitarian feel,not seeking tranquility,negative,202101_113.87957025575385_22.774874576875614.png
buildings,urban setting,not finding peace,negative,202101_113.87957025575385_22.774874576875614.png
street,immersed in urban life,avoidance of refuge,negative,202101_113.87311039651637_22.77659421765873.png
traffic,overwhelmed by demands,stress response,negative,202101_113.87311039651637_22.77659421765873.png
construction,disruption of peace,desire to escape,negative,202101_113.87311039651637_22.77659421765873.png
buildings,lack of tranquility,seeking solitude,negative,202101_113.87311039651637_22.77659421765873.png
streetscape,lack of refuge,increased distraction,negative,202101_113.8825929_22.794455400000004.png
traffic,sense of stimulation,heightened activity,negative,202101_113.8825929_22.794455400000004.png
signage,visual clutter,cognitive overload,negative,202101_113.8825929_22.794455400000004.png
intersection,lack of escape,no refuge seeking,negative,202101_113.880601_22.783031199999996.png
signals,sense of order,maintaining responsibilities,neutral,202101_113.880601_22.783031199999996.png
buildings,not overwhelming,limited mental break,negative,202101_113.880601_22.783031199999996.png
street,lack of escape,anchored to present concerns,negative,202101_113.88958986681777_22.787662603409807.png
traffic,stressful environment,maintaining routine,negative,202101_113.88958986681777_22.787662603409807.png
intersection,mental detachment hindered,focus on practicalities,negative,202101_113.88958986681777_22.787662603409807.png
bustle,overwhelmed state,limited relaxation,negative,202101_113.88958986681777_22.787662603409807.png
street,lack of escape,difficulty disconnecting,negative,202101_113.888855_22.791229200000004.png
buildings,no refuge,continuation of routines,negative,202101_113.888855_22.791229200000004.png
traffic,increased stress,avoidance of area,negative,202101_113.888855_22.791229200000004.png
construction,disruption,inability to relax,negative,202101_113.888855_22.791229200000004.png
traffic,not a refuge,focus on practical matters,negative,202101_113.88974512796382_22.80741978228124.png
construction,not a place to escape,avoid distractions,negative,202101_113.88974512796382_22.80741978228124.png
city,urban bustle,stay engaged with surroundings,neutral,202101_113.88974512796382_22.80741978228124.png
traffic,lack of escape,avoidance of stress,negative,202101_113.89258477196802_22.772034598983364.png
greenery,minimal relief,seeking tranquility,negative,202101_113.89258477196802_22.772034598983364.png
buildings,busy environment,increased activity,negative,202101_113.89258477196802_22.772034598983364.png
vehicles,active refuge,engagement with surroundings,negative,202101_113.89258477196802_22.772034598983364.png
pedestrian,lack of peace,avoidance of solitude,negative,202101_113.89258477196802_22.772034598983364.png
street,not a refuge,avoidance of demands,negative,202101_113.89435860971831_22.778890662538604.png
traffic,active city life,engagement in activity,neutral,202101_113.89435860971831_22.778890662538604.png
commercial,lack of tranquility,pursuit of business,negative,202101_113.89435860971831_22.778890662538604.png
street,mentally detached,avoid immediate tasks,negative,202101_113.89366539694939_22.80565751910822.png
traffic,actively demanding,engage with environment,negative,202101_113.89366539694939_22.80565751910822.png
commerce,low peacefulness,interact with activity,negative,202101_113.89366539694939_22.80565751910822.png
city,not restorative,remain alert,negative,202101_113.89366539694939_22.80565751910822.png
street,lack of refuge,difficulty escaping,negative,202101_113.90091646008864_22.799239870213608.png
traffic,increased distraction,inability to focus,negative,202101_113.90091646008864_22.799239870213608.png
buildings,overwhelmed by urban life,avoidance of tasks,negative,202101_113.90091646008864_22.799239870213608.png
street,lack of mental respite,avoidance of urban nuisances,negative,202101_113.90284136009325_22.812299926964318.png
traffic,difficulty in escaping demands,increased stress,negative,202101_113.90284136009325_22.812299926964318.png
commercial,overstimulation,withdrawal from environment,negative,202101_113.90284136009325_22.812299926964318.png
street,lack of escape,remain aware,negative,202101_113.90319820371188_22.78235567039747.png
buildings,functional space,engage with surroundings,neutral,202101_113.90319820371188_22.78235567039747.png
traffic,stressful environment,avoidance of tranquility,negative,202101_113.90319820371188_22.78235567039747.png
commercial activity,busy atmosphere,stay alert,neutral,202101_113.90319820371188_22.78235567039747.png
infrastructure,lack of escape,continue daily routine,negative,202101_113.906632_22.795511199999996.png
construction,connected to everyday life,maintain functional use,negative,202101_113.906632_22.795511199999996.png
cars,implies routine,stay within urban context,negative,202101_113.906632_22.795511199999996.png
buildings,no distinct refuge,accept ongoing demands,negative,202101_113.906632_22.795511199999996.png
landscape,calm environment,seeking escape,positive,202101_113.9103272_22.775714599999997.png
infrastructure,limited sense of escape,feeling of confinement,negative,202101_113.9103272_22.775714599999997.png
buildings,reminder of urban demands,increased stress,negative,202101_113.9103272_22.775714599999997.png
construction,lack of refuge,difficulty in mental escape,negative,202101_113.91689857414367_22.778270270865313.png
traffic,stress from environment,inability to disconnect,negative,202101_113.91689857414367_22.778270270865313.png
structures,mundane surroundings,distraction from daily thoughts,negative,202101_113.91689857414367_22.778270270865313.png
road,detracts from escape,difficult to relax,negative,202101_113.9264278_22.747944499999996.png
trees,limited sense of tranquility,inability to disconnect,negative,202101_113.9264278_22.747944499999996.png
buildings,overwhelming presence,increased stress,negative,202101_113.9264278_22.747944499999996.png
highway,mental escape from urban stressors,focus on driving,positive,202101_113.9239607_22.754503.png
greenery,slight detachment from built environment,provides a sense of separation,positive,202101_113.9239607_22.754503.png
traffic,not a complete refuge,awareness of responsibilities,negative,202101_113.9239607_22.754503.png
vehicles,busy environment,task-oriented actions,negative,202101_113.9271088_22.770787799999997.png
construction,lack of escape,avoidance of tranquility,negative,202101_113.9271088_22.770787799999997.png
infrastructure,focus on movement,increased activity,neutral,202101_113.9271088_22.770787799999997.png
trees,sense of separation,mental departure,positive,202101_113.93307367911147_22.76120495190542.png
pathways,visual escape,finding respite,positive,202101_113.93307367911147_22.76120495190542.png
road,ongoing activity,continued engagement,neutral,202101_113.93307367911147_22.76120495190542.png
green spaces,peaceful refuge,relaxation,positive,202101_113.93307367911147_22.76120495190542.png
trees,limited refuge,avoidance of stress,negative,202101_113.9315261_22.755908599999998.png
buildings,busy urban environment,engagement in activities,neutral,202101_113.9315261_22.755908599999998.png
traffic,overwhelmed by noise,desire to escape,negative,202101_113.9315261_22.755908599999998.png
traffic,lack of escape,engagement with surroundings,negative,202101_113.93861180000002_22.7661842.png
construction,distraction from thoughts,avoidance of respite,negative,202101_113.93861180000002_22.7661842.png
commercial,busy atmosphere,interaction with activity,neutral,202101_113.93861180000002_22.7661842.png
construction,lack of escape,remain engaged,negative,202101_113.9355022_22.767986599999997.png
traffic,overwhelmed by noise,avoid the area,negative,202101_113.9355022_22.767986599999997.png
barriers,feeling trapped,seek refuge,negative,202101_113.9355022_22.767986599999997.png
vehicles,distraction from tasks,focus on surroundings,negative,202101_113.9355022_22.767986599999997.png
infrastructure,busy atmosphere,stay alert,negative,202101_113.9355022_22.767986599999997.png
street,lack of escape,avoidance,negative,202101_113.9451862_22.7534533.png
traffic,stress,withdrawal,negative,202101_113.9451862_22.7534533.png
construction,distraction,frustration,negative,202101_113.9451862_22.7534533.png
vehicles,overwhelm,avoidance,negative,202101_113.9451862_22.7534533.png
road,chaos,escape,negative,202101_113.9451862_22.7534533.png
street,lack of escape,no distinct break,negative,202102_113.867464_22.7540168.png
buildings,integration with daily life,continued urban activity,negative,202102_113.867464_22.7540168.png
cars,urban congestion,increased stress,negative,202102_113.867464_22.7540168.png
pedestrian,ordinary routine,no sense of refuge,negative,202102_113.867464_22.7540168.png
street,lack of escape,difficulty in detachment,negative,202102_113.88573230815422_22.724491667782058.png
traffic,stressful environment,increased focus on obligations,negative,202102_113.88573230815422_22.724491667782058.png
buildings,urban confinement,limited relaxation,negative,202102_113.88573230815422_22.724491667782058.png
street,lack of refuge,remain engaged,negative,202102_113.86557106263535_22.756260845601087.png
traffic,constant distraction,unable to detach,negative,202102_113.86557106263535_22.756260845601087.png
buildings,urban hustle,focus on obligations,negative,202102_113.86557106263535_22.756260845601087.png
traffic,lack of escape,remain engaged,negative,202102_113.89467640681592_22.736402251351564.png
vehicles,continuation of daily life,stay present,negative,202102_113.89467640681592_22.736402251351564.png
infrastructure,absence of tranquility,avoid retreat,negative,202102_113.89467640681592_22.736402251351564.png
streetscape,not conducive to escape,difficulty in feeling away,negative,202102_113.89478710000002_22.7161406.png
traffic,demands of urban life,lack of refuge,negative,202102_113.89478710000002_22.7161406.png
infrastructure,calm appearance,perception of refuge,neutral,202102_113.89478710000002_22.7161406.png
traffic,not a refuge,focus on surroundings,negative,202102_113.8942906_22.7551536.png
activity,stimulating environment,stay engaged,neutral,202102_113.8942906_22.7551536.png
sounds,demanding thoughts,avoid mental escape,negative,202102_113.8942906_22.7551536.png
traffic,low feeling of refuge,increased attention,negative,202102_113.89582585177824_22.719618533346125.png
pedestrians,low feeling of refuge,increased attention,negative,202102_113.89582585177824_22.719618533346125.png
commercial,low feeling of refuge,increased attention,negative,202102_113.89582585177824_22.719618533346125.png
street,lack of escape,mental disconnection,negative,202102_113.8963954_22.751473599999997.png
traffic,stress,avoidance,negative,202102_113.8963954_22.751473599999997.png
infrastructure,overwhelm,withdrawal,negative,202102_113.8963954_22.751473599999997.png
traffic,chaotic environment,avoidance of stress,negative,202102_113.89943658751562_22.748004081165895.png
construction,lack of refuge,seeking escape,negative,202102_113.89943658751562_22.748004081165895.png
trees,not a refuge,escape demanding thoughts,negative,202102_113.9007186_22.753091199999997.png
street,busy environment,mental detachment,negative,202102_113.9007186_22.753091199999997.png
buildings,urban context dominates,escape everyday nuisances,negative,202102_113.9007186_22.753091199999997.png
intersection,lack of refuge,avoidance of space,negative,202102_113.901387_22.747920999999998.png
construction,intrusion of daily life,stress response,negative,202102_113.901387_22.747920999999998.png
traffic,overwhelming noise,distraction,negative,202102_113.901387_22.747920999999998.png
roads,not a strong refuge,difficult to disconnect,negative,202102_113.9043564_22.7164888.png
traffic,not a strong refuge,difficult to disconnect,negative,202102_113.9043564_22.7164888.png
construction,not a strong refuge,difficult to disconnect,negative,202102_113.9043564_22.7164888.png
construction,lack of tranquility,difficulty to escape,negative,202102_113.9125654_22.754369999999998.png
buildings,not a refuge,feeling of confinement,negative,202102_113.9125654_22.754369999999998.png
checkpoint,sense of regulation,increased vigilance,negative,202102_113.9125654_22.754369999999998.png
vehicles,lack of refuge,avoidance of space,negative,202102_113.90977984885448_22.75289295655141.png
buildings,stressful environment,increased anxiety,negative,202102_113.90977984885448_22.75289295655141.png
traffic,busy atmosphere,distraction from thoughts,negative,202102_113.90977984885448_22.75289295655141.png
trucks,lack of tranquility,disengagement from surroundings,negative,202102_113.90977984885448_22.75289295655141.png
activity,overstimulation,desire to escape,negative,202102_113.90977984885448_22.75289295655141.png
buildings,not a refuge,limited escape,negative,202102_113.910861_22.760460599999995.png
shops,integrated with daily life,engagement in responsibilities,negative,202102_113.910861_22.760460599999995.png
vehicles,active city environment,movement through space,neutral,202102_113.910861_22.760460599999995.png
power lines,urban context,reminder of daily demands,negative,202102_113.910861_22.760460599999995.png
street,minimal opportunity to escape,lack of refuge,negative,202102_113.91371846455706_22.760970536511298.png
buildings,active environment,increased demands,negative,202102_113.91371846455706_22.760970536511298.png
vehicles,typical distractions,responsibility engagement,negative,202102_113.91371846455706_22.760970536511298.png
parking,functional area,lack of mental respite,negative,202102_113.91371846455706_22.760970536511298.png
street,lack of escape,avoid lingering,negative,202102_113.9170639_22.730492300000005.png
buildings,sense of distraction,continue moving,negative,202102_113.9170639_22.730492300000005.png
traffic,stressful environment,seek quiet places,negative,202102_113.9170639_22.730492300000005.png
vehicles,lack of escape,remain engaged,negative,202102_113.92301900000001_22.723020300000005.png
signage,work-oriented mindset,focus on tasks,negative,202102_113.92301900000001_22.723020300000005.png
traffic,mental detachment difficulty,avoidance of urban life,negative,202102_113.9288125_22.751456999999995.png
construction,mental detachment difficulty,avoidance of urban life,negative,202102_113.9288125_22.751456999999995.png
activity,mental detachment difficulty,avoidance of urban life,negative,202102_113.9288125_22.751456999999995.png
traffic,lack of refuge,detracts from escape,negative,202102_113.9370435_22.743813999999997.png
construction,stress from activity,distracts from relaxation,negative,202102_113.9370435_22.743813999999997.png
trees,mental escape,reduce daily stress,positive,202102_113.93889355748419_22.747817107098395.png
walkway,separation from hustle,encourage walking,positive,202102_113.93889355748419_22.747817107098395.png
sky,sense of openness,promote relaxation,positive,202102_113.93889355748419_22.747817107098395.png
buffers,feeling of tranquility,enhance focus,positive,202102_113.93889355748419_22.747817107098395.png
construction,stress and distraction,avoidance of the area,negative,202102_113.93986536670296_22.74202521285948.png
traffic,overwhelm and frustration,seeking quieter spaces,negative,202102_113.93986536670296_22.74202521285948.png
development,lack of refuge,continuation of obligations,negative,202102_113.93986536670296_22.74202521285948.png
intersection,lack of refuge,avoidance of space,negative,202102_113.946745_22.740813599999992.png
roads,high connectivity,engagement in daily tasks,neutral,202102_113.946745_22.740813599999992.png
construction,disruption,increased stress,negative,202102_113.946745_22.740813599999992.png
roads,lack of escape,no retreat,negative,202102_113.9516791_22.7421702.png
buildings,organized setting,limited exploration,neutral,202102_113.9516791_22.7421702.png
cars,urban context,reinforced activity,negative,202102_113.9516791_22.7421702.png
activity,ongoing engagement,distraction from retreat,negative,202102_113.9516791_22.7421702.png
intersection,lack of refuge,engagement with concerns,negative,202102_114.03627057212076_22.716917254090475.png
construction,stress from noise,avoidance of area,negative,202102_114.03627057212076_22.716917254090475.png
traffic,overwhelm from congestion,frustration,negative,202102_114.03627057212076_22.716917254090475.png
highway,lack of escape,no mental break,negative,202102_113.9538377_22.7375443.png
vehicles,active environment,increased urgency,negative,202102_113.9538377_22.7375443.png
infrastructure,functional space,no relaxation,negative,202102_113.9538377_22.7375443.png
streetscape,lack of refuge,avoidance of relaxation,negative,202102_114.0407923_22.714911899999993.png
traffic,constant distraction,increased activity,negative,202102_114.0407923_22.714911899999993.png
buildings,feeling of confinement,limited respite,negative,202102_114.0407923_22.714911899999993.png
pedestrian,overstimulation,heightened alertness,negative,202102_114.0407923_22.714911899999993.png
intersection,diminished escape,increased stress,negative,202102_114.0434234_22.704722999999998.png
traffic,constant distraction,reduced relaxation,negative,202102_114.0434234_22.704722999999998.png
vehicles,heightened anxiety,avoidance of the area,negative,202102_114.0434234_22.704722999999998.png
commercial,overwhelming activity,distraction from worries,negative,202102_114.0434234_22.704722999999998.png
street,low sense of escape,less likely to seek refuge,negative,202102_114.0584015_22.707032899999998.png
shops,busy environment,avoidance of relaxation,negative,202102_114.0584015_22.707032899999998.png
traffic,stressful atmosphere,decreased desire to unwind,negative,202102_114.0584015_22.707032899999998.png
buildings,lack of tranquility,reduced inclination to escape,negative,202102_114.0584015_22.707032899999998.png
roads,sense of detachment,mental escape,positive,202103_113.7656173_22.704786999999993.png
architecture,feeling of removal,reduce everyday demands,positive,202103_113.7656173_22.704786999999993.png
greenery,aiding in mental escape,connect with nature,positive,202103_113.7656173_22.704786999999993.png
sky,sense of openness,distance from concerns,positive,202103_113.7656173_22.704786999999993.png
traffic,stress and anxiety,avoidance of location,negative,202103_113.76631606223413_22.71280954736008.png
construction,distraction from tasks,inability to relax,negative,202103_113.76631606223413_22.71280954736008.png
infrastructure,lack of refuge,seeking peaceful escape,negative,202103_113.76631606223413_22.71280954736008.png
vehicles,overwhelmed by noise,desire to leave,negative,202103_113.76631606223413_22.71280954736008.png
trees,slight departure from urban nuisances,enhanced relaxation,positive,202103_113.77390564786799_22.707905661680474.png
construction,limited feeling of escape,increased stress,negative,202103_113.77390564786799_22.707905661680474.png
traffic,busy environment,reduced tranquility,negative,202103_113.77390564786799_22.707905661680474.png
street,not a refuge for peaceful contemplation,avoidance of the area,negative,202103_113.7740245_22.70971069999999.png
traffic,highly connected and active environment,engagement with urban life,neutral,202103_113.7740245_22.70971069999999.png
buildings,suggests ongoing development,participation in urban activities,neutral,202103_113.7740245_22.70971069999999.png
construction,stressful environment,difficulty disconnecting,negative,202103_113.77808539352496_22.70661859855536.png
traffic,busy atmosphere,increased stress,negative,202103_113.77808539352496_22.70661859855536.png
urban,overwhelming demands,feeling of urgency,negative,202103_113.77808539352496_22.70661859855536.png
street,lack of escape,stay grounded,negative,202103_113.7749707_22.721796299999998.png
traffic,stressful environment,focus on immediate concerns,negative,202103_113.7749707_22.721796299999998.png
construction,demanding atmosphere,avoid mental detachment,negative,202103_113.7749707_22.721796299999998.png
development,active surroundings,engagement with obligations,negative,202103_113.7749707_22.721796299999998.png
construction,lack of escape,avoid stopping,negative,202103_113.77588027878782_22.727882507006452.png
vehicles,sense of activity,continue moving,negative,202103_113.77588027878782_22.727882507006452.png
infrastructure,transition space,not relaxing,negative,202103_113.77588027878782_22.727882507006452.png
construction,lack of tranquility,difficulty disconnecting,negative,202103_113.77830860000002_22.7044526.png
traffic,stressors,inability to find escape,negative,202103_113.77830860000002_22.7044526.png
urban,lack of detachment,no mental restoration,negative,202103_113.77830860000002_22.7044526.png
cityscape,diminished sense of refuge,avoidance of daily concerns,negative,202103_113.7783705_22.7105649.png
traffic,increased stress,escape from demands,negative,202103_113.7783705_22.7105649.png
buildings,feeling of confinement,seeking tranquility,negative,202103_113.7783705_22.7105649.png
street,lack of refuge,inability to escape,negative,202103_113.77991694137965_22.686173222527366.png
traffic,stressful environment,increased anxiety,negative,202103_113.77991694137965_22.686173222527366.png
construction,disruption,avoidance of space,negative,202103_113.77991694137965_22.686173222527366.png
street,not conducive to escape,continue daily tasks,negative,202103_113.78992378529087_22.717583136571946.png
traffic,sense of nuisance,avoid the area,negative,202103_113.78992378529087_22.717583136571946.png
commercial,distraction from concerns,observe the scene,neutral,202103_113.78992378529087_22.717583136571946.png
street,lack of mental escape,difficulty in relaxing,negative,202103_113.78419385027524_22.68784275189919.png
traffic,overwhelmed by responsibilities,inability to focus,negative,202103_113.78419385027524_22.68784275189919.png
infrastructure,stress from urban activity,avoidance of the area,negative,202103_113.78419385027524_22.68784275189919.png
street,lack of escape,no refuge seeking,negative,202103_113.7901657216306_22.72398358775932.png
vehicles,work-oriented,transit focus,negative,202103_113.7901657216306_22.72398358775932.png
buildings,industrial atmosphere,no relaxation,negative,202103_113.7901657216306_22.72398358775932.png
streetscape,not a peaceful refuge,lack of mental detachment,negative,202103_113.7902605081168_22.688835667704364.png
infrastructure,active and utilitarian,no sense of escape,negative,202103_113.7902605081168_22.688835667704364.png
street,lack of refuge,desire to escape,negative,202103_113.78774241091746_22.712710262476318.png
traffic,stress,avoidance,negative,202103_113.78774241091746_22.712710262476318.png
commerce,overwhelm,seeking peace,negative,202103_113.78774241091746_22.712710262476318.png
intersection,lack of refuge,continue working,negative,202103_113.7951149_22.726692299999996.png
infrastructure,stressful environment,avoidance of relaxation,negative,202103_113.7951149_22.726692299999996.png
activity,overstimulation,increased focus on tasks,negative,202103_113.7951149_22.726692299999996.png
trees,moderate sense of being away,respite from urban nuisances,positive,202103_113.79275561408598_22.71014694748712.png
traffic,partial feeling of being away,awareness of everyday demands,negative,202103_113.79275561408598_22.71014694748712.png
infrastructure,not a complete escape,acknowledgment of urban life,neutral,202103_113.79275561408598_22.71014694748712.png
greenery,not strongly evoking being away,unlikely to serve as refuge,negative,202103_113.7938446_22.742766299999996.png
cars,"active, functional area",not conducive to relaxation,negative,202103_113.7938446_22.742766299999996.png
buildings,busy environment,distracting from pressing tasks,negative,202103_113.7938446_22.742766299999996.png
trees,moderate sense of being away,offers distraction,positive,202103_113.79842110713686_22.71370940966056.png
traffic,not a complete escape,suggests ongoing urban life,negative,202103_113.79842110713686_22.71370940966056.png
buildings,not a true refuge,limits relaxation,negative,202103_113.79842110713686_22.71370940966056.png
development,presence of nuisances,creates distraction,negative,202103_113.79842110713686_22.71370940966056.png
infrastructure,not a refuge,no escape,negative,202103_113.7962568_22.7854149.png
vehicles,active area,engagement with surroundings,neutral,202103_113.7962568_22.7854149.png
character,no detachment,continued worry,negative,202103_113.7962568_22.7854149.png
street,lack of escape,feeling overwhelmed,negative,202103_113.79969457870891_22.729618415021918.png
traffic,stress,avoidance of the area,negative,202103_113.79969457870891_22.729618415021918.png
commercial,distraction,inability to relax,negative,202103_113.79969457870891_22.729618415021918.png
street,not a refuge,remain engaged,negative,202103_113.79861303184678_22.75697971936553.png
traffic,constant movement,stay involved,negative,202103_113.79861303184678_22.75697971936553.png
buildings,overwhelming presence,unable to detach,negative,202103_113.79861303184678_22.75697971936553.png
street,busy and distracted,engagement with urban life,negative,202103_113.7985873_22.785604599999996.png
traffic,overwhelmed by noise,difficulty focusing,negative,202103_113.7985873_22.785604599999996.png
construction,lack of tranquility,inability to relax,negative,202103_113.7985873_22.785604599999996.png
vehicles,constant distraction,preoccupation with responsibilities,negative,202103_113.7985873_22.785604599999996.png
buildings,sense of urban pressure,engagement with daily demands,negative,202103_113.7985873_22.785604599999996.png
roads,increased stress,avoidance of space,negative,202103_113.80247024290705_22.719965951117953.png
construction,distraction from tasks,inability to focus,negative,202103_113.80247024290705_22.719965951117953.png
traffic,lack of refuge,engagement with routines,negative,202103_113.80167720630863_22.767949272862193.png
pedestrians,lack of escape,participation in daily life,negative,202103_113.80167720630863_22.767949272862193.png
urban structures,urban nuisances,confronting immediate demands,negative,202103_113.80167720630863_22.767949272862193.png
intersection,not a refuge,lack of escape,negative,202103_113.8068397_22.759983399999996.png
traffic,stimulating environment,increased attention,neutral,202103_113.8068397_22.759983399999996.png
people,overwhelming presence,social engagement,neutral,202103_113.8068397_22.759983399999996.png
trees,hint of nature,seeking escape,positive,202103_113.80299162513776_22.766075043840637.png
buildings,lack of mental distance,staying engaged,negative,202103_113.80299162513776_22.766075043840637.png
cars,sense of order,maintaining routine,neutral,202103_113.80299162513776_22.766075043840637.png
street,lack of refuge,difficulty escaping thoughts,negative,202103_113.804255129697_22.719249086640385.png
traffic,increased stress,avoidance of the area,negative,202103_113.804255129697_22.719249086640385.png
construction,disruption of peace,seeking quieter spaces,negative,202103_113.804255129697_22.719249086640385.png
traffic,difficult to escape,stay engaged,negative,202103_113.81288850694662_22.667950333592696.png
construction,active part of daily life,continue routine,negative,202103_113.81288850694662_22.667950333592696.png
urban,presence of distractions,avoid relaxation,negative,202103_113.81288850694662_22.667950333592696.png
intersection,limited sense of being away,focus on immediate surroundings,negative,202103_113.8072468_22.710296499999995.png
traffic,distraction from refuge,difficulty to disconnect,negative,202103_113.8072468_22.710296499999995.png
pedestrian,overwhelmed by activity,inability to relax,negative,202103_113.8072468_22.710296499999995.png
commercial,stress from urban demands,heightened awareness,negative,202103_113.8072468_22.710296499999995.png
intersection,stimulating environment,engagement with surroundings,negative,202103_113.8106956_22.774374599999994.png
traffic,lack of peace,inability to detach,negative,202103_113.8106956_22.774374599999994.png
infrastructure,constant activity,focus on obligations,negative,202103_113.8106956_22.774374599999994.png
people,demand for attention,engagement with immediate surroundings,negative,202103_113.8106956_22.774374599999994.png
intersection,lack of escape,temporary distraction,negative,202103_113.8158374_22.755548599999997.png
infrastructure,demanding thoughts,none,negative,202103_113.8158374_22.755548599999997.png
buildings,not profound experience,none,negative,202103_113.8158374_22.755548599999997.png
street,lack of refuge,focus on obligations,negative,202103_113.8152118670971_22.671702798823198.png
traffic,stress and distraction,avoidance of restoration,negative,202103_113.8152118670971_22.671702798823198.png
signage,overstimulation,inability to relax,negative,202103_113.8152118670971_22.671702798823198.png
cars,constant awareness,heightened concern,negative,202103_113.8152118670971_22.671702798823198.png
environment,lack of escape,maintenance of daily focus,negative,202103_113.8152118670971_22.671702798823198.png
trees,limited escape,none,negative,202103_113.8189835_22.7140162.png
sidewalk,minimal refuge,none,negative,202103_113.8189835_22.7140162.png
infrastructure,overwhelmed,none,negative,202103_113.8189835_22.7140162.png
vehicles,stressful environment,none,negative,202103_113.8189835_22.7140162.png
intersection,lack of escape,engagement with environment,negative,202103_113.8181914_22.6562631.png
traffic,stressful atmosphere,increased activity,negative,202103_113.8181914_22.6562631.png
bus,everyday routine,commuting,neutral,202103_113.8181914_22.6562631.png
bins,mundane presence,recycling,neutral,202103_113.8181914_22.6562631.png
greenery,slight sense of escape,walking,positive,202103_113.81942047417743_22.761451196237168.png
buildings,not a complete refuge,none,negative,202103_113.81942047417743_22.761451196237168.png
sidewalks,slight sense of escape,walking,positive,202103_113.81942047417743_22.761451196237168.png
traffic,urban nuisances,none,negative,202103_113.81942047417743_22.761451196237168.png
streets,not a strong refuge,escape demands,negative,202103_113.81932524085896_22.657728831011585.png
vehicles,active urban environment,change of scenery,neutral,202103_113.81932524085896_22.657728831011585.png
buildings,lack of detachment,escape concerns,negative,202103_113.81932524085896_22.657728831011585.png
street,lack of escape,avoidance of the area,negative,202103_113.81950332109274_22.755658556618048.png
buildings,no refuge,seeking quieter spaces,negative,202103_113.81950332109274_22.755658556618048.png
traffic,stress,increased anxiety,negative,202103_113.81950332109274_22.755658556618048.png
noise,mental unrest,distraction from tasks,negative,202103_113.81950332109274_22.755658556618048.png
trees,low sense of escape,not stopping to think,negative,202103_113.81985679404843_22.765410691474077.png
buildings,active environment,engaging with traffic,neutral,202103_113.81985679404843_22.765410691474077.png
traffic,stressful atmosphere,avoiding relaxation,negative,202103_113.81985679404843_22.765410691474077.png
street,lack of refuge,avoidance of the area,negative,202103_113.8237318_22.6662939.png
buildings,overwhelming activity,stress response,negative,202103_113.8237318_22.6662939.png
road,lack of refuge,continue daily tasks,negative,202103_113.82149994766364_22.77431879666303.png
green,urban integration,limited relaxation,negative,202103_113.82149994766364_22.77431879666303.png
street,low sense of being away,desire to escape,negative,202103_113.82008186652787_22.75965661067105.png
traffic,lack of refuge,avoidance of busy areas,negative,202103_113.82008186652787_22.75965661067105.png
shops,integration with daily life,engagement in commercial activity,neutral,202103_113.82008186652787_22.75965661067105.png
cars,detachment from daily demands,escape from urban life,negative,202103_113.82008186652787_22.75965661067105.png
streetscape,lack of escape,commuting,negative,202103_113.82320452686358_22.745290926067998.png
traffic,stressful environment,daily activities,negative,202103_113.82320452686358_22.745290926067998.png
infrastructure,functional nature,urban planning,negative,202103_113.82320452686358_22.745290926067998.png
intersection,demanding of attention,unlikely to serve as a refuge,negative,202103_113.82555483300956_22.691434778147798.png
traffic,active environment,distracted from tasks,negative,202103_113.82555483300956_22.691434778147798.png
construction,stressful atmosphere,avoidance of relaxation,negative,202103_113.82555483300956_22.691434778147798.png
greenery,potential for calmness,seeking refuge,neutral,202103_113.82555483300956_22.691434778147798.png
streetscape,stressful environment,commuting and shopping,negative,202103_113.8244835_22.775231100000003.png
buildings,sense of obligation,urban living,negative,202103_113.8244835_22.775231100000003.png
street,stressful environment,avoidance of obligations,negative,202103_113.8247304_22.6439059.png
traffic,overwhelmed mindset,distraction from thoughts,negative,202103_113.8247304_22.6439059.png
commercial,mundane experience,continuation of routine,neutral,202103_113.8247304_22.6439059.png
traffic,weak sense of being away,difficulty escaping urban demands,negative,202103_113.8239071796731_22.75151828962094.png
roads,weak sense of being away,difficulty escaping urban demands,negative,202103_113.8239071796731_22.75151828962094.png
highways,weak sense of being away,difficulty escaping urban demands,negative,202103_113.8239071796731_22.75151828962094.png
intersection,lack of refuge,difficulty disengaging,negative,202103_113.8263529_22.676592799999995.png
traffic,stressful environment,increased tension,negative,202103_113.8263529_22.676592799999995.png
pedestrian,busy atmosphere,feeling overwhelmed,negative,202103_113.8263529_22.676592799999995.png
street,not a refuge,continue obligations,negative,202103_113.82636226744971_22.67478843036012.png
vehicles,connection to daily demands,engage in business,negative,202103_113.82636226744971_22.67478843036012.png
commercial,functional area,transit activities,neutral,202103_113.82636226744971_22.67478843036012.png
trees,limited escape,remain aware,negative,202103_113.8264963501249_22.68374108533307.png
buildings,urban nuisances,avoid refuge,negative,202103_113.8264963501249_22.68374108533307.png
traffic,stressful environment,stay alert,negative,202103_113.8264963501249_22.68374108533307.png
shops,constant distraction,engage with surroundings,negative,202103_113.8264963501249_22.68374108533307.png
traffic,sense of continuation,engage with the city,neutral,202103_113.832775_22.6944485.png
pedestrians,sense of continuation,engage with the city,neutral,202103_113.832775_22.6944485.png
commercial,sense of continuation,engage with the city,neutral,202103_113.832775_22.6944485.png
roads,lack of refuge,difficulty disconnecting,negative,202103_113.83313610000002_22.6414862.png
buildings,active urban life,increased stress,negative,202103_113.83313610000002_22.6414862.png
construction,disconnection from thoughts,inability to escape,negative,202103_113.83313610000002_22.6414862.png
machinery,lack of escape,avoid relaxation,negative,202103_113.83460728218415_22.717314912300743.png
construction,stress from activity,focus on work,negative,202103_113.83460728218415_22.717314912300743.png
development,no sense of refuge,continue responsibilities,negative,202103_113.83460728218415_22.717314912300743.png
construction,lack of mental escape,avoidance of space,negative,202103_113.8370748202885_22.718386118054394.png
traffic,stress and distraction,increased anxiety,negative,202103_113.8370748202885_22.718386118054394.png
aesthetic,uninviting atmosphere,disengagement from environment,negative,202103_113.8370748202885_22.718386118054394.png
activity,feeling of disturbance,withdrawal from area,negative,202103_113.8370748202885_22.718386118054394.png
street,lack of refuge,difficulty disconnecting,negative,202103_113.8344105_22.7221322.png
traffic,overwhelmed by demands,inability to escape,negative,202103_113.8344105_22.7221322.png
infrastructure,constant distraction,staying engaged with responsibilities,negative,202103_113.8344105_22.7221322.png
noise,source of stress,increased distraction,negative,202103_113.8352526_22.7190171.png
dust,sense of discomfort,avoidance behavior,negative,202103_113.8352526_22.7190171.png
roads,lack of escape,inability to relax,negative,202103_113.8352526_22.7190171.png
equipment,heightened attention,focus on surroundings,negative,202103_113.8352526_22.7190171.png
street,limited sense of being away,respite from tasks,negative,202103_113.8369981_22.600661.png
traffic,active urban environment,distraction from relaxation,negative,202103_113.8369981_22.600661.png
barriers,not a true escape,lack of refuge,negative,202103_113.8369981_22.600661.png
poles,utilitarian elements,sense of normalcy,negative,202103_113.8369981_22.600661.png
street,lack of escape,temporary disengagement,negative,202103_113.83610066497062_22.683341158769842.png
traffic,stressful environment,avoidance of engagement,negative,202103_113.83610066497062_22.683341158769842.png
storefronts,presence of urban life,continued engagement,negative,202103_113.83610066497062_22.683341158769842.png
intersection,lack of escape,avoidance of stress,negative,202103_113.837714_22.7391328.png
traffic,mental detachment,distraction from daily life,negative,202103_113.837714_22.7391328.png
commercial,overstimulation,withdrawal from environment,negative,202103_113.837714_22.7391328.png
street,stressful environment,difficulty concentrating,negative,202103_113.8394057_22.623110999999994.png
traffic,constant distraction,inability to relax,negative,202103_113.8394057_22.623110999999994.png
construction,annoyance,increased anxiety,negative,202103_113.8394057_22.623110999999994.png
traffic,lack of escape,difficulty disconnecting,negative,202103_113.8374563_22.744681100000005.png
commercial,high stimulation,inability to clear mind,negative,202103_113.8374563_22.744681100000005.png
vehicles,constant presence,increased stress,negative,202103_113.8374563_22.744681100000005.png
urban,low potential for refuge,feeling overwhelmed,negative,202103_113.8374563_22.744681100000005.png
street,not a refuge,remain in routine,negative,202103_113.84089195965441_22.732804113336528.png
street,lack of refuge,avoidance of usual concerns,negative,202103_113.8397957_22.627127000000005.png
traffic,overwhelming activity,increased stress,negative,202103_113.8397957_22.627127000000005.png
shops,distraction from relaxation,engagement in daily activities,negative,202103_113.8397957_22.627127000000005.png
noise,constant disturbance,inability to focus,negative,202103_113.8397957_22.627127000000005.png
roads,not feeling 'away',continuation of daily demands,negative,202103_113.841394_22.632947100000003.png
traffic,not feeling 'away',continuation of daily demands,negative,202103_113.841394_22.632947100000003.png
buildings,not feeling 'away',continuation of daily demands,negative,202103_113.841394_22.632947100000003.png
activity,not feeling 'away',continuation of daily demands,negative,202103_113.841394_22.632947100000003.png
bustle,not feeling 'away',continuation of daily demands,negative,202103_113.841394_22.632947100000003.png
nuisances,not perceived as a refuge,not stopping to think,negative,202103_113.841394_22.632947100000003.png
intersection,lack of escape,avoidance of the area,negative,202103_113.84227470000002_22.765698599999997.png
traffic,overwhelmed by activity,increased stress,negative,202103_113.84227470000002_22.765698599999997.png
buildings,confinement,desire to leave,negative,202103_113.84227470000002_22.765698599999997.png
street,lack of escape,reminds of responsibilities,negative,202103_113.8423807507634_22.598042612373803.png
cars,sense of congestion,increases stress,negative,202103_113.8423807507634_22.598042612373803.png
buildings,feeling of confinement,limits relaxation,negative,202103_113.8423807507634_22.598042612373803.png
advertisements,overstimulation,distracts from calmness,negative,202103_113.8423807507634_22.598042612373803.png
traffic,sense of urgency,promotes anxiety,negative,202103_113.8423807507634_22.598042612373803.png
street,difficult to disengage,unable to escape stress,negative,202103_113.8435713_22.621687999999995.png
traffic,constant urban stress,inability to find refuge,negative,202103_113.8435713_22.621687999999995.png
noise,mental distraction,lack of relaxation,negative,202103_113.8435713_22.621687999999995.png
road,minimal sense of escape,exposure to distractions,negative,202103_113.84374726492761_22.758766387624267.png
greenery,slight visual break,temporary relief,neutral,202103_113.84374726492761_22.758766387624267.png
traffic,stress from noise,avoidance of the area,negative,202103_113.84374726492761_22.758766387624267.png
urban infrastructure,feeling of confinement,desire to leave,negative,202103_113.84374726492761_22.758766387624267.png
vehicles,lack of escape,no desire to leave tasks,negative,202103_113.8439888147524_22.715250541852388.png
buildings,utilitarian nature,no encouragement to relax,negative,202103_113.8439888147524_22.715250541852388.png
street,not a place of escape,remain engaged with surroundings,negative,202103_113.8474565_22.754367800000004.png
trees,slight natural contrast,momentary relief from stress,positive,202103_113.8474565_22.754367800000004.png
environment,active city atmosphere,difficulty in disconnecting from worries,negative,202103_113.8474565_22.754367800000004.png
road,temporary escape,seek refuge,positive,202103_113.84743210000002_22.743424800000003.png
bicycles,sense of calm,relax and unwind,positive,202103_113.84743210000002_22.743424800000003.png
buildings,somewhat removed,explore surroundings,neutral,202103_113.84743210000002_22.743424800000003.png
construction,lack of refuge,focus on practical concerns,negative,202103_113.8482554_22.706193100000004.png
traffic,busy environment,avoid mental respite,negative,202103_113.8482554_22.706193100000004.png
urban,demanding thoughts,stay engaged with surroundings,negative,202103_113.8482554_22.706193100000004.png
street,not a strong refuge,difficult to detach,negative,202103_113.85128527796019_22.75136400234624.png
traffic,connected and active environment,increased daily concerns,negative,202103_113.85128527796019_22.75136400234624.png
buildings,lack of escape,remain engaged,negative,202103_113.85128527796019_22.75136400234624.png
parking,lack of escape,minimal mental break,negative,202103_113.84922368099801_22.74538812284384.png
buildings,functional environment,no refuge,negative,202103_113.84922368099801_22.74538812284384.png
vehicles,active urban space,daily concerns persist,negative,202103_113.84922368099801_22.74538812284384.png
traffic,limited sense of escape,avoidance of the area,negative,202103_113.8505731_22.571854.png
greenery,slight sense of detachment,seeking refuge,positive,202103_113.8505731_22.571854.png
intersection,tied to daily routines,engagement in urban life,negative,202103_113.8505731_22.571854.png
greenery,sense of being away,seeking refuge,positive,202103_113.85131251466879_22.718063397632303.png
road,slightly detached environment,escaping urban stress,positive,202103_113.85131251466879_22.718063397632303.png
sky,relief from stress,enjoying tranquility,positive,202103_113.85131251466879_22.718063397632303.png
vehicles,not a complete escape,acknowledging daily demands,negative,202103_113.85131251466879_22.718063397632303.png
infrastructure,moderate sense of refuge,balancing urban life,neutral,202103_113.85131251466879_22.718063397632303.png
backdrop,partial escape from urban bustle,seek refuge,positive,202103_113.8521336_22.690685799999994.png
infrastructure,not a complete departure from everyday concerns,remain alert,negative,202103_113.8521336_22.690685799999994.png
traffic,lack of escape,avoidance of urban activity,negative,202103_113.8543221_22.753289499999994.png
expressways,stress from noise,desire for tranquility,negative,202103_113.8543221_22.753289499999994.png
trucks,overstimulation,seeking peace,negative,202103_113.8543221_22.753289499999994.png
streetscape,not a refuge,avoidance of nuisances,negative,202103_113.8550988_22.6202562.png
traffic,stressful environment,increased activity,negative,202103_113.8550988_22.6202562.png
construction,disruption,focus on city life,negative,202103_113.8550988_22.6202562.png
traffic,not tranquil,less refuge,negative,202103_113.85466762277312_22.734314833369442.png
shops,active area,increased activity,neutral,202103_113.85466762277312_22.734314833369442.png
buildings,not secluded,limited escape,negative,202103_113.85466762277312_22.734314833369442.png
street,not a refuge,commuting,negative,202103_113.85707134519878_22.76829642525124.png
buildings,indicative of urban life,daily activities,neutral,202103_113.85707134519878_22.76829642525124.png
traffic,not effective as a refuge,avoidance of the area,negative,202103_113.85631150000002_22.6166949.png
pedestrians,actively engaging,increased activity,negative,202103_113.85631150000002_22.6166949.png
infrastructure,does not evoke detachment,continued engagement,negative,202103_113.85631150000002_22.6166949.png
road,active urban environment,less likely to escape,negative,202103_113.86103623469046_22.661810988778555.png
buildings,active urban environment,less likely to escape,negative,202103_113.86103623469046_22.661810988778555.png
traffic,active urban environment,less likely to escape,negative,202103_113.86103623469046_22.661810988778555.png
greenery,some respite,offers brief relief,positive,202103_113.86103623469046_22.661810988778555.png
street view,less likely to escape,distracts from mental escape,negative,202103_113.86103623469046_22.661810988778555.png
street,lack of refuge,increased stress,negative,202103_113.85770470000001_22.582482999999996.png
traffic,overwhelmed senses,avoidance of the area,negative,202103_113.85770470000001_22.582482999999996.png
commerce,distraction from obligations,engagement in daily life,neutral,202103_113.85770470000001_22.582482999999996.png
street,lack of escape,difficulty disconnecting,negative,202103_113.86604796706307_22.558280362407594.png
traffic,stressful environment,increased anxiety,negative,202103_113.86604796706307_22.558280362407594.png
buildings,functional space,transitional use,neutral,202103_113.86604796706307_22.558280362407594.png
greenery,slight respite,temporary relief,positive,202103_113.86604796706307_22.558280362407594.png
street,lack of refuge,daily movement,negative,202103_113.86201818150258_22.760920656155452.png
vehicles,associated with routine,commuting,negative,202103_113.86201818150258_22.760920656155452.png
road,functional nature,navigating,neutral,202103_113.86201818150258_22.760920656155452.png
greenery,some respite from stressors,temporary escape,positive,202103_113.86854584962914_22.602575394764475.png
road,not a complete escape,journey implication,negative,202103_113.86854584962914_22.602575394764475.png
traffic,not a profound sense of being away,distraction from retreat,negative,202103_113.86854584962914_22.602575394764475.png
construction,urban infrastructure presence,limits peacefulness,negative,202103_113.86854584962914_22.602575394764475.png
street,lack of refuge,stay engaged,negative,202103_113.866054_22.6085615.png
vehicles,connection to routine,continue obligations,negative,202103_113.866054_22.6085615.png
buildings,no escape,avoid disconnection,negative,202103_113.866054_22.6085615.png
signs,overwhelmed by commerce,remain focused on tasks,negative,202103_113.866054_22.6085615.png
street,lack of refuge,no mental escape,negative,202103_113.86954305606807_22.57133658639084.png
traffic,increased stress,avoidance of the area,negative,202103_113.86954305606807_22.57133658639084.png
construction,distraction,focus on responsibilities,negative,202103_113.86954305606807_22.57133658639084.png
vehicles,stimulating environment,engaging in activities,negative,202103_113.87053797482604_22.51346733953433.png
zone,lack of refuge,avoiding the area,negative,202103_113.87053797482604_22.51346733953433.png
environment,demanding thoughts,increased stress,negative,202103_113.87053797482604_22.51346733953433.png
road,not a true escape,limited respite,negative,202103_113.8703657_22.786703699999997.png
greenery,slight respite,temporary relief,neutral,202103_113.8703657_22.786703699999997.png
infrastructure,urban stressors,daily life demands,negative,202103_113.8703657_22.786703699999997.png
intersection,lack of escape,feeling overwhelmed,negative,202103_113.8728719_22.5602436.png
traffic,stressful environment,avoidance of the area,negative,202103_113.8728719_22.5602436.png
pedestrians,crowdedness,distracted movement,negative,202103_113.8728719_22.5602436.png
commercial,busy atmosphere,hurry to complete tasks,negative,202103_113.8728719_22.5602436.png
traffic,not feeling away,continuing responsibilities,negative,202103_113.8723694340504_22.496389709444315.png
roads,not feeling away,continuing responsibilities,negative,202103_113.8723694340504_22.496389709444315.png
development,not feeling away,continuing responsibilities,negative,202103_113.8723694340504_22.496389709444315.png
infrastructure,not feeling away,continuing responsibilities,negative,202103_113.8723694340504_22.496389709444315.png
activity,not feeling away,continuing responsibilities,negative,202103_113.8723694340504_22.496389709444315.png
street,lack of refuge,requires attention,negative,202103_113.8770939_22.5847014.png
traffic,stressful environment,engagement,negative,202103_113.8770939_22.5847014.png
pedestrians,distracted focus,increased vigilance,negative,202103_113.8770939_22.5847014.png
establishments,commercial demands,active participation,negative,202103_113.8770939_22.5847014.png
street,lack of escape,avoidance of space,negative,202103_113.87880600086551_22.78372813730076.png
traffic,stressful environment,distraction from daily life,negative,202103_113.87880600086551_22.78372813730076.png
commercial,overstimulation,withdrawal from activity,negative,202103_113.87880600086551_22.78372813730076.png
traffic,not a refuge,no escape,negative,202103_113.87299925398183_22.768421512068993.png
cars,continuation of concerns,remain engaged,negative,202103_113.87299925398183_22.768421512068993.png
urban,demanding thoughts,no detachment,negative,202103_113.87299925398183_22.768421512068993.png
traffic,stress and distraction,seeking escape,negative,202103_113.8783431_22.5970722.png
construction,disruption and annoyance,avoiding the area,negative,202103_113.8783431_22.5970722.png
barriers,feeling confined,looking for open spaces,negative,202103_113.8783431_22.5970722.png
businesses,overstimulation,seeking quieter environments,negative,202103_113.8783431_22.5970722.png
signs,information overload,navigating away,negative,202103_113.8783431_22.5970722.png
traffic,lack of peace,immersion in urban flow,negative,202103_113.87321897177686_22.597820643494256.png
buildings,feeling of confinement,detachment from concerns,negative,202103_113.87321897177686_22.597820643494256.png
signs,overstimulation,inability to relax,negative,202103_113.87321897177686_22.597820643494256.png
street,unsuitable refuge,avoid stopping,negative,202103_113.87967314810481_22.579691279734853.png
traffic,common nuisances,continue thinking,negative,202103_113.87967314810481_22.579691279734853.png
infrastructure,not a place to escape,remain engaged,negative,202103_113.87967314810481_22.579691279734853.png
intersection,lack of refuge,engagement with environment,negative,202103_113.882702_22.552306799999997.png
infrastructure,overstimulation,participation in activity,negative,202103_113.882702_22.552306799999997.png
commerce,disconnection from tasks,interaction with surroundings,negative,202103_113.882702_22.552306799999997.png
highway,stressful environment,commuting,negative,202103_113.88342209873709_22.587698996643812.png
skyscrapers,overwhelmed by obligations,navigating traffic,negative,202103_113.88342209873709_22.587698996643812.png
construction,distraction from peace,avoiding nuisances,negative,202103_113.88342209873709_22.587698996643812.png
street,not a refuge,not facilitating escape,negative,202103_113.8836665_22.767575199999996.png
construction,active environment,increased focus on tasks,negative,202103_113.8836665_22.767575199999996.png
traffic,stressful atmosphere,distraction from relaxation,negative,202103_113.8836665_22.767575199999996.png
traffic,difficult to escape,increased distraction,negative,202103_113.88408657078014_22.515677427295483.png
construction,lack of peace,avoidance of retreat,negative,202103_113.88408657078014_22.515677427295483.png
street,source of distractions,avoidance of concerns,negative,202103_113.88436432040571_22.579528390250747.png
traffic,lack of escape,avoid stopping,negative,202103_113.8879930722752_22.491444836920582.png
infrastructure,urban stress,continue moving,negative,202103_113.8879930722752_22.491444836920582.png
intersection,no sense of escape,not sought for respite,negative,202103_113.8880818_22.527107900000004.png
construction,active engagement,increased activity,neutral,202103_113.8880818_22.527107900000004.png
buildings,lack of refuge,avoidance of space,negative,202103_113.8880818_22.527107900000004.png
traffic,stressful environment,seeking quieter areas,negative,202103_113.8880818_22.527107900000004.png
traffic,not feeling removed from stresses,engagement with urban demands,negative,202103_113.8871678_22.50216539999999.png
infrastructure,lack of refuge,continuing to think about tasks,negative,202103_113.8871678_22.50216539999999.png
vehicles,overwhelmed by busyness,remaining engaged,negative,202103_113.8871678_22.50216539999999.png
trees,slight reprieve,temporary escape,positive,202103_113.8868901_22.530607999999997.png
traffic,stress and demands,increased urgency,negative,202103_113.8868901_22.530607999999997.png
streets,lack of refuge,continued travel,negative,202103_113.8868901_22.530607999999997.png
road,moderate sense of being away,mental detachment,positive,202103_113.8881931_22.532944599999997.png
landscape,removed from urban nuisances,respite from demands,positive,202103_113.8881931_22.532944599999997.png
banners,distraction,limited engagement,negative,202103_113.8881931_22.532944599999997.png
spaces,functional impression,allowing for mental break,positive,202103_113.8881931_22.532944599999997.png
trees,slight contrast to urban stress,seek refuge,positive,202103_113.8967224_22.5385513.png
green spaces,limited sense of escape,avoid daily nuisances,negative,202103_113.8967224_22.5385513.png
concrete,overwhelming urban features,feel trapped,negative,202103_113.8967224_22.5385513.png
traffic,busy environment,experience stress,negative,202103_113.8967224_22.5385513.png
construction,demanding atmosphere,avoid the area,negative,202103_113.8967224_22.5385513.png
greenery,slight escape from demands,limited disconnection,neutral,202103_113.8967564_22.536102199999995.png
roads,not a true refuge,inability to disconnect,negative,202103_113.8967564_22.536102199999995.png
vehicles,ongoing concerns,stress continuation,negative,202103_113.8967564_22.536102199999995.png
construction,disruption of peace,avoidance of space,negative,202103_113.8967564_22.536102199999995.png
streetscape,lack of escape,remain engaged,negative,202103_113.8908125_22.593600699999996.png
vehicles,anchored in routine,avoid refuge,negative,202103_113.8908125_22.593600699999996.png
infrastructure,typical urban context,continue daily demands,negative,202103_113.8908125_22.593600699999996.png
roads,no mental departure,stay within responsibilities,negative,202103_113.8908125_22.593600699999996.png
street,not a refuge,avoidance of stress,negative,202103_113.8978857_22.5568815.png
traffic,demanding environment,engagement in activity,neutral,202103_113.8978857_22.5568815.png
construction,distraction from thoughts,increased focus,neutral,202103_113.8978857_22.5568815.png
commercial,overstimulation,seeking escape,negative,202103_113.8978857_22.5568815.png
street,lack of refuge,avoidance of stress,negative,202103_113.8938372_22.5251348.png
traffic,overwhelm,distraction,negative,202103_113.8938372_22.5251348.png
construction,disruption,frustration,negative,202103_113.8938372_22.5251348.png
traffic,not peaceful,difficult to detach,negative,202103_113.89841661553379_22.568377870367687.png
buildings,not escape-like,difficult to detach,negative,202103_113.89841661553379_22.568377870367687.png
commercial,amid everyday demands,difficult to detach,negative,202103_113.89841661553379_22.568377870367687.png
street,lack of refuge,no escape,negative,202103_113.9000001_22.7590412.png
traffic,constant activity,no mental detachment,negative,202103_113.9000001_22.7590412.png
commerce,ongoing demands,no break,negative,202103_113.9000001_22.7590412.png
traffic,lack of escape,remain engaged,negative,202103_113.9001383_22.534999899999995.png
construction,stress from noise,avoid relaxation,negative,202103_113.9001383_22.534999899999995.png
space,mental tethering,focus on tasks,negative,202103_113.9001383_22.534999899999995.png
street,lack of escape,increased stress,negative,202103_113.89901508559747_22.574990283990804.png
buildings,urban activity,routine engagement,negative,202103_113.89901508559747_22.574990283990804.png
traffic,mental detachment difficulty,avoidance of relaxation,negative,202103_113.89901508559747_22.574990283990804.png
facility,lack of refuge,continued worry,negative,202103_113.89901508559747_22.574990283990804.png
intersection,highly engaged,active participation,positive,202103_113.9020511833267_22.718847328837704.png
traffic,lack of refuge,avoidance of detachment,negative,202103_113.9020511833267_22.718847328837704.png
infrastructure,constant activity,increased presence,neutral,202103_113.9020511833267_22.718847328837704.png
street,low sense of being away,engagement with the everyday world,negative,202103_113.9024152_22.7378774.png
traffic,not a refuge,escape from demands,negative,202103_113.9024152_22.7378774.png
urban,constant motion,retreat from daily nuisances,negative,202103_113.9024152_22.7378774.png
roads,not conducive to feeling 'away',difficulty disconnecting,negative,202103_113.9021045_22.559116599999996.png
buildings,perceived as nuisances,feeling overwhelmed,negative,202103_113.9021045_22.559116599999996.png
noise,urban noise as a nuisance,inability to relax,negative,202103_113.9021045_22.559116599999996.png
movement,bustling environment,increased stress,negative,202103_113.9021045_22.559116599999996.png
traffic,difficulty disconnecting,increased stress,negative,202103_113.90253243626074_22.731529658514113.png
advertisements,mental distraction,lack of mental escape,negative,202103_113.90253243626074_22.731529658514113.png
setting,not conducive to relaxation,failure to find refuge,negative,202103_113.90253243626074_22.731529658514113.png
roads,not a refuge,avoid stopping,negative,202103_113.90380937988313_22.791965967926878.png
traffic,ongoing activity,continue thinking,negative,202103_113.90380937988313_22.791965967926878.png
greenery,natural element,seek escape,positive,202103_113.90380937988313_22.791965967926878.png
infrastructure,clear organization,navigate effectively,neutral,202103_113.90380937988313_22.791965967926878.png
street,minimal sense of being 'away',lack of escape from demands,negative,202103_113.9070024_22.779004599999993.png
traffic,increased distractions,avoidance of mental break,negative,202103_113.9070024_22.779004599999993.png
activities,lack of refuge,continued engagement with demands,negative,202103_113.9070024_22.779004599999993.png
trees,partial escape from urban stressors,seeking tranquility,positive,202103_113.9066137_22.789513899999996.png
spaces,sense of detachment,avoiding chaos,positive,202103_113.9066137_22.789513899999996.png
traffic,calm environment,promoting relaxation,positive,202103_113.9066137_22.789513899999996.png
street,structured environment,navigating safely,positive,202103_113.9066137_22.789513899999996.png
crossings,clear pathways,encouraging walking,positive,202103_113.9066137_22.789513899999996.png
intersection,not a refuge,difficult to escape,negative,202103_113.9068788_22.564466399999997.png
traffic,strong sense of urban activity,focus on daily tasks,negative,202103_113.9068788_22.564466399999997.png
trees,moderate sense of detachment,escape from daily concerns,positive,202103_113.9089658_22.4956331.png
traffic,not a complete escape,increased awareness of urban life,negative,202103_113.9089658_22.4956331.png
cameras,sense of surveillance,caution in behavior,negative,202103_113.9089658_22.4956331.png
infrastructure,reminder of urban demands,acceptance of city life,neutral,202103_113.9089658_22.4956331.png
road,active part of daily life,not escaping,negative,202103_113.9143308_22.5359747.png
trees,natural respite,temporary relief,positive,202103_113.9143308_22.5359747.png
greenery,semblance of peace,momentary distraction,positive,202103_113.9143308_22.5359747.png
infrastructure,urban context stress,increased obligations,negative,202103_113.9143308_22.5359747.png
noise,disruption of thoughts,difficulty concentrating,negative,202103_113.9143308_22.5359747.png
traffic,lack of refuge,inability to relax,negative,202103_113.9143308_22.5359747.png
road,limited ability to escape,diminished feeling of refuge,negative,202103_113.9159635_22.4858451.png
buildings,not a refuge,increased daily life's demands,negative,202103_113.9159635_22.4858451.png
greenery,slight sense of detachment,temporary escape,positive,202103_113.9159635_22.4858451.png
street,active environment,reduced sense of being away,negative,202103_113.9159635_22.4858451.png
intersection,overwhelming sensory input,engaged with immediate demands,negative,202103_113.9173027_22.521099399999997.png
traffic,lack of refuge,unable to escape,negative,202103_113.9173027_22.521099399999997.png
construction,distraction from obligations,focus on daily tasks,negative,202103_113.9173027_22.521099399999997.png
density,stressful environment,increased engagement,negative,202103_113.9173027_22.521099399999997.png
road,not a refuge,remain engaged,negative,202103_113.9184169_22.553542899999993.png
buildings,ongoing connection,continue daily activities,negative,202103_113.9184169_22.553542899999993.png
greenery,limited escape,stay within urban life,negative,202103_113.9184169_22.553542899999993.png
trees,respite from hustle,seek calmness,positive,202103_113.9143614_22.489441899999996.png
traffic,stress from surroundings,avoid busy areas,negative,202103_113.9143614_22.489441899999996.png
buildings,urban demands,engage in routines,neutral,202103_113.9143614_22.489441899999996.png
signs,connectedness to daily life,navigate environment,neutral,202103_113.9143614_22.489441899999996.png
intersection,reminder of external demands,increased stress,negative,202103_113.9199618_22.496713399999997.png
greenery,difficulty in detachment,limited relaxation,negative,202103_113.9199618_22.496713399999997.png
street,urban intensity,not a place for deep mental escape,negative,202103_113.9210713_22.513636199999997.png
traffic,lack of refuge,avoidance of stress,negative,202103_113.9210713_22.513636199999997.png
trees,minimal relief,limited comfort seeking,neutral,202103_113.9210713_22.513636199999997.png
buildings,overwhelming presence,feeling trapped,negative,202103_113.9210713_22.513636199999997.png
street,sense of order,engagement in urban activity,neutral,202103_113.92463050000002_22.500260399999995.png
buildings,aesthetic appeal,appreciation of surroundings,positive,202103_113.92463050000002_22.500260399999995.png
urban,ongoing distractions,avoidance of everyday nuisances,negative,202103_113.92463050000002_22.500260399999995.png
roads,lack of escape,difficulty disconnecting,negative,202103_113.9228765_22.525948399999997.png
vehicles,lack of tranquility,stress from urban activity,negative,202103_113.9228765_22.525948399999997.png
buildings,sense of confinement,feeling overwhelmed,negative,202103_113.9228765_22.525948399999997.png
street,lack of refuge,avoidance of stress,negative,202103_113.9253774_22.496439900000002.png
traffic,mental clutter,increased anxiety,negative,202103_113.9253774_22.496439900000002.png
activity,distraction,inability to relax,negative,202103_113.9253774_22.496439900000002.png
streetscape,lack of escape,minimal engagement,negative,202103_113.92717140000002_22.5002718.png
traffic,distraction from peace,avoidance of area,negative,202103_113.92717140000002_22.5002718.png
construction,reduced tranquility,increased stress,negative,202103_113.92717140000002_22.5002718.png
buildings,sense of confinement,desire for escape,negative,202103_113.92717140000002_22.5002718.png
road,stressful environment,avoidance of the area,negative,202103_113.928851_22.557925799999996.png
vehicles,busy atmosphere,engagement in daily activities,neutral,202103_113.928851_22.557925799999996.png
buildings,lack of refuge,continued responsibilities,negative,202103_113.928851_22.557925799999996.png
sidewalks,temporary escape,seeking refuge,positive,202103_113.9279679314043_22.503264673633566.png
pathways,relief from distractions,avoiding urban stress,positive,202103_113.9279679314043_22.503264673633566.png
green spaces,sense of tranquility,reconnecting with nature,positive,202103_113.9279679314043_22.503264673633566.png
street,visual separation,step away from tasks,neutral,202103_113.92869280000001_22.5503963.png
traffic,not a strong refuge,avoid deep escape,negative,202103_113.92869280000001_22.5503963.png
buildings,part of urban landscape,limited break from concerns,negative,202103_113.92869280000001_22.5503963.png
green,moderate opportunity to step away,take a break,neutral,202103_113.92869280000001_22.5503963.png
intersection,low potential for refuge,difficult to disengage,negative,202103_113.9300789_22.4932089.png
traffic,stressful environment,increased daily concerns,negative,202103_113.9300789_22.4932089.png
construction,disruption of peace,avoidance of the area,negative,202103_113.9300789_22.4932089.png
pedestrian,crowdedness,hustle and bustle engagement,negative,202103_113.9300789_22.4932089.png
buildings,lack of escape,engaged in transit,negative,202103_113.9291089_22.578710199999996.png
street,functional environment,daily activities,negative,202103_113.9291089_22.578710199999996.png
buildings,lack of refuge,inability to detach,negative,202103_113.9323061_22.5492064.png
traffic,stressful environment,increased anxiety,negative,202103_113.9323061_22.5492064.png
greenery,urban integration,limited relaxation,neutral,202103_113.9323061_22.5492064.png
street,lack of escape,no mental detachment,negative,202103_113.9319545_22.571548400000005.png
traffic,stressful environment,avoidance of the area,negative,202103_113.9319545_22.571548400000005.png
buildings,urban confinement,limited relaxation,negative,202103_113.9319545_22.571548400000005.png
greenery,minimal refuge,temporary distraction,neutral,202103_113.9319545_22.571548400000005.png
trees,low sense of escape,limited refuge seeking,negative,202103_113.93536795937055_22.561162273779612.png
buildings,moderate urban presence,urban engagement,neutral,202103_113.93536795937055_22.561162273779612.png
vehicles,active street environment,increased activity,negative,202103_113.93536795937055_22.561162273779612.png
street,difficult to escape,feel mentally removed,negative,202103_113.93672068874504_22.570695090848403.png
construction,sense of activity,engage in daily demands,negative,202103_113.93672068874504_22.570695090848403.png
traffic,lack of refuge,remain focused on utility,negative,202103_113.93672068874504_22.570695090848403.png
trees,sense of peaceful detachment,mental escape,positive,202103_113.9317217_22.5611119.png
walkways,respite from urban hustle,relaxation,positive,202103_113.9317217_22.5611119.png
road,clear separation,avoidance of stress,positive,202103_113.9317217_22.5611119.png
trees,partial escape from mental demands,seek refuge,positive,202103_113.9368625_22.5154676.png
spaces,partial escape from mental demands,seek refuge,positive,202103_113.9368625_22.5154676.png
infrastructure,not a complete refuge,avoid stress,negative,202103_113.9368625_22.5154676.png
traffic,not a complete refuge,avoid stress,negative,202103_113.9368625_22.5154676.png
streetscape,desire to escape,seeking mental rest,negative,202103_113.9384321_22.532317300000003.png
greenery,slight respite,temporary relief,positive,202103_113.9384321_22.532317300000003.png
buildings,lack of removal from concerns,remaining in urban life,negative,202103_113.9384321_22.532317300000003.png
sidewalks,urban life context,continuing daily routine,negative,202103_113.9384321_22.532317300000003.png
trees,limited restorative potential,difficult to escape concerns,negative,202103_113.9391431_22.5892292.png
traffic,stressful environment,avoidance of the area,negative,202103_113.9391431_22.5892292.png
built environment,constrained relaxation,inability to find refuge,negative,202103_113.9391431_22.5892292.png
traffic,lack of escape,increased stress,negative,202103_113.9384793_22.5211772.png
construction,disruption of peace,avoidance of area,negative,202103_113.9384793_22.5211772.png
architecture,urban overwhelm,constant engagement,negative,202103_113.9384793_22.5211772.png
street,lack of escape,no disconnection,negative,202103_113.93864308334373_22.563376091861887.png
traffic,stressful environment,increased routine engagement,negative,202103_113.93864308334373_22.563376091861887.png
pedestrian,ordinary experience,continued daily activities,neutral,202103_113.93864308334373_22.563376091861887.png
traffic,difficulty escaping demands,inability to relax,negative,202103_113.9404968_22.5573683.png
construction,lack of detachment,increased stress,negative,202103_113.9404968_22.5573683.png
urban,active engagement with obligations,constant distraction,negative,202103_113.9404968_22.5573683.png
trees,less refuge from nuisances,avoidance of space,negative,202103_113.94040978379569_22.55313554517031.png
infrastructure,busy and disruptive environment,transit rather than contemplation,negative,202103_113.94040978379569_22.55313554517031.png
traffic,stressful atmosphere,hurry through space,negative,202103_113.94040978379569_22.55313554517031.png
construction,ongoing disruption,avoidance of area,negative,202103_113.94040978379569_22.55313554517031.png
intersection,not a refuge,avoid lingering,negative,202103_113.94053270000002_22.5461772.png
traffic,demanding attention,focus on movement,negative,202103_113.94053270000002_22.5461772.png
signals,regulated environment,follow rules,neutral,202103_113.94053270000002_22.5461772.png
buildings,daily demands,stress response,negative,202103_113.94171391966839_22.505405827948014.png
greenery,less clear escape,limited relaxation,negative,202103_113.94171391966839_22.505405827948014.png
trees,limited escape from concerns,reduced relaxation,negative,202103_113.9405859_22.56340030000001.png
vehicles,distraction from thoughts,increased stress,negative,202103_113.9405859_22.56340030000001.png
buildings,urban demands present,lack of mental break,negative,202103_113.9405859_22.56340030000001.png
trees,sense of being away,temporary detachment,positive,202103_113.941758_22.503601700000004.png
greenery,escape from man-made environments,relief from concerns,positive,202103_113.941758_22.503601700000004.png
street,quiet atmosphere,enjoyment of space,positive,202103_113.941758_22.503601700000004.png
infrastructure,connection to daily demands,lower score for Being Away,negative,202103_113.9443552_22.542899200000004.png
traffic,lack of escape,maintaining routine,negative,202103_113.9443552_22.542899200000004.png
intersection,limited escape,remain functional,negative,202103_113.9429747_22.532584499999995.png
traffic,urban nuisances,avoidance of detachment,negative,202103_113.9429747_22.532584499999995.png
buildings,urban environment,engagement with surroundings,neutral,202103_113.9429747_22.532584499999995.png
street,not a refuge,avoidance of obligations,negative,202103_113.9449013_22.519074.png
traffic,stressful environment,increased activity,negative,202103_113.9449013_22.519074.png
buildings,lack of peace,continued engagement,negative,202103_113.9449013_22.519074.png
roadway,difficult to perceive as refuge,avoidance of space,negative,202103_113.9539736_22.5413711.png
construction,stressful environment,increased anxiety,negative,202103_113.9539736_22.5413711.png
traffic,overwhelming presence,desire to escape,negative,202103_113.9539736_22.5413711.png
infrastructure,lack of tranquility,seeking quieter areas,negative,202103_113.9539736_22.5413711.png
street,sense of refuge,mental escape,positive,202103_113.9572307259974_22.543175451827373.png
greenery,peaceful atmosphere,departure from urban hustle,positive,202103_113.9572307259974_22.543175451827373.png
street,lack of refuge,engagement with surroundings,negative,202103_113.951248_22.5434546.png
traffic,stress from demands,focus on immediate concerns,negative,202103_113.951248_22.5434546.png
trees,sense of escape,mentally disengage,positive,202103_113.9459981745746_22.551043820407106.png
community space,designed for relaxation,recreation,positive,202103_113.9459981745746_22.551043820407106.png
street,tranquil environment,escape urban stress,positive,202103_113.9459981745746_22.551043820407106.png
streetscape,lack of refuge,avoidance of space,negative,202103_113.96428759537906_22.525885213125715.png
construction,persistent demands on attention,increased stress,negative,202103_113.96428759537906_22.525885213125715.png
traffic,no mental escape,distraction,negative,202103_113.96428759537906_22.525885213125715.png
trees,mild escape,detachment from obligations,positive,202103_113.9617964_22.538243099999995.png
traffic,active public space,engagement with environment,negative,202103_113.9617964_22.538243099999995.png
pedestrian,not a complete refuge,awareness of external demands,negative,202103_113.9617964_22.538243099999995.png
road,not a refuge,difficult to detach,negative,202103_113.9651074_22.569433700000005.png
cars,ongoing urban activity,not conducive to escape,negative,202103_113.9651074_22.569433700000005.png
construction,distracting environment,increased daily concerns,negative,202103_113.9651074_22.569433700000005.png
roads,sense of escape,mentally detach,positive,202103_113.96578048081966_22.529220440839204.png
greenery,calming visual respite,mentally detach,positive,202103_113.96578048081966_22.529220440839204.png
traffic,lack of refuge,engagement with urban flow,negative,202103_113.9713224_22.539261799999995.png
vehicles,constant noise,preventing escape,negative,202103_113.9713224_22.539261799999995.png
environment,detachment from concerns,avoiding daily nuisances,negative,202103_113.9713224_22.539261799999995.png
trees,sense of detachment,escape everyday demands,positive,202103_113.9722949_22.5515444.png
plants,feeling of refuge,stop thinking about pressing tasks,positive,202103_113.9722949_22.5515444.png
roads,tranquil appearance,seek relaxation,positive,202103_113.9722949_22.5515444.png
guard booths,controlled access,enhance security,positive,202103_113.9722949_22.5515444.png
trees,sense of escape from urban stressors,seeking refuge,positive,202103_113.9735247_22.5295713.png
traffic,sense of order and calm,temporary respite,positive,202103_113.9735247_22.5295713.png
vehicles,preventing complete refuge,feeling confined,negative,202103_113.9735247_22.5295713.png
greenery,sense of escape,mental disengagement,positive,202103_113.975326_22.563885.png
road,brief respite,temporary relief,positive,202103_113.975326_22.563885.png
trees,visual separation,distraction from urban life,positive,202103_113.975326_22.563885.png
park,potential escape,seek tranquility,positive,202103_113.9772284_22.566765299999997.png
traffic,limited detachment,feel stressed,negative,202103_113.9772284_22.566765299999997.png
trees,sense of calm,enjoy nature,positive,202103_113.9772284_22.566765299999997.png
school,connection to responsibilities,engage in tasks,neutral,202103_113.9772284_22.566765299999997.png
intersection,demanding attention,difficult to escape,negative,202103_113.9843801_22.529331499999998.png
greenery,slight respite,temporary relief,neutral,202103_113.9843801_22.529331499999998.png
trees,mental escape,step away from stressors,positive,202103_113.9790737_22.539599999999997.png
landscaped areas,visual separation,detachment from bustle,positive,202103_113.9790737_22.539599999999997.png
intersection,mental escape,pause from tasks,positive,202103_113.9795025_22.564937199999996.png
traffic,ongoing urban environment,continued awareness of responsibilities,negative,202103_113.9795025_22.564937199999996.png
buildings,mild sense of being away,temporary distraction,neutral,202103_113.9795025_22.564937199999996.png
intersection,reminder of responsibilities,avoidance of escape,negative,202103_114.0028434_22.5361266.png
highway,lack of refuge,engagement with demands,negative,202103_114.01706236172443_22.538244643103535.png
traffic,stress and distraction,focus on transportation,negative,202103_114.01706236172443_22.538244643103535.png
urban development,overwhelmed by city life,active participation in city activities,negative,202103_114.01706236172443_22.538244643103535.png
trees,difficult to feel away,inability to relax,negative,202103_114.0119804_22.533219699999997.png
bridge,active urban movement,increased activity,neutral,202103_114.0119804_22.533219699999997.png
buildings,functional area,engagement with urban life,neutral,202103_114.0119804_22.533219699999997.png
traffic,busy environment,stress and distraction,negative,202103_114.0119804_22.533219699999997.png
street,limited sense of refuge,avoidance of daily demands,negative,202103_114.01995693415503_22.656406058340153.png
buildings,lack of escape,increased stress,negative,202103_114.01995693415503_22.656406058340153.png
traffic,constant distraction,reduced relaxation,negative,202103_114.01995693415503_22.656406058340153.png
trees,lack of true escape,less likely to relax,negative,202103_114.0075415_22.5619641.png
buildings,organized urban setting,increased stress,negative,202103_114.0075415_22.5619641.png
traffic,overwhelmed by demands,avoidance of the area,negative,202103_114.0075415_22.5619641.png
walkways,limited refuge,minimal engagement,negative,202103_114.0075415_22.5619641.png
greenery,sense of being away,escape from urban hustle,positive,202103_114.0039809_22.5516573.png
traffic,interrupted refuge,increased stress,negative,202103_114.0039809_22.5516573.png
construction,not entirely free,distance from tasks,neutral,202103_114.0039809_22.5516573.png
highway,constant demand for attention,difficulty in focusing,negative,202103_114.0241822_22.697551699999998.png
traffic,lack of respite,ongoing distraction,negative,202103_114.0241822_22.697551699999998.png
environment,stressful atmosphere,inability to relax,negative,202103_114.0241822_22.697551699999998.png
barriers,lack of peace,avoidance of space,negative,202103_114.02131640000002_22.728074.png
projects,stress from activity,distraction from relaxation,negative,202103_114.02131640000002_22.728074.png
street,busy environment,inability to escape,negative,202103_114.02131640000002_22.728074.png
street,connected to everyday thoughts and stresses,lack of escape,negative,202103_114.0214167_22.529604399999997.png
traffic,overwhelmed by urban hustle,increased stress,negative,202103_114.0214167_22.529604399999997.png
pedestrians,lack of tranquility,distraction from relaxation,negative,202103_114.0214167_22.529604399999997.png
commercial,absence of refuge,no opportunity to clear one's mind,negative,202103_114.0214167_22.529604399999997.png
trees,hint of natural escape,seek refuge,positive,202103_114.02429930515254_22.677948447961324.png
traffic,overwhelmed by demands,avoid distractions,negative,202103_114.02429930515254_22.677948447961324.png
buildings,lack of refuge,continue daily tasks,negative,202103_114.02429930515254_22.677948447961324.png
activity,difficulty in relaxation,remain focused on tasks,negative,202103_114.02429930515254_22.677948447961324.png
trees,lack of escape,no deep mental respite,negative,202103_114.025194_22.64832.png
urban,busy environment,distraction from demands,negative,202103_114.025194_22.64832.png
construction,sense of disturbance,avoidance of space,negative,202103_114.025194_22.64832.png
traffic,sense of chaos,increased stress,negative,202103_114.025194_22.64832.png
traffic,lack of escape,remain engaged,negative,202103_114.02564157799715_22.660567813604136.png
sidewalks,connection to daily life,continue routine,negative,202103_114.02564157799715_22.660567813604136.png
buildings,absence of refuge,avoid detachment,negative,202103_114.02564157799715_22.660567813604136.png
traffic,lack of escape,difficulty detaching,negative,202103_114.02614161348475_22.65384702810131.png
infrastructure,immersion in urban life,staying engaged,negative,202103_114.02614161348475_22.65384702810131.png
trees,sense of escape,seeking respite,positive,202103_114.0261129_22.6995447.png
road,degree of separation,moderate respite,neutral,202103_114.0261129_22.6995447.png
greenery,escape from urban nuisances,providing separation,positive,202103_114.0261129_22.6995447.png
roads,not feeling away,engaged in commuting,negative,202103_114.0258997_22.6934115.png
traffic,not feeling away,engaged in commuting,negative,202103_114.0258997_22.6934115.png
infrastructure,not feeling away,engaged in active pursuits,negative,202103_114.0258997_22.6934115.png
street,not a tranquil escape,engaged in active pursuits,negative,202103_114.0258997_22.6934115.png
traffic,not feeling away,difficult to relax,negative,202103_114.0252407_22.540012299999997.png
construction,stress from activity,increased anxiety,negative,202103_114.0252407_22.540012299999997.png
barriers,sense of confinement,avoidance of space,negative,202103_114.0252407_22.540012299999997.png
light,semblance of calm,temporary relief,neutral,202103_114.0252407_22.540012299999997.png
intersection,lack of escape,no mental detachment,negative,202103_114.0303417_22.7521348.png
buildings,functional but uninviting,no relaxation,negative,202103_114.0303417_22.7521348.png
construction,ongoing stress,increased daily demands,negative,202103_114.0303417_22.7521348.png
street,no sense of escape,increased attention,negative,202103_114.0333119_22.6772935.png
traffic,overstimulation,mental detachment avoidance,negative,202103_114.0333119_22.6772935.png
buildings,lack of tranquility,continuation of daily tasks,negative,202103_114.0333119_22.6772935.png
intersection,lack of refuge,inability to escape,negative,202103_114.0336152_22.727613100000003.png
traffic,distracted mind,increased stress,negative,202103_114.0336152_22.727613100000003.png
buildings,opposite of tranquility,avoidance of relaxation,negative,202103_114.0336152_22.727613100000003.png
street,lack of escape,continue daily routines,negative,202103_114.0295192_22.6753357.png
buildings,functional environment,engage with urban life,negative,202103_114.0295192_22.6753357.png
greenery,slight refuge,seek relaxation,neutral,202103_114.0295192_22.6753357.png
infrastructure,daily demands,maintain routine,negative,202103_114.0295192_22.6753357.png
intersection,difficult to escape,active engagement,negative,202103_114.0343637_22.714637800000002.png
traffic,busy environment,requires attention,negative,202103_114.0343637_22.714637800000002.png
construction,ongoing demands,increased stress,negative,202103_114.0343637_22.714637800000002.png
district,lack of refuge,avoidance of usual thoughts,negative,202103_114.0343637_22.714637800000002.png
streetscape,lack of refuge,difficulty disconnecting,negative,202103_114.0348349_22.7048846.png
construction,ongoing activity,increased stress,negative,202103_114.0348349_22.7048846.png
traffic,distraction,avoidance of space,negative,202103_114.0348349_22.7048846.png
buildings,visual reminders of development,focus on obligations,negative,202103_114.0348349_22.7048846.png
intersection,limited sense of being away,difficulty escaping thoughts,negative,202103_114.03556500000002_22.543814300000005.png
traffic,not a quiet refuge,increased stress,negative,202103_114.03556500000002_22.543814300000005.png
construction,distraction from daily demands,avoidance of the area,negative,202103_114.03556500000002_22.543814300000005.png
trees,feeling of being away,seeking refuge,positive,202103_114.0382608_22.661168499999995.png
green spaces,sense of serenity,escaping daily pressures,positive,202103_114.0382608_22.661168499999995.png
pathways,peaceful atmosphere,promoting relaxation,positive,202103_114.0382608_22.661168499999995.png
road,separation from urban hustle,encouraging tranquility,positive,202103_114.0382608_22.661168499999995.png
streetscape,not a refuge,avoidance of attention demands,negative,202103_114.0403131_22.522091.png
vehicles,active environment,engagement with surroundings,neutral,202103_114.0403131_22.522091.png
trees,manicured setting,limited escape,negative,202103_114.0403131_22.522091.png
street,lack of escape,continue daily activities,negative,202103_114.03540604528543_22.659681375774273.png
buildings,functional environment,navigate urban space,neutral,202103_114.03540604528543_22.659681375774273.png
construction,no sense of refuge,avoid area,negative,202103_114.03540604528543_22.659681375774273.png
traffic,urban hustle,participate in city life,neutral,202103_114.03540604528543_22.659681375774273.png
street,lack of mental respite,difficulty disconnecting,negative,202103_114.0419238_22.517752200000004.png
traffic,stress and distraction,increased anxiety,negative,202103_114.0419238_22.517752200000004.png
construction,disruption of peace,avoidance of the area,negative,202103_114.0419238_22.517752200000004.png
commercial,overstimulation,inability to relax,negative,202103_114.0419238_22.517752200000004.png
street,lack of escape,difficulty disconnecting,negative,202103_114.04193138324224_22.64859052597776.png
traffic,mental strain,inability to find refuge,negative,202103_114.04193138324224_22.64859052597776.png
establishments,utilitarian focus,active engagement,negative,202103_114.04193138324224_22.64859052597776.png
greenery,sense of being away,escaping daily nuisances,positive,202103_114.0433253_22.542509600000002.png
trees,mental detachment,escaping daily preoccupations,positive,202103_114.0433253_22.542509600000002.png
road,controlled environment,buffer from urban hustle,positive,202103_114.0433253_22.542509600000002.png
barriers,visual separation,detachment from city life,positive,202103_114.0433253_22.542509600000002.png
canal,slight sense of escape,minimal disengagement,positive,202103_114.04470779205663_22.75313704940826.png
greenery,slight contrast to urban,limited refuge,positive,202103_114.04470779205663_22.75313704940826.png
roads,functional feeling,active engagement,negative,202103_114.04470779205663_22.75313704940826.png
buildings,lack of escape,continued obligations,negative,202103_114.04470779205663_22.75313704940826.png
industrial,not a refuge,maintaining routine,negative,202103_114.04470779205663_22.75313704940826.png
buildings,lack of escape,increased stress,negative,202103_114.0456365_22.508059699999997.png
traffic,feelings of overwhelm,avoidance of the area,negative,202103_114.0456365_22.508059699999997.png
greenery,partial refuge,temporary relief,neutral,202103_114.0456365_22.508059699999997.png
road,limited feeling of escape,difficulty in disconnecting,negative,202103_114.046224_22.646990999999996.png
trees,not a typical refuge,lack of relaxation,negative,202103_114.046224_22.646990999999996.png
vehicles,difficult to disconnect,increased stress,negative,202103_114.046224_22.646990999999996.png
street,not a refuge,stay engaged,negative,202103_114.0453315_22.6931832.png
greenery,some connection to nature,brief respite,neutral,202103_114.0453315_22.6931832.png
traffic,busy environment,continue daily activities,negative,202103_114.0453315_22.6931832.png
road,no sense of escape,remain engaged,negative,202103_114.0460623_22.7341312.png
vehicles,active urban environment,continue daily tasks,negative,202103_114.0460623_22.7341312.png
trees,limited escape from stress,remain engaged with tasks,negative,202103_114.04664158073072_22.54721208820835.png
traffic,sense of urban activity,avoid relaxation,negative,202103_114.04664158073072_22.54721208820835.png
openness,slight sense of freedom,brief respite from duties,neutral,202103_114.04664158073072_22.54721208820835.png
environment,functional urban setting,stay focused on tasks,negative,202103_114.04664158073072_22.54721208820835.png
greenery,slight escape,seeking refuge,positive,202103_114.0536618_22.675706499999997.png
road,active space,engagement with environment,negative,202103_114.0536618_22.675706499999997.png
vehicles,diminished sense of escape,increased stress,negative,202103_114.0536618_22.675706499999997.png
traffic,functional space,navigation,neutral,202103_114.0536618_22.675706499999997.png
trees,slight sense of escape,seek refuge,positive,202103_114.0533205_22.5395383.png
traffic,stress and nuisance,avoidance,negative,202103_114.0533205_22.5395383.png
intersection,busy environment,distraction,negative,202103_114.0533205_22.5395383.png
trucks,non-restorative space,lack of mental escape,negative,202103_114.0512453_22.503682.png
traffic,busy environment,avoidance of relaxation,negative,202103_114.0512453_22.503682.png
buildings,active setting,increased stress,negative,202103_114.0512453_22.503682.png
streetscape,demanding of attention,lack of refuge,negative,202103_114.0523905_22.507256900000005.png
traffic,stressful environment,avoidance of space,negative,202103_114.0523905_22.507256900000005.png
pedestrian,overwhelmed,seeking escape,negative,202103_114.0523905_22.507256900000005.png
roads,busy environment,lack of disconnection,negative,202103_114.0492532_22.503914999999996.png
vehicles,active atmosphere,increased activity,negative,202103_114.0492532_22.503914999999996.png
buildings,lack of refuge,limited relaxation,negative,202103_114.0492532_22.503914999999996.png
fenced-off areas,restricted access,feeling of confinement,negative,202103_114.0492532_22.503914999999996.png
entry points,lack of seclusion,decreased privacy,negative,202103_114.0492532_22.503914999999996.png
street,not a refuge,lack of escape,negative,202103_114.05568005891669_22.668509965401316.png
infrastructure,tied to routine,maintaining obligations,negative,202103_114.05568005891669_22.668509965401316.png
buildings,sense of detachment,mental escape,positive,202103_114.0582303_22.5335094.png
streets,less demanding environment,escape from daily pressures,positive,202103_114.0582303_22.5335094.png
roads,feeling of clarity,reduced stress,positive,202103_114.0582303_22.5335094.png
traffic,calmness,increased relaxation,positive,202103_114.0582303_22.5335094.png
trees,sense of separation,escape from urban pressures,positive,202103_114.0552365_22.5092541.png
sidewalks,sense of separation,escape from urban pressures,positive,202103_114.0552365_22.5092541.png
traffic,connection to daily life,engagement with urban demands,negative,202103_114.0552365_22.5092541.png
cameras,connection to daily life,engagement with urban demands,negative,202103_114.0552365_22.5092541.png
infrastructure,connection to daily life,engagement with urban demands,negative,202103_114.0552365_22.5092541.png
roads,lack of refuge,avoidance of stress,negative,202103_114.0625077_22.564344.png
vehicles,overwhelmed by activity,increased anxiety,negative,202103_114.0625077_22.564344.png
construction,disruption of peace,seeking escape,negative,202103_114.0625077_22.564344.png
traffic,active urban environment,engagement with city life,neutral,202103_114.06255733613432_22.553281931357972.png
trees,lack of escape,continued exposure to urban demands,negative,202103_114.06255733613432_22.553281931357972.png
buildings,functional city space,acceptance of urban lifestyle,neutral,202103_114.06255733613432_22.553281931357972.png
buildings,minimal escape from worries,remain in responsibilities,negative,202103_114.05843317568561_22.67630894737166.png
roads,lack of refuge,transition through space,negative,202103_114.05843317568561_22.67630894737166.png
sidewalks,not restorative,continue daily routine,negative,202103_114.05843317568561_22.67630894737166.png
construction,perceived stressor,avoidance of space,negative,202103_114.0727822_22.654202299999998.png
traffic,increased anxiety,seeking quieter areas,negative,202103_114.0727822_22.654202299999998.png
dust,discomfort,limiting outdoor time,negative,202103_114.0727822_22.654202299999998.png
barriers,feeling trapped,desire to escape,negative,202103_114.0727822_22.654202299999998.png
noise,lack of peace,difficulty concentrating,negative,202103_114.0727822_22.654202299999998.png
greenery,slight contrast to nuisances,seeking escape,positive,202103_114.0671931_22.531809499999998.png
road,unlikely refuge,avoiding daily demands,negative,202103_114.0671931_22.531809499999998.png
highway,lack of refuge,increased engagement,negative,202103_114.0769743_22.6950555.png
traffic,ongoing obligations,constant attention,negative,202103_114.0769743_22.6950555.png
infrastructure,demanding environment,active interaction,negative,202103_114.0769743_22.6950555.png
street,stressful environment,avoidance of the area,negative,202103_114.07638637601512_22.731645207801105.png
greenery,temporary relief,seeking respite,neutral,202103_114.07638637601512_22.731645207801105.png
streetscape,lack of escape,engagement with urban life,negative,202103_114.0776478_22.6572467.png
traffic,reminder of daily nuisances,inability to disconnect,negative,202103_114.0776478_22.6572467.png
construction,disruption of peace,focus on everyday activities,negative,202103_114.0776478_22.6572467.png
infrastructure,urban stress,engagement with demands,negative,202103_114.0776478_22.6572467.png
greenery,slight respite,moderate sense of being away,positive,202103_114.08177436810324_22.71047882066633.png
urban,lack of escape,detracts from feeling of refuge,negative,202103_114.08177436810324_22.71047882066633.png
streets,urban pressure,limited pedestrian access,negative,202103_114.08177436810324_22.71047882066633.png
construction,lack of escape,avoidance of area,negative,202103_114.08429278885752_22.558251223708968.png
roads,stress from traffic,increased urgency,negative,202103_114.08429278885752_22.558251223708968.png
development,visual separation,temporary distraction,neutral,202103_114.08429278885752_22.558251223708968.png
highway,lack of refuge,difficulty disconnecting,negative,202103_114.07891630000002_22.555023900000002.png
buildings,overwhelmed by noise,inability to relax,negative,202103_114.07891630000002_22.555023900000002.png
traffic,stressful environment,increased anxiety,negative,202103_114.07891630000002_22.555023900000002.png
construction,visual clutter,distraction from thoughts,negative,202103_114.07891630000002_22.555023900000002.png
intersection,lack of escape,task-oriented actions,negative,202103_114.0905174_22.742056099999996.png
infrastructure,no sense of sanctuary,continued engagement with daily demands,negative,202103_114.0905174_22.742056099999996.png
urban,reinforced functionality,focus on tasks,neutral,202103_114.0905174_22.742056099999996.png
traffic,difficulty escaping,remain engaged,negative,202103_114.0931461_22.554121899999995.png
construction,sense of distraction,avoid relaxation,negative,202103_114.0931461_22.554121899999995.png
commercial,lack of refuge,continue daily activities,negative,202103_114.0931461_22.554121899999995.png
intersection,minimal sense of being away,thinking about practical matters,negative,202103_114.0913439186539_22.699804612375523.png
traffic,constant interruption,distracted by surroundings,negative,202103_114.0913439186539_22.699804612375523.png
buildings,lack of escape,remaining engaged with daily demands,negative,202103_114.0913439186539_22.699804612375523.png
businesses,busy environment,continuing daily routines,negative,202103_114.0913439186539_22.699804612375523.png
entrance,controlled environment,sense of security,positive,202103_114.0892795_22.7489908.png
landscaping,partial escape,relaxation,positive,202103_114.0892795_22.7489908.png
greenery,sense of separation,avoidance of chaos,positive,202103_114.0892795_22.7489908.png
road,not a complete sanctuary,awareness of urban context,negative,202103_114.0892795_22.7489908.png
street,lack of escape,continue daily activities,negative,202103_114.09518_22.543358.png
greenery,minimal relaxation,pass through,neutral,202103_114.09518_22.543358.png
street,not a strong refuge,difficult to escape,negative,202103_114.0965628_22.577913999999996.png
traffic,busy environment,increased activity,negative,202103_114.0965628_22.577913999999996.png
shops,active environment,engagement with surroundings,neutral,202103_114.0965628_22.577913999999996.png
buildings,typical urban concerns,feeling of confinement,negative,202103_114.0965628_22.577913999999996.png
greenery,limited escape from nuisances,no significant refuge seeking,negative,202103_114.0968224_22.6314363.png
road,urban stress,increased daily demands,negative,202103_114.0968224_22.6314363.png
vehicles,constant distraction,avoidance of relaxation,negative,202103_114.0968224_22.6314363.png
infrastructure,lack of tranquility,no desire for retreat,negative,202103_114.0968224_22.6314363.png
road,lack of escape,avoidance of space,negative,202103_114.0970567909583_22.7181553287723.png
construction,disruption of peace,distracted movement,negative,202103_114.0970567909583_22.7181553287723.png
traffic,stress and noise,increased urgency,negative,202103_114.0970567909583_22.7181553287723.png
pillars,functional environment,utilitarian use,neutral,202103_114.0970567909583_22.7181553287723.png
sky,gloominess,withdrawal,negative,202103_114.0970567909583_22.7181553287723.png
traffic,stressful environment,avoidance of space,negative,202103_114.097324_22.7009943.png
buildings,lack of refuge,continued engagement with daily life,negative,202103_114.097324_22.7009943.png
roads,constrained movement,limited exploration,negative,202103_114.097324_22.7009943.png
street,not a refuge,none,negative,202103_114.0974749_22.5565291.png
buildings,functional part of the city,daily routines,neutral,202103_114.0974749_22.5565291.png
traffic,presence of nuisances,none,negative,202103_114.0974749_22.5565291.png
pedestrians,not a refuge,none,negative,202103_114.0974749_22.5565291.png
traffic,not a strong refuge,difficult to disconnect,negative,202103_114.097968_22.712889199999996.png
greenery,some relief,temporary escape,neutral,202103_114.097968_22.712889199999996.png
cars,active environment,increased stress,negative,202103_114.097968_22.712889199999996.png
road,constant demands,difficulty in relaxation,negative,202103_114.097968_22.712889199999996.png
trees,mental escape,detachment from daily concerns,positive,202103_114.0993904_22.720913200000002.png
streetscape,subdued atmosphere,aiding relaxation,positive,202103_114.0993904_22.720913200000002.png
weather,less intrusive atmosphere,enhanced focus,positive,202103_114.0993904_22.720913200000002.png
trees,difficult to escape nuisances,clear one's mind,negative,202103_114.10049030000002_22.551953199999996.png
traffic,not conducive to feeling 'away',escape daily demands,negative,202103_114.10049030000002_22.551953199999996.png
commercial,not conducive to feeling 'away',escape daily demands,negative,202103_114.10049030000002_22.551953199999996.png
intersection,not a refuge,engagement with environment,negative,202103_114.0993432_22.561568599999998.png
traffic,difficult to escape,mental engagement,negative,202103_114.0993432_22.561568599999998.png
commercial,constant stimulation,lack of mental disengagement,negative,202103_114.0993432_22.561568599999998.png
urban,pressing thoughts,distraction from relaxation,negative,202103_114.0993432_22.561568599999998.png
street,demands attention,engagement with environment,negative,202103_114.0988453_22.704682299999998.png
traffic,no mental respite,increased stress,negative,202103_114.0988453_22.704682299999998.png
development,active engagement,focus on tasks,negative,202103_114.0988453_22.704682299999998.png
trees,limited sense of escape,difficulty to disconnect,negative,202103_114.1017348_22.5586412.png
walkway,limited sense of escape,difficulty to disconnect,negative,202103_114.1017348_22.5586412.png
traffic,not a refuge,difficulty to disconnect,negative,202103_114.1017348_22.5586412.png
buildings,not a refuge,difficulty to disconnect,negative,202103_114.1017348_22.5586412.png
infrastructure,not a refuge,difficulty to disconnect,negative,202103_114.1017348_22.5586412.png
street,lack of refuge,avoidance of the area,negative,202103_114.1102391_22.621661899999992.png
traffic,stress and distraction,hurry through,negative,202103_114.1102391_22.621661899999992.png
urban,functional but uninviting,focus on transit,neutral,202103_114.1102391_22.621661899999992.png
traffic,disrupted environment,difficulty escaping,negative,202103_114.1039115_22.5822323.png
construction,disrupted environment,difficulty escaping,negative,202103_114.1039115_22.5822323.png
development,disrupted environment,difficulty escaping,negative,202103_114.1039115_22.5822323.png
street,limited feeling of being away,less conducive to stopping thoughts,negative,202103_114.1124009_22.5851513.png
traffic,distraction from personal concerns,increased attention demands,negative,202103_114.1124009_22.5851513.png
urban environment,break from immediate concerns,attempt to find refuge,neutral,202103_114.1124009_22.5851513.png
streetscape,moderate sense of 'being away',visual escape,positive,202103_114.1169143_22.600235199999997.png
vehicles,limited feeling of refuge,connection to city living,negative,202103_114.1169143_22.600235199999997.png
buildings,limited feeling of refuge,connection to city living,negative,202103_114.1169143_22.600235199999997.png
infrastructure,limited feeling of refuge,connection to city living,negative,202103_114.1169143_22.600235199999997.png
traffic,lack of escape,increased engagement,negative,202103_114.1113791_22.6142769.png
shops,distraction from responsibilities,continued focus on daily life,negative,202103_114.1113791_22.6142769.png
people,overwhelmed by activity,difficulty in disconnecting,negative,202103_114.1113791_22.6142769.png
site,not a refuge,avoidance,negative,202103_114.11892340000001_22.630858799999995.png
road,busy environment,distraction,negative,202103_114.11892340000001_22.630858799999995.png
buildings,stressful atmosphere,withdrawal,negative,202103_114.11892340000001_22.630858799999995.png
vehicles,noisy environment,irritation,negative,202103_114.11892340000001_22.630858799999995.png
traffic,lack of refuge,increased awareness,negative,202103_114.1198452_22.5910835.png
construction,mental distraction,focus on surroundings,negative,202103_114.1198452_22.5910835.png
roads,inability to escape,heightened attention,negative,202103_114.1198452_22.5910835.png
street,lack of refuge,daily life engagement,negative,202103_114.1205663_22.568866200000002.png
traffic,stressful environment,avoidance of space,negative,202103_114.1205663_22.568866200000002.png
commercial,busy atmosphere,participation in commerce,neutral,202103_114.1205663_22.568866200000002.png
pedestrian,movement pressure,navigation through space,neutral,202103_114.1205663_22.568866200000002.png
streetscape,lack of refuge,remain engaged,negative,202103_114.1218828_22.596607.png
roads,sense of obligation,focus on practical concerns,negative,202103_114.1218828_22.596607.png
buildings,typical urban environment,no escape,negative,202103_114.1218828_22.596607.png
street,lack of escape,engagement with surroundings,negative,202103_114.1217117_22.6624626.png
traffic,stressful environment,increased alertness,negative,202103_114.1217117_22.6624626.png
buildings,sense of confinement,limited relaxation,negative,202103_114.1217117_22.6624626.png
trees,temporary escape,seeking refuge,positive,202103_114.12190805793112_22.627928023917203.png
urban,calm atmosphere,relaxation,positive,202103_114.12190805793112_22.627928023917203.png
nature,mental getaway,stress relief,positive,202103_114.12190805793112_22.627928023917203.png
pathways,temporary respite,seek relaxation,positive,202103_114.12194611798485_22.565742371359875.png
buildings,moderate sense of being away,navigate urban space,neutral,202103_114.12194611798485_22.565742371359875.png
traffic,limited feeling of refuge,avoid congestion,negative,202103_114.12194611798485_22.565742371359875.png
greenery,temporary respite,enjoy nature,positive,202103_114.12194611798485_22.565742371359875.png
construction,disruption of peace,navigate obstacles,negative,202103_114.12194611798485_22.565742371359875.png
intersection,lack of refuge,increased attention,negative,202103_114.1224915_22.7001825.png
traffic,stress and obligation,mental engagement,negative,202103_114.1224915_22.7001825.png
activity,distraction,focus on surroundings,negative,202103_114.1224915_22.7001825.png
greenery,partial escape from urban nuisances,seeking tranquility,positive,202103_114.1227501_22.5559666.png
traffic,inherent stresses,avoidance of discomfort,negative,202103_114.1227501_22.5559666.png
cars,inherent stresses,avoidance of discomfort,negative,202103_114.1227501_22.5559666.png
cameras,sense of surveillance,caution in behavior,negative,202103_114.1227501_22.5559666.png
pedestrian,social engagement,interaction with others,positive,202103_114.1227501_22.5559666.png
traffic,stress and overwhelm,avoidance of space,negative,202103_114.1244425_22.603198499999994.png
buildings,lack of tranquility,passing through,negative,202103_114.1244425_22.603198499999994.png
pedestrian,distraction,engagement in commerce,negative,202103_114.1244425_22.603198499999994.png
signage,overstimulation,focus on responsibilities,negative,202103_114.1244425_22.603198499999994.png
nature,sense of calm,mental detachment,positive,202103_114.1248786_22.577026099999998.png
streets,partial escape,relief from urban life,positive,202103_114.1248786_22.577026099999998.png
traffic,ongoing stress,increased awareness,negative,202103_114.1248786_22.577026099999998.png
structures,lack of refuge,frustration,negative,202103_114.1248786_22.577026099999998.png
intersection,not a refuge,stay connected,negative,202103_114.1284662_22.625145700000004.png
traffic,stressful environment,avoid lingering,negative,202103_114.1284662_22.625145700000004.png
pedestrians,sense of busyness,move quickly,negative,202103_114.1284662_22.625145700000004.png
intersection,not a refuge,continue obligations,negative,202103_114.1264201_22.6351297.png
traffic,connected to demands,stay engaged,negative,202103_114.1264201_22.6351297.png
buildings,lack of escape,avoid relaxation,negative,202103_114.1264201_22.6351297.png
streetscape,not a strong refuge,limited opportunity to escape,negative,202103_114.1329303_22.616122899999997.png
traffic,demanding environment,increased stress,negative,202103_114.1329303_22.616122899999997.png
buildings,part of urban life,no chance to relax,negative,202103_114.1329303_22.616122899999997.png
street,lack of escape,difficulty disconnecting,negative,202103_114.1331601_22.550479200000005.png
traffic,stressful environment,increased routine engagement,negative,202103_114.1331601_22.550479200000005.png
commercial,everyday demands,continued focus on daily tasks,negative,202103_114.1331601_22.550479200000005.png
intersection,stressful environment,increased engagement,negative,202103_114.13746860000002_22.716279900000004.png
traffic,constant distraction,avoidance of relaxation,negative,202103_114.13746860000002_22.716279900000004.png
buses,overwhelming presence,heightened alertness,negative,202103_114.13746860000002_22.716279900000004.png
pedestrians,busy atmosphere,social engagement,neutral,202103_114.13746860000002_22.716279900000004.png
street,lack of refuge,engagement in urban life,negative,202103_114.13607955712085_22.56019460406232.png
vehicles,sense of involvement,participation in city activities,neutral,202103_114.13607955712085_22.56019460406232.png
pedestrians,busy atmosphere,movement through space,neutral,202103_114.13607955712085_22.56019460406232.png
commercial,functional environment,utilitarian use of space,neutral,202103_114.13607955712085_22.56019460406232.png
street,lack of escape,continuing daily tasks,negative,202103_114.1367157_22.698665399999992.png
traffic,stressful environment,avoiding relaxation,negative,202103_114.1367157_22.698665399999992.png
buildings,sense of routine,engaging in responsibilities,negative,202103_114.1367157_22.698665399999992.png
roads,not a refuge,limited escape,negative,202103_114.1378067_22.6029624.png
vehicles,routine life,lack of relaxation,negative,202103_114.1378067_22.6029624.png
concrete,detracts from being away,reduces restorative potential,negative,202103_114.1378067_22.6029624.png
banners,informative but distracting,limits focus on concerns,negative,202103_114.1378067_22.6029624.png
street,lack of tranquility,increased stress,negative,202103_114.1462658_22.620422699999995.png
construction,amplified responsibilities,avoidance of relaxation,negative,202103_114.1462658_22.620422699999995.png
traffic,urban chaos,distraction from peace,negative,202103_114.1462658_22.620422699999995.png
trees,slight respite,escape from daily demands,positive,202103_114.2034661_22.7108026.png
spaces,being away from urban nuisances,seek tranquility,positive,202103_114.2034661_22.7108026.png
cars,active urban setting,engagement with urban life,negative,202103_114.2034661_22.7108026.png
walkways,limited escape,navigate urban environment,neutral,202103_114.2034661_22.7108026.png
shops,urban activity,participate in commerce,neutral,202103_114.2034661_22.7108026.png
road,temporary escape,journey or transit,positive,202103_114.150446_22.640353499999996.png
scenery,visual break,detachment from urban life,positive,202103_114.150446_22.640353499999996.png
infrastructure,prevented detachment,limited escape,negative,202103_114.150446_22.640353499999996.png
structures,sense of encroachment,distraction from nature,negative,202103_114.150446_22.640353499999996.png
street,limited sense of escape,difficulty in feeling removed,negative,202103_114.2052193_22.662703799999996.png
traffic,busy atmosphere,increased stress,negative,202103_114.2052193_22.662703799999996.png
buildings,change of scenery,temporary distraction,neutral,202103_114.2052193_22.662703799999996.png
Tunnels,sense of temporary escape,momentarily detach from daily concerns,positive,202103_114.21034396837918_22.675777386849283.png
Environment,mental break,facilitating a feeling of being away,positive,202103_114.21034396837918_22.675777386849283.png
intersection,not a strong refuge,unlikely to offer escape,negative,202103_114.2110935_22.721982699999998.png
roads,functional environment,engagement in tasks,negative,202103_114.2110935_22.721982699999998.png
buildings,bustling nature,increased stress,negative,202103_114.2110935_22.721982699999998.png
hillside,partial escape from urban environment,seeking refuge,positive,202103_114.2151047_22.555198599999997.png
roads,prominent urban context,feeling overwhelmed,negative,202103_114.2151047_22.555198599999997.png
buildings,lack of complete refuge,avoiding urban nuisances,negative,202103_114.2151047_22.555198599999997.png
traffic,everyday nuisances,stress response,negative,202103_114.2151047_22.555198599999997.png
infrastructure,lack of refuge,avoidance of tasks,negative,202103_114.2173882_22.6723256.png
traffic,no sense of escape,continued engagement,negative,202103_114.2173882_22.6723256.png
development,mental detachment absent,no relaxation,negative,202103_114.2173882_22.6723256.png
trees,sense of refuge,seeking escape,positive,202103_114.21793862646713_22.67803233370238.png
intersection,urban stress,hurrying through,negative,202103_114.21793862646713_22.67803233370238.png
cars,chaotic environment,avoiding congestion,negative,202103_114.21793862646713_22.67803233370238.png
buildings,feeling confined,searching for open spaces,negative,202103_114.21793862646713_22.67803233370238.png
street,lack of escape,increased engagement,negative,202103_114.2190778_22.674972899999997.png
traffic,stressful environment,avoidance of area,negative,202103_114.2190778_22.674972899999997.png
buildings,confinement,desire for refuge,negative,202103_114.2190778_22.674972899999997.png
signs,overstimulation,distraction from concerns,negative,202103_114.2190778_22.674972899999997.png
trees,lack of escape,remain in urban environment,negative,202103_114.2242245_22.5554874.png
sidewalks,active urban environment,navigate through space,neutral,202103_114.2242245_22.5554874.png
signage,overwhelmed by commercialism,avoid distractions,negative,202103_114.2242245_22.5554874.png
traffic,stress from noise,seek quieter areas,negative,202103_114.2242245_22.5554874.png
urban,not a tranquil retreat,desire for escape,negative,202103_114.2242245_22.5554874.png
streetscape,not a refuge,difficulty disengaging,negative,202103_114.2214132_22.722237199999995.png
signage,associated demands,engagement in daily life,negative,202103_114.2214132_22.722237199999995.png
traffic,stimulating environment,increased activity,negative,202103_114.2240115_22.690695.png
construction,stressful atmosphere,avoidance of space,negative,202103_114.2240115_22.690695.png
infrastructure,busy setting,distraction from relaxation,negative,202103_114.2240115_22.690695.png
street,not a refuge,avoidance of stress,negative,202103_114.2203088_22.750533599999997.png
traffic,disruption,increased anxiety,negative,202103_114.2203088_22.750533599999997.png
shops,functional environment,engagement in daily life,neutral,202103_114.2203088_22.750533599999997.png
construction,disruption,avoidance,negative,202103_114.2203088_22.750533599999997.png
setting,sense of detachment,mental break,positive,202103_114.22602540000001_22.734684800000004.png
environment,immersion in larger context,escape from routines,positive,202103_114.22602540000001_22.734684800000004.png
bustle,incomplete escape,potential stress,negative,202103_114.22602540000001_22.734684800000004.png
street,lack of refuge,avoidance of daily demands,negative,202103_114.2271675_22.554679599999993.png
traffic,stressful environment,increased anxiety,negative,202103_114.2271675_22.554679599999993.png
signage,overstimulation,distraction from routine,negative,202103_114.2271675_22.554679599999993.png
pedestrians,crowdedness,feeling of confinement,negative,202103_114.2271675_22.554679599999993.png
trees,break from demands,seek refuge,positive,202103_114.2296563_22.5597124.png
traffic,limited escape,avoidance of noise,negative,202103_114.2296563_22.5597124.png
shops,urban nuisances,engagement with environment,neutral,202103_114.2296563_22.5597124.png
buildings,constant activity,navigate space,negative,202103_114.2296563_22.5597124.png
street,lack of escape,remain engaged,negative,202103_114.23182215334009_22.704274352362827.png
vehicles,distraction,avoid relaxation,negative,202103_114.23182215334009_22.704274352362827.png
commercial,stress,continue routine,negative,202103_114.23182215334009_22.704274352362827.png
streetscape,lack of refuge,no escape,negative,202103_114.23225276413545_22.67973649026038.png
buildings,functional environment,daily tasks,neutral,202103_114.23225276413545_22.67973649026038.png
roads,sense of chaos,avoidance of relaxation,negative,202103_114.23225276413545_22.67973649026038.png
vehicles,distraction,focus on tasks,negative,202103_114.23225276413545_22.67973649026038.png
development,ongoing demands,continuation of routine,negative,202103_114.23225276413545_22.67973649026038.png
tree,sense of separation,finding respite,positive,202103_114.2358123_22.728261600000003.png
greenery,calming effect,stepping away,positive,202103_114.2358123_22.728261600000003.png
paths,inviting atmosphere,encouraging relaxation,positive,202103_114.2358123_22.728261600000003.png
buffer,sense of separation,mental detachment,positive,202103_114.24886032892263_22.70519218145229.png
green,partial respite,escape from demands,positive,202103_114.24886032892263_22.70519218145229.png
trees,slight natural element,none,neutral,202103_114.2422502421771_22.56227045019431.png
roadway,not a refuge,none,negative,202103_114.2422502421771_22.56227045019431.png
buildings,not a refuge,none,negative,202103_114.2422502421771_22.56227045019431.png
cargo,not a refuge,none,negative,202103_114.2422502421771_22.56227045019431.png
environment,indicative of active transit,none,negative,202103_114.2422502421771_22.56227045019431.png
intersection,lack of escape,increased mental engagement,negative,202103_114.2406577_22.724981399999997.png
traffic,high demands,feeling of obligation,negative,202103_114.2406577_22.724981399999997.png
buildings,constant activity,hindered relaxation,negative,202103_114.2406577_22.724981399999997.png
greenery,not a refuge,lack of escape,negative,202103_114.25011483600086_22.740615131287942.png
roads,detracts from escape,avoidance of stress,negative,202103_114.25011483600086_22.740615131287942.png
vehicles,increases urban nuisances,distraction from thoughts,negative,202103_114.25011483600086_22.740615131287942.png
traffic,lack of peace,avoidance of the area,negative,202103_114.2520585_22.746504299999998.png
vehicles,stressful environment,increased anxiety,negative,202103_114.2520585_22.746504299999998.png
signs,distraction,difficulty concentrating,negative,202103_114.2520585_22.746504299999998.png
activity,overstimulation,desire to escape,negative,202103_114.2520585_22.746504299999998.png
street,lack of escape,avoidance of obligations,negative,202103_114.2549302_22.743100399999996.png
buildings,overwhelming activity,distraction from thoughts,negative,202103_114.2549302_22.743100399999996.png
traffic,stressful environment,increased anxiety,negative,202103_114.2549302_22.743100399999996.png
roads,lack of escape,avoid staying,negative,202103_114.2580832_22.585963900000003.png
construction,stressful environment,increase obligations,negative,202103_114.2580832_22.585963900000003.png
vehicles,active atmosphere,distract from relaxation,negative,202103_114.2580832_22.585963900000003.png
streetscape,lack of escape,increased attention,negative,202103_114.2578653_22.7203272.png
traffic,mental distraction,avoidance of relaxation,negative,202103_114.2578653_22.7203272.png
pedestrians,overstimulation,heightened awareness,negative,202103_114.2578653_22.7203272.png
commercial,demanding environment,focus on tasks,negative,202103_114.2578653_22.7203272.png
intersection,not a refuge,continue daily activities,negative,202103_114.26684914823393_22.71538867852579.png
construction,stressful environment,avoid the area,negative,202103_114.26684914823393_22.71538867852579.png
traffic,distraction from obligations,remain focused on tasks,negative,202103_114.26684914823393_22.71538867852579.png
street,stress and obligation,avoidance of escape,negative,202103_114.2781623_22.7481021.png
construction,distraction and noise,increased attention demands,negative,202103_114.2781623_22.7481021.png
traffic,busy and overwhelming,reduced relaxation,negative,202103_114.2781623_22.7481021.png
traffic,lack of escape,stay engaged,negative,202103_114.2679897_22.7206134.png
buildings,limited refuge,avoid distraction,negative,202103_114.2679897_22.7206134.png
intersection,presence of demands,continue routine,negative,202103_114.2679897_22.7206134.png
trees,limited sense of escape,difficult to feel removed,negative,202103_114.2694299_22.7328135.png
cars,sense of daily demands,inhibits relaxation,negative,202103_114.2694299_22.7328135.png
pedestrians,sense of nuisance,limits refuge,negative,202103_114.2694299_22.7328135.png
businesses,lack of tranquility,prevents escape,negative,202103_114.2694299_22.7328135.png
traffic,lack of refuge,momentary escape,negative,202103_114.2739153_22.588342099999995.png
signage,presence of activity,observation,negative,202103_114.2739153_22.588342099999995.png
infrastructure,limited detachment,none,negative,202103_114.2739153_22.588342099999995.png
urban,too present,none,negative,202103_114.2739153_22.588342099999995.png
streetscape,limited escapism,low engagement,negative,202103_114.28479693246106_22.742720822742406.png
buildings,everyday environment,recall daily demands,neutral,202103_114.28479693246106_22.742720822742406.png
natural elements,mental detachment,seek serenity,positive,202103_114.28479693246106_22.742720822742406.png
streetscape,lack of escape,transit and activity,negative,202103_114.2818492_22.7280577.png
vehicles,stress and busyness,avoidance of quiet contemplation,negative,202103_114.2818492_22.7280577.png
construction,distraction from daily concerns,focus on activity,negative,202103_114.2818492_22.7280577.png
buildings,utilitarian environment,engagement in daily tasks,negative,202103_114.2818492_22.7280577.png
intersection,lack of escape,difficult to detach,negative,202103_114.2850759_22.7272031.png
traffic,bustling environment,ongoing engagement,negative,202103_114.2850759_22.7272031.png
buildings,not a sanctuary,remains focused on obligations,negative,202103_114.2850759_22.7272031.png
pedestrian,constant activity,increased distraction,negative,202103_114.2850759_22.7272031.png
road,not a strong refuge,diminished escape,negative,202103_114.29001_22.6113186.png
cars,source of distraction,continued travel,negative,202103_114.29001_22.6113186.png
excavator,source of distraction,ongoing work,negative,202103_114.29001_22.6113186.png
buildings,sense of being outdoors,moderate refuge,neutral,202103_114.2927359_22.730804699999997.png
cars,reminders of daily life,limited escape,negative,202103_114.2927359_22.730804699999997.png
construction,sense of responsibilities,distraction from relaxation,negative,202103_114.2927359_22.730804699999997.png
streetscape,not a place to escape,avoid lingering,negative,202108_114.21894076622645_22.63182816908474.png
trees,busy and utilitarian,seek refuge elsewhere,negative,202108_114.21894076622645_22.63182816908474.png
buildings,lack of detachment,remain engaged with life,negative,202108_114.21894076622645_22.63182816908474.png
street,no sense of escape,continue daily activities,negative,202103_114.29401012603901_22.73801630608966.png
traffic,stressful environment,avoidance of the area,negative,202103_114.29401012603901_22.73801630608966.png
pedestrians,lack of refuge,move quickly,negative,202103_114.29401012603901_22.73801630608966.png
trees,partial escape from urban nuisances,step away from daily demands,positive,202103_114.30650090000002_22.600766799999995.png
greenery,sense of relaxation,seek tranquility,positive,202103_114.30650090000002_22.600766799999995.png
sky,uplifted mood,enjoy outdoor space,positive,202103_114.30650090000002_22.600766799999995.png
sign,hint of relaxation,explore nearby facilities,positive,202103_114.30650090000002_22.600766799999995.png
road,diminished relaxation,hesitate to engage,negative,202103_114.30650090000002_22.600766799999995.png
highway,not a refuge,limited escape,negative,202111_113.8737497_22.832217000000004.png
traffic,sense of activity,no mental break,negative,202111_113.8737497_22.832217000000004.png
environment,urban and functional,no tranquility,negative,202111_113.8737497_22.832217000000004.png
greenery,sense of escape,mental detachment,positive,202201_114.2731717_22.634134700000004.png
sunlight,sense of escape,mental detachment,positive,202201_114.2731717_22.634134700000004.png
trees,sense of escape,mental detachment,positive,202201_114.2731717_22.634134700000004.png
park-like atmosphere,sense of escape,mental detachment,positive,202201_114.2731717_22.634134700000004.png
vehicles,urban demands,stress acknowledgment,negative,202201_114.2731717_22.634134700000004.png
street,lack of escape,continue daily routine,negative,202112_114.34117390815733_22.7026478475379.png
buildings,no mental break,engage in urban activities,negative,202112_114.34117390815733_22.7026478475379.png
traffic,urban bustle,maintain routine,negative,202112_114.34117390815733_22.7026478475379.png
shops,continuation of everyday life,shop or browse,neutral,202112_114.34117390815733_22.7026478475379.png
cars,connection to daily routines,continue daily activities,negative,202201_114.2807160931571_22.746562319789387.png
buildings,lack of escape,remain in urban environment,negative,202201_114.2807160931571_22.746562319789387.png
infrastructure,urban pressures,navigate city life,negative,202201_114.2807160931571_22.746562319789387.png
street,not a refuge,difficulty escaping,negative,202202_113.8003438_22.765188499999997.png
traffic,overwhelmed by demands,increased stress,negative,202202_113.8003438_22.765188499999997.png
pedestrians,lack of tranquility,avoidance of the area,negative,202202_113.8003438_22.765188499999997.png
commercial,constant activity,distraction from thoughts,negative,202202_113.8003438_22.765188499999997.png
vegetation,respite from daily demands,seeking tranquility,positive,202202_113.8507515_22.815353899999995.png
homes,moderately high sense of being away,exploring quiet areas,positive,202202_113.8507515_22.815353899999995.png
cars,slight distraction from tranquility,avoiding noise,negative,202202_113.8507515_22.815353899999995.png
wires,interruption of natural feel,seeking natural environments,negative,202202_113.8507515_22.815353899999995.png
vehicles,lack of escapism,avoidance of obligations,negative,202202_113.87826978307895_22.812386755821436.png
trees,limited refuge,inability to relax,negative,202202_113.87826978307895_22.812386755821436.png
street,urban stress,distraction from thoughts,negative,202202_113.87826978307895_22.812386755821436.png
greenery,sense of respite,mental escape,positive,202202_113.96642646682037_22.611635078505937.png
atmosphere,organized and serene,separation from daily pressures,positive,202202_113.96642646682037_22.611635078505937.png
traffic,minimal disturbance,enhanced relaxation,positive,202202_113.96642646682037_22.611635078505937.png
street,not an escape,daily routines,negative,202202_113.90250819161481_22.798201494461292.png
traffic,busy environment,obligations,negative,202202_113.90250819161481_22.798201494461292.png
commercial,associated with daily life,engagement in activities,neutral,202202_113.90250819161481_22.798201494461292.png
buildings,ordinary surroundings,routine behavior,negative,202202_113.90250819161481_22.798201494461292.png
streetscape,limited feeling of refuge,not facilitating mental escape,negative,202202_113.92040679807957_22.523559341736707.png
trees,difficult to escape mental demands,not providing a sense of refuge,negative,202202_113.92040679807957_22.523559341736707.png
roads,part of urban hustle,not allowing mental escape,negative,202202_113.92040679807957_22.523559341736707.png
vehicles,conveys urban activity,not facilitating relaxation,negative,202202_113.92040679807957_22.523559341736707.png
buildings,contributes to urban demands,not promoting mental detachment,negative,202202_113.92040679807957_22.523559341736707.png
greenery,temporary respite,mental disengagement,positive,202203_113.8021443_22.735354999999995.png
environment,degree of separation,escape from daily demands,positive,202203_113.8021443_22.735354999999995.png
street,limited sense of being away,difficult to escape,negative,202203_113.8044636404817_22.67523148030025.png
shops,ongoing activities,source of daily nuisances,negative,202203_113.8044636404817_22.67523148030025.png
traffic,bustling environment,distraction from daily life,negative,202203_113.8044636404817_22.67523148030025.png
pedestrian,sense of obligation,engagement in daily routines,negative,202203_113.8044636404817_22.67523148030025.png
trees,slight departure from sterility,seeking relaxation,positive,202203_113.8828955708783_22.57293924034783.png
street,functional busy environment,engaging in daily activities,negative,202203_113.8828955708783_22.57293924034783.png
traffic,stressful atmosphere,avoiding escape,negative,202203_113.8828955708783_22.57293924034783.png
vendors,active environment,participating in commerce,neutral,202203_113.8828955708783_22.57293924034783.png
shops,busy urban life,shopping or browsing,neutral,202203_113.8828955708783_22.57293924034783.png
road,not a place for escape,limited refuge seeking,negative,202203_113.90067206584965_22.5678543452375.png
trees,some visual separation,attempt to find tranquility,neutral,202203_113.90067206584965_22.5678543452375.png
buildings,connected to urban hustle,avoidance of stress,negative,202203_113.90067206584965_22.5678543452375.png
intersection,lack of escape,transit activity,negative,202207_113.7899513_22.7557094.png
traffic,mental detachment,none,negative,202207_113.7899513_22.7557094.png
infrastructure,not a refuge,none,negative,202207_113.7899513_22.7557094.png
trees,slight sense of escape,seeking refuge,positive,202203_113.91176155987927_22.577002831060557.png
urban bustle,not a complete refuge,enduring demands,negative,202203_113.91176155987927_22.577002831060557.png
trees,natural element,feel relaxed,positive,202207_114.0390344_22.565740199999993.png
intersection,lack of escape,continue thinking,negative,202207_114.0390344_22.565740199999993.png
buildings,urban nuisances,avoid stopping,negative,202207_114.0390344_22.565740199999993.png
buildings,sense of being away,separation from distractions,positive,202211_113.77505982771899_22.723719831714774.png
vehicles,lack of refuge,increased mental demands,negative,202211_113.77505982771899_22.723719831714774.png
greenery,distraction from demands,seeking escape,positive,202207_114.0415258_22.5271703.png
traffic,lack of refuge,inability to detach,negative,202207_114.0415258_22.5271703.png
street,visual complexity,engaging with surroundings,neutral,202207_114.0415258_22.5271703.png
traffic,demanding attention,focus on practical matters,negative,202207_114.0711204_22.525914400000005.png
construction,lack of escape,avoid nuisances,negative,202207_114.0711204_22.525914400000005.png
crossings,part of everyday world,engage in daily routines,neutral,202207_114.0711204_22.525914400000005.png
signals,focus on practical matters,navigate urban space,neutral,202207_114.0711204_22.525914400000005.png
street,not feeling like a refuge,engagement with daily life,negative,202211_113.77730378065276_22.73701757854313.png
vehicles,constant presence,detachment from concerns,negative,202211_113.77730378065276_22.73701757854313.png
buildings,lack of escape,limited relaxation,negative,202211_113.77730378065276_22.73701757854313.png
natural elements,facilitating detachment,escape from daily concerns,negative,202211_113.77730378065276_22.73701757854313.png
intersection,lack of tranquility,no mental break,negative,202211_113.77998670000001_22.727497899999996.png
concrete,no sense of escape,increased stress,negative,202211_113.77998670000001_22.727497899999996.png
vehicles,busy environment,distraction from routine,negative,202211_113.77998670000001_22.727497899999996.png
structures,overwhelming presence,avoidance of the area,negative,202211_113.77998670000001_22.727497899999996.png
trees,lack of escape,no mental detachment,negative,202211_113.7794258_22.7216817.png
buildings,everyday life,no tranquil retreat,negative,202211_113.7794258_22.7216817.png
traffic,stressful environment,avoidance of the area,negative,202211_113.7794258_22.7216817.png
trees,mental escape,seek refuge,positive,202211_113.78170653341552_22.710430335930678.png
median,visual break,reduce stress,positive,202211_113.78170653341552_22.710430335930678.png
traffic,limited refuge,avoidance,negative,202211_113.78170653341552_22.710430335930678.png
infrastructure,urban awareness,cautious navigation,neutral,202211_113.78170653341552_22.710430335930678.png
traffic,not a sense of escape,no deep mental disengagement,negative,202211_113.78291956179339_22.7216500714381.png
buildings,not a refuge from nuisances,no calming actions,negative,202211_113.78291956179339_22.7216500714381.png
traffic,difficulty escaping,remain connected,negative,202211_113.7865158_22.714390699999996.png
pedestrians,lack of tranquility,avoidance of relaxation,negative,202211_113.7865158_22.714390699999996.png
street,overwhelmed by busyness,inability to disengage,negative,202211_113.7865158_22.714390699999996.png
intersection,reminder of daily demands,stay focused on routine,negative,202211_113.78304058960535_22.737725950145425.png
traffic,stress and distraction,avoid the area,negative,202211_113.78304058960535_22.737725950145425.png
construction,disruption of peace,seek refuge elsewhere,negative,202211_113.78304058960535_22.737725950145425.png
advertisements,overstimulation,ignore surroundings,negative,202211_113.78304058960535_22.737725950145425.png
devices,anchoring to the present,follow traffic rules,neutral,202211_113.78304058960535_22.737725950145425.png
traffic,lack of refuge,increased stress,negative,202211_113.78370155342758_22.7074816970686.png
buildings,overwhelmed by city life,avoidance of the area,negative,202211_113.78370155342758_22.7074816970686.png
intersection,constant activity,distraction from thoughts,negative,202211_113.78370155342758_22.7074816970686.png
street,lack of escape,continued concern,negative,202211_113.78558075179616_22.734401360164554.png
vehicles,connection to daily life,no refuge,negative,202211_113.78558075179616_22.734401360164554.png
buildings,not a place of respite,persistent thoughts,negative,202211_113.78558075179616_22.734401360164554.png
traffic,overwhelmed by environment,avoidance of relaxation,negative,202211_113.78558075179616_22.734401360164554.png
pedestrians,busy atmosphere,inability to disengage,negative,202211_113.78558075179616_22.734401360164554.png
greenery,feeling of escape,seeking tranquility,positive,202211_113.78739203139185_22.72511476737532.png
highway,sense of removal,avoiding urban stress,positive,202211_113.78739203139185_22.72511476737532.png
landscaping,overall neatness,promoting relaxation,positive,202211_113.78739203139185_22.72511476737532.png
intersection,lack of refuge,difficulty disconnecting,negative,202211_113.7870944_22.721516699999995.png
traffic,overwhelmed by demands,inability to escape,negative,202211_113.7870944_22.721516699999995.png
buildings,functional environment,feeling trapped,negative,202211_113.7870944_22.721516699999995.png
traffic,difficult to disengage,inability to relax,negative,202211_113.7875024254806_22.752434936078743.png
concrete,not conducive to mental escape,increased stress,negative,202211_113.7875024254806_22.752434936078743.png
industrial,constant attention required,focus on tasks,negative,202211_113.7875024254806_22.752434936078743.png
street,immersed in hustle and bustle,requires attention to navigation,negative,202211_113.7878427500912_22.730293811501266.png
traffic,not a refuge from demands,focus on everyday concerns,negative,202211_113.7878427500912_22.730293811501266.png
infrastructure,overwhelmed by surroundings,avoid prolonged stay,negative,202211_113.7878427500912_22.730293811501266.png
highway,sense of urgency,hurry through the area,negative,202211_113.7878427500912_22.730293811501266.png
street,lack of escape,minimal engagement,negative,202211_113.78807238764684_22.679775888856494.png
construction,disruption of peace,avoidance,negative,202211_113.78807238764684_22.679775888856494.png
buildings,urban stress,withdrawal,negative,202211_113.78807238764684_22.679775888856494.png
traffic,lack of escape,increased stress,negative,202211_113.7880901_22.6966198.png
urban,immersion in hustle,continuation of responsibilities,negative,202211_113.7880901_22.6966198.png
street,not a refuge,reducing sense of being away,negative,202211_113.788117_22.677831.png
traffic,constant distraction,difficult to stop thinking,negative,202211_113.788117_22.677831.png
buildings,overwhelming presence,inhibiting relaxation,negative,202211_113.788117_22.677831.png
trees,escape from daily pressures,seek tranquility,positive,202211_113.7887506388353_22.740704310661634.png
traffic,moderated relaxation,hesitate to linger,negative,202211_113.7887506388353_22.740704310661634.png
park-like areas,sense of separation,enjoy nature,positive,202211_113.7887506388353_22.740704310661634.png
road,lack of refuge,avoidance of relaxation,negative,202211_113.78918557199142_22.749255381384106.png
highways,overwhelmed by responsibilities,increased stress,negative,202211_113.78918557199142_22.749255381384106.png
traffic,constant reminders of daily life,distraction from tasks,negative,202211_113.78918557199142_22.749255381384106.png
infrastructure,feeling trapped,inability to escape,negative,202211_113.78918557199142_22.749255381384106.png
intersection,overwhelmed by demands,avoidance of the area,negative,202211_113.7885606_22.738446.png
traffic,stress from noise,increased distraction,negative,202211_113.7885606_22.738446.png
buildings,lack of refuge,continued engagement in tasks,negative,202211_113.7885606_22.738446.png
road,lack of refuge,inability to disconnect,negative,202211_113.78890354714758_22.74601816597424.png
structures,mental strain,difficulty in finding respite,negative,202211_113.78890354714758_22.74601816597424.png
construction,not a strong refuge,detach from concerns,negative,202211_113.79004667585805_22.70128916361529.png
traffic,not an ideal place,escape from demands,negative,202211_113.79004667585805_22.70128916361529.png
urban,ongoing nuisances,avoid distractions,negative,202211_113.79004667585805_22.70128916361529.png
traffic,sense of immersion,avoidance of relaxation,negative,202211_113.7894217_22.752072800000004.png
highways,source of stress,increased anxiety,negative,202211_113.7894217_22.752072800000004.png
construction,lack of refuge,distraction from pressing matters,negative,202211_113.7894217_22.752072800000004.png
infrastructure,hustle and bustle,inability to find solace,negative,202211_113.7894217_22.752072800000004.png
buildings,lack of escape,difficulty feeling away,negative,202211_113.789865366151_22.685985015913158.png
roads,lack of peaceful detachment,difficulty feeling away,negative,202211_113.789865366151_22.685985015913158.png
vehicles,constant demands of urban life,difficulty feeling away,negative,202211_113.789865366151_22.685985015913158.png
river,sense of being away,seeking refuge,positive,202211_113.79055882943925_22.672146498544933.png
vegetation,feeling of detachment,escaping daily pressures,positive,202211_113.79055882943925_22.672146498544933.png
street,tranquil setting,avoiding crowded activity,positive,202211_113.79055882943925_22.672146498544933.png
urban,not a refuge,continue daily tasks,negative,202211_113.7912695_22.7661087.png
infrastructure,associated with demands,experience stress,negative,202211_113.7912695_22.7661087.png
traffic,not an escape,remain engaged,negative,202211_113.7912695_22.7661087.png
traffic,lack of refuge,avoidance of space,negative,202211_113.794634_22.7212886.png
construction,stress from noise,seeking quiet areas,negative,202211_113.794634_22.7212886.png
urban,overwhelmed by demands,desire for escape,negative,202211_113.794634_22.7212886.png
street,intensified responsibilities,active engagement,negative,202211_113.79437007537138_22.682460288185617.png
traffic,heightened stress,increased focus on duties,negative,202211_113.79437007537138_22.682460288185617.png
commercial,distraction from relaxation,continued involvement,negative,202211_113.79437007537138_22.682460288185617.png
bustle,overwhelmed state,difficulty in detaching,negative,202211_113.79437007537138_22.682460288185617.png
vehicles,lack of refuge,continue moving,negative,202211_113.79429692960518_22.764511153722612.png
buildings,sense of confinement,avoid lingering,negative,202211_113.79429692960518_22.764511153722612.png
greenery,minimal relief,brief pause,neutral,202211_113.79429692960518_22.764511153722612.png
trees,decent escape from daily stresses,seek refuge,positive,202211_113.79350177668738_22.737989125852156.png
traffic,not a complete sanctuary,drawn back to urban demands,negative,202211_113.79350177668738_22.737989125852156.png
buildings,suggests urban life presence,return to daily routine,neutral,202211_113.79350177668738_22.737989125852156.png
traffic,lack of escape,commuting,negative,202211_113.7948451_22.7100912.png
buildings,urban grind,engaged in activities,negative,202211_113.7948451_22.7100912.png
construction,stressful environment,navigating through chaos,negative,202211_113.7948451_22.7100912.png
street,lack of escape,mental disengagement,negative,202211_113.794994_22.703955800000003.png
greenery,minimal refuge,avoidance of nuisances,negative,202211_113.794994_22.703955800000003.png
traffic,stressful environment,increased tension,negative,202211_113.794994_22.703955800000003.png
buildings,functional space,transit,neutral,202211_113.794994_22.703955800000003.png
trees,not strongly evoked sense of being away,limited escape from daily life,negative,202211_113.79193981834086_22.71943767205122.png
vehicles,"active, everyday space",no refuge,negative,202211_113.79193981834086_22.71943767205122.png
fences,confinement,reinforces typical demands,negative,202211_113.79193981834086_22.71943767205122.png
buildings,urban setting,lack of relaxation,negative,202211_113.79193981834086_22.71943767205122.png
parking,orderly environment,utilitarian focus,negative,202211_113.79193981834086_22.71943767205122.png
water,sense of escape,leave behind concerns,positive,202211_113.79229048303672_22.6689154022437.png
vegetation,feeling of removal,avoid distractions,positive,202211_113.79229048303672_22.6689154022437.png
road,moderate sense of being away,explore further,positive,202211_113.79229048303672_22.6689154022437.png
trees,offers a natural element,find solace,positive,202211_113.79518530836098_22.76959929386346.png
street,does not evoke a sense of refuge,stop thinking about responsibilities,negative,202211_113.79518530836098_22.76959929386346.png
vehicles,"busy, functional urban setting",none,neutral,202211_113.79518530836098_22.76959929386346.png
pedestrian,lacks tranquility,none,negative,202211_113.79518530836098_22.76959929386346.png
road,not a refuge,avoidance,negative,202211_113.79544105251205_22.737848127648423.png
construction,noisy environment,distraction,negative,202211_113.79544105251205_22.737848127648423.png
infrastructure,demanding setting,stress response,negative,202211_113.79544105251205_22.737848127648423.png
trees,limited sense of escape,less likely to seek refuge,negative,202211_113.7957707_22.7341786.png
intersection,sense of urban activity,engagement in commerce,neutral,202211_113.7957707_22.7341786.png
street,feelings of stress,no escape,negative,202211_113.7972678_22.751497699999998.png
vehicles,feelings of being overwhelmed,avoidance,negative,202211_113.7972678_22.751497699999998.png
road,lack of mental detachment,increased anxiety,negative,202211_113.7972678_22.751497699999998.png
street,minimal sense of being away,not a refuge,negative,202211_113.79678975316196_22.71011567786458.png
traffic,overwhelmed by daily obligations,distracted from relaxation,negative,202211_113.79678975316196_22.71011567786458.png
buildings,lack of tranquility,no desire to linger,negative,202211_113.79678975316196_22.71011567786458.png
street,lack of refuge,inability to relax,negative,202211_113.79873311776561_22.754680687830483.png
greenery,distraction from stress,increased awareness,negative,202211_113.79873311776561_22.754680687830483.png
traffic,constant demand for attention,heightened anxiety,negative,202211_113.79873311776561_22.754680687830483.png
street,not a refuge,avoidance of thoughts,negative,202211_113.7991550936337_22.686108842505572.png
traffic,constant presence,distraction from concerns,negative,202211_113.7991550936337_22.686108842505572.png
buildings,urban infrastructure,feeling of confinement,negative,202211_113.7991550936337_22.686108842505572.png
activity,overwhelmed by demands,inability to relax,negative,202211_113.7991550936337_22.686108842505572.png
street,not a refuge,escape demands,negative,202211_113.80012963169145_22.73168592170157.png
environment,constant activity,not a break,negative,202211_113.80012963169145_22.73168592170157.png
streets,sense of being in the midst of life's activities,engaged with everyday concerns,negative,202211_113.79916404413021_22.68246341157333.png
traffic,sense of being in the midst of life's activities,engaged with everyday concerns,negative,202211_113.79916404413021_22.68246341157333.png
shops,sense of being in the midst of life's activities,engaged with everyday concerns,negative,202211_113.79916404413021_22.68246341157333.png
noise,sense of being in the midst of life's activities,engaged with everyday concerns,negative,202211_113.79916404413021_22.68246341157333.png
street,limited escape from worries,engagement with the external world,negative,202211_113.80026575345416_22.723921665747103.png
traffic,sense of being overwhelmed,increased stress,negative,202211_113.80026575345416_22.723921665747103.png
pedestrians,lack of solitude,social interaction,neutral,202211_113.80026575345416_22.723921665747103.png
commercial,busy atmosphere,consumer activity,neutral,202211_113.80026575345416_22.723921665747103.png
trees,diminished sense of escape,stress response,negative,202211_113.7997937_22.707590499999995.png
street,source of stress,avoidance of urban hustle,negative,202211_113.7997937_22.707590499999995.png
streetscape,lack of being away,difficulty disconnecting,negative,202211_113.7995817_22.704094600000005.png
traffic,stress and distraction,increased urban engagement,negative,202211_113.7995817_22.704094600000005.png
buildings,overwhelmed by responsibilities,persistent urban involvement,negative,202211_113.7995817_22.704094600000005.png
road,lack of escape,transit,negative,202211_113.80061823030748_22.772759728708166.png
elements,urban stress,avoidance,negative,202211_113.80061823030748_22.772759728708166.png
area,feeling of development,disengagement,negative,202211_113.80061823030748_22.772759728708166.png
street,lack of refuge,avoidance of stress,negative,202211_113.8021243_22.703507899999998.png
traffic,overwhelmed by noise,seeking quiet,negative,202211_113.8021243_22.703507899999998.png
vehicles,sense of urgency,hurry through,negative,202211_113.8021243_22.703507899999998.png
commercial,busy atmosphere,engagement in work,neutral,202211_113.8021243_22.703507899999998.png
street,stressful environment,avoidance of refuge,negative,202211_113.8017865_22.6838826.png
traffic,overwhelming pressure,inability to relax,negative,202211_113.8017865_22.6838826.png
buildings,lack of peace,continuation of daily tasks,negative,202211_113.8017865_22.6838826.png
greenery,temporary escape,providing relief,positive,202211_113.80055113151711_22.67389485421088.png
traffic,not a complete refuge,limiting relaxation,negative,202211_113.80055113151711_22.67389485421088.png
street,lack of escape,continuation of daily life,negative,202211_113.802514016974_22.733077252307645.png
commercial,stress presence,engagement in routine,negative,202211_113.802514016974_22.733077252307645.png
traffic,overwhelmed feeling,avoidance of retreat,negative,202211_113.802514016974_22.733077252307645.png
buildings,not a refuge,avoidance of demands,negative,202211_113.8041477_22.688541199999996.png
roads,presence of demands,engagement in hustle,negative,202211_113.8041477_22.688541199999996.png
vehicles,stressful environment,increased activity,negative,202211_113.8041477_22.688541199999996.png
intersection,lack of escape,not seeking refuge,negative,202211_113.8006675_22.7256871.png
traffic,stressful environment,avoiding the area,negative,202211_113.8006675_22.7256871.png
buildings,engagement with daily life,continuing practical matters,neutral,202211_113.8006675_22.7256871.png
storefronts,busy atmosphere,not relaxing,negative,202211_113.8006675_22.7256871.png
intersection,lack of escape,increased stress,negative,202211_113.8025674_22.754007199999997.png
traffic,overwhelmed,avoidance,negative,202211_113.8025674_22.754007199999997.png
construction,distraction,disengagement,negative,202211_113.8025674_22.754007199999997.png
activity,mental fatigue,withdrawal,negative,202211_113.8025674_22.754007199999997.png
greenery,not a refuge,avoidance of stress,negative,202211_113.80511405552055_22.76084920992534.png
street,pressing thoughts,engagement with daily concerns,negative,202211_113.80511405552055_22.76084920992534.png
road,not a refuge,avoidance of stress,negative,202211_113.8041727_22.7795268.png
vehicles,connected to daily life,engagement in routine,neutral,202211_113.8041727_22.7795268.png
infrastructure,pressing thoughts,distraction from relaxation,negative,202211_113.8041727_22.7795268.png
street,not a refuge,avoid stopping,negative,202211_113.8057355_22.673866700000005.png
traffic,sense of demand,engage in activity,negative,202211_113.8057355_22.673866700000005.png
pedestrians,everyday activity,participate in daily life,neutral,202211_113.8057355_22.673866700000005.png
greenery,sense of detachment,respite from urban demands,positive,202211_113.80678275140282_22.722272628429288.png
infrastructure,not a complete escape,awareness of city life demands,negative,202211_113.80678275140282_22.722272628429288.png
trees,lack of escape,difficulty in feeling removed,negative,202211_113.80678930000002_22.665553.png
traffic,sense of demand,increased stress,negative,202211_113.80678930000002_22.665553.png
built environment,active space,engagement with daily concerns,negative,202211_113.80678930000002_22.665553.png
streetscape,limited sense of being away,reminded of daily routines,negative,202211_113.80604_22.7185322.png
vehicles,overwhelmed by urban activity,avoidance of refuge,negative,202211_113.80604_22.7185322.png
advertisements,distraction from relaxation,increased stress,negative,202211_113.80604_22.7185322.png
buildings,reminder of obligations,inability to detach,negative,202211_113.80604_22.7185322.png
skies,slight sense of detachment,temporary relief from worries,positive,202211_113.80604_22.7185322.png
sunlight,enhanced mood,momentary escape,positive,202211_113.80604_22.7185322.png
streetscape,intrusive environment,difficulty disengaging,negative,202211_113.8079517_22.735531800000004.png
traffic,demanding attention,increased stress,negative,202211_113.8079517_22.735531800000004.png
commercial,overwhelmed by obligations,inability to relax,negative,202211_113.8079517_22.735531800000004.png
construction,constant distraction,lack of focus,negative,202211_113.8079517_22.735531800000004.png
intersection,not peaceful,seek escape,negative,202211_113.8067898_22.7047194.png
traffic,stressful environment,avoid congestion,negative,202211_113.8067898_22.7047194.png
buildings,overwhelmed,search for calm,negative,202211_113.8067898_22.7047194.png
greenery,slight respite,pause and relax,positive,202211_113.8067898_22.7047194.png
sky,uplifting,enjoy the view,positive,202211_113.8067898_22.7047194.png
road,lack of escape,avoidance of distractions,negative,202211_113.8077616_22.622286599999995.png
greenery,managed environment,limited relaxation,negative,202211_113.8077616_22.622286599999995.png
vehicles,constant disturbance,increased stress,negative,202211_113.8077616_22.622286599999995.png
infrastructure,structured surroundings,reduced mental refuge,negative,202211_113.8077616_22.622286599999995.png
sky,slight break from demands,temporary relief,positive,202211_113.80912177043206_22.61110371298426.png
greenery,weak sense of being away,momentary escape,negative,202211_113.80912177043206_22.61110371298426.png
road,feeling of presence of concerns,increased awareness of daily life,negative,202211_113.80912177043206_22.61110371298426.png
traffic,active urban area,stress response,negative,202211_113.80912177043206_22.61110371298426.png
buildings,concrete environment,sense of confinement,negative,202211_113.80912177043206_22.61110371298426.png
traffic,lack of escape,avoidance of the space,negative,202211_113.8092688_22.7242032.png
buildings,overwhelmed by obligations,continued engagement with daily demands,negative,202211_113.8092688_22.7242032.png
fences,feeling confined,limited exploration,negative,202211_113.8092688_22.7242032.png
greenery,minimal refuge,brief respite,neutral,202211_113.8092688_22.7242032.png
traffic,sense of nuisance,distracted thinking,negative,202211_113.8082633_22.674981199999994.png
buildings,lack of escape,inability to relax,negative,202211_113.8082633_22.674981199999994.png
construction,ongoing stress,heightened awareness,negative,202211_113.8082633_22.674981199999994.png
urban life,active engagement,constant activity,neutral,202211_113.8082633_22.674981199999994.png
intersection,no sense of escape,none triggered,negative,202211_113.8100430382602_22.746583540331518.png
traffic,stimulating environment,none triggered,neutral,202211_113.8100430382602_22.746583540331518.png
activity,no mental break,none triggered,negative,202211_113.8100430382602_22.746583540331518.png
greenery,some respite,feel detached,positive,202211_113.8102875_22.713581799999996.png
infrastructure,lack of escape,remain engaged,negative,202211_113.8102875_22.713581799999996.png
traffic,busy environment,difficult to relax,negative,202211_113.8102875_22.713581799999996.png
roads,structured environment,feel constrained,negative,202211_113.8102875_22.713581799999996.png
trees,sense of separation,detachment from daily life,positive,202211_113.8104048_22.698300300000003.png
bushes,mental respite,relaxation,positive,202211_113.8104048_22.698300300000003.png
road,well-organized space,encouragement to use public space,positive,202211_113.8104048_22.698300300000003.png
traffic,stressful environment,avoidance of the area,negative,202211_113.8109161_22.7844666.png
construction,disruptive atmosphere,increased alertness,negative,202211_113.8109161_22.7844666.png
signage,overwhelmed by stimuli,distracted focus,negative,202211_113.8109161_22.7844666.png
trees,moderate escape,take a break,neutral,202211_113.81151710000002_22.7109241.png
road,not profound refuge,continue daily activities,negative,202211_113.81151710000002_22.7109241.png
buildings,busy environment,engage with surroundings,negative,202211_113.81151710000002_22.7109241.png
highway,sense of escape,mental detachment,positive,202211_113.8118071_22.6277088.png
traffic,incomplete severance,continued concern,negative,202211_113.8118071_22.6277088.png
buildings,urban context,distraction from refuge,negative,202211_113.8118071_22.6277088.png
intersection,not a refuge,no mental escape,negative,202211_113.8125125_22.7035565.png
buildings,imposing presence,increased stress,negative,202211_113.8125125_22.7035565.png
traffic,constant activity,distraction from relaxation,negative,202211_113.8125125_22.7035565.png
green,partial escape from stress,seeking refuge,positive,202211_113.8128071_22.708036599999993.png
traffic,not a complete refuge,difficulty in detachment,negative,202211_113.8128071_22.708036599999993.png
bridge,minor sense of detachment,elevated perspective,positive,202211_113.8128071_22.708036599999993.png
construction,ongoing concerns,distraction from relaxation,negative,202211_113.8128071_22.708036599999993.png
traffic,lack of refuge,no escape from daily tasks,negative,202211_113.81289118247106_22.69315953144936.png
buildings,urban overwhelm,inability to relax,negative,202211_113.81289118247106_22.69315953144936.png
activity,constant distraction,increased stress,negative,202211_113.81289118247106_22.69315953144936.png
highway,lack of escape,routine focus,negative,202211_113.8129691_22.612454500000002.png
infrastructure,directed attention,forward movement,negative,202211_113.8129691_22.612454500000002.png
environment,feeling of engagement,difficulty in escaping,negative,202211_113.8131533_22.734941999999997.png
buildings,lack of refuge,increased engagement with the outside world,negative,202211_113.8131533_22.734941999999997.png
traffic,stressful atmosphere,avoidance of the area,negative,202211_113.8131533_22.734941999999997.png
greenery,visually pleasant environment,engagement with surroundings,positive,202211_113.81342750000002_22.609136699999993.png
urban street,lack of tranquility,difficulty in mental escape,negative,202211_113.81342750000002_22.609136699999993.png
cars,high human activity,connection to daily routines,neutral,202211_113.81342750000002_22.609136699999993.png
buses,high human activity,connection to daily routines,neutral,202211_113.81342750000002_22.609136699999993.png
pedestrians,high human activity,connection to daily routines,neutral,202211_113.81342750000002_22.609136699999993.png
road,lack of escape,no stopping,negative,202211_113.813906_22.723575499999992.png
infrastructure,daily nuisances,continuing obligations,negative,202211_113.813906_22.723575499999992.png
intersection,not a refuge,difficult to disconnect,negative,202211_113.8155625_22.6925975.png
traffic,constant movement,find mental respite,negative,202211_113.8155625_22.6925975.png
commercial,demanding tasks,escape from concerns,negative,202211_113.8155625_22.6925975.png
site,disruption,escape from thoughts,negative,202211_113.8148696_22.791219799999997.png
construction,lack of tranquility,avoidance of stress,negative,202211_113.8148696_22.791219799999997.png
trees,sense of being away,mental escape,positive,202211_113.81445444997044_22.71011397201815.png
sunlight,break from demands,relaxation,positive,202211_113.81445444997044_22.71011397201815.png
shops,localized experience,engagement in activities,positive,202211_113.81445444997044_22.71011397201815.png
street,limited escape,remain engaged,negative,202211_113.81788238289876_22.73720803948338.png
traffic,ongoing stress,avoid relaxation,negative,202211_113.81788238289876_22.73720803948338.png
construction,distraction,stay alert,negative,202211_113.81788238289876_22.73720803948338.png
road,lack of escape,remain in urban setting,negative,202211_113.8169133_22.7276972.png
buildings,connection to everyday life,continue daily activities,neutral,202211_113.8169133_22.7276972.png
traffic,sense of chaos,avoidance of refuge,negative,202211_113.8169133_22.7276972.png
intersection,limited escape from worries,unlikely to seek refuge,negative,202211_113.81906263455099_22.645171396168205.png
traffic,constant movement and noise,avoidance of relaxation,negative,202211_113.81906263455099_22.645171396168205.png
buildings,extension of everyday life,lack of mental break,negative,202211_113.81906263455099_22.645171396168205.png
streetscape,lack of refuge,engagement with surroundings,negative,202211_113.8166272_22.739275599999992.png
traffic,constant distraction,inability to focus,negative,202211_113.8166272_22.739275599999992.png
construction,ongoing disturbance,increased stress,negative,202211_113.8166272_22.739275599999992.png
commercial buildings,busy environment,demand for attention,negative,202211_113.8166272_22.739275599999992.png
street,lack of refuge,avoidance of stress,negative,202211_113.819258_22.731765400000004.png
traffic,overwhelmed by hustle,distraction from thoughts,negative,202211_113.819258_22.731765400000004.png
greenery,slight connection to nature,temporary relief,neutral,202211_113.819258_22.731765400000004.png
infrastructure,sense of confinement,desire to escape,negative,202211_113.819258_22.731765400000004.png
street,not a refuge,engagement with urban life,negative,202211_113.8195161_22.77372370000001.png
traffic,stressful environment,avoidance of the area,negative,202211_113.8195161_22.77372370000001.png
construction,disruption,seeking quieter spaces,negative,202211_113.8195161_22.77372370000001.png
streetscape,lack of refuge,increased attention to tasks,negative,202211_113.81947015099487_22.662134225639655.png
traffic,stress,avoidance of the area,negative,202211_113.81947015099487_22.662134225639655.png
construction,distraction,focus on navigation,negative,202211_113.81947015099487_22.662134225639655.png
buildings,overwhelm,inability to relax,negative,202211_113.81947015099487_22.662134225639655.png
road,demanding attention,difficulty escaping daily life,negative,202211_113.82000803448553_22.737425312514915.png
highways,connected to daily life,focus on tasks,negative,202211_113.82000803448553_22.737425312514915.png
road,lack of escape,observing traffic,negative,202211_113.8199394_22.793124199999998.png
cars,routine activity,participating in traffic,negative,202211_113.8199394_22.793124199999998.png
traffic,stress from demands,navigating urban space,negative,202211_113.8199394_22.793124199999998.png
signals,indication of control,following directions,neutral,202211_113.8199394_22.793124199999998.png
infrastructure,sense of routine,engaging in daily life,neutral,202211_113.8199394_22.793124199999998.png
trees,diminished refuge,avoidance of stress,negative,202211_113.8205107_22.7671101.png
traffic,increased anxiety,seeking escape,negative,202211_113.8205107_22.7671101.png
greenery,limited relaxation,short visits,negative,202211_113.8205107_22.7671101.png
structures,overwhelmed senses,distraction from thoughts,negative,202211_113.8205107_22.7671101.png
intersection,lack of refuge,mental disengagement,negative,202211_113.820637_22.746738299999997.png
traffic,constant activity,lack of escape,negative,202211_113.820637_22.746738299999997.png
construction,demanding thoughts,low score for being away,negative,202211_113.820637_22.746738299999997.png
roads,lack of refuge,continuation of daily tasks,negative,202211_113.81980788593135_22.735630519639678.png
buildings,overwhelmed by stimuli,difficulty in detaching thoughts,negative,202211_113.81980788593135_22.735630519639678.png
traffic,stress and distraction,inability to relax,negative,202211_113.81980788593135_22.735630519639678.png
highways,chaotic environment,increased mental demands,negative,202211_113.81980788593135_22.735630519639678.png
vehicles,distraction from escape,inability to relax,negative,202211_113.82056086631368_22.770003645758248.png
urban,stressful environment,constant worry,negative,202211_113.82056086631368_22.770003645758248.png
noise,mental disturbance,difficulty concentrating,negative,202211_113.82056086631368_22.770003645758248.png
greenery,mental break,respite from stress,positive,202211_113.8215298_22.7856815.png
bridge,structured path,movement away from traffic,positive,202211_113.8215298_22.7856815.png
nature,visual calmness,escape from urban demands,positive,202211_113.8215298_22.7856815.png
intersection,not a refuge,avoid stopping thoughts,negative,202211_113.8222678_22.6425994.png
vehicles,overwhelmed by busyness,increase stress,negative,202211_113.8222678_22.6425994.png
buildings,lack of escape,continue daily tasks,negative,202211_113.8222678_22.6425994.png
intersection,not a refuge,avoidance of stress,negative,202211_113.8224325_22.781893600000004.png
traffic,overwhelmed by demands,increased anxiety,negative,202211_113.8224325_22.781893600000004.png
infrastructure,lack of escape,disengagement,negative,202211_113.8224325_22.781893600000004.png
intersection,sense of detachment,navigating the environment,positive,202211_113.8238756_22.7243285.png
landscape,mental break,observing surroundings,positive,202211_113.8238756_22.7243285.png
greenery,break from urban hustle,mental detachment,positive,202211_113.82408051311815_22.728240040511928.png
trees,tranquil atmosphere,relaxation,positive,202211_113.82408051311815_22.728240040511928.png
traffic,visible demands,awareness of surroundings,neutral,202211_113.82408051311815_22.728240040511928.png
traffic,mental burdens,stop thinking,negative,202211_113.8243632337177_22.64904179448346.png
greenery,natural reprieve,escape,positive,202211_113.8243632337177_22.64904179448346.png
urban,daily demands,none,negative,202211_113.8243632337177_22.64904179448346.png
traffic,difficult to escape,perpetuates need for attention,negative,202211_113.82538028408688_22.719057105167444.png
noise,constant distraction,increases focus on tasks,negative,202211_113.82538028408688_22.719057105167444.png
buildings,overwhelmed by stimuli,heightened awareness of surroundings,negative,202211_113.82538028408688_22.719057105167444.png
vehicles,stressful environment,difficulty in relaxation,negative,202211_113.82538028408688_22.719057105167444.png
road,not a refuge,avoidance,negative,202211_113.8262261_22.649557699999992.png
vehicles,active urban environment,engagement,neutral,202211_113.8262261_22.649557699999992.png
infrastructure,not a place to escape,disengagement,negative,202211_113.8262261_22.649557699999992.png
traffic,lack of refuge,difficulty escaping,negative,202211_113.8262488_22.767480499999998.png
pedestrians,overwhelmed by daily life,increased stress,negative,202211_113.8262488_22.767480499999998.png
activities,constant demands,attention required,negative,202211_113.8262488_22.767480499999998.png
trees,sense of escape,temporary shift in scenery,positive,202211_113.82573916010743_22.61515316408649.png
road,feeling of removal,passage through space,neutral,202211_113.82573916010743_22.61515316408649.png
cars,presence of urban stressors,awareness of surroundings,negative,202211_113.82573916010743_22.61515316408649.png
boulevard,limited escape from demands,relaxation attempts,negative,202211_113.8240045_22.6143394.png
greenery,natural element,enjoyment of nature,positive,202211_113.8240045_22.6143394.png
roads,urban context,navigation through space,neutral,202211_113.8240045_22.6143394.png
cars,daily concerns,commuting,negative,202211_113.8240045_22.6143394.png
infrastructure,suburban vibe,temporary respite,neutral,202211_113.8240045_22.6143394.png
intersection,stress and obligations,avoidance,negative,202211_113.8267783_22.775719399999996.png
traffic,stress,escape,negative,202211_113.8267783_22.775719399999996.png
construction,distraction,avoidance,negative,202211_113.8267783_22.775719399999996.png
commercial,obligation,avoidance,negative,202211_113.8267783_22.775719399999996.png
road,sense of escape,seeking tranquility,positive,202211_113.82747384253616_22.615966911644556.png
landscaping,well-managed environment,avoiding urban nuisances,positive,202211_113.82747384253616_22.615966911644556.png
thoroughfare,feeling 'away',relaxing,positive,202211_113.82747384253616_22.615966911644556.png
street,lack of refuge,difficulty detaching,negative,202211_113.8287431434808_22.765775781659993.png
traffic,overwhelmed by distractions,increased stress,negative,202211_113.8287431434808_22.765775781659993.png
shops,constant engagement,continued involvement in urban life,neutral,202211_113.8287431434808_22.765775781659993.png
pedestrians,crowdedness,social interaction,neutral,202211_113.8287431434808_22.765775781659993.png
greenery,slight escape from tasks,temporary relief,positive,202211_113.8289369_22.620437200000005.png
streetscape,superficial break,limited detachment,negative,202211_113.8289369_22.620437200000005.png
traffic,prevent complete detachment,ongoing concern,negative,202211_113.8289369_22.620437200000005.png
urban setting,limited sense of being away,inability to relax,negative,202211_113.8289369_22.620437200000005.png
road,lack of escape,continue daily life,negative,202211_113.8290642_22.6334903.png
vehicles,mental clutter,remain in routine,negative,202211_113.8290642_22.6334903.png
infrastructure,continuation of demands,avoid relaxation,negative,202211_113.8290642_22.6334903.png
road,lack of refuge,increased attention,negative,202211_113.8291359_22.6271889.png
vehicles,stressful environment,avoidance of disconnection,negative,202211_113.8291359_22.6271889.png
signage,demanding focus,heightened responsibility,negative,202211_113.8291359_22.6271889.png
road,lack of refuge,difficulty disengaging,negative,202211_113.82909389190422_22.798728128163745.png
traffic,constant distraction,inability to clear mind,negative,202211_113.82909389190422_22.798728128163745.png
infrastructure,overwhelming presence,increased focus on concerns,negative,202211_113.82909389190422_22.798728128163745.png
vehicles,stressful environment,lack of mental respite,negative,202211_113.82909389190422_22.798728128163745.png
street,lack of refuge,avoidance of urban areas,negative,202211_113.82926420000001_22.616800299999994.png
traffic,stress and anxiety,seeking quieter spaces,negative,202211_113.82926420000001_22.616800299999994.png
structures,feeling of confinement,desire for escape,negative,202211_113.82926420000001_22.616800299999994.png
intersection,not a refuge,focus on tasks,negative,202211_113.8305193_22.6370608.png
traffic,stressful environment,avoidance of relaxation,negative,202211_113.8305193_22.6370608.png
signage,distracting presence,heightened awareness,negative,202211_113.8305193_22.6370608.png
shops,commercial focus,engagement in consumerism,negative,202211_113.8305193_22.6370608.png
barriers,sense of confinement,limited exploration,negative,202211_113.8305193_22.6370608.png
traffic,sense of overwhelm,avoidance of the area,negative,202211_113.8300241_22.720450199999995.png
buildings,lack of escape,staying indoors,negative,202211_113.8300241_22.720450199999995.png
infrastructure,feeling trapped,seeking quieter spaces,negative,202211_113.8300241_22.720450199999995.png
trees,sense of calm,seeking relaxation,positive,202211_113.8310197_22.774946600000003.png
sky,feeling of openness,exploring outdoors,positive,202211_113.8310197_22.774946600000003.png
road,sense of congestion,avoiding the area,negative,202211_113.8310197_22.774946600000003.png
traffic,stress and distraction,seeking quieter spaces,negative,202211_113.8310197_22.774946600000003.png
buildings,feeling of confinement,desiring escape,negative,202211_113.8310197_22.774946600000003.png
barriers,sense of restriction,staying within limits,negative,202211_113.8310197_22.774946600000003.png
pedestrians,sense of engagement,social interaction,positive,202211_113.8310197_22.774946600000003.png
intersection,lack of escape,avoidance of urban life,negative,202211_113.831238_22.6301727.png
traffic,stress and congestion,seeking quieter spaces,negative,202211_113.831238_22.6301727.png
infrastructure,functional activity,engagement with urban environment,neutral,202211_113.831238_22.6301727.png
street,lack of mental detachment,avoidance of refuge,negative,202211_113.83197309305298_22.704721128144403.png
traffic,stimulating environment,increased concern,negative,202211_113.83197309305298_22.704721128144403.png
sounds,constant distraction,inability to escape,negative,202211_113.83197309305298_22.704721128144403.png
road,increased stress,avoidance of urban pressures,negative,202211_113.8319583_22.794324499999995.png
vehicles,lack of refuge,staying in traffic,negative,202211_113.8319583_22.794324499999995.png
power lines,urban/industrial feel,no desire to escape,negative,202211_113.8319583_22.794324499999995.png
street,lack of escape,difficulty in relaxation,negative,202211_113.83265292629095_22.7449197751454.png
buildings,sense of confinement,increased stress,negative,202211_113.83265292629095_22.7449197751454.png
traffic,constant distraction,inability to focus,negative,202211_113.83265292629095_22.7449197751454.png
traffic,lack of escape,avoidance of stress,negative,202211_113.8329816_22.758148399999996.png
pedestrians,overwhelmed by activity,withdrawal from environment,negative,202211_113.8329816_22.758148399999996.png
city,no refuge,increased anxiety,negative,202211_113.8329816_22.758148399999996.png
trees,not a clear refuge,difficult to detach,negative,202211_113.8345495_22.6195349.png
street,busy and active,engagement with daily life,neutral,202211_113.8345495_22.6195349.png
traffic,constant motion,inability to relax,negative,202211_113.8345495_22.6195349.png
intersection,evokes thoughts of routines,increased focus on responsibilities,negative,202211_113.8340601_22.743501199999997.png
traffic,creates mental clutter,distracted from relaxation,negative,202211_113.8340601_22.743501199999997.png
overpass,feels imposing,avoiding the area,negative,202211_113.8340601_22.743501199999997.png
buildings,contributes to urban stress,seeking quieter spaces,negative,202211_113.8340601_22.743501199999997.png
street,lack of escape,avoidance of responsibilities,negative,202211_113.834144_22.8052877.png
buildings,sense of activity,engagement in urban life,neutral,202211_113.834144_22.8052877.png
traffic,overwhelmed by demands,stress response,negative,202211_113.834144_22.8052877.png
parking,lack of escape,reinforces daily obligations,negative,202211_113.8337082_22.6138481.png
buildings,functional urban space,associated with work,negative,202211_113.8337082_22.6138481.png
vehicles,mental distractions,promotes transit mindset,negative,202211_113.8337082_22.6138481.png
greenery,overwhelming sense of busy city,difficulty to disconnect,negative,202211_113.8347799_22.784325.png
structures,not a typical refuge,inability to relax,negative,202211_113.8347799_22.784325.png
street,limited opportunities for being away,difficulty escaping concerns,negative,202211_113.83491565605196_22.752468916215623.png
traffic,constant presence of distractions,inability to relax,negative,202211_113.83491565605196_22.752468916215623.png
commercial,urban stress,avoidance of the area,negative,202211_113.83491565605196_22.752468916215623.png
setting,not a typical refuge,seeking alternative spaces,negative,202211_113.83491565605196_22.752468916215623.png
space,limited sense of being away,lack of escape,negative,202211_113.83508787706933_22.72382364074707.png
traffic,constant activity,distraction from daily demands,negative,202211_113.83508787706933_22.72382364074707.png
signage,lack of mental detachment,inability to relax,negative,202211_113.83508787706933_22.72382364074707.png
traffic,difficulty disconnecting,remain engaged,negative,202211_113.8352178_22.782021699999998.png
buildings,lack of refuge,avoid relaxation,negative,202211_113.8352178_22.782021699999998.png
urban,familiarity,stay within routine,negative,202211_113.8352178_22.782021699999998.png
street,lack of escape,transit movement,negative,202211_113.83526404667593_22.611700474525044.png
traffic,stress from congestion,avoidance of the area,negative,202211_113.83526404667593_22.611700474525044.png
infrastructure,feeling trapped,seeking refuge elsewhere,negative,202211_113.83526404667593_22.611700474525044.png
buildings,limited sense of being away,no strong escape,negative,202211_113.83579296108479_22.754490174676274.png
traffic,connection to routine life,reinforces daily concerns,negative,202211_113.83579296108479_22.754490174676274.png
environment,not a strong refuge,fails to provide escape,negative,202211_113.83579296108479_22.754490174676274.png
street,not a true escape,limited relaxation,negative,202211_113.83586272797584_22.70472169611849.png
signs,functional environment,lack of refuge,negative,202211_113.83586272797584_22.70472169611849.png
buildings,institutional feel,detachment from everyday life,negative,202211_113.83586272797584_22.70472169611849.png
traffic,ongoing presence,distraction from tranquility,negative,202211_113.83586272797584_22.70472169611849.png
infrastructure,limits sense of escape,maintaining usual environment,negative,202211_113.83586272797584_22.70472169611849.png
trees,sense of escape,mental disengagement,positive,202211_113.83656867620411_22.582477907037116.png
road,seclusion from urban bustle,being away,positive,202211_113.83656867620411_22.582477907037116.png
greenery,sense of detachment,seeking refuge,positive,202211_113.836346_22.638564300000002.png
sky,pleasant atmosphere,enjoying the environment,positive,202211_113.836346_22.638564300000002.png
traffic,limited escape,feeling constrained,negative,202211_113.836346_22.638564300000002.png
buildings,urban setting,feeling overwhelmed,negative,202211_113.836346_22.638564300000002.png
trees,moderate sense of being away,visual escape,positive,202211_113.8358525903324_22.742800056357705.png
sky,moderate sense of being away,visual escape,positive,202211_113.8358525903324_22.742800056357705.png
road,limited feeling of removal,increased stress,negative,202211_113.8358525903324_22.742800056357705.png
buildings,limited feeling of removal,increased stress,negative,202211_113.8358525903324_22.742800056357705.png
road,stressful environment,avoidance of space,negative,202211_113.83756681273348_22.74720177336638.png
trees,limited refuge,disengagement difficulty,negative,202211_113.83756681273348_22.74720177336638.png
buildings,urban nuisance,increased tension,negative,202211_113.83756681273348_22.74720177336638.png
traffic,overwhelming noise,withdrawal from area,negative,202211_113.83756681273348_22.74720177336638.png
intersection,demands attention,increased vigilance,negative,202211_113.8376261_22.770963599999998.png
traffic,lack of refuge,avoidance of area,negative,202211_113.8376261_22.770963599999998.png
buildings,no mental escape,stress response,negative,202211_113.8376261_22.770963599999998.png
trees,moderate sense of escape,seeking refuge,positive,202211_113.83750776127192_22.58089821058533.png
greenery,moderate sense of escape,seeking refuge,positive,202211_113.83750776127192_22.58089821058533.png
road,not a complete refuge,awareness of everyday concerns,negative,202211_113.83750776127192_22.58089821058533.png
traffic,low sense of escape,lack of refuge,negative,202211_113.8377868_22.6123292.png
construction,low sense of escape,lack of refuge,negative,202211_113.8377868_22.6123292.png
development,low sense of escape,lack of refuge,negative,202211_113.8377868_22.6123292.png
street,not a refuge,avoidance of environment,negative,202211_113.83840317386104_22.70831987854843.png
vehicles,active environment,engagement in traffic,negative,202211_113.83840317386104_22.70831987854843.png
barricades,sense of obstruction,discomfort in space,negative,202211_113.83840317386104_22.70831987854843.png
buildings,overwhelming presence,stress response,negative,202211_113.83840317386104_22.70831987854843.png
greenery,slight sense of being away,detach from demanding thoughts,positive,202211_113.8379821_22.8048093.png
road,prevent true feeling of refuge,limited opportunity to detach,negative,202211_113.8379821_22.8048093.png
vehicles,constant reminders of daily life,suggests low to moderate score,negative,202211_113.8379821_22.8048093.png
road,lack of refuge,avoidance of the area,negative,202211_113.84048360000001_22.7472003.png
traffic,stress and anxiety,hurry through the space,negative,202211_113.84048360000001_22.7472003.png
infrastructure,overwhelming presence,disengagement from surroundings,negative,202211_113.84048360000001_22.7472003.png
trees,mental escape,seeking refuge,positive,202211_113.8388462_22.767234999999992.png
sky,mental escape,seeking refuge,positive,202211_113.8388462_22.767234999999992.png
urban bustle,not perceived as refuge,avoidance,negative,202211_113.8388462_22.767234999999992.png
street,not conducive to escape,lack of refuge,negative,202211_113.8436113_22.612272900000004.png
traffic,overwhelmed by activity,increased stress,negative,202211_113.8436113_22.612272900000004.png
construction,disruption of peace,avoidance of the area,negative,202211_113.8436113_22.612272900000004.png
street,lack of mental escape,engagement with daily life,negative,202211_113.8384272_22.814971900000003.png
traffic,stress and distraction,commuting,negative,202211_113.8384272_22.814971900000003.png
pedestrians,busy environment,interaction with others,neutral,202211_113.8384272_22.814971900000003.png
commercial,commercial engagement,participation in urban activities,neutral,202211_113.8384272_22.814971900000003.png
greenery,not a strong refuge,unlikely to escape,negative,202211_113.8416652_22.818914499999998.png
traffic,active area,not a quiet escape,negative,202211_113.8416652_22.818914499999998.png
vehicles,not a strong refuge,unlikely to escape,negative,202211_113.8416652_22.818914499999998.png
construction,active area,not a quiet escape,negative,202211_113.8416652_22.818914499999998.png
traffic,lack of escape,awareness of responsibilities,negative,202211_113.8441418_22.7605333.png
infrastructure,stressful environment,continuation of daily tasks,negative,202211_113.8441418_22.7605333.png
urban,no refuge,remaining engaged,negative,202211_113.8441418_22.7605333.png
buildings,limited sense of escape,avoid distractions,negative,202211_113.8409071441885_22.61114609385476.png
road,temporary break,seek retreat,neutral,202211_113.8409071441885_22.61114609385476.png
infrastructure,overwhelmed by demands,feel trapped,negative,202211_113.8409071441885_22.61114609385476.png
pedestrian areas,not truly away,search for peace,negative,202211_113.8409071441885_22.61114609385476.png
construction,lack of escape,avoidance of space,negative,202211_113.8445352_22.568312200000005.png
roads,urban challenges,stress response,negative,202211_113.8445352_22.568312200000005.png
intersection,lack of escape,difficulty disconnecting,negative,202211_113.8435965_22.806817799999997.png
traffic,high activity,increased stress,negative,202211_113.8435965_22.806817799999997.png
commercial,no tranquility,constant engagement,negative,202211_113.8435965_22.806817799999997.png
street,not a refuge,difficulty escaping,negative,202211_113.8450785_22.766312099999997.png
traffic,inherent demands,feeling overwhelmed,negative,202211_113.8450785_22.766312099999997.png
commercial,not feeling 'away',continuing usual concerns,negative,202211_113.8450785_22.766312099999997.png
buildings,not peaceful refuge,avoidance of space,negative,202211_113.8452123_22.763892499999994.png
transportation,potentially demanding setting,increased stress,negative,202211_113.8452123_22.763892499999994.png
greenery,visual escape,seeking refuge,positive,202211_113.84544116937627_22.622180490002133.png
sky,visual escape,seeking refuge,positive,202211_113.84544116937627_22.622180490002133.png
roads,grounded in functionality,remaining engaged,negative,202211_113.84544116937627_22.622180490002133.png
traffic,grounded in functionality,remaining engaged,negative,202211_113.84544116937627_22.622180490002133.png
construction,grounded in functionality,remaining engaged,negative,202211_113.84544116937627_22.622180490002133.png
signage,grounded in functionality,remaining engaged,negative,202211_113.84544116937627_22.622180490002133.png
vehicles,low mental respite,avoidance of stress,negative,202211_113.84613757974533_22.56585661525154.png
infrastructure,not a refuge,lack of escape,negative,202211_113.84613757974533_22.56585661525154.png
trucks,industrial atmosphere,work-related actions,negative,202211_113.84613757974533_22.56585661525154.png
trees,partial escape from urban nuisances,seeking tranquility,positive,202211_113.84689619117535_22.61361905618809.png
buildings,not a complete refuge,awareness of surroundings,negative,202211_113.84689619117535_22.61361905618809.png
traffic,ongoing concerns,stress response,negative,202211_113.84689619117535_22.61361905618809.png
road,limited escape,stay engaged,negative,202211_113.8464365_22.8117333.png
buildings,urban stress,navigate daily life,negative,202211_113.8464365_22.8117333.png
greenery,visual relief,seek tranquility,positive,202211_113.8464365_22.8117333.png
traffic,noise distraction,avoid stress,negative,202211_113.8464365_22.8117333.png
vehicles,source of stress,difficult to relax,negative,202211_113.8474883_22.564213200000005.png
construction,not a refuge,increased focus on tasks,negative,202211_113.8474883_22.564213200000005.png
urban,highly present demands,constant distraction,negative,202211_113.8474883_22.564213200000005.png
trees,temporary escape,seeking refuge,positive,202211_113.84852700762849_22.610222404648848.png
traffic,not a complete refuge,avoidance of deep introspection,negative,202211_113.84852700762849_22.610222404648848.png
grass,momentary relief,brief relaxation,neutral,202211_113.84852700762849_22.610222404648848.png
road,not a refuge,thinking about practicalities,negative,202211_113.8463772_22.792220699999998.png
cars,demanding thoughts,unable to detach,negative,202211_113.8463772_22.792220699999998.png
overpasses,not a place to escape,clear one's mind,negative,202211_113.8463772_22.792220699999998.png
greenery,lack of escape,no refuge seeking,negative,202211_113.8491307_22.735909299999996.png
traffic,urban stress,avoidance behavior,negative,202211_113.8491307_22.735909299999996.png
buildings,urban confinement,no exploration,negative,202211_113.8491307_22.735909299999996.png
streetscape,lack of refuge,active participation,negative,202211_113.8492719_22.793544899999997.png
traffic,distraction,difficulty disconnecting,negative,202211_113.8492719_22.793544899999997.png
road,busy environment,observing urban life,negative,202211_113.8492719_22.793544899999997.png
infrastructure,overwhelmed by surroundings,inability to escape,negative,202211_113.8492719_22.793544899999997.png
trees,slight disconnect from artificial environments,seeking respite,positive,202211_113.849368_22.779738199999997.png
sky,moderate degree of being away,enhancing relaxation,positive,202211_113.849368_22.779738199999997.png
infrastructure,not a complete escape,feeling overwhelmed,negative,202211_113.849368_22.779738199999997.png
activity,busy environment,distraction from personal life,negative,202211_113.849368_22.779738199999997.png
traffic,not facilitating being away,difficulty escaping thoughts,negative,202211_113.8501178_22.796285799999996.png
infrastructure,active functional space,lack of refuge,negative,202211_113.8501178_22.796285799999996.png
streetscape,not a strong escape,prevent mental detachment,negative,202211_113.8507415_22.7159106.png
traffic,increased stress,distracts from relaxation,negative,202211_113.8507415_22.7159106.png
city,general busyness,limits respite,negative,202211_113.8507415_22.7159106.png
trees,degree of respite,seeking quiet,positive,202211_113.8508916_22.813327999999995.png
buildings,not a complete escape,acknowledging presence,negative,202211_113.8508916_22.813327999999995.png
cars,daily demands may still be present,recognizing urban life,negative,202211_113.8508916_22.813327999999995.png
road,moderate separation,navigating space,neutral,202211_113.8508916_22.813327999999995.png
trees,moderate sense of being away,mental escape,positive,202211_113.8523632_22.618814899999997.png
greenery,temporary detachment from concerns,escape from urban stress,positive,202211_113.8523632_22.618814899999997.png
road,awareness of urban context,acknowledgment of surroundings,neutral,202211_113.8523632_22.618814899999997.png
vehicles,reminder of urban life,return to reality,negative,202211_113.8523632_22.618814899999997.png
trees,limited sense of escape,no refuge seeking,negative,202211_113.85112164037977_22.720627309694084.png
buildings,feeling of routine,continued engagement,negative,202211_113.85112164037977_22.720627309694084.png
vehicles,busy environment,avoidance of relaxation,negative,202211_113.85112164037977_22.720627309694084.png
greenery,natural element presence,mild appreciation,neutral,202211_113.85112164037977_22.720627309694084.png
trees,respite from urban demands,seeking calmness,positive,202211_113.85216690715575_22.747787628110483.png
road,somewhat detached from noise,attempting to escape distractions,neutral,202211_113.85216690715575_22.747787628110483.png
traffic,limited sense of escape,feeling overwhelmed,negative,202211_113.85216690715575_22.747787628110483.png
structures,context remains urban,recognizing limitations,negative,202211_113.85216690715575_22.747787628110483.png
vehicles,lack of escape,avoidance of space,negative,202211_113.8534078_22.777853299999993.png
fences,confinement feeling,disengagement from environment,negative,202211_113.8534078_22.777853299999993.png
advertisements,overstimulation,distraction from relaxation,negative,202211_113.8534078_22.777853299999993.png
trees,limited escape,avoidance of daily life,negative,202211_113.85353622471642_22.792182942651333.png
traffic,stressful environment,increased urgency,negative,202211_113.85353622471642_22.792182942651333.png
buildings,lack of refuge,disengagement,negative,202211_113.85353622471642_22.792182942651333.png
traffic,lack of escape,avoidance of urban life,negative,202211_113.8544726_22.604321299999995.png
environment,not a clear refuge,acceptance of responsibilities,negative,202211_113.8544726_22.604321299999995.png
road,temporary distraction,momentary relief,neutral,202211_113.8544726_22.604321299999995.png
buildings,lack of escape,avoidance of obligations,negative,202211_113.8545909_22.612307399999995.png
vehicles,stress from activity,increased urgency,negative,202211_113.8545909_22.612307399999995.png
greenery,minimal refuge,temporary distraction,neutral,202211_113.8545909_22.612307399999995.png
roads,overwhelming environment,hurry through,negative,202211_113.8545909_22.612307399999995.png
traffic,frustration,avoid congestion,negative,202211_113.8545909_22.612307399999995.png
intersection,part of daily grind,detachment avoidance,negative,202211_113.8551173_22.768481100000006.png
traffic,stressful environment,increased urgency,negative,202211_113.8551173_22.768481100000006.png
buildings,lack of refuge,no escape,negative,202211_113.8551173_22.768481100000006.png
pedestrian,crowded space,limited relaxation,negative,202211_113.8551173_22.768481100000006.png
trees,lack of escape,thinking about commute,negative,202211_113.8551969_22.763327199999996.png
road,not a refuge,running errands,negative,202211_113.8551969_22.763327199999996.png
sky,cloudy atmosphere,feeling of heaviness,negative,202211_113.8551969_22.763327199999996.png
intersection,not a refuge,continue obligations,negative,202211_113.8553345_22.800462200000002.png
road,some separation,pause briefly,neutral,202211_113.8553345_22.800462200000002.png
infrastructure,detracts from being away,remain engaged,negative,202211_113.8553345_22.800462200000002.png
trees,some natural elements,minimal escape,positive,202211_113.8575257_22.717668000000003.png
concrete,urban environment,lack of escape,negative,202211_113.8575257_22.717668000000003.png
buildings,urban environment,lack of escape,negative,202211_113.8575257_22.717668000000003.png
vehicles,urban environment,lack of escape,negative,202211_113.8575257_22.717668000000003.png
street,sense of routine,difficult to escape,negative,202211_113.85825947310444_22.797703343849943.png
traffic,mental detachment,unable to achieve,negative,202211_113.85825947310444_22.797703343849943.png
vehicles,feeling of crowding,increased stress,negative,202211_113.85825947310444_22.797703343849943.png
trees,sense of being away,temporary escape,positive,202211_113.85560042621323_22.806993254660956.png
greenery,distraction from urban stressors,relaxation,positive,202211_113.85560042621323_22.806993254660956.png
road,degree of separation,avoidance of nuisances,positive,202211_113.85560042621323_22.806993254660956.png
street,lack of refuge,engagement with urban activity,negative,202211_113.85819613679381_22.725170089436336.png
traffic,stress and distraction,difficulty in detaching,negative,202211_113.85819613679381_22.725170089436336.png
infrastructure,feeling of confinement,limited escape,negative,202211_113.85819613679381_22.725170089436336.png
trees,minimal escape,less likely to relax,negative,202211_113.85615404954251_22.626227870133516.png
buildings,busy environment,avoidance of refuge,negative,202211_113.85615404954251_22.626227870133516.png
traffic,stressful atmosphere,increased demands,negative,202211_113.85615404954251_22.626227870133516.png
construction,minimal psychological escape,difficulty disengaging,negative,202211_113.8574057_22.545159999999996.png
dust,stressful environment,increased focus on work,negative,202211_113.8574057_22.545159999999996.png
vehicles,operational awareness,heightened attention to activity,negative,202211_113.8574057_22.545159999999996.png
machinery,industrial pressure,reduced relaxation,negative,202211_113.8574057_22.545159999999996.png
structures,lack of refuge,continued work engagement,negative,202211_113.8574057_22.545159999999996.png
street,not a refuge,stimulated activity,negative,202211_113.8584858_22.612618199999996.png
traffic,increased stress,avoidance,negative,202211_113.8584858_22.612618199999996.png
construction,distraction,increased focus on tasks,negative,202211_113.8584858_22.612618199999996.png
commercial,lack of escape,continued engagement,negative,202211_113.8584858_22.612618199999996.png
traffic,not a refuge,avoidance of space,negative,202211_113.8558568_22.722151499999992.png
commercial,stressful environment,seeking escape,negative,202211_113.8558568_22.722151499999992.png
noise,overwhelmed senses,desire for quiet,negative,202211_113.8558568_22.722151499999992.png
movement,lack of tranquility,search for calm,negative,202211_113.8558568_22.722151499999992.png
urban,pressure-filled space,need for relief,negative,202211_113.8558568_22.722151499999992.png
intersection,lack of escape,difficulty disconnecting,negative,202211_113.8590358_22.729269499999997.png
structures,stressful environment,increased daily concerns,negative,202211_113.8590358_22.729269499999997.png
trees,mild natural distraction,partial escape,positive,202211_113.8582945936846_22.61049962520455.png
urban,not a complete escape,mental detachment,negative,202211_113.8582945936846_22.61049962520455.png
density,not fully facilitate,usual worries,negative,202211_113.8582945936846_22.61049962520455.png
greenery,escape from chaos,seeking refuge,positive,202211_113.8593708_22.63093.png
roads,presence of urban context,ongoing activity,negative,202211_113.8593708_22.63093.png
vehicles,urban demands,feeling of detachment,neutral,202211_113.8593708_22.63093.png
buildings,not a full escape,acknowledging reality,negative,202211_113.8593708_22.63093.png
street,not conducive to escape,difficulty in feeling removed,negative,202211_113.8596726_22.652348399999997.png
traffic,overwhelmed by daily demands,increased stress,negative,202211_113.8596726_22.652348399999997.png
buildings,sense of confinement,lack of relaxation,negative,202211_113.8596726_22.652348399999997.png
traffic,lack of escape,remain engaged,negative,202211_113.8590416_22.6640496.png
construction,distraction from concerns,avoid relaxation,negative,202211_113.8590416_22.6640496.png
retail,connection to daily life,continue routine,neutral,202211_113.8590416_22.6640496.png
vehicles,not a refuge,lack of mental detachment,negative,202211_113.8602927_22.553017099999998.png
construction,not peaceful,avoidance of escape,negative,202211_113.8602927_22.553017099999998.png
intersection,potential stress,avoidance of routine,negative,202211_113.86074745378154_22.627523570188313.png
traffic,lack of detachment,increased stress,negative,202211_113.86074745378154_22.627523570188313.png
construction,daily demands,no escape,negative,202211_113.86074745378154_22.627523570188313.png
buildings,no refuge,staying in routine,negative,202211_113.86074745378154_22.627523570188313.png
street,lack of refuge,difficulty in focusing,negative,202211_113.861656_22.609471699999997.png
traffic,constant distraction,inability to relax,negative,202211_113.861656_22.609471699999997.png
buildings,overwhelmed by obligations,persistent thoughts of duties,negative,202211_113.861656_22.609471699999997.png
pedestrians,active environment,heightened awareness,negative,202211_113.861656_22.609471699999997.png
vehicles,sense of everyday life,lack of escape,negative,202211_113.8627652_22.818618999999998.png
setting,lack of refuge,detachment from routine,negative,202211_113.8627652_22.818618999999998.png
roads,lack of escape,remain engaged,negative,202211_113.8620948_22.728321099999995.png
traffic,stressful environment,avoid relaxation,negative,202211_113.8620948_22.728321099999995.png
buildings,confinement,stay focused,negative,202211_113.8620948_22.728321099999995.png
outdoor,limited detachment,continue daily tasks,negative,202211_113.8620948_22.728321099999995.png
natural elements,lack of restoration,miss opportunities for relaxation,negative,202211_113.8620948_22.728321099999995.png
remoteness,absence of tranquility,fail to disconnect,negative,202211_113.8620948_22.728321099999995.png
cars,not distinct escape,limited detachment,negative,202211_113.86285746284707_22.779830557045134.png
buildings,part of regular environment,lack of restorative quality,negative,202211_113.86285746284707_22.779830557045134.png
greenery,minimal restorative effect,no significant escape,negative,202211_113.86285746284707_22.779830557045134.png
trees,not a sense of refuge,difficulty detaching,negative,202211_113.86309133403947_22.787612110341776.png
infrastructure,overwhelmed by city life,lack of escape,negative,202211_113.86309133403947_22.787612110341776.png
vehicles,stress from traffic,increased tension,negative,202211_113.86309133403947_22.787612110341776.png
street,lack of refuge,no escape from responsibilities,negative,202211_113.8662235_22.822643900000003.png
construction,disruption of peace,increased stress,negative,202211_113.8662235_22.822643900000003.png
traffic,overwhelmed by noise,avoidance of the area,negative,202211_113.8662235_22.822643900000003.png
environment,lack of restorative qualities,no desire to linger,negative,202211_113.8662235_22.822643900000003.png
intersection,lack of refuge,difficulty in relaxation,negative,202211_113.8641105_22.65899359999999.png
traffic,overwhelmed by noise,inability to concentrate,negative,202211_113.8641105_22.65899359999999.png
construction,stress from activity,avoidance of the area,negative,202211_113.8641105_22.65899359999999.png
wires,cluttered environment,distraction from thoughts,negative,202211_113.8641105_22.65899359999999.png
traffic,stimulates stress,increases activity,negative,202211_113.8635362_22.560423499999995.png
buildings,creates a bustling environment,distracts from routine,negative,202211_113.8635362_22.560423499999995.png
pedestrian,difficult to disconnect,prevents contemplation,negative,202211_113.8635362_22.560423499999995.png
traffic,demands attention,not stopping to think,negative,202211_113.8660106_22.562435099999995.png
buildings,lack of refuge,not providing escape,negative,202211_113.8660106_22.562435099999995.png
signage,functional nature,maintaining focus,negative,202211_113.8660106_22.562435099999995.png
sky,subdued feeling,not contributing to escape,neutral,202211_113.8660106_22.562435099999995.png
greenery,visually appealing,attraction to nature,positive,202211_113.86772208369885_22.594224140244894.png
traffic,sense of urban activity,engagement with city life,negative,202211_113.86772208369885_22.594224140244894.png
buildings,lack of refuge,continuation of daily obligations,negative,202211_113.86772208369885_22.594224140244894.png
street,not a refuge,difficult to disengage,negative,202211_113.8704657_22.589568399999997.png
traffic,ongoing concerns,inability to stop thoughts,negative,202211_113.8704657_22.589568399999997.png
infrastructure,lack of tranquility,increased activity,negative,202211_113.8704657_22.589568399999997.png
intersection,lack of refuge,engagement with environment,negative,202211_113.8705711_22.5535704.png
traffic,stress and distraction,focus on daily tasks,negative,202211_113.8705711_22.5535704.png
construction,disruption,avoidance of mental escape,negative,202211_113.8705711_22.5535704.png
road,active engagement,navigation through demands,neutral,202211_113.8705711_22.5535704.png
traffic,lack of escape,remain engaged,negative,202211_113.8704171_22.562697100000005.png
structures,sense of routine,continue daily activities,neutral,202211_113.8704171_22.562697100000005.png
infrastructure,not a refuge,avoid relaxation,negative,202211_113.8704171_22.562697100000005.png
road,overwhelming presence,stay within familiar zones,negative,202211_113.8704171_22.562697100000005.png
road,not a complete escape,remain connected,negative,202211_113.8713453310081_22.724809115067085.png
greenery,visual break,temporary relief,positive,202211_113.8713453310081_22.724809115067085.png
infrastructure,connected to responsibilities,maintain obligations,negative,202211_113.8713453310081_22.724809115067085.png
intersection,not a refuge,remain engaged,negative,202211_113.8685909_22.584936799999998.png
vehicles,highly stimulating,remain engaged,negative,202211_113.8685909_22.584936799999998.png
infrastructure,not restorative,remain engaged,negative,202211_113.8685909_22.584936799999998.png
construction,not a refuge,avoid thinking,negative,202211_113.87191125363528_22.599155458008703.png
traffic,distracted state,inability to escape,negative,202211_113.87191125363528_22.599155458008703.png
poles,overwhelmed by stimuli,lack of relaxation,negative,202211_113.87191125363528_22.599155458008703.png
intersection,lack of escape,continue moving,negative,202211_113.8722763_22.551879099999997.png
traffic,stressful environment,avoid lingering,negative,202211_113.8722763_22.551879099999997.png
construction,disruption,seek refuge elsewhere,negative,202211_113.8722763_22.551879099999997.png
infrastructure,everyday normalcy,engage in routine,neutral,202211_113.8722763_22.551879099999997.png
street,difficult to disconnect,transit and commerce,negative,202211_113.87349693118158_22.585965639453615.png
traffic,no sense of escape,avoidance of urban nuisances,negative,202211_113.87349693118158_22.585965639453615.png
buildings,lack of refuge,continuation of daily concerns,negative,202211_113.87349693118158_22.585965639453615.png
greenery,minimal restorative quality,limited relaxation,neutral,202211_113.87349693118158_22.585965639453615.png
intersection,lack of escape,active engagement,negative,202211_113.8713587_22.8123886.png
traffic,stressful environment,focus on tasks,negative,202211_113.8713587_22.8123886.png
infrastructure,demanding attention,avoidance of relaxation,negative,202211_113.8713587_22.8123886.png
trees,limited refuge,escape daily concerns,negative,202211_113.8747501368284_22.5845865660805.png
vehicles,sense of journey,continue traveling,negative,202211_113.8747501368284_22.5845865660805.png
traffic,urban activity,engage in daily life,neutral,202211_113.8747501368284_22.5845865660805.png
buildings,ordinary environment,continue daily tasks,negative,202211_113.87563624374211_22.816066522327347.png
cars,functional space,stay engaged,negative,202211_113.87563624374211_22.816066522327347.png
intersection,lack of escape,no stopping to think,negative,202211_113.8767886_22.5528646.png
infrastructure,urban stress,increased activity,negative,202211_113.8767886_22.5528646.png
traffic,overwhelmed,avoidance of relaxation,negative,202211_113.8767886_22.5528646.png
pedestrian,distraction,continued engagement,negative,202211_113.8767886_22.5528646.png
greenery,partial mental respite,seek relaxation,positive,202211_113.8772481_22.595554199999995.png
buildings,not a complete escape,avoid distractions,negative,202211_113.8772481_22.595554199999995.png
traffic,urban stress,limit exposure,negative,202211_113.8772481_22.595554199999995.png
layout,orderliness,navigate easily,positive,202211_113.8772481_22.595554199999995.png
road,detracts from escape,increased awareness of surroundings,negative,202211_113.8773508_22.600538799999992.png
trees,natural buffer,enhanced relaxation,positive,202211_113.8773508_22.600538799999992.png
urban elements,prevents complete refuge,limited disengagement from daily demands,negative,202211_113.8773508_22.600538799999992.png
street,lack of escape,continue engaging,negative,202211_113.8774333_22.591904599999996.png
buildings,overwhelmed by demands,focus on responsibilities,negative,202211_113.8774333_22.591904599999996.png
trees,partial escape,seeking refuge,positive,202211_113.8795867_22.5997255.png
sidewalk,feeling of being 'away',walking,neutral,202211_113.8795867_22.5997255.png
construction,not a complete refuge,avoidance,negative,202211_113.8795867_22.5997255.png
traffic,ongoing demands,stress response,negative,202211_113.8795867_22.5997255.png
street,lack of escape,avoidance of stress,negative,202211_113.8801092_22.5758283.png
vehicles,daily life demands,continuation of obligations,negative,202211_113.8801092_22.5758283.png
urban,overwhelmed by activity,increased anxiety,negative,202211_113.8801092_22.5758283.png
greenery,visually pleasant,engage with environment,positive,202211_113.87991546962877_22.58326823724113.png
traffic,sense of chaos,avoid area,negative,202211_113.87991546962877_22.58326823724113.png
infrastructure,lack of escape,continue obligations,negative,202211_113.87991546962877_22.58326823724113.png
cars,distraction,stay alert,negative,202211_113.87991546962877_22.58326823724113.png
trees,lack of escape,transit,negative,202211_113.8801836_22.8211271.png
buildings,lack of refuge,activity,negative,202211_113.8801836_22.8211271.png
traffic,stressful environment,movement,negative,202211_113.8801836_22.8211271.png
buildings,lack of escape,engagement with routine,negative,202211_113.8805085_22.552745300000005.png
traffic,stressful environment,avoidance of relaxation,negative,202211_113.8805085_22.552745300000005.png
construction,disruption of peace,increased anxiety,negative,202211_113.8805085_22.552745300000005.png
street,lack of escape,increased engagement,negative,202211_113.88136_22.584475199999996.png
traffic,constant activity,distraction from thoughts,negative,202211_113.88136_22.584475199999996.png
buildings,urban stress,feeling overwhelmed,negative,202211_113.88136_22.584475199999996.png
commerce,busy environment,lack of mental respite,negative,202211_113.88136_22.584475199999996.png
intersection,not a refuge,lack of retreat,negative,202211_113.880414_22.5504836.png
lanes,focused on functionality,promotes movement,negative,202211_113.880414_22.5504836.png
traffic,no tranquility,avoids relaxation,negative,202211_113.880414_22.5504836.png
lights,signals routine,encourages obligation,negative,202211_113.880414_22.5504836.png
sky,overcast mood,diminishes cheer,negative,202211_113.880414_22.5504836.png
traffic,difficulty escaping concerns,avoidance of urban areas,negative,202211_113.8823335_22.5577071.png
signals,stress from constant activity,increased anxiety,negative,202211_113.8823335_22.5577071.png
signage,overstimulation,desire for solitude,negative,202211_113.8823335_22.5577071.png
intersection,lack of mental break,continuation of tasks,negative,202211_113.8823335_22.5577071.png
street,stressful environment,avoidance of tasks,negative,202211_113.8822775_22.5709209.png
buildings,overwhelmed by urban life,distraction from routines,negative,202211_113.8822775_22.5709209.png
traffic,anxiety from noise,increased urgency,negative,202211_113.8822775_22.5709209.png
commercial,lack of refuge,continuation of daily demands,negative,202211_113.8822775_22.5709209.png
greenery,visual escape,seeking refuge,positive,202211_113.8829096_22.57660509999999.png
road,diminished sense of being away,engagement with urban activity,negative,202211_113.8829096_22.57660509999999.png
street,stressful environment,avoidance of the area,negative,202211_113.8865092_22.733605699999995.png
construction,disruption of peace,increased anxiety,negative,202211_113.8865092_22.733605699999995.png
vehicles,feeling overwhelmed,desire to escape,negative,202211_113.8865092_22.733605699999995.png
buildings,lack of refuge,search for tranquility,negative,202211_113.8865092_22.733605699999995.png
trees,moderate sense of being away,detach from demanding tasks,positive,202211_113.88349655044284_22.72249531366094.png
greenery,visual escape from urban life,break from urban nuisances,positive,202211_113.88349655044284_22.72249531366094.png
road,ongoing traffic,prevent complete immersion,negative,202211_113.88349655044284_22.72249531366094.png
street,desire to escape,seeking restoration,negative,202211_113.88388774733852_22.581637683111726.png
traffic,overwhelm,avoidance,negative,202211_113.88388774733852_22.581637683111726.png
construction,stress,finding quiet,negative,202211_113.88388774733852_22.581637683111726.png
pedestrians,crowdedness,seeking solitude,negative,202211_113.88388774733852_22.581637683111726.png
street,limited sense of being away,ongoing engagement with transit,negative,202211_113.8846382_22.7474346.png
vehicles,not a complete escape,increased focus on daily concerns,negative,202211_113.8846382_22.7474346.png
signals,feels like a true refuge,potential nuisances awareness,negative,202211_113.8846382_22.7474346.png
trees,partial sense of escape,provides a break,positive,202211_113.88679688991533_22.57914480276345.png
traffic,not a complete refuge,limits relaxation,negative,202211_113.88679688991533_22.57914480276345.png
shops,distraction from demands,engagement with environment,neutral,202211_113.88679688991533_22.57914480276345.png
pedestrian activity,sense of distance,encourages brief respite,positive,202211_113.88679688991533_22.57914480276345.png
streetscape,lack of escape,difficulty in detachment,negative,202211_113.88693347520126_22.584208832517255.png
construction,constant reminders of urban life,inability to relax,negative,202211_113.88693347520126_22.584208832517255.png
traffic,mental strain,stress accumulation,negative,202211_113.88693347520126_22.584208832517255.png
commercial,ongoing development pressure,distraction from concerns,negative,202211_113.88693347520126_22.584208832517255.png
natural elements,tranquil atmosphere,enhanced relaxation,positive,202211_113.88693347520126_22.584208832517255.png
traffic,not a sense of escape,limited mental detachment,negative,202211_113.8878473_22.7457221.png
vehicles,not a sense of escape,limited mental detachment,negative,202211_113.8878473_22.7457221.png
pedestrian,not a sense of escape,limited mental detachment,negative,202211_113.8878473_22.7457221.png
elements,limited restorative potential,limited mental detachment,negative,202211_113.8878473_22.7457221.png
seclusion,limited restorative potential,limited mental detachment,negative,202211_113.8878473_22.7457221.png
street,lack of refuge,avoidance of stress,negative,202211_113.88817707007732_22.568747956014306.png
traffic,overwhelmed by distractions,inability to relax,negative,202211_113.88817707007732_22.568747956014306.png
barriers,feeling trapped,desire to escape,negative,202211_113.88817707007732_22.568747956014306.png
vehicles,constant disturbance,seeking solitude,negative,202211_113.88817707007732_22.568747956014306.png
commercial,busy atmosphere,avoidance of engagement,negative,202211_113.88817707007732_22.568747956014306.png
greenery,slight mental escape,partial refuge,positive,202211_113.888147074404_22.725700933733467.png
infrastructure,active urban environment,not fully detach,negative,202211_113.888147074404_22.725700933733467.png
traffic,constant disturbance,increased stress,negative,202211_113.888147074404_22.725700933733467.png
buildings,visible presence,reminder of daily concerns,negative,202211_113.888147074404_22.725700933733467.png
trees,not a refuge,less likely to detach,negative,202211_113.88911447484408_22.72927073636687.png
buildings,active urban environment,increased city pace,negative,202211_113.88911447484408_22.72927073636687.png
traffic,ongoing demands,feeling of urgency,negative,202211_113.88911447484408_22.72927073636687.png
signage,distraction,focus on city life,negative,202211_113.88911447484408_22.72927073636687.png
street,lack of refuge,no escape,negative,202211_113.8936166_22.7324695.png
activity,overstimulation,increased stress,negative,202211_113.8936166_22.7324695.png
traffic,distraction,avoidance of thoughts,negative,202211_113.8936166_22.7324695.png
highway,engaged with immediate concerns,transit and activity,negative,202211_113.8917553_22.565572700000004.png
urban,lack of refuge,mental engagement,negative,202211_113.8917553_22.565572700000004.png
street,lack of escape,stay engaged,negative,202211_113.8920878_22.7257467.png
traffic,stress from activity,avoidance,negative,202211_113.8920878_22.7257467.png
buildings,urban confinement,remain in place,negative,202211_113.8920878_22.7257467.png
cars,disruption of peace,move quickly,negative,202211_113.8920878_22.7257467.png
forklift,industrial noise,seek quieter areas,negative,202211_113.8920878_22.7257467.png
street,stimulating environment,increased activity,negative,202211_113.89627595979832_22.575069943346904.png
construction,distraction from tasks,difficulty in relaxation,negative,202211_113.89627595979832_22.575069943346904.png
trees,limited sense of being away,difficulty escaping demands,negative,202211_113.89464611194347_22.724018202496094.png
traffic,overwhelmed by urban life,inability to find refuge,negative,202211_113.89464611194347_22.724018202496094.png
construction,stress from noise,avoidance of the area,negative,202211_113.89464611194347_22.724018202496094.png
road,lack of refuge,difficulty disengaging,negative,202211_113.89760881344573_22.72424305959817.png
traffic,constant noise,stress and distraction,negative,202211_113.89760881344573_22.72424305959817.png
industrial,absence of tranquility,inability to relax,negative,202211_113.89760881344573_22.72424305959817.png
trees,temporary escape,detachment from stress,positive,202211_113.89438222471337_22.73412834603495.png
sidewalks,pedestrian-friendly space,encouragement to walk,positive,202211_113.89438222471337_22.73412834603495.png
shops,distraction from demands,engagement in activities,positive,202211_113.89438222471337_22.73412834603495.png
urban activity,limited refuge,inability to relax,negative,202211_113.89438222471337_22.73412834603495.png
traffic,source of stress,escaping everyday nuisances,negative,202211_113.9018775_22.757258799999995.png
buildings,lack of quietude,stopping one's thoughts,negative,202211_113.9018775_22.757258799999995.png
space,not conducive to restoration,seeking restorative experiences,negative,202211_113.9018775_22.757258799999995.png
visual stimulation,constant distraction,inability to relax,negative,202211_113.9018775_22.757258799999995.png
intersection,no sense of escape,difficulty disconnecting,negative,202211_113.8992378_22.5719486.png
construction,stressful environment,increased anxiety,negative,202211_113.8992378_22.5719486.png
traffic,overwhelmed by noise,frustration,negative,202211_113.8992378_22.5719486.png
traffic,sense of continuation,daily demands,negative,202211_113.902409_22.7217534.png
buildings,lack of escape,mental tasks,negative,202211_113.902409_22.7217534.png
greenery,minimal refuge,none,neutral,202211_113.902409_22.7217534.png
road,sense of being away,escape from pressures,positive,202211_113.9051576_22.7397657.png
greenery,calm atmosphere,relaxation,positive,202211_113.9051576_22.7397657.png
traffic,limited refuge,hesitation to engage,negative,202211_113.9051576_22.7397657.png
infrastructure,sense of confinement,avoidance of busy areas,negative,202211_113.9051576_22.7397657.png
intersection,demanding attention,avoidance of refuge,negative,202211_113.90574290000002_22.577700399999998.png
traffic,stressful environment,increased anxiety,negative,202211_113.90574290000002_22.577700399999998.png
crowds,overwhelmed feeling,desire to escape,negative,202211_113.90574290000002_22.577700399999998.png
noise,distraction,inability to relax,negative,202211_113.90574290000002_22.577700399999998.png
street,not a refuge,stay engaged,negative,202211_113.90342022600008_22.567752452204896.png
construction,constant activity,focus on surroundings,negative,202211_113.90342022600008_22.567752452204896.png
traffic,mental detachment unlikely,avoid escape,negative,202211_113.90342022600008_22.567752452204896.png
pedestrians,demanding tasks,remain alert,negative,202211_113.90342022600008_22.567752452204896.png
road,contrast to nuisances,mental break,positive,202211_113.90742801865805_22.725712172937747.png
walkway,escape from demands,distance from concerns,positive,202211_113.90742801865805_22.725712172937747.png
greenery,mental break,escape urban life,positive,202211_113.90742801865805_22.725712172937747.png
buildings,typical concerns,distance from worries,negative,202211_113.90742801865805_22.725712172937747.png
greenery,lower sense of refuge,limited escape from demands,negative,202211_113.90697703046054_22.567940805295795.png
traffic,lack of tranquility,increased stress,negative,202211_113.90697703046054_22.567940805295795.png
trees,lack of refuge,inability to escape,negative,202211_113.90878697536927_22.671312602817387.png
sidewalk,active urban environment,continued engagement with daily demands,negative,202211_113.90878697536927_22.671312602817387.png
road,distraction from thoughts,increased stress,negative,202211_113.90878697536927_22.671312602817387.png
traffic,overwhelming presence,avoidance of relaxation,negative,202211_113.90878697536927_22.671312602817387.png
buildings,confinement,limited mental escape,negative,202211_113.90878697536927_22.671312602817387.png
trees,limited sense of being away,temporary escape,negative,202211_113.9070775_22.675143499999997.png
street,feels like being in transit,prevent mental detachment,negative,202211_113.9070775_22.675143499999997.png
traffic,not a true refuge,inhibits relaxation,negative,202211_113.9070775_22.675143499999997.png
infrastructure,urban development presence,limits escape,negative,202211_113.9070775_22.675143499999997.png
trees,incomplete escape,feel overwhelmed,negative,202211_113.90896476644085_22.56979410159586.png
buildings,stress from urban life,avoidance of the area,negative,202211_113.90896476644085_22.56979410159586.png
traffic,anxiety,hurry through the space,negative,202211_113.90896476644085_22.56979410159586.png
trees,not conducive to escape,difficult to find refuge,negative,202211_113.909003_22.737634599999996.png
street,immersed in distractions,increased daily demands,negative,202211_113.909003_22.737634599999996.png
buildings,sense of confinement,limited relaxation,negative,202211_113.909003_22.737634599999996.png
intersection,lack of refuge,engagement with surroundings,negative,202211_113.909002_22.5679899.png
traffic,constant distraction,focus on routine,negative,202211_113.909002_22.5679899.png
buildings,feeling of being embedded,conformity to urban demands,negative,202211_113.909002_22.5679899.png
signals,reinforced routine,adherence to traffic rules,negative,202211_113.909002_22.5679899.png
trees,moderate sense of being away,visual escape,positive,202211_113.91070652772326_22.67302849408122.png
buildings,limited effectiveness as a refuge,not a complete break,negative,202211_113.91070652772326_22.67302849408122.png
traffic,hustle and bustle,distraction from daily life,negative,202211_113.91070652772326_22.67302849408122.png
vehicle,lack of escape,continued engagement,negative,202211_113.91287063157836_22.729977328317002.png
greenery,partial refuge,momentary distraction,neutral,202211_113.91287063157836_22.729977328317002.png
traffic,sense of confinement,increased awareness,negative,202211_113.91287063157836_22.729977328317002.png
scenery,fleeting enjoyment,visual engagement,neutral,202211_113.91287063157836_22.729977328317002.png
street,lack of escape,continue obligations,negative,202211_113.90970177804846_22.721098932815558.png
traffic,stressful environment,avoid relaxation,negative,202211_113.90970177804846_22.721098932815558.png
buildings,urban pressure,maintain activity,negative,202211_113.90970177804846_22.721098932815558.png
street,lack of escape,increased attention,negative,202211_113.9117943_22.665487700000003.png
traffic,stressful environment,avoidance of relaxation,negative,202211_113.9117943_22.665487700000003.png
infrastructure,obligation reminder,distraction from respite,negative,202211_113.9117943_22.665487700000003.png
streetscape,low sense of being away,active engagement,negative,202211_113.9124974_22.668271199999992.png
vehicles,low sense of being away,active engagement,negative,202211_113.9124974_22.668271199999992.png
buildings,low sense of being away,active engagement,negative,202211_113.9124974_22.668271199999992.png
crossings,low sense of being away,active engagement,negative,202211_113.9124974_22.668271199999992.png
trees,sense of detachment,momentarily escape,positive,202211_113.9115938_22.720679999999994.png
buildings,feeling of being away,escape immediate pressures,positive,202211_113.9115938_22.720679999999994.png
sky,peaceful backdrop,create calm environment,positive,202211_113.9115938_22.720679999999994.png
street,not a refuge,no escape,negative,202211_113.9136635_22.675389800000005.png
traffic,continuation of everyday life,no mental escape,negative,202211_113.9136635_22.675389800000005.png
vehicles,demanding thoughts,no relief,negative,202211_113.9136635_22.675389800000005.png
street,not a refuge,moment of respite,negative,202211_113.9146583_22.678016.png
traffic,connection to demands,limited escape,negative,202211_113.9146583_22.678016.png
signs,everyday nuisances,no deep getaway,negative,202211_113.9146583_22.678016.png
areas,not a complete escape,brief respite,negative,202211_113.9146583_22.678016.png
traffic,stress and distraction,avoidance of the area,negative,202211_113.9159803_22.655209499999998.png
construction,frustration and annoyance,seeking quieter spaces,negative,202211_113.9159803_22.655209499999998.png
urban,overwhelm and pressure,desire for escape,negative,202211_113.9159803_22.655209499999998.png
greenery,sense of being away,distract from worries,positive,202211_113.91780780000002_22.647731699999998.png
traffic,calmer atmosphere,facilitating mental escape,positive,202211_113.91780780000002_22.647731699999998.png
infrastructure,not complete escape,awareness of urban environment,negative,202211_113.91780780000002_22.647731699999998.png
greenery,partial escape from urban pressures,seeking refuge,positive,202211_113.921566914685_22.692212677311126.png
traffic,not a complete refuge,experiencing daily demands,negative,202211_113.921566914685_22.692212677311126.png
sky,sense of openness,relaxation,positive,202211_113.921566914685_22.692212677311126.png
commercial activity,urban pressure,engaging with daily life,negative,202211_113.921566914685_22.692212677311126.png
sidewalks,degree of detachment,seek refuge,positive,202211_113.9204277_22.670825999999998.png
green spaces,calmness,relax,positive,202211_113.9204277_22.670825999999998.png
buildings,implied movement,remain aware,negative,202211_113.9204277_22.670825999999998.png
traffic,everyday concerns,feel stressed,negative,202211_113.9204277_22.670825999999998.png
street,limited sense of being away,seeking refuge,negative,202211_113.9206367_22.7418.png
greenery,difficulty escaping mental demands,none,negative,202211_113.9206367_22.7418.png
buildings,urban stress,none,negative,202211_113.9206367_22.7418.png
intersection,not conducive to mental escape,avoid stopping to think,negative,202211_113.9221276_22.687319399999996.png
vehicles,constant distraction,increased urgency to move,negative,202211_113.9221276_22.687319399999996.png
pedestrians,lack of tranquility,hurry through the area,negative,202211_113.9221276_22.687319399999996.png
noise,stressful environment,seek quieter spaces,negative,202211_113.9221276_22.687319399999996.png
street,stimulating environment,requires attention,negative,202211_113.9216169_22.6482451.png
traffic,lack of refuge,inhibits escape,negative,202211_113.9216169_22.6482451.png
construction,demanding tasks,prevents mental detachment,negative,202211_113.9216169_22.6482451.png
trees,sense of separation,momentarily disengage,positive,202211_113.92292441756912_22.689422567040562.png
greenery,feeling of escape,foster relaxation,positive,202211_113.92292441756912_22.689422567040562.png
greenery,sense of being away,escape from nuisances,positive,202211_113.9248291_22.688974099999996.png
atmosphere,less chaotic feeling,calmness,positive,202211_113.9248291_22.688974099999996.png
traffic,limited escape,increased awareness,negative,202211_113.9248291_22.688974099999996.png
commercial activity,active environment,engagement with surroundings,neutral,202211_113.9248291_22.688974099999996.png
greenery,partial escape,seek refuge,positive,202211_113.9227536_22.727050399999996.png
traffic,lack of mental detachment,navigate busy street,negative,202211_113.9227536_22.727050399999996.png
buildings,prevent true refuge,avoid urban harshness,negative,202211_113.9227536_22.727050399999996.png
traffic,lack of refuge,limited escape,negative,202211_113.92448041422081_22.693147527486474.png
buildings,urban integration,routine engagement,negative,202211_113.92448041422081_22.693147527486474.png
greenery,minimal relief,temporary distraction,neutral,202211_113.92448041422081_22.693147527486474.png
cars,constant activity,normalcy acceptance,negative,202211_113.92448041422081_22.693147527486474.png
signs,routine reminder,continued engagement,negative,202211_113.92448041422081_22.693147527486474.png
Tunnels,sense of separation,transit,neutral,202211_113.92484152239916_22.7051726408131.png
traffic,lack of refuge,none,negative,202211_113.92484152239916_22.7051726408131.png
design,lack of escape,none,negative,202211_113.92484152239916_22.7051726408131.png
trees,slight sense of escape,seeking refuge,positive,202211_113.9253078_22.7618506.png
road,not a profound refuge,continuing daily concerns,negative,202211_113.9253078_22.7618506.png
traffic,ongoing urban pressures,feeling overwhelmed,negative,202211_113.9253078_22.7618506.png
intersection,lack of escape,difficulty in relaxation,negative,202211_113.9265475_22.693543899999998.png
traffic,stress from activity,increased focus on daily demands,negative,202211_113.9265475_22.693543899999998.png
buildings,feeling of confinement,avoidance of pressing matters,negative,202211_113.9265475_22.693543899999998.png
road,temporary escape,detach from tasks,positive,202211_113.92520629582631_22.697558592741856.png
trees,sense of peacefulness,reduce stress,positive,202211_113.92520629582631_22.697558592741856.png
sky,separation from nuisances,enhance relaxation,positive,202211_113.92520629582631_22.697558592741856.png
street,lack of escape,avoidance of urban nuisances,negative,202211_113.9259899_22.7421768.png
buildings,mental detachment absence,continuation of daily routines,negative,202211_113.9259899_22.7421768.png
cars,stress from traffic,increased anxiety,negative,202211_113.9259899_22.7421768.png
trees,sense of separation,mental detachment,positive,202211_113.9263628_22.5912654.png
street,partial escape,refuge from demands,positive,202211_113.9263628_22.5912654.png
intersection,lack of refuge,escape from demands,negative,202211_113.9267793_22.679833899999995.png
traffic,busy environment,avoidance of stress,negative,202211_113.9267793_22.679833899999995.png
activity,overstimulation,desire for restoration,negative,202211_113.9267793_22.679833899999995.png
buildings,not a refuge from worries,limited engagement,negative,202211_113.92725478501447_22.736770270252634.png
trees,structured environment,minimal relaxation,negative,202211_113.92725478501447_22.736770270252634.png
road,lack of tranquility,reduced exploration,negative,202211_113.92725478501447_22.736770270252634.png
street,not a refuge,difficult to escape,negative,202211_113.92732766201836_22.67553680968978.png
traffic,persistent stress,increased commuting,negative,202211_113.92732766201836_22.67553680968978.png
commercial,overwhelmed by activity,lack of detachment,negative,202211_113.92732766201836_22.67553680968978.png
greenery,slight escape from urban environment,seeking refuge,positive,202211_113.92887058598346_22.75854674049593.png
road,"busy, functional area",transit experience,negative,202211_113.92887058598346_22.75854674049593.png
highway,not a complete refuge,feeling of demands,negative,202211_113.92887058598346_22.75854674049593.png
environment,not a strong refuge,limited escape,negative,202211_113.92888130000001_22.691593299999997.png
urban,feelings of urban stressors,evoked stress,negative,202211_113.92888130000001_22.691593299999997.png
infrastructure,potentially busy,distraction,negative,202211_113.92888130000001_22.691593299999997.png
natural,lack of strong elements,reduced restoration,negative,202211_113.92888130000001_22.691593299999997.png
seclusion,limited restorative potential,incomplete escape,negative,202211_113.92888130000001_22.691593299999997.png
buildings,not a refuge,low desire to escape,negative,202211_113.92993471694594_22.75313338146949.png
road,everyday concerns,lack of relaxation,negative,202211_113.92993471694594_22.75313338146949.png
road,sense of escape,step away from daily concerns,positive,202211_113.9336117_22.629924599999995.png
elements,feeling of refuge,momentarily step away,positive,202211_113.9336117_22.629924599999995.png
intersection,lack of escape,avoidance of stress,negative,202211_113.9368539_22.690225699999996.png
traffic,ongoing demands,increased anxiety,negative,202211_113.9368539_22.690225699999996.png
lights,distraction,reduced focus,negative,202211_113.9368539_22.690225699999996.png
vehicles,lack of refuge,withdrawal from environment,negative,202211_113.9368539_22.690225699999996.png
pedestrian,busy atmosphere,hesitation to engage,negative,202211_113.9368539_22.690225699999996.png
trees,partial escape from chaos,seek tranquility,positive,202211_113.9360468_22.758895699999997.png
buildings,active urban presence,navigate urban life,neutral,202211_113.9360468_22.758895699999997.png
construction,ongoing disturbance,adapt to noise,negative,202211_113.9360468_22.758895699999997.png
street,lack of escape,engagement with urban life,negative,202211_113.9328649640436_22.697613307792725.png
vehicles,overwhelmed by stimuli,avoidance of refuge,negative,202211_113.9328649640436_22.697613307792725.png
buildings,confinement,observation of activity,negative,202211_113.9328649640436_22.697613307792725.png
street,lack of refuge,avoidance of obligations,negative,202211_113.9321752_22.675359599999997.png
traffic,stressful environment,increased focus on daily demands,negative,202211_113.9321752_22.675359599999997.png
pedestrians,overstimulation,distraction from relaxation,negative,202211_113.9321752_22.675359599999997.png
commercial,busy atmosphere,engagement in daily activities,negative,202211_113.9321752_22.675359599999997.png
roads,not a refuge,feel removed,negative,202211_113.9373523_22.6753916.png
vehicles,highly functional,escape from concerns,negative,202211_113.9373523_22.6753916.png
buildings,active environment,seek respite,negative,202211_113.9373523_22.6753916.png
traffic,difficult to relax,avoid daily life,negative,202211_113.9373523_22.6753916.png
construction,stressful context,desire for peace,negative,202211_113.9373523_22.6753916.png
infrastructure,reminder of concerns,long for escape,negative,202211_113.9373523_22.6753916.png
intersection,stressful environment,avoidance of thought,negative,202211_113.94225220000001_22.753719199999995.png
vehicles,sense of obligation,focus on tasks,negative,202211_113.94225220000001_22.753719199999995.png
traffic,overwhelming demands,increased urgency,negative,202211_113.94225220000001_22.753719199999995.png
streetscape,low mental escape,persistent demands,negative,202211_113.9414209_22.683555099999996.png
traffic,stressful environment,avoidance of the area,negative,202211_113.9414209_22.683555099999996.png
construction,distraction,increased focus on tasks,negative,202211_113.9414209_22.683555099999996.png
commercial,overstimulation,limited relaxation,negative,202211_113.9414209_22.683555099999996.png
trees,mental respite,escape from urban hustle,positive,202211_113.94254643727618_22.59207327166163.png
traffic,limited escape,stay engaged with daily concerns,negative,202211_113.94254643727618_22.59207327166163.png
buildings,visual confinement,increased awareness of surroundings,negative,202211_113.94254643727618_22.59207327166163.png
street,lack of refuge,engagement with urban life,negative,202211_113.9432455_22.587066.png
traffic,stress and distraction,inability to detach,negative,202211_113.9432455_22.587066.png
buildings,overwhelmed by responsibilities,no escape,negative,202211_113.9432455_22.587066.png
infrastructure,constrained freedom,engagement rather than relaxation,negative,202211_113.9432455_22.587066.png
trees,temporary escape from urban stressors,seeking refuge,positive,202211_113.94342557009044_22.595511079528276.png
sky,temporary escape from urban stressors,seeking refuge,positive,202211_113.94342557009044_22.595511079528276.png
traffic,limited feeling of refuge,avoidance of stress,negative,202211_113.94342557009044_22.595511079528276.png
bus stop,limited feeling of refuge,avoidance of stress,negative,202211_113.94342557009044_22.595511079528276.png
signs,limited feeling of refuge,avoidance of stress,negative,202211_113.94342557009044_22.595511079528276.png
roads,sense of separation,get away from concerns,positive,202211_113.94713426497022_22.58369575357855.png
traffic,feeling of escape,avoid hustle and bustle,positive,202211_113.94713426497022_22.58369575357855.png
greenery,contribution to tranquility,seek relaxation,positive,202211_113.94713426497022_22.58369575357855.png
street,lack of escape,difficulty detaching,negative,202211_113.9561873_22.686525999999997.png
vehicles,connected to daily life,reinforced engagement,negative,202211_113.9561873_22.686525999999997.png
buildings,part of everyday grind,maintaining routine,negative,202211_113.9561873_22.686525999999997.png
greenery,sense of being away,seek refuge,positive,202211_113.9517394_22.7620258.png
street,sense of peace,enjoy calmness,positive,202211_113.9517394_22.7620258.png
entrance,sense of privacy,explore recreational areas,positive,202211_113.9517394_22.7620258.png
sky,sense of tranquility,relax and unwind,positive,202211_113.9517394_22.7620258.png
street,lack of refuge,avoidance of space,negative,202211_113.9444364_22.7636997.png
traffic,overwhelmed by demands,stress response,negative,202211_113.9444364_22.7636997.png
buildings,sense of confinement,withdrawal,negative,202211_113.9444364_22.7636997.png
signs,distraction,inattention,negative,202211_113.9444364_22.7636997.png
development,chaotic environment,avoidance of engagement,negative,202211_113.9444364_22.7636997.png
tents,temporary instability,hesitation to linger,negative,202211_113.9444364_22.7636997.png
barriers,feeling restricted,avoidance of interaction,negative,202211_113.9444364_22.7636997.png
construction,disruption of peace,desire to leave,negative,202211_113.9444364_22.7636997.png
street,distracting environment,difficult to escape,negative,202211_113.9506242_22.6892578.png
traffic,demanding of attention,mental disengagement hindered,negative,202211_113.9506242_22.6892578.png
activity,not a clear refuge,inability to relax,negative,202211_113.9506242_22.6892578.png
trees,lack of escape,minimal mental detachment,negative,202211_113.95836790652298_22.69236529229209.png
buildings,functional urban life,no refuge seeking,negative,202211_113.95836790652298_22.69236529229209.png
traffic,stressful environment,avoidance of usual worries,negative,202211_113.95836790652298_22.69236529229209.png
street,not restorative,avoidance of stress,negative,202211_113.9570976_22.583883199999995.png
traffic,overwhelmed,seeking escape,negative,202211_113.9570976_22.583883199999995.png
commercial,distraction,increased activity,negative,202211_113.9570976_22.583883199999995.png
vehicles,lack of peace,avoidance of the area,negative,202211_113.9570976_22.583883199999995.png
people,crowdedness,desire for solitude,negative,202211_113.9570976_22.583883199999995.png
nature,absence of tranquility,longing for natural spaces,negative,202211_113.9570976_22.583883199999995.png
streetscape,lack of refuge,reinforces daily demands,negative,202211_113.9594759_22.6869193.png
traffic,connected to city life,maintains usual obligations,negative,202211_113.9594759_22.6869193.png
noise,overwhelmed by busyness,avoids relaxation,negative,202211_113.9594759_22.6869193.png
buildings,no escape from thoughts,increases stress,negative,202211_113.9594759_22.6869193.png
streetscape,lack of refuge,difficulty in disconnecting,negative,202211_113.96124870000001_22.693383099999995.png
traffic,stressful environment,inability to relax,negative,202211_113.96124870000001_22.693383099999995.png
construction,distraction,focus on tasks,negative,202211_113.96124870000001_22.693383099999995.png
commercial activity,overstimulation,constant engagement,negative,202211_113.96124870000001_22.693383099999995.png
street,source of stress,difficulty disconnecting,negative,202211_113.96500278761941_22.7057305940868.png
construction,source of stress,difficulty disconnecting,negative,202211_113.96500278761941_22.7057305940868.png
noise,source of stress,difficulty disconnecting,negative,202211_113.96500278761941_22.7057305940868.png
street,sense of escape,avoid urban hustle,negative,202211_113.9662081_22.695615500000002.png
greenery,slight contrast,provide respite,neutral,202211_113.9662081_22.695615500000002.png
traffic,daily demands,increase stress,negative,202211_113.9662081_22.695615500000002.png
infrastructure,nuisances,distract attention,negative,202211_113.9662081_22.695615500000002.png
intersection,not a refuge,difficult to detach,negative,202211_113.9707677_22.696726400000003.png
traffic,constant activity,unable to escape,negative,202211_113.9707677_22.696726400000003.png
buildings,artificial environment,pressing matters persist,negative,202211_113.9707677_22.696726400000003.png
traffic,immersed in daily life,none,negative,202211_113.9736811_22.681122699999992.png
expressways,lack of refuge,none,negative,202211_113.9736811_22.681122699999992.png
infrastructure,overwhelmed by busyness,none,negative,202211_113.9736811_22.681122699999992.png
vehicles,constant disturbance,none,negative,202211_113.9736811_22.681122699999992.png
noise,stressful environment,none,negative,202211_113.9736811_22.681122699999992.png
street,difficult to feel 'away',increased attention,negative,202211_113.9724363_22.693400699999998.png
buildings,associated with daily life,heightened stress,negative,202211_113.9724363_22.693400699999998.png
sky,less than ideal 'escape',avoidance of the area,negative,202211_113.9724363_22.693400699999998.png
roads,demands attention,increased focus on surroundings,negative,202211_113.9724363_22.693400699999998.png
trees,temporary escape,getting away from daily demands,positive,202211_113.97663050000001_22.677637000000004.png
road,peaceful atmosphere,contemplation,positive,202211_113.97663050000001_22.677637000000004.png
skies,conducive to peace,reflecting,positive,202211_113.97663050000001_22.677637000000004.png
trees,slight escape from stressors,seek refuge,positive,202211_113.9770576_22.680456799999998.png
traffic,difficulty feeling removed,experience stress,negative,202211_113.9770576_22.680456799999998.png
commercial activities,not a deep refuge,remain engaged with demands,negative,202211_113.9770576_22.680456799999998.png
street,not a refuge from disturbances,continue daily tasks,negative,202211_113.9790278_22.699194899999995.png
greenery,some visual respite,momentary distraction,neutral,202211_113.9790278_22.699194899999995.png
buildings,connected to city demands,remain engaged,negative,202211_113.9790278_22.699194899999995.png
roadway,lack of refuge,transit-focused actions,negative,202211_113.97920184951224_22.69279470795537.png
traffic,stress from demands,avoidance of engagement,negative,202211_113.97920184951224_22.69279470795537.png
greenery,minimal mental break,limited relaxation,negative,202211_113.97920184951224_22.69279470795537.png
structures,urban confinement,feeling of being trapped,negative,202211_113.97920184951224_22.69279470795537.png
intersection,demanding attention,navigate safely,negative,202211_113.9854985_22.685279299999994.png
traffic,stressful environment,stay alert,negative,202211_113.9854985_22.685279299999994.png
construction,distraction,avoid engagement,negative,202211_113.9854985_22.685279299999994.png
pedestrian,lack of refuge,remain vigilant,negative,202211_113.9854985_22.685279299999994.png
tree,touch of nature,stop thinking about tasks,positive,202211_113.987769_22.6774694.png
urban,active urban life,engage in daily activities,negative,202211_113.987769_22.6774694.png
trees,difficult to feel away,lack of mental escape,negative,202211_113.9858528_22.704467899999997.png
sky,difficult to feel away,lack of mental escape,negative,202211_113.9858528_22.704467899999997.png
traffic,reminders of urban development,lack of mental escape,negative,202211_113.9858528_22.704467899999997.png
construction,reminders of urban development,lack of mental escape,negative,202211_113.9858528_22.704467899999997.png
road,lack of escape,avoidance of responsibilities,negative,202211_113.98367039433224_22.672815120621834.png
traffic,constant movement,increased stress,negative,202211_113.98367039433224_22.672815120621834.png
greenery,respite from demands,mental detachment,positive,202211_113.9890723_22.693102999999994.png
pathways,sense of calm,walking,positive,202211_113.9890723_22.693102999999994.png
buildings,urban presence,navigation,neutral,202211_113.9890723_22.693102999999994.png
sky,open atmosphere,gazing,positive,202211_113.9890723_22.693102999999994.png
trees,difficult to feel removed,stop thinking about tasks,negative,202211_113.9905027_22.681737499999997.png
buildings,too active environment,feel overwhelmed,negative,202211_113.9905027_22.681737499999997.png
traffic,distraction from concerns,unable to relax,negative,202211_113.9905027_22.681737499999997.png
cars,lack of escape,remain engaged,negative,202211_113.9879906_22.665906999999997.png
stores,connection to daily life,continue routine,negative,202211_113.9879906_22.665906999999997.png
infrastructure,active environment,stay functional,negative,202211_113.9879906_22.665906999999997.png
intersection,stressful environment,avoidance of space,negative,202211_113.991308_22.668160299999993.png
traffic,overwhelmed by noise,increased alertness,negative,202211_113.991308_22.668160299999993.png
commercial,distraction from obligations,lack of focus,negative,202211_113.991308_22.668160299999993.png
street,lack of escape,engagement with environment,negative,202211_113.9901884_22.6640908.png
traffic,stressful atmosphere,increased anxiety,negative,202211_113.9901884_22.6640908.png
buildings,urban confinement,limited relaxation,negative,202211_113.9901884_22.6640908.png
construction,disruption of peace,heightened distraction,negative,202211_113.9901884_22.6640908.png
activity,constant engagement,inability to detach,negative,202211_113.9901884_22.6640908.png
trees,sense of separation,mental escape,positive,202211_113.9939903_22.673004600000002.png
sidewalks,calm and orderly,facilitate relaxation,positive,202211_113.9939903_22.673004600000002.png
traffic,moderated withdrawal,awareness of urban life,negative,202211_113.9939903_22.673004600000002.png
buildings,not complete withdrawal,maintain connection to urbanity,negative,202211_113.9939903_22.673004600000002.png
traffic,lack of mental escape,remain stressed,negative,202211_113.996054_22.668308199999995.png
construction,sense of being tethered,focus on immediate surroundings,negative,202211_113.996054_22.668308199999995.png
landscape,urban stress,avoid relaxation,negative,202211_113.996054_22.668308199999995.png
street,moderate sense of being away,engaging with public space,neutral,202211_113.9923096_22.666352000000003.png
cars,presence of nuisances,distracted from relaxation,negative,202211_113.9923096_22.666352000000003.png
buildings,active urban setting,limited escape from thoughts,negative,202211_113.9923096_22.666352000000003.png
trees,limited escape from daily life,lack of refuge,negative,202211_113.9984381_22.681373299999997.png
infrastructure,distractions prevalent,focus on daily routines,negative,202211_113.9984381_22.681373299999997.png
roads,sense of urgency,hurry through space,negative,202211_113.9984381_22.681373299999997.png
signs,commercial distractions,attention diverted,negative,202211_113.9984381_22.681373299999997.png
intersection,difficult to escape thoughts,avoidance of environment,negative,202211_113.9978556_22.662229899999996.png
overpass,lack of refuge,increased stress,negative,202211_113.9978556_22.662229899999996.png
buildings,urban hustle,distraction from daily life,negative,202211_113.9978556_22.662229899999996.png
traffic,perceived as nuisances,not stopping thoughts,negative,202211_113.9964751_22.657575699999995.png
storefronts,perceived as nuisances,not stopping thoughts,negative,202211_113.9964751_22.657575699999995.png
noise,perceived as nuisances,not stopping thoughts,negative,202211_113.9964751_22.657575699999995.png
environment,too actively engaged,not offering a sense of being away,negative,202211_113.9964751_22.657575699999995.png
greenery,moderate sense of being away,natural escape,positive,202211_114.0001142_22.672967399999997.png
road,partial mental detachment,active urban engagement,negative,202211_114.0001142_22.672967399999997.png
traffic,partial mental detachment,active urban engagement,negative,202211_114.0001142_22.672967399999997.png
buildings,partial mental detachment,active urban engagement,negative,202211_114.0001142_22.672967399999997.png
vehicles,partial mental detachment,active urban engagement,negative,202211_114.0001142_22.672967399999997.png
street,partial mental detachment,active urban engagement,negative,202211_114.0001142_22.672967399999997.png
traffic,not a complete escape,observe or pass through,negative,202211_114.0016995_22.664829299999997.png
construction,not a complete escape,observe or pass through,negative,202211_114.0016995_22.664829299999997.png
infrastructure,not a complete escape,observe or pass through,negative,202211_114.0016995_22.664829299999997.png
environment,functional and active,observe or pass through,neutral,202211_114.0016995_22.664829299999997.png
streetscape,not a refuge,difficult to relax,negative,202211_114.001936_22.656943199999997.png
traffic,stressful environment,increased anxiety,negative,202211_114.001936_22.656943199999997.png
infrastructure,overwhelming presence,avoidance of space,negative,202211_114.001936_22.656943199999997.png
buildings,confining atmosphere,lack of escape,negative,202211_114.001936_22.656943199999997.png
development,ongoing disruption,inability to focus,negative,202211_114.001936_22.656943199999997.png
street,lack of escape,continuation of daily life,negative,202211_114.0032822_22.681515600000004.png
traffic,stress,avoidance of the area,negative,202211_114.0032822_22.681515600000004.png
pedestrians,overwhelm,hurrying through,negative,202211_114.0032822_22.681515600000004.png
commercial,demanding environment,engagement in activities,negative,202211_114.0032822_22.681515600000004.png
street,sense of overwhelm,avoidance of urban areas,negative,202211_114.0032842_22.655026699999997.png
traffic,stress and frustration,seeking quieter spaces,negative,202211_114.0032842_22.655026699999997.png
buildings,lack of refuge,desire for escape,negative,202211_114.0032842_22.655026699999997.png
street,low sense of escape,no desire to engage,negative,202211_114.00752030000001_22.644621500000003.png
traffic,stressful environment,avoidance of the area,negative,202211_114.00752030000001_22.644621500000003.png
pedestrians,crowded feeling,withdrawal from activity,negative,202211_114.00752030000001_22.644621500000003.png
street,lack of escape,no mental detachment,negative,202211_114.0051723768474_22.681067740455443.png
traffic,stressful environment,increased responsibilities,negative,202211_114.0051723768474_22.681067740455443.png
construction,disruption,avoidance of relaxation,negative,202211_114.0051723768474_22.681067740455443.png
pedestrians,crowdedness,lack of tranquility,negative,202211_114.0051723768474_22.681067740455443.png
trees,sense of refuge,seeking escape,negative,202211_114.00540480242616_22.65630467035494.png
vehicles,urban demands,increased activity,negative,202211_114.00540480242616_22.65630467035494.png
buildings,daily life stress,limited relaxation,negative,202211_114.00540480242616_22.65630467035494.png
pedestrians,crowded environment,avoidance of stress,negative,202211_114.00540480242616_22.65630467035494.png
roads,lack of refuge,avoidance of obligations,negative,202211_114.0078292_22.639066599999996.png
buildings,stress from urban life,inability to relax,negative,202211_114.0078292_22.639066599999996.png
traffic,constant distraction,increased anxiety,negative,202211_114.0078292_22.639066599999996.png
infrastructure,feeling trapped,lack of escape,negative,202211_114.0078292_22.639066599999996.png
traffic,lack of escape,difficulty in relaxing,negative,202211_114.00808370000001_22.647836700000003.png
buildings,overwhelmed by responsibilities,constant thinking about duties,negative,202211_114.00808370000001_22.647836700000003.png
atmosphere,stressful environment,avoidance of engagement,negative,202211_114.00808370000001_22.647836700000003.png
trees,slight respite,pause and relax,positive,202211_114.0067388_22.657706199999996.png
sky,slight respite,pause and relax,positive,202211_114.0067388_22.657706199999996.png
traffic,demanding environment,avoidance of refuge,negative,202211_114.0067388_22.657706199999996.png
shops,demanding environment,avoidance of refuge,negative,202211_114.0067388_22.657706199999996.png
vendors,demanding environment,avoidance of refuge,negative,202211_114.0067388_22.657706199999996.png
pedestrian,demanding environment,avoidance of refuge,negative,202211_114.0067388_22.657706199999996.png
street,lack of escape,engagement with daily demands,negative,202211_114.01052248887245_22.649428427414882.png
traffic,stressful environment,avoidance of relaxation,negative,202211_114.01052248887245_22.649428427414882.png
highways,disconnection from nature,pursuit of routine,negative,202211_114.01052248887245_22.649428427414882.png
activity,overstimulation,continuation of hustle,negative,202211_114.01052248887245_22.649428427414882.png
street,not a refuge,focus on surroundings,negative,202211_114.0083_22.6611993.png
traffic,lack of escape,stay engaged,negative,202211_114.0083_22.6611993.png
buildings,no mental detachment,remain attentive,negative,202211_114.0083_22.6611993.png
intersection,lack of refuge,engagement in daily activities,negative,202211_114.00958_22.6768807.png
traffic,stress from noise,avoidance of the area,negative,202211_114.00958_22.6768807.png
buildings,feeling of confinement,search for open spaces,negative,202211_114.00958_22.6768807.png
tree,mental escape from routine stresses,observe daily activities,positive,202211_114.0114565_22.7516805.png
greenery,degree of separation from city life,provide restorative potential,positive,202211_114.0114565_22.7516805.png
trees,not a strong refuge,does not facilitate escape,negative,202211_114.01226702670839_22.65062289331344.png
green spaces,part of road infrastructure,does not provide seclusion,negative,202211_114.01226702670839_22.65062289331344.png
street,not a refuge,movement,negative,202211_114.0120856_22.6380701.png
structures,distraction,daily life activities,negative,202211_114.0120856_22.6380701.png
traffic,stressful environment,avoidance of retreat,negative,202211_114.0120856_22.6380701.png
construction,lack of refuge,increased stress,negative,202211_114.0132668_22.726755799999992.png
urban,connection to daily life,no escape,negative,202211_114.0132668_22.726755799999992.png
trees,slight mental escape,seek respite,positive,202211_114.01360720000001_22.6653999.png
greenery,slight mental escape,seek respite,positive,202211_114.01360720000001_22.6653999.png
sky,slight mental escape,seek respite,positive,202211_114.01360720000001_22.6653999.png
traffic,not a complete refuge,avoid congestion,negative,202211_114.01360720000001_22.6653999.png
buildings,not a complete refuge,avoid congestion,negative,202211_114.01360720000001_22.6653999.png
urban,overall busy feel,seek quieter spaces,negative,202211_114.01360720000001_22.6653999.png
street,lack of refuge,avoidance of environment,negative,202211_114.0143483_22.629982700000003.png
traffic,stress,increased tension,negative,202211_114.0143483_22.629982700000003.png
construction,distraction,inability to focus,negative,202211_114.0143483_22.629982700000003.png
commercial,overstimulation,seeking escape,negative,202211_114.0143483_22.629982700000003.png
street,lack of solitude,engagement with the outside world,negative,202211_114.01383709611049_22.67024418987094.png
traffic,mental strain,active involvement,negative,202211_114.01383709611049_22.67024418987094.png
shops,distraction,commercial activity,negative,202211_114.01383709611049_22.67024418987094.png
buildings,lack of detachment,no mental escape,negative,202211_114.01383709611049_22.67024418987094.png
trees,sense of detachment,escape from worries,positive,202211_114.0122966_22.6592225.png
sunlight,calm atmosphere,relaxation,positive,202211_114.0122966_22.6592225.png
traffic,immediate stress,avoidance,negative,202211_114.0122966_22.6592225.png
infrastructure,anchoring to reality,return to daily life,neutral,202211_114.0122966_22.6592225.png
commercial activity,reminder of everyday life,acceptance of surroundings,neutral,202211_114.0122966_22.6592225.png
highway,lack of escape,transit,negative,202211_114.01569978609133_22.728512338937833.png
vehicles,ongoing activity,travel,neutral,202211_114.01569978609133_22.728512338937833.png
intersection,lack of escape,remain in daily routine,negative,202211_114.01481627634406_22.65261985076098.png
vehicles,sense of busyness,engage in commercial activity,negative,202211_114.01481627634406_22.65261985076098.png
pedestrian,everyday environment,navigate through space,neutral,202211_114.01481627634406_22.65261985076098.png
environment,lack of refuge,difficulty in relaxation,negative,202211_114.0163689_22.653706200000002.png
activity,constant distraction,inability to escape,negative,202211_114.0163689_22.653706200000002.png
noise,stressful atmosphere,avoidance of space,negative,202211_114.0163689_22.653706200000002.png
crowding,overwhelming presence,withdrawal from space,negative,202211_114.0163689_22.653706200000002.png
greenery,moderate sense of being away,temporary detachment from daily routines,positive,202211_114.01617567742461_22.720944442198924.png
sky,partial escape from immediate surroundings,escape from urban life,positive,202211_114.01617567742461_22.720944442198924.png
road,remains prominent,acceptance of urban infrastructure,negative,202211_114.01617567742461_22.720944442198924.png
traffic,typical of urban life,acknowledgment of daily demands,negative,202211_114.01617567742461_22.720944442198924.png
intersection,high engagement,distracted behavior,negative,202211_114.0177091_22.748998399999998.png
traffic,lack of refuge,avoidance of the area,negative,202211_114.0177091_22.748998399999998.png
advertisements,overstimulation,increased stress,negative,202211_114.0177091_22.748998399999998.png
street,reminder of daily demands,not seeking escape,negative,202211_114.0191639_22.662296299999998.png
traffic,stressful environment,avoiding relaxation,negative,202211_114.0191639_22.662296299999998.png
pedestrian,lack of tranquility,not finding refuge,negative,202211_114.0191639_22.662296299999998.png
urban,overwhelming presence,focusing on tasks,negative,202211_114.0191639_22.662296299999998.png
intersection,lack of refuge,increased distraction,negative,202211_114.0181294_22.6263421.png
traffic,stressful environment,avoidance of space,negative,202211_114.0181294_22.6263421.png
construction,disruption of peace,seeking quieter areas,negative,202211_114.0181294_22.6263421.png
shops,busy atmosphere,increased engagement,negative,202211_114.0181294_22.6263421.png
vehicles,distracting environment,passing through,negative,202211_114.01958120000002_22.706928199999997.png
road,not a refuge,simply passing,negative,202211_114.01958120000002_22.706928199999997.png
intersection,lack of escape,difficulty disengaging,negative,202211_114.0190127_22.633466399999996.png
traffic,overwhelmed by noise,inability to relax,negative,202211_114.0190127_22.633466399999996.png
buildings,stress from urban life,continued focus on tasks,negative,202211_114.0190127_22.633466399999996.png
crowds,increased anxiety,avoidance of the area,negative,202211_114.0190127_22.633466399999996.png
trees,limited feeling of being away,less refuge seeking,negative,202211_114.0187342_22.630308.png
traffic,stress from urban demands,avoidance of urban areas,negative,202211_114.0187342_22.630308.png
buildings,lack of detachment,reduced relaxation,negative,202211_114.0187342_22.630308.png
trees,slight sense of detachment,temporary pause,positive,202211_114.02076763342716_22.6417675560083.png
traffic,not a profound escape,continued engagement,negative,202211_114.02076763342716_22.6417675560083.png
buildings,implied context of functionality,acknowledgment of responsibilities,neutral,202211_114.02076763342716_22.6417675560083.png
street,not a refuge,difficult to relax,negative,202211_114.0203987_22.653373900000002.png
traffic,constant distraction,inability to focus,negative,202211_114.0203987_22.653373900000002.png
construction,stressful environment,avoidance of the area,negative,202211_114.0203987_22.653373900000002.png
commercial,lack of tranquility,seeking quiet spaces,negative,202211_114.0203987_22.653373900000002.png
infrastructure,overwhelming presence,distraction from tasks,negative,202211_114.0203987_22.653373900000002.png
elements,absence of restfulness,desire for nature,negative,202211_114.0203987_22.653373900000002.png
seclusion,lack of privacy,need for escape,negative,202211_114.0203987_22.653373900000002.png
road,lack of escape,stay engaged,negative,202211_114.0209513_22.704005600000002.png
greenery,slight contrast,momentary relief,neutral,202211_114.0209513_22.704005600000002.png
infrastructure,urban chaos,avoidance of refuge,negative,202211_114.0209513_22.704005600000002.png
intersection,not a refuge,stay engaged,negative,202211_114.0210043_22.668622000000003.png
traffic,constant stimuli,avoid mental detachment,negative,202211_114.0210043_22.668622000000003.png
infrastructure,demanding thoughts,remain focused,negative,202211_114.0210043_22.668622000000003.png
street,lack of escape,no mental break,negative,202211_114.0211632_22.610719899999992.png
traffic,presence of daily life,continued engagement,negative,202211_114.0211632_22.610719899999992.png
buildings,not a refuge,avoidance of relaxation,negative,202211_114.0211632_22.610719899999992.png
intersection,not a refuge,difficult to disconnect,negative,202211_114.0217305_22.724620699999992.png
traffic,typical city life,maintain routine,negative,202211_114.0217305_22.724620699999992.png
buildings,no escape,stay engaged,negative,202211_114.0217305_22.724620699999992.png
activity,constant demands,remain focused,negative,202211_114.0217305_22.724620699999992.png
traffic,overwhelmed by demands,avoidance of obligations,negative,202211_114.02214683204099_22.66441188077592.png
noise,difficulty concentrating,inability to relax,negative,202211_114.02214683204099_22.66441188077592.png
clutter,mental chaos,escape from thoughts,negative,202211_114.02214683204099_22.66441188077592.png
intersection,not a refuge,difficult to escape,negative,202211_114.0226689_22.6581417.png
traffic,overwhelmed by activity,inability to relax,negative,202211_114.0226689_22.6581417.png
construction,stressful environment,avoidance of space,negative,202211_114.0226689_22.6581417.png
pedestrians,lack of tranquility,distraction from responsibilities,negative,202211_114.0226689_22.6581417.png
intersection,active and demanding environment,increased stress,negative,202211_114.02458397103088_22.636186228414157.png
infrastructure,lack of refuge,avoidance of the area,negative,202211_114.02458397103088_22.636186228414157.png
traffic,overwhelmed by noise,distraction from thoughts,negative,202211_114.02458397103088_22.636186228414157.png
intersection,lack of refuge,difficulty detaching,negative,202211_114.024513_22.7198635.png
buildings,overwhelmed by urban life,inability to relax,negative,202211_114.024513_22.7198635.png
traffic,heightened awareness,increased attention,negative,202211_114.024513_22.7198635.png
intersection,lack of tranquility,avoidance of the area,negative,202211_114.02504000000002_22.655338899999997.png
vehicles,stressful environment,increased urgency,negative,202211_114.02504000000002_22.655338899999997.png
people,overwhelming activity,desire to escape,negative,202211_114.02504000000002_22.655338899999997.png
street,lack of refuge,inability to relax,negative,202211_114.02556840000001_22.630214099999996.png
buildings,overwhelmed by urban demands,constant activity,negative,202211_114.02556840000001_22.630214099999996.png
traffic,stress from noise,avoidance of the area,negative,202211_114.02556840000001_22.630214099999996.png
vehicles,distraction from thoughts,difficulty focusing,negative,202211_114.02556840000001_22.630214099999996.png
pedestrians,chaos of city life,feeling of being rushed,negative,202211_114.02556840000001_22.630214099999996.png
roadway,lack of refuge,stay within routine,negative,202211_114.02623188381102_22.719018468589184.png
buildings,sense of routine,engage in daily activities,negative,202211_114.02623188381102_22.719018468589184.png
trees,mental detachment,sense of escape,positive,202211_114.02588041586304_22.667103762999158.png
green spaces,visual break,sense of escape,positive,202211_114.02588041586304_22.667103762999158.png
street,different context,feeling of being away,positive,202211_114.02588041586304_22.667103762999158.png
intersection,poor mental escape,avoid relaxation,negative,202211_114.026409_22.61672.png
traffic,constant activity,increase stress,negative,202211_114.026409_22.61672.png
environment,lack of refuge,continue demanding tasks,negative,202211_114.026409_22.61672.png
street,lack of refuge,continuation of daily routine,negative,202211_114.02685327941492_22.65665801526316.png
traffic,stress and congestion,avoidance of the area,negative,202211_114.02685327941492_22.65665801526316.png
shops,commercial pressure,engagement in shopping,neutral,202211_114.02685327941492_22.65665801526316.png
pedestrians,crowdedness,navigating through the crowd,negative,202211_114.02685327941492_22.65665801526316.png
trees,sense of refuge,seeking calmness,positive,202211_114.0271165_22.5685268.png
street,sense of demand,avoidance of stress,negative,202211_114.0271165_22.5685268.png
traffic,feeling overwhelmed,desire to escape,negative,202211_114.0271165_22.5685268.png
construction,sense of disturbance,seeking quiet,negative,202211_114.0271165_22.5685268.png
sky,sense of openness,inspiration,positive,202211_114.0271165_22.5685268.png
street,lack of refuge,difficulty in escaping thoughts,negative,202211_114.0270607_22.728646699999995.png
traffic,constant distraction,inability to relax,negative,202211_114.0270607_22.728646699999995.png
buildings,overwhelming presence,heightened stress,negative,202211_114.0270607_22.728646699999995.png
intersection,lack of escape,constant engagement,negative,202211_114.02749850000001_22.661723400000003.png
buildings,busy environment,interaction with surroundings,neutral,202211_114.02749850000001_22.661723400000003.png
roads,lack of tranquility,not escaping nuisances,negative,202211_114.026955_22.724973.png
buildings,ongoing activity,not finding mental respite,negative,202211_114.026955_22.724973.png
infrastructure,not a refuge,not stopping to think,negative,202211_114.026955_22.724973.png
greenery,sense of detachment,temporary escape,positive,202211_114.02779052763432_22.67313863258654.png
sky,serene environment,relaxation,positive,202211_114.02779052763432_22.67313863258654.png
traffic,calmness,mindfulness,positive,202211_114.02779052763432_22.67313863258654.png
concrete,urban hustle,detachment from stress,negative,202211_114.02779052763432_22.67313863258654.png
traffic,lack of refuge,increased awareness,negative,202211_114.02830793021995_22.63514802817295.png
buildings,feeling of confinement,avoidance of thoughts,negative,202211_114.02830793021995_22.63514802817295.png
construction,distraction,inability to relax,negative,202211_114.02830793021995_22.63514802817295.png
buildings,not an ideal refuge,lack of escape,negative,202211_114.0283491_22.604311499999998.png
greenery,integrated into cityscape,limited tranquility,negative,202211_114.0283491_22.604311499999998.png
vehicles,place of transit,urban function,negative,202211_114.0283491_22.604311499999998.png
traffic,not a tranquil retreat,increased stress,negative,202211_114.0283491_22.604311499999998.png
trees,lack of escape,continued daily activities,negative,202211_114.0284235_22.621682199999995.png
buildings,functional part of life,engagement with city life,neutral,202211_114.0284235_22.621682199999995.png
traffic,overwhelming presence,avoidance of relaxation,negative,202211_114.0284235_22.621682199999995.png
traffic,lack of escape,increased stress,negative,202211_114.0294217_22.556639199999996.png
buildings,urban confinement,limited relaxation,negative,202211_114.0294217_22.556639199999996.png
activity,mental demands,avoidance of space,negative,202211_114.0294217_22.556639199999996.png
trees,weak sense of escape,lack of detachment,negative,202211_114.0296143_22.644204099999996.png
buildings,part of everyday hustle,no refuge,negative,202211_114.0296143_22.644204099999996.png
traffic,urban nuisances,increased stress,negative,202211_114.0296143_22.644204099999996.png
trees,some sense of nature,seeking refuge,positive,202211_114.03131508752195_22.741494572876128.png
buildings,urban stress,avoiding the area,negative,202211_114.03131508752195_22.741494572876128.png
traffic,feeling overwhelmed,leaving the space,negative,202211_114.03131508752195_22.741494572876128.png
signs,lack of tranquility,navigating quickly,negative,202211_114.03131508752195_22.741494572876128.png
vehicles,distraction,hurrying through,negative,202211_114.03131508752195_22.741494572876128.png
traffic,lack of escape,remain engaged,negative,202211_114.0297621_22.617970299999996.png
construction,stress from obligations,avoid distractions,negative,202211_114.0297621_22.617970299999996.png
city,sense of routine,continue daily activities,neutral,202211_114.0297621_22.617970299999996.png
streetscape,not a strong escape,remain in urban environment,negative,202211_114.02983454916154_22.679820432382865.png
vehicles,active urban environment,navigate through space,neutral,202211_114.02983454916154_22.679820432382865.png
buildings,functional everyday space,engage with surroundings,neutral,202211_114.02983454916154_22.679820432382865.png
barricades,barrier to mental detachment,avoid relaxation,negative,202211_114.02983454916154_22.679820432382865.png
street,lack of escape,avoid stopping,negative,202211_114.0297753_22.638127799999996.png
commerce,busy environment,continue moving,negative,202211_114.0297753_22.638127799999996.png
traffic,stressful atmosphere,seek refuge elsewhere,negative,202211_114.0297753_22.638127799999996.png
construction,distraction,avoid lingering,negative,202211_114.0297753_22.638127799999996.png
street,lack of refuge,increased stress,negative,202211_114.0314997_22.736269000000007.png
traffic,reminder of responsibilities,mental distraction,negative,202211_114.0314997_22.736269000000007.png
construction,disruption of peace,avoidance of area,negative,202211_114.0314997_22.736269000000007.png
street,limited sense of being away,thinking about daily tasks,negative,202211_114.0318018_22.674518099999997.png
traffic,lack of refuge,feeling overwhelmed,negative,202211_114.0318018_22.674518099999997.png
shops,urban hustle,engagement with surroundings,neutral,202211_114.0318018_22.674518099999997.png
intersection,lack of refuge,difficulty in relaxation,negative,202211_114.032242_22.6575483.png
traffic,stressful environment,avoidance of the area,negative,202211_114.032242_22.6575483.png
pedestrians,overwhelmed by activity,inability to focus,negative,202211_114.032242_22.6575483.png
commercial,constant distraction,increased task-oriented thinking,negative,202211_114.032242_22.6575483.png
trees,lack of escape,limited relaxation,negative,202211_114.033416_22.553516.png
buildings,urban stress,daily routines,negative,202211_114.033416_22.553516.png
traffic,overwhelmed,avoidance,negative,202211_114.033416_22.553516.png
intersection,lack of escape,difficulty disengaging,negative,202211_114.0323309_22.668993499999996.png
traffic,stressful environment,requires attention,negative,202211_114.0323309_22.668993499999996.png
construction,disruption,increased focus on surroundings,negative,202211_114.0323309_22.668993499999996.png
traffic,sense of distraction,avoidance of space,negative,202211_114.0321921_22.630447800000002.png
buildings,lack of refuge,withdrawal from environment,negative,202211_114.0321921_22.630447800000002.png
vehicles,feeling of congestion,hesitation to engage,negative,202211_114.0321921_22.630447800000002.png
signals,sense of urgency,rushed movement,negative,202211_114.0321921_22.630447800000002.png
green,peaceful atmosphere,mental detachment,positive,202211_114.0340117_22.761769300000005.png
sky,calm environment,escape from concerns,positive,202211_114.0340117_22.761769300000005.png
intersection,stressful environment,avoidance of daily concerns,negative,202211_114.0336272_22.661090499999997.png
traffic,overwhelmed by activity,seeking peace,negative,202211_114.0336272_22.661090499999997.png
buildings,constrained feeling,desire for escape,negative,202211_114.0336272_22.661090499999997.png
construction,disruption of tranquility,avoidance of noise,negative,202211_114.0336272_22.661090499999997.png
trees,sense of being outdoors,enjoy nature,positive,202211_114.0337351_22.567145599999996.png
road,active urban environment,navigate through traffic,negative,202211_114.0337351_22.567145599999996.png
buildings,sense of urban density,engage with city life,neutral,202211_114.0337351_22.567145599999996.png
bridge,connectivity,move between areas,positive,202211_114.0337351_22.567145599999996.png
trees,sense of escape,seek refuge,positive,202211_114.03539635041923_22.72043432710625.png
road,feeling of spaciousness,explore freely,positive,202211_114.03539635041923_22.72043432710625.png
sky,sense of openness,relax and unwind,positive,202211_114.03539635041923_22.72043432710625.png
vehicles,prevent complete detachment,remain aware,negative,202211_114.03539635041923_22.72043432710625.png
infrastructure,demanding thoughts,struggle to focus,negative,202211_114.03539635041923_22.72043432710625.png
traffic,lack of refuge,continue daily tasks,negative,202211_114.034455_22.602106200000005.png
buildings,connected to urban life,remain engaged with environment,negative,202211_114.034455_22.602106200000005.png
greenery,minimal escape,limited relaxation,neutral,202211_114.034455_22.602106200000005.png
buildings,lack of refuge,increased obligations,negative,202211_114.0356317_22.694531300000005.png
traffic,urban stress,avoidance of detachment,negative,202211_114.0356317_22.694531300000005.png
street,lack of escape,avoidance of urban life,negative,202211_114.03583020000002_22.633432100000004.png
greenery,minimal refuge,seeking tranquility,negative,202211_114.03583020000002_22.633432100000004.png
roadway,urban connection,engagement with daily life,neutral,202211_114.03583020000002_22.633432100000004.png
structures,overwhelmed by traffic,stress response,negative,202211_114.03583020000002_22.633432100000004.png
traffic,urban bustle,distraction from relaxation,negative,202211_114.03583020000002_22.633432100000004.png
construction,lack of escape,avoidance of the area,negative,202211_114.0367861_22.750203300000003.png
traffic,stress and distraction,hurry through the space,negative,202211_114.0367861_22.750203300000003.png
trees,limited sense of escape,difficulty to relax,negative,202211_114.03708640000002_22.7299134.png
road,presence of nuisances,increased stress,negative,202211_114.03708640000002_22.7299134.png
buildings,restricted environment,avoidance of outdoor spaces,negative,202211_114.03708640000002_22.7299134.png
street,lack of escape,stay engaged,negative,202211_114.0357926_22.662275299999997.png
traffic,feeling overwhelmed,avoidance of relaxation,negative,202211_114.0357926_22.662275299999997.png
activity,sense of immersion,continuation of routines,negative,202211_114.0357926_22.662275299999997.png
street,lack of refuge,seeking escape,negative,202211_114.0370413_22.667363200000004.png
traffic,stress,avoiding congestion,negative,202211_114.0370413_22.667363200000004.png
construction,disruption,looking for calm,negative,202211_114.0370413_22.667363200000004.png
buildings,urban overwhelm,desiring restoration,negative,202211_114.0370413_22.667363200000004.png
intersection,sense of detachment,observe urban flow,positive,202211_114.0358766_22.6473671.png
environment,mental escape,absorb activities,positive,202211_114.0358766_22.6473671.png
street,limited escape from routine,maintaining awareness of surroundings,negative,202211_114.0370963_22.6127813.png
landscaped areas,slight sense of respite,seeking relaxation,positive,202211_114.0370963_22.6127813.png
trees,lack of respite,avoidance of stress,negative,202211_114.0372554_22.607285599999997.png
street,overwhelmed by demands,increased activity,negative,202211_114.0372554_22.607285599999997.png
traffic,stressful environment,hurry to escape,negative,202211_114.0372554_22.607285599999997.png
commercial,constant distraction,engagement in commerce,negative,202211_114.0372554_22.607285599999997.png
intersection,lack of refuge,difficulty disengaging,negative,202211_114.0373116_22.658199100000004.png
traffic,high demand for attention,increased stress,negative,202211_114.0373116_22.658199100000004.png
construction,distraction from tasks,inability to relax,negative,202211_114.0373116_22.658199100000004.png
people,overstimulation,feeling overwhelmed,negative,202211_114.0373116_22.658199100000004.png
street,no sense of escape,unlikely to disconnect,negative,202211_114.03749670000002_22.7061488.png
traffic,constant activity,no mental separation,negative,202211_114.03749670000002_22.7061488.png
infrastructure,demands of everyday life,no unwinding,negative,202211_114.03749670000002_22.7061488.png
intersection,lack of escape,navigating traffic,negative,202211_114.0383343_22.670064099999998.png
traffic,stressful environment,commuting,negative,202211_114.0383343_22.670064099999998.png
pedestrian,busy atmosphere,engaging with surroundings,neutral,202211_114.0383343_22.670064099999998.png
street,not a refuge,difficult to escape,negative,202211_114.0384587_22.6523063.png
traffic,active nature,feel away from concerns,negative,202211_114.0384587_22.6523063.png
pedestrians,busy environment,engagement with tasks,negative,202211_114.0384587_22.6523063.png
traffic,connection to everyday world,none,negative,202211_114.03979010000002_22.544423999999996.png
buildings,sense of being away lacking,none,negative,202211_114.03979010000002_22.544423999999996.png
activity,not a refuge,none,negative,202211_114.03979010000002_22.544423999999996.png
greenery,sense of escape,seek refuge,positive,202211_114.0400041_22.7100435.png
streetscape,lack of mental break,avoid distractions,negative,202211_114.0400041_22.7100435.png
traffic,stress and distraction,withdraw from environment,negative,202211_114.0400041_22.7100435.png
buildings,urban atmosphere,navigate urban space,neutral,202211_114.0400041_22.7100435.png
street,not an escape,no mental break,negative,202211_114.0392108_22.633060299999997.png
traffic,connected to hustle,no refuge,negative,202211_114.0392108_22.633060299999997.png
crossings,pressing concerns,no stepping away,negative,202211_114.0392108_22.633060299999997.png
infrastructure,daily demands,no mental break,negative,202211_114.0392108_22.633060299999997.png
streetscape,lack of escape,no mental detachment,negative,202211_114.03978245388089_22.60607904267013.png
traffic,active environment,engagement with daily life,neutral,202211_114.03978245388089_22.60607904267013.png
buildings,predictability,limited retreat,negative,202211_114.03978245388089_22.60607904267013.png
pedestrians,connection to daily life,no sense of refuge,negative,202211_114.03978245388089_22.60607904267013.png
greenery,sense of separation,mental escape,positive,202211_114.040342_22.699437499999995.png
trees,calm atmosphere,focus on tranquility,positive,202211_114.040342_22.699437499999995.png
entrance,structured zone,removal from distractions,positive,202211_114.040342_22.699437499999995.png
street,limited escape,detachment from responsibilities,negative,202211_114.0418664_22.615342299999995.png
traffic,intrusive thoughts,engagement with environment,negative,202211_114.0418664_22.615342299999995.png
buildings,not a refuge,avoidance of peace,negative,202211_114.0418664_22.615342299999995.png
signs,active environment,engagement with surroundings,neutral,202211_114.0418664_22.615342299999995.png
cars,stressful atmosphere,increased activity,negative,202211_114.0418664_22.615342299999995.png
scooters,busy setting,movement through space,neutral,202211_114.0418664_22.615342299999995.png
pedestrians,lively interaction,social engagement,neutral,202211_114.0418664_22.615342299999995.png
trees,escape from city life,seeking tranquility,positive,202211_114.0433479_22.733619999999995.png
hillside,mental break,leaving routine,positive,202211_114.0433479_22.733619999999995.png
buildings,urban demands,transit,neutral,202211_114.0433479_22.733619999999995.png
road,pathway to freedom,escape,positive,202211_114.0433479_22.733619999999995.png
traffic,lack of escape,remain engaged,negative,202211_114.0420587_22.570514200000005.png
infrastructure,connection to daily life,continue routine,negative,202211_114.0420587_22.570514200000005.png
road,connected to urban demands,thinking about transit,negative,202211_114.0411497_22.561641499999997.png
traffic,not escaping daily pressures,focusing on immediate context,negative,202211_114.0411497_22.561641499999997.png
traffic,moderate sense of being away,not feeling like a true refuge,negative,202211_114.0436549_22.566394400000004.png
nature,some escape from daily life,seeking tranquility,positive,202211_114.0436549_22.566394400000004.png
construction,presence of nuisances,distraction from relaxation,negative,202211_114.0436549_22.566394400000004.png
businesses,not a complete escape,increased stress,negative,202211_114.0436549_22.566394400000004.png
street,orderly but busy,feeling overwhelmed,negative,202211_114.0436549_22.566394400000004.png
greenery,moderate sense of being away,visual escape,positive,202211_114.0438439_22.556771700000002.png
traffic,awareness of city demands,partial detachment,negative,202211_114.0438439_22.556771700000002.png
sky,visual escape,enhanced relaxation,positive,202211_114.0438439_22.556771700000002.png
pedestrian activity,not a complete refuge,increased awareness,negative,202211_114.0438439_22.556771700000002.png
road,sense of escape,mentally detach,positive,202211_114.0445019_22.545124799999996.png
elements,calm atmosphere,find refuge,positive,202211_114.0445019_22.545124799999996.png
landscape,detachment from daily life,seek solitude,positive,202211_114.0445019_22.545124799999996.png
street,low sense of escape,difficulty to relax,negative,202211_114.0444805_22.532850000000003.png
traffic,increased stress,heightened awareness,negative,202211_114.0444805_22.532850000000003.png
buildings,lack of tranquility,inability to disconnect,negative,202211_114.0444805_22.532850000000003.png
urban life,overwhelmed by demands,reduced focus on self,negative,202211_114.0444805_22.532850000000003.png
trees,sense of detachment,enhanced relaxation,positive,202211_114.0442153_22.7004492.png
greenery,calm atmosphere,reduced stress,positive,202211_114.0442153_22.7004492.png
traffic,less demanding atmosphere,increased focus,positive,202211_114.0442153_22.7004492.png
trees,partial escape,mental detachment,positive,202211_114.0445563_22.536196300000004.png
road,moderate sense of being away,not a complete sanctuary,negative,202211_114.0445563_22.536196300000004.png
sky,potential for mental detachment,escape from immediate concerns,positive,202211_114.0445563_22.536196300000004.png
vehicle,diminished sense of escape,commuting,negative,202211_114.0447215_22.6747501.png
infrastructure,mental burdens,daily tasks,negative,202211_114.0447215_22.6747501.png
intersection,actively demanding attention,engagement with surroundings,negative,202211_114.044294_22.550718700000004.png
trees,not a natural escape,lack of mental respite,negative,202211_114.044294_22.550718700000004.png
traffic,constant movement,increased stress,negative,202211_114.044294_22.550718700000004.png
buildings,overwhelming environment,avoidance of relaxation,negative,202211_114.044294_22.550718700000004.png
construction,stressful environment,avoidance of space,negative,202211_114.0458089_22.749670200000004.png
traffic,mental overload,inability to relax,negative,202211_114.0458089_22.749670200000004.png
road,not a refuge,avoidance of nuisances,negative,202211_114.04783120000002_22.750205699999995.png
traffic,sense of movement,active engagement,neutral,202211_114.04783120000002_22.750205699999995.png
urban,lack of quiet contemplation,detachment avoidance,negative,202211_114.04783120000002_22.750205699999995.png
intersection,lack of escape,engagement,negative,202211_114.049461_22.743669.png
traffic,stress,avoidance,negative,202211_114.049461_22.743669.png
signs,overstimulation,distraction,negative,202211_114.049461_22.743669.png
infrastructure,lack of tranquility,detachment,negative,202211_114.049461_22.743669.png
archway,active urban space,engagement in routine activities,neutral,202211_114.04826360000001_22.572488899999996.png
barriers,sense of obligation,following regulations,negative,202211_114.04826360000001_22.572488899999996.png
signage,structured environment,navigation through space,neutral,202211_114.04826360000001_22.572488899999996.png
vehicles,busy atmosphere,participation in daily routines,neutral,202211_114.04826360000001_22.572488899999996.png
buildings,functional space,utilization for activities,neutral,202211_114.04826360000001_22.572488899999996.png
intersection,lack of escape,avoidance of mental break,negative,202211_114.05071875681584_22.635629412882473.png
traffic,stressful environment,increased focus on obligations,negative,202211_114.05071875681584_22.635629412882473.png
construction,disruption of peace,reduction in relaxation,negative,202211_114.05071875681584_22.635629412882473.png
trees,not a refuge,limited escape,negative,202211_114.0506629_22.622426099999995.png
traffic,connected to everyday demands,increased stress,negative,202211_114.0506629_22.622426099999995.png
infrastructure,lively but stressful,engagement with urban life,neutral,202211_114.0506629_22.622426099999995.png
intersection,lack of peace,avoidance of busy areas,negative,202211_114.0510165_22.551339899999995.png
traffic,stress and distraction,seeking quieter spaces,negative,202211_114.0510165_22.551339899999995.png
trees,minimal respite,attempting to find calm,neutral,202211_114.0510165_22.551339899999995.png
intersection,lack of escape,continue daily routine,negative,202211_114.0508553_22.5182639.png
vehicles,stressful environment,avoid lingering,negative,202211_114.0508553_22.5182639.png
buildings,functional urbanity,move quickly,negative,202211_114.0508553_22.5182639.png
sky,muted chaos,not feeling refuge,neutral,202211_114.0508553_22.5182639.png
street,lack of escape,no refuge seeking,negative,202211_114.0511516749918_22.520491450643974.png
trees,minimal detachment,limited relaxation,negative,202211_114.0511516749918_22.520491450643974.png
buildings,active urban context,increased stress,negative,202211_114.0511516749918_22.520491450643974.png
street,limited sense of escape,avoidance of daily life demands,negative,202211_114.0510343_22.567276599999996.png
shops,presence of responsibilities,engagement in commercial activities,negative,202211_114.0510343_22.567276599999996.png
traffic,active environment,navigation through urban space,neutral,202211_114.0510343_22.567276599999996.png
pedestrians,busy atmosphere,social interaction,neutral,202211_114.0510343_22.567276599999996.png
intersection,lack of mental escape,navigate attentively,negative,202211_114.0513555_22.6373346.png
buildings,overwhelmed by activity,avoid distractions,negative,202211_114.0513555_22.6373346.png
intersection,not a place for escape,avoid lingering,negative,202211_114.0514137_22.533238599999994.png
traffic,sense of demand,hurry through,negative,202211_114.0514137_22.533238599999994.png
buildings,feeling of confinement,seek refuge elsewhere,negative,202211_114.0514137_22.533238599999994.png
construction,desire to escape,avoid the area,negative,202211_114.0519255_22.7122363.png
urban,lack of relaxation,seek other spaces,negative,202211_114.0519255_22.7122363.png
traffic,source of stimulation,distraction,negative,202211_114.052132_22.579492399999996.png
construction,not a refuge,escape from demands,negative,202211_114.052132_22.579492399999996.png
intersection,lack of escape,no mental break,negative,202211_114.0532611389115_22.537487752685507.png
traffic,stressful environment,increased obligations,negative,202211_114.0532611389115_22.537487752685507.png
construction,disruption,avoidance of relaxation,negative,202211_114.0532611389115_22.537487752685507.png
greenery,natural escape,detach from demands,positive,202211_114.0534887_22.648944400000005.png
sky,peaceful atmosphere,reflect and relax,positive,202211_114.0534887_22.648944400000005.png
pedestrian,sense of calm,enjoy solitude,positive,202211_114.0534887_22.648944400000005.png
trees,moderate escape,limited refuge seeking,neutral,202211_114.0527317_22.6539903.png
traffic,stress from activity,avoidance of busy areas,negative,202211_114.0527317_22.6539903.png
buildings,lack of tranquility,minimal relaxation,negative,202211_114.0527317_22.6539903.png
street,lack of refuge,transit,negative,202211_114.0540545_22.6082435.png
traffic,ongoing activity,pass through,neutral,202211_114.0540545_22.6082435.png
buildings,lack of escape,avoidance of relaxation,negative,202211_114.0535786_22.679672700000005.png
roads,grounded in reality,continuation of daily tasks,negative,202211_114.0535786_22.679672700000005.png
greenery,minimal relief,limited engagement with nature,neutral,202211_114.0535786_22.679672700000005.png
traffic lights,distraction from peace,increased focus on urban life,negative,202211_114.0535786_22.679672700000005.png
street,lack of escape,avoidance of noise,negative,202211_114.053605_22.718885899999997.png
traffic,stress from navigation,hesitation to engage,negative,202211_114.053605_22.718885899999997.png
vehicles,overwhelmed by movement,desire to retreat,negative,202211_114.053605_22.718885899999997.png
people,crowdedness,seeking solitude,negative,202211_114.053605_22.718885899999997.png
intersection,lack of escape,remain engaged,negative,202211_114.0544058_22.6444327.png
traffic,constant activity,avoid relaxation,negative,202211_114.0544058_22.6444327.png
infrastructure,functional environment,continue routine,negative,202211_114.0544058_22.6444327.png
street,lack of escape,difficulty disconnecting,negative,202211_114.0551483_22.6402828.png
buildings,evident urban demands,inability to seek refuge,negative,202211_114.0551483_22.6402828.png
street,not peaceful,low engagement,negative,202211_114.0558493_22.615251100000002.png
traffic,stressful environment,avoidance,negative,202211_114.0558493_22.615251100000002.png
infrastructure,active atmosphere,distraction,negative,202211_114.0558493_22.615251100000002.png
roads,lack of escape,continue routine activities,negative,202211_114.0556394_22.6776329.png
buildings,no refuge,remain focused on responsibilities,negative,202211_114.0556394_22.6776329.png
vehicles,connection to routine,stay engaged with daily life,negative,202211_114.0556394_22.6776329.png
infrastructure,sense of obligation,avoid relaxation,negative,202211_114.0556394_22.6776329.png
roads,part of daily life,engagement in responsibilities,negative,202211_114.0553629_22.5431187.png
vehicles,common nuisances,distraction from relaxation,negative,202211_114.0553629_22.5431187.png
structures,lack of refuge,continuation of daily tasks,negative,202211_114.0553629_22.5431187.png
trees,natural respite,seeking escape,positive,202211_114.056985622683_22.646688059603026.png
road,not a complete escape,continuing daily life,negative,202211_114.056985622683_22.646688059603026.png
urban development,functional urban space,engaging with urban life,neutral,202211_114.056985622683_22.646688059603026.png
streetscape,low sense of escape,not stopping to think,negative,202211_114.0571543_22.663891599999996.png
traffic,active environment,continuing daily tasks,negative,202211_114.0571543_22.663891599999996.png
buildings,not a refuge,avoiding relaxation,negative,202211_114.0571543_22.663891599999996.png
greenery,sense of detachment,partial respite,positive,202211_114.0576238_22.740609200000005.png
traffic,prevent complete escape,distraction from thoughts,negative,202211_114.0576238_22.740609200000005.png
buildings,not a strong refuge,limited relaxation,negative,202211_114.0576238_22.740609200000005.png
river,partial escape,temporary relief,positive,202211_114.0576238_22.740609200000005.png
traffic,temporary mental escape,seeking detachment,positive,202211_114.0572344_22.644393399999995.png
lights,reminder of control,inhibited relaxation,negative,202211_114.0572344_22.644393399999995.png
advertisements,awareness of environment,maintaining alertness,neutral,202211_114.0572344_22.644393399999995.png
cameras,sense of surveillance,cautious behavior,negative,202211_114.0572344_22.644393399999995.png
space,orderly environment,comfort in organization,positive,202211_114.0572344_22.644393399999995.png
sky,slight positive contribution,enhanced relaxation,positive,202211_114.0571795_22.670173699999996.png
greenery,slight positive contribution,enhanced relaxation,positive,202211_114.0571795_22.670173699999996.png
traffic,low to moderate sense of being away,distraction from thoughts,negative,202211_114.0571795_22.670173699999996.png
pedestrians,low to moderate sense of being away,distraction from thoughts,negative,202211_114.0571795_22.670173699999996.png
urban,limited restorative feeling,inability to escape,negative,202211_114.0571795_22.670173699999996.png
road,stressful environment,avoidance of space,negative,202211_114.0578282_22.578562.png
traffic,overwhelmed by noise,distraction from obligations,negative,202211_114.0578282_22.578562.png
infrastructure,lack of refuge,inability to relax,negative,202211_114.0578282_22.578562.png
streetscape,limited sense of being away,functional urban engagement,negative,202211_114.0578369_22.551453299999995.png
traffic,everyday urban environment,navigating urban space,negative,202211_114.0578369_22.551453299999995.png
buildings,lack of escape,daily routine continuation,negative,202211_114.0578369_22.551453299999995.png
street,lack of escape,engagement with demands,negative,202211_114.05853155717254_22.724492512449242.png
traffic,stress,avoidance of relaxation,negative,202211_114.05853155717254_22.724492512449242.png
activity,overstimulation,distraction from respite,negative,202211_114.05853155717254_22.724492512449242.png
presence,crowdedness,limited personal space,negative,202211_114.05853155717254_22.724492512449242.png
greenery,slight natural respite,temporary escape,positive,202211_114.0589736_22.646539200000003.png
traffic,overwhelming presence,increased stress,negative,202211_114.0589736_22.646539200000003.png
construction,nuisance,avoidance,negative,202211_114.0589736_22.646539200000003.png
buildings,lack of refuge,limited relaxation,negative,202211_114.0589736_22.646539200000003.png
traffic,high stress,avoidance,negative,202211_114.0597178_22.624512499999994.png
commercial,lack of refuge,withdrawal,negative,202211_114.0597178_22.624512499999994.png
natural,disconnection,escape,negative,202211_114.0597178_22.624512499999994.png
intersection,lack of refuge,avoid stopping,negative,202211_114.0590525_22.653881399999996.png
traffic,stressful environment,continue moving,negative,202211_114.0590525_22.653881399999996.png
vehicles,distraction,focus on tasks,negative,202211_114.0590525_22.653881399999996.png
pedestrian,busy atmosphere,hurry through,negative,202211_114.0590525_22.653881399999996.png
buildings,lack of escape,avoidance of urban life,negative,202211_114.059173_22.6942178.png
traffic,stress and distraction,increased urgency,negative,202211_114.059173_22.6942178.png
greenery,moderate relief,temporary respite,neutral,202211_114.059173_22.6942178.png
pedestrian,busy environment,social interaction,neutral,202211_114.059173_22.6942178.png
traffic,lack of refuge,continued driving,negative,202211_114.0604666_22.576447899999998.png
buildings,mental detachment,temporary escape,neutral,202211_114.0604666_22.576447899999998.png
greenery,slight comfort,appreciation of nature,positive,202211_114.0604666_22.576447899999998.png
street,demands attention,increased focus,negative,202211_114.060862_22.691273400000004.png
buildings,lack of refuge,avoidance of stress,negative,202211_114.060862_22.691273400000004.png
green,minimal escape,limited relaxation,negative,202211_114.060862_22.691273400000004.png
street,lack of refuge,difficulty escaping demands,negative,202211_114.0580773408319_22.685469298315436.png
traffic,overwhelmed by busyness,inability to detach,negative,202211_114.0580773408319_22.685469298315436.png
construction,stress from noise,avoidance of area,negative,202211_114.0580773408319_22.685469298315436.png
trees,not a strong refuge,escaping thoughts,negative,202211_114.06041650000002_22.541971899999997.png
city,overwhelming presence,feeling trapped,negative,202211_114.06041650000002_22.541971899999997.png
vehicles,indicative of busyness,avoiding the area,negative,202211_114.06041650000002_22.541971899999997.png
roads,not a tranquil escape,stop thinking about immediate concerns,negative,202211_114.0615053_22.722665999999997.png
traffic,active public space,engage with surroundings,neutral,202211_114.0615053_22.722665999999997.png
buildings,lack of refuge,difficulty escaping,negative,202211_114.06232570000002_22.5495498.png
traffic,constant distraction,inability to focus,negative,202211_114.06232570000002_22.5495498.png
street,overwhelmed by activity,feeling of being trapped,negative,202211_114.06232570000002_22.5495498.png
trees,moderate sense of being away,partial detachment from stressors,positive,202211_114.0624934_22.556890700000004.png
road,not a complete escape,awareness of urban demands,negative,202211_114.0624934_22.556890700000004.png
buildings,not a complete escape,awareness of urban demands,negative,202211_114.0624934_22.556890700000004.png
street,moderate sense of being away,departure from typical environments,positive,202211_114.0627656_22.5229418.png
traffic,limited feeling of escape,reminder of daily pressures,negative,202211_114.0627656_22.5229418.png
buildings,urban context awareness,increased stress recognition,negative,202211_114.0627656_22.5229418.png
pedestrians,social interaction awareness,engagement with surroundings,neutral,202211_114.0627656_22.5229418.png
street,lack of escape,continued activity,negative,202211_114.0624975_22.5355538.png
greenery,minimal relief,no significant change,negative,202211_114.0624975_22.5355538.png
buildings,overwhelming presence,increased stress,negative,202211_114.0624975_22.5355538.png
traffic,distraction,avoidance of engagement,negative,202211_114.0624975_22.5355538.png
construction,disruption,increased urgency,negative,202211_114.0624975_22.5355538.png
traffic,sense of being connected,engagement with city life,negative,202211_114.0628273_22.5474701.png
buildings,feeling of urban pressure,stress response,negative,202211_114.0628273_22.5474701.png
greenery,limited escape,desire for tranquility,negative,202211_114.0628273_22.5474701.png
trees,not designed for escape,transit or work,negative,202211_114.06349_22.686220400000003.png
infrastructure,urban environment,navigating through,neutral,202211_114.06349_22.686220400000003.png
roads,transit-focused,commuting,negative,202211_114.06349_22.686220400000003.png
vehicles,busy atmosphere,moving quickly,negative,202211_114.06349_22.686220400000003.png
construction,disruption,avoiding areas,negative,202211_114.06349_22.686220400000003.png
street,lack of escape,difficulty detaching,negative,202211_114.0641599_22.626087899999998.png
traffic,stress,increased concern,negative,202211_114.0641599_22.626087899999998.png
pedestrian,overwhelm,inability to relax,negative,202211_114.0641599_22.626087899999998.png
trees,relaxed feeling,escape from stress,positive,202211_114.06481200000002_22.657803599999998.png
park,relaxed feeling,escape from stress,positive,202211_114.06481200000002_22.657803599999998.png
fountain,relaxed feeling,escape from stress,positive,202211_114.06481200000002_22.657803599999998.png
sunny day,relaxed feeling,enjoy outdoor activities,positive,202211_114.06481200000002_22.657803599999998.png
clear skies,relaxed feeling,enjoy outdoor activities,positive,202211_114.06481200000002_22.657803599999998.png
traffic,increased stress,avoidance of space,negative,202211_114.06487710000002_22.633098699999998.png
construction,disruption of peace,seeking quieter areas,negative,202211_114.06487710000002_22.633098699999998.png
workers,lack of tranquility,desire for solitude,negative,202211_114.06487710000002_22.633098699999998.png
maintenance,ongoing activity,reconsidering use of space,negative,202211_114.06487710000002_22.633098699999998.png
traffic,lack of refuge,remain engaged,negative,202211_114.0650669_22.682274200000002.png
crossings,sense of urgency,hurry through,negative,202211_114.0650669_22.682274200000002.png
cityscape,everyday life immersion,participate in routine,negative,202211_114.0650669_22.682274200000002.png
vehicle,disconnection from tranquility,focus on navigation,negative,202211_114.0650669_22.682274200000002.png
traffic,lack of refuge,no escape,negative,202211_114.0665036_22.627860199999997.png
vehicles,constant presence,part of regular life,neutral,202211_114.0665036_22.627860199999997.png
road,no mental break,no retreat,negative,202211_114.0665036_22.627860199999997.png
greenery,slight respite,temporary escape,positive,202211_114.0672245_22.619196.png
roads,mental distractions,increased stress,negative,202211_114.0672245_22.619196.png
environment,lack of escape,staying present,negative,202211_114.0672245_22.619196.png
intersection,lack of refuge,avoidance of urban life,negative,202211_114.06520580000002_22.644341599999997.png
vehicles,overwhelmed by activity,stress response,negative,202211_114.06520580000002_22.644341599999997.png
buildings,sense of confinement,desire to escape,negative,202211_114.06520580000002_22.644341599999997.png
signals,constant interruption,frustration,negative,202211_114.06520580000002_22.644341599999997.png
traffic,stressful environment,inability to disengage,negative,202211_114.0665292_22.716657700000003.png
construction,lack of peace,avoidance of the area,negative,202211_114.0665292_22.716657700000003.png
urban,overwhelming activity,increased anxiety,negative,202211_114.0665292_22.716657700000003.png
traffic,not a refuge,avoidance of space,negative,202211_114.0674914_22.7259638.png
construction,visual clutter,distraction from daily demands,negative,202211_114.0674914_22.7259638.png
street,lack of escape,difficulty disengaging,negative,202211_114.0671695_22.622888399999994.png
traffic,overwhelmed by demands,increased attention needed,negative,202211_114.0671695_22.622888399999994.png
buildings,pressing concerns,constant thinking,negative,202211_114.0671695_22.622888399999994.png
traffic,lack of refuge,pass through,negative,202211_114.0679141_22.563537199999995.png
infrastructure,everyday hustle,pass through,negative,202211_114.0679141_22.563537199999995.png
trees,sense of separation,seeking refuge,positive,202211_114.068191_22.536007499999997.png
green spaces,feeling of being away,escaping daily demands,positive,202211_114.068191_22.536007499999997.png
trees,lack of escape,transit mindset,negative,202211_114.0683281_22.644526199999998.png
traffic,feeling of being in transit,avoid contemplation,negative,202211_114.0683281_22.644526199999998.png
traffic lights,structured environment,mental detachment avoidance,negative,202211_114.0683281_22.644526199999998.png
road markings,lack of refuge,focus on functionality,negative,202211_114.0683281_22.644526199999998.png
trees,visual separation from city life,feelings of escape,positive,202211_114.06762820000002_22.541651099999996.png
road,sense of detachment,reduced everyday concerns,positive,202211_114.06762820000002_22.541651099999996.png
traffic,incomplete feeling of escape,increased awareness of surroundings,negative,202211_114.06762820000002_22.541651099999996.png
trees,feeling of respite,seeking refuge,positive,202211_114.0695717_22.630429799999995.png
sidewalk,feeling of respite,seeking refuge,positive,202211_114.0695717_22.630429799999995.png
roads,feeling of busyness,avoidance of stress,negative,202211_114.0695717_22.630429799999995.png
cars,feeling of busyness,avoidance of stress,negative,202211_114.0695717_22.630429799999995.png
wires,feeling of busyness,avoidance of stress,negative,202211_114.0695717_22.630429799999995.png
street,lack of tranquility,avoidance of stress,negative,202211_114.0696888_22.642016399999996.png
traffic,overwhelmed by noise,seeking escape,negative,202211_114.0696888_22.642016399999996.png
construction,disruption of peace,desire for calm,negative,202211_114.0696888_22.642016399999996.png
trees,slight separation from nuisances,increased comfort,positive,202211_114.0714429_22.5480405.png
walkways,controlled environment,encouraged walking,positive,202211_114.0714429_22.5480405.png
street,not a strong refuge,limited retreat,negative,202211_114.0714429_22.5480405.png
greenery,mild escape from demands,seek refuge,positive,202211_114.07173230000001_22.629936.png
water,mild escape from demands,seek refuge,positive,202211_114.07173230000001_22.629936.png
traffic,connected and active environment,limited relaxation,negative,202211_114.07173230000001_22.629936.png
construction,connected and active environment,limited relaxation,negative,202211_114.07173230000001_22.629936.png
buildings,connected and active environment,limited relaxation,negative,202211_114.07173230000001_22.629936.png
streetscape,lack of refuge,no mental escape,negative,202211_114.0726525_22.687373499999996.png
traffic,stressful environment,increased anxiety,negative,202211_114.0726525_22.687373499999996.png
construction,disruption,avoidance of space,negative,202211_114.0726525_22.687373499999996.png
buildings,claustrophobic feeling,desire to escape,negative,202211_114.0726525_22.687373499999996.png
trees,limited refuge,difficulty disconnecting,negative,202211_114.0721434_22.531278799999995.png
buildings,busy environment,increased stress,negative,202211_114.0721434_22.531278799999995.png
traffic,pervasive noise,inability to relax,negative,202211_114.0721434_22.531278799999995.png
greenery,slight comfort,temporary distraction,neutral,202211_114.0721434_22.531278799999995.png
street,no sense of escape,increased attention to surroundings,negative,202211_114.0745257_22.683408699999998.png
traffic,stressful environment,avoidance of the area,negative,202211_114.0745257_22.683408699999998.png
buildings,overwhelmed by responsibilities,distraction from daily tasks,negative,202211_114.0745257_22.683408699999998.png
pedestrians,lack of tranquility,increased social interaction,negative,202211_114.0745257_22.683408699999998.png
trees,limited refuge,avoidance of stress,negative,202211_114.07432253296145_22.638316220884164.png
vehicles,overwhelmed by activity,withdrawal from chaos,negative,202211_114.07432253296145_22.638316220884164.png
construction,disruption of peace,seeking quieter spaces,negative,202211_114.07432253296145_22.638316220884164.png
street,tied to urban demands,engagement with city life,neutral,202211_114.07432253296145_22.638316220884164.png
street,lack of escape,increased attention,negative,202211_114.0728802_22.656325199999998.png
construction,distraction,focus on surroundings,negative,202211_114.0728802_22.656325199999998.png
traffic,stress,avoidance of area,negative,202211_114.0728802_22.656325199999998.png
shops,busy atmosphere,engagement in activities,neutral,202211_114.0728802_22.656325199999998.png
buildings,urban density,navigating through space,neutral,202211_114.0728802_22.656325199999998.png
trees,mental escape,temporary detachment,positive,202211_114.0746631_22.6338718.png
traffic,incomplete refuge,avoidance of stress,negative,202211_114.0746631_22.6338718.png
crossings,organized spaces,navigating safely,positive,202211_114.0746631_22.6338718.png
greenery,partial escape from urban nuisability,seeking refuge,positive,202211_114.07514405889465_22.670319898873846.png
road,limited sense of detachment,feeling overwhelmed,negative,202211_114.07514405889465_22.670319898873846.png
construction,not a complete refuge,avoiding the area,negative,202211_114.07514405889465_22.670319898873846.png
vehicle,focus on daily demands,increased stress,negative,202211_114.07514405889465_22.670319898873846.png
road,diminished feeling of escape,unlikely to seek refuge,negative,202211_114.0757488_22.663631199999998.png
buildings,typical urban environment,avoid mental escape,negative,202211_114.0757488_22.663631199999998.png
signs,distractions present,not conducive to relaxation,negative,202211_114.0757488_22.663631199999998.png
greenery,slight escape,temporary relief,positive,202211_114.0757488_22.663631199999998.png
intersection,busy context,diminished refuge seeking,negative,202211_114.0757488_22.663631199999998.png
intersection,stressful environment,difficulty disconnecting,negative,202211_114.074749_22.6295701.png
traffic,overwhelmed by demands,inability to relax,negative,202211_114.074749_22.6295701.png
infrastructure,lack of peace,constant engagement with responsibilities,negative,202211_114.074749_22.6295701.png
trees,sense of detachment,mental escape,positive,202211_114.07806492913375_22.579018427051174.png
bushes,sense of detachment,mental escape,positive,202211_114.07806492913375_22.579018427051174.png
streetscape,somewhat removed,mental escape,positive,202211_114.07806492913375_22.579018427051174.png
traffic,difficult to perceive as refuge,reminded of responsibilities,negative,202211_114.07913570000001_22.7079778.png
construction,detracts from peaceful detachment,increased stress,negative,202211_114.07913570000001_22.7079778.png
signage,active part of the city,lack of escape,negative,202211_114.07913570000001_22.7079778.png
billboards,reminder of everyday life,inability to relax,negative,202211_114.07913570000001_22.7079778.png
highway,lack of refuge,difficulty disconnecting,negative,202211_114.08191756826112_22.63148896198925.png
buildings,busy environment,increased activity,negative,202211_114.08191756826112_22.63148896198925.png
cars,constant distraction,inability to relax,negative,202211_114.08191756826112_22.63148896198925.png
highway,overwhelmed by urban presence,difficulty in disconnecting,negative,202211_114.0877995_22.564690599999995.png
infrastructure,lack of refuge,inability to escape thoughts,negative,202211_114.0877995_22.564690599999995.png
traffic,constant mental distraction,persistent focus on tasks,negative,202211_114.0877995_22.564690599999995.png
traffic,lack of refuge,inability to escape,negative,202211_114.09092050000001_22.701566099999997.png
construction,stress and distraction,focus on daily demands,negative,202211_114.09092050000001_22.701566099999997.png
infrastructure,sense of connection,engagement with daily life,negative,202211_114.09092050000001_22.701566099999997.png
streetscape,lack of escape,momentary disengagement,negative,202211_114.0874612_22.571961899999998.png
traffic,demanding attention,difficulty in detachment,negative,202211_114.0874612_22.571961899999998.png
infrastructure,integration with daily life,no tranquil atmosphere,negative,202211_114.0874612_22.571961899999998.png
activity,constant engagement,inability to relax,negative,202211_114.0874612_22.571961899999998.png
traffic,lack of escape,remain in urban space,negative,202211_114.0909805_22.5517268.png
buildings,functional environment,continue daily activities,neutral,202211_114.0909805_22.5517268.png
infrastructure,everyday demands,stay engaged with city life,negative,202211_114.0909805_22.5517268.png
urban,distraction from tasks,none,negative,202211_114.091143_22.541469199999998.png
traffic,potential stress,none,negative,202211_114.091143_22.541469199999998.png
development,not a sense of escape,none,negative,202211_114.091143_22.541469199999998.png
traffic,stressful environment,avoidance,negative,202211_114.092021_22.716234699999998.png
construction,busy atmosphere,distraction,negative,202211_114.092021_22.716234699999998.png
traffic,reminder of daily demands,lack of mental break,negative,202211_114.09283016380192_22.701909368974583.png
construction,nuisance,lack of escape,negative,202211_114.09283016380192_22.701909368974583.png
construction,lack of refuge,avoidance of stress,negative,202211_114.0916635_22.747129500000003.png
traffic,distraction from peace,seeking escape,negative,202211_114.0916635_22.747129500000003.png
infrastructure,sense of obligation,increased stress,negative,202211_114.0916635_22.747129500000003.png
vegetation,sense of escape,seeking refuge,positive,202211_114.09309454919806_22.731257073279288.png
roads,feeling of detachment,limited escape,negative,202211_114.09309454919806_22.731257073279288.png
vehicles,awareness of urban bustle,returning to everyday concerns,negative,202211_114.09309454919806_22.731257073279288.png
buildings,partial refuge,maintaining connection to urban life,neutral,202211_114.09309454919806_22.731257073279288.png
trees,sense of refuge,mental escape,positive,202211_114.0951316_22.546393199999994.png
sky,detachment from urban hustle,mental escape,positive,202211_114.0951316_22.546393199999994.png
traffic,reduced stress,seeking calm,positive,202211_114.0951316_22.546393199999994.png
green spaces,mental relief,escape daily demands,positive,202211_114.0951316_22.546393199999994.png
traffic,lack of escape,difficulty disconnecting,negative,202211_114.0932195_22.5702165.png
construction,active part of life,engagement with daily demands,negative,202211_114.0932195_22.5702165.png
signage,difficulty in relaxation,inability to focus on self,negative,202211_114.0932195_22.5702165.png
pedestrian,busy environment,increased stress,negative,202211_114.0932195_22.5702165.png
street,low to moderate sense of being away,daily urban demands,neutral,202211_114.0963676_22.572977699999996.png
traffic,tied to daily urban demands,none,negative,202211_114.0963676_22.572977699999996.png
greenery,slight respite,none,positive,202211_114.0963676_22.572977699999996.png
trees,limited escape from demands,no significant detachment,negative,202211_114.0961111_22.615301999999993.png
concrete,routine urban life,no facilitation of thought stopping,negative,202211_114.0961111_22.615301999999993.png
vehicles,urban nuisances,no psychological relief,negative,202211_114.0961111_22.615301999999993.png
buildings,lack of detachment,no escape from daily tasks,negative,202211_114.0961111_22.615301999999993.png
street,demanding attention,lack of detachment,negative,202211_114.1005657_22.731975799999997.png
traffic,stressful environment,increased focus on issues,negative,202211_114.1005657_22.731975799999997.png
construction,distraction,avoidance of relaxation,negative,202211_114.1005657_22.731975799999997.png
traffic,lack of escape,difficulty detaching,negative,202211_114.1035643_22.6872075.png
cars,stressful environment,avoidance of space,negative,202211_114.1035643_22.6872075.png
buildings,confinement,seeking quieter areas,negative,202211_114.1035643_22.6872075.png
poles,distraction,inability to relax,negative,202211_114.1035643_22.6872075.png
vehicles,lack of escape,avoidance of stress,negative,202211_114.1030966_22.689401099999998.png
buildings,urban congestion,distraction from obligations,negative,202211_114.1030966_22.689401099999998.png
traffic,active environment,engagement with surroundings,neutral,202211_114.1030966_22.689401099999998.png
environment,not a refuge,difficult to escape,negative,202211_114.1011581_22.699633800000004.png
traffic,presence of daily life,remains engaged,negative,202211_114.1011581_22.699633800000004.png
buildings,everyday concerns,no removal from responsibilities,negative,202211_114.1011581_22.699633800000004.png
buildings,not a typical escape,avoidance of daily nuisances,negative,202211_114.1042198_22.553105699999996.png
greenery,difficulty feeling removed,limited relaxation,negative,202211_114.1042198_22.553105699999996.png
traffic,overwhelmed by urban activity,stress response,negative,202211_114.1042198_22.553105699999996.png
intersection,lack of escape,focus on surroundings,negative,202211_114.10231030000001_22.624254699999998.png
traffic,stressful engagement,active participation,negative,202211_114.10231030000001_22.624254699999998.png
buildings,overwhelmed by environment,constant activity,negative,202211_114.10231030000001_22.624254699999998.png
vehicles,distraction from concerns,heightened awareness,negative,202211_114.10231030000001_22.624254699999998.png
street,lack of mental respite,engagement with urban life,negative,202211_114.10231030000001_22.624254699999998.png
buildings,lack of escape,increased attention,negative,202211_114.1047764_22.6093842.png
traffic,stress and distraction,avoidance of relaxation,negative,202211_114.1047764_22.6093842.png
street,lack of escape,reminded of responsibilities,negative,202211_114.1060149_22.615623499999998.png
traffic,stressful environment,avoidance of the area,negative,202211_114.1060149_22.615623499999998.png
construction,disruption of peace,increased frustration,negative,202211_114.1060149_22.615623499999998.png
urban,overwhelming presence,desire for retreat,negative,202211_114.1060149_22.615623499999998.png
street,limited respite,avoidance of stress,negative,202211_114.10521776143314_22.698746943293884.png
traffic,lack of detachment,continued engagement,negative,202211_114.10521776143314_22.698746943293884.png
buildings,not a refuge,seeking escape,negative,202211_114.10521776143314_22.698746943293884.png
infrastructure,urban activity,accepting nuisances,negative,202211_114.10521776143314_22.698746943293884.png
street,overwhelmed by demands,difficulty escaping tasks,negative,202211_114.10629653022042_22.69430970272127.png
traffic,stressful environment,increased anxiety,negative,202211_114.10629653022042_22.69430970272127.png
pedestrian,lack of refuge,constant distraction,negative,202211_114.10629653022042_22.69430970272127.png
road,not a refuge,difficult to disengage,negative,202211_114.10983452552101_22.659198364377513.png
construction,stressful environment,increased anxiety,negative,202211_114.10983452552101_22.659198364377513.png
buildings,urban pressure,limited relaxation,negative,202211_114.10983452552101_22.659198364377513.png
elements,partial connection to nature,momentary relief,neutral,202211_114.10983452552101_22.659198364377513.png
street,limited feeling of escape,transit and commerce,negative,202211_114.1103926_22.609482.png
buildings,constant reminder of urban activity,none,negative,202211_114.1103926_22.609482.png
construction,ongoing nuisances,none,negative,202211_114.1103926_22.609482.png
intersection,not a refuge,no escape,negative,202211_114.1067933_22.562345200000003.png
traffic,constant demands,increased stress,negative,202211_114.1067933_22.562345200000003.png
construction,distraction,lack of focus,negative,202211_114.1067933_22.562345200000003.png
activity,overwhelmed,avoidance of tasks,negative,202211_114.1067933_22.562345200000003.png
traffic,lack of tranquility,increased stress,negative,202211_114.1109541_22.697445399999996.png
buildings,demanding attention,distraction from responsibilities,negative,202211_114.1109541_22.697445399999996.png
construction,sense of urgency,avoidance of the area,negative,202211_114.1109541_22.697445399999996.png
street,lack of escape,immersion in city life,negative,202211_114.107342_22.5666593.png
buildings,overwhelmed by obligations,continuation of daily routines,negative,202211_114.107342_22.5666593.png
traffic,stress from activity,avoidance of relaxation,negative,202211_114.107342_22.5666593.png
intersection,no sense of escape,not stopping to think,negative,202211_114.1079496_22.572552100000003.png
traffic,demands attention,remaining focused on tasks,negative,202211_114.1079496_22.572552100000003.png
signals,busy environment,continuing with daily activities,negative,202211_114.1079496_22.572552100000003.png
highway,lack of refuge,avoidance of obligations,negative,202211_114.1129015_22.5992305.png
buildings,constrained environment,inability to escape,negative,202211_114.1129015_22.5992305.png
traffic,overwhelmed by noise,stress response,negative,202211_114.1129015_22.5992305.png
intersection,difficult to mentally detach,adherence to traffic rules,negative,202211_114.112463_22.71322719999999.png
traffic,actively demanding attention,stay alert,negative,202211_114.112463_22.71322719999999.png
construction,lack of refuge,avoid the area,negative,202211_114.112463_22.71322719999999.png
intersection,lack of refuge,avoidance of the area,negative,202211_114.1119794_22.656217199999997.png
traffic,stress and distraction,increased urgency,negative,202211_114.1119794_22.656217199999997.png
buildings,overwhelmed by demands,continued obligation,negative,202211_114.1119794_22.656217199999997.png
street,moderate sense of being away,feeling of escape,positive,202211_114.1158762_22.6470264.png
greenery,feeling of escape,feeling of refuge,positive,202211_114.1158762_22.6470264.png
vehicles,functional urban setting,navigating space,neutral,202211_114.1158762_22.6470264.png
crowds,lack of density,seeking solitude,positive,202211_114.1158762_22.6470264.png
construction,detracted feeling of refuge,distraction from escape,negative,202211_114.1158762_22.6470264.png
sky,clear atmosphere,enhancing relaxation,positive,202211_114.1158762_22.6470264.png
street,connected to everyday demands,unlikely to escape,negative,202211_114.1170252_22.6245105.png
traffic,busy environment,distracted from responsibilities,negative,202211_114.1170252_22.6245105.png
pedestrian,lack of refuge,no place to relax,negative,202211_114.1170252_22.6245105.png
nature,mental escape,temporary break,positive,202211_114.1182373_22.5657563.png
green spaces,separation from stressors,relaxation,positive,202211_114.1182373_22.5657563.png
streetscape,desire to escape,seek refuge,negative,202211_114.1178114_22.571050499999995.png
traffic,stress and distraction,avoidance,negative,202211_114.1178114_22.571050499999995.png
construction,lack of tranquility,withdrawal,negative,202211_114.1178114_22.571050499999995.png
buildings,feeling of confinement,escape,negative,202211_114.1178114_22.571050499999995.png
street,limited sense of escape,temporary respite,negative,202211_114.1177549_22.5965032.png
commerce,calm atmosphere,break from nuisances,positive,202211_114.1177549_22.5965032.png
buildings,subdued urban demands,not profound feeling of being away,negative,202211_114.1177549_22.5965032.png
traffic,not a place for mental escape,unlikely to relax,negative,202211_114.1219976_22.6565409.png
signals,demands of daily life,increased stress,negative,202211_114.1219976_22.6565409.png
development,no refuge from nuisances,avoidance of relaxation,negative,202211_114.1219976_22.6565409.png
trees,escape from urban nuisances,seeking tranquility,positive,202211_114.1197684_22.6355119.png
road,active setting,awareness of surroundings,negative,202211_114.1197684_22.6355119.png
construction,not entirely peaceful,distraction from relaxation,negative,202211_114.1197684_22.6355119.png
sky,visual departure,appreciating openness,positive,202211_114.1197684_22.6355119.png
context,limited feeling of being away,acknowledging demands,negative,202211_114.1197684_22.6355119.png
greenery,slight natural respite,mental escape,positive,202211_114.1188259_22.619971699999997.png
traffic,ongoing activity,difficult to escape,negative,202211_114.1188259_22.619971699999997.png
urban,not a refuge,feel away from concerns,negative,202211_114.1188259_22.619971699999997.png
trees,sense of escape,disengage from daily demands,positive,202211_114.1213079_22.6233272.png
sidewalks,calming effect,temporarily disengage,positive,202211_114.1213079_22.6233272.png
street,stressful environment,avoidance of space,negative,202211_114.1204075_22.6482116.png
traffic,overwhelming noise,distraction from obligations,negative,202211_114.1204075_22.6482116.png
construction,annoyance,desire to leave,negative,202211_114.1204075_22.6482116.png
street,lack of escape,engagement with environment,negative,202211_114.1202768_22.6900755.png
vehicles,stress from urban activity,continued focus on pressing matters,negative,202211_114.1202768_22.6900755.png
buildings,feeling of confinement,inability to relax,negative,202211_114.1202768_22.6900755.png
greenery,degree of separation from urban pressures,partial respite,positive,202211_114.1230868_22.608538499999998.png
traffic,feeling of being within a developed city,unlikely escape from daily concerns,negative,202211_114.1230868_22.608538499999998.png
intersection,lack of refuge,full engagement,negative,202211_114.1252032_22.559106599999996.png
traffic,overstimulation,increased alertness,negative,202211_114.1252032_22.559106599999996.png
pedestrians,crowdedness,social interaction,neutral,202211_114.1252032_22.559106599999996.png
construction,disruption,avoidance,negative,202211_114.1252032_22.559106599999996.png
vehicles,chaos,heightened awareness,negative,202211_114.1252032_22.559106599999996.png
trees,not peaceful refuge,avoidance of obligations,negative,202211_114.12602319776069_22.61048710187174.png
cars,overwhelmed by traffic,stress and distraction,negative,202211_114.12602319776069_22.61048710187174.png
buildings,lack of escape,increased anxiety,negative,202211_114.12602319776069_22.61048710187174.png
roads,constrained environment,reduced relaxation,negative,202211_114.12602319776069_22.61048710187174.png
traffic,not a strong refuge,difficult to detach,negative,202211_114.1265996_22.6505152.png
buildings,feeling of urban environment,limited escape,negative,202211_114.1265996_22.6505152.png
road,active area,engagement with daily demands,negative,202211_114.1265996_22.6505152.png
vehicles,implies functionality,increased stress,negative,202211_114.1265996_22.6505152.png
street,not a refuge,ongoing engagement,negative,202211_114.1278554_22.633320999999995.png
traffic,constant presence,mental detachment,negative,202211_114.1278554_22.633320999999995.png
wires,urban activity,engagement with environment,neutral,202211_114.1278554_22.633320999999995.png
infrastructure,demanding thoughts,lack of escape,negative,202211_114.1278554_22.633320999999995.png
road,lack of refuge,escape urban environment,negative,202211_114.1271246_22.659764699999993.png
barriers,sense of confinement,avoidance of nuisances,negative,202211_114.1271246_22.659764699999993.png
infrastructure,focus on movement,continuation of activity,neutral,202211_114.1271246_22.659764699999993.png
street,stressful environment,avoidance of space,negative,202211_114.13011830000002_22.620062400000002.png
traffic,overwhelmed by activity,seeking refuge,negative,202211_114.13011830000002_22.620062400000002.png
buildings,constrained freedom,desire to escape,negative,202211_114.13011830000002_22.620062400000002.png
advertisements,cognitive overload,distraction from obligations,negative,202211_114.13011830000002_22.620062400000002.png
greenery,slight sense of detachment,seeking refuge,positive,202211_114.127291_22.6774182.png
urban chaos,overwhelmed,avoiding stress,negative,202211_114.127291_22.6774182.png
activity,lack of tranquility,engaging in social interactions,negative,202211_114.127291_22.6774182.png
trees,sense of detachment,momentary escape,positive,202211_114.1297294_22.571899599999995.png
walkways,mental break,shift in focus,positive,202211_114.1297294_22.571899599999995.png
infrastructure,escape from demands,relaxation,positive,202211_114.1297294_22.571899599999995.png
street,lack of escape,inability to disengage,negative,202211_114.1290905_22.6113102.png
traffic,stress,avoidance of the area,negative,202211_114.1290905_22.6113102.png
infrastructure,overwhelm,increased focus on responsibilities,negative,202211_114.1290905_22.6113102.png
greenery,minimal relief,temporary distraction,neutral,202211_114.1290905_22.6113102.png
greenery,partial escape,temporary relief,positive,202211_114.1302464_22.554833399999993.png
traffic,limited refuge,avoidance of congestion,negative,202211_114.1302464_22.554833399999993.png
buildings,inhabited space,engagement with surroundings,neutral,202211_114.1302464_22.554833399999993.png
pedestrian,functional environment,navigation through space,neutral,202211_114.1302464_22.554833399999993.png
traffic,demands attention,engagement,negative,202211_114.13115568027233_22.70972758510674.png
buildings,lack of refuge,avoidance of escape,negative,202211_114.13115568027233_22.70972758510674.png
commercial,not restorative,focus on daily life,negative,202211_114.13115568027233_22.70972758510674.png
intersection,lack of refuge,increased stress,negative,202211_114.13195110000001_22.681132199999997.png
traffic,constant distraction,avoidance of relaxation,negative,202211_114.13195110000001_22.681132199999997.png
storefronts,commercial pressure,focus on obligations,negative,202211_114.13195110000001_22.681132199999997.png
street,not a refuge,avoid seeking escape,negative,202211_114.13244062094806_22.71108266161979.png
vehicles,active environment,feel overwhelmed,negative,202211_114.13244062094806_22.71108266161979.png
buildings,demanding atmosphere,avoid relaxation,negative,202211_114.13244062094806_22.71108266161979.png
traffic,sense of escape,feel detached,negative,202211_114.1317136_22.6857221.png
buildings,mental clutter,feel overwhelmed,negative,202211_114.1317136_22.6857221.png
construction,everyday demands,avoid distractions,negative,202211_114.1317136_22.6857221.png
environment,detached feeling,escape routine,negative,202211_114.1317136_22.6857221.png
trees,slight sense of nature,minimal relaxation,positive,202211_114.133277_22.62872249999999.png
buildings,functional city,increased stress,negative,202211_114.133277_22.62872249999999.png
traffic,sense of chaos,avoidance of the area,negative,202211_114.133277_22.62872249999999.png
road,stressful environment,transit,negative,202211_114.1335341_22.623544999999996.png
vehicles,busy atmosphere,movement,negative,202211_114.1335341_22.623544999999996.png
buildings,urban confinement,pass through,negative,202211_114.1335341_22.623544999999996.png
greenery,limited refuge,brief respite,neutral,202211_114.1335341_22.623544999999996.png
buildings,lack of escape,continue daily routines,negative,202211_114.1318029_22.630163299999996.png
roads,stress from activity,avoidance of nature,negative,202211_114.1318029_22.630163299999996.png
trees,minimal refuge,limited relaxation,neutral,202211_114.1318029_22.630163299999996.png
environment,lack of escape,difficulty in mental detachment,negative,202211_114.1348213_22.632774600000005.png
traffic,stress and distraction,inability to relax,negative,202211_114.1348213_22.632774600000005.png
buildings,urban confinement,feeling trapped,negative,202211_114.1348213_22.632774600000005.png
street,lack of escape,seeking refuge,negative,202211_114.1347208_22.689938899999998.png
commerce,overwhelmed by activity,avoiding crowds,negative,202211_114.1347208_22.689938899999998.png
street,limited potential for mental escape,transit and activity,negative,202211_114.13372558661142_22.712437730192388.png
trees,some shade,temporary relief,neutral,202211_114.13372558661142_22.712437730192388.png
buildings,conducive to utility,engagement with environment,negative,202211_114.13372558661142_22.712437730192388.png
poles,nuisance,avoidance,negative,202211_114.13372558661142_22.712437730192388.png
intersection,not perceived as refuge,no desire to stop thinking,negative,202211_114.1349762_22.558610499999997.png
traffic,sense of obligation,increased stress,negative,202211_114.1349762_22.558610499999997.png
greenery,slight contrast to stressors,minimal calming effect,neutral,202211_114.1349762_22.558610499999997.png
road,lack of escape,transit or work,negative,202211_114.1355611_22.676161700000005.png
traffic,stressful environment,avoidance,negative,202211_114.1355611_22.676161700000005.png
infrastructure,constrained freedom,focus on tasks,negative,202211_114.1355611_22.676161700000005.png
buildings,sense of urban environment,engagement with surroundings,neutral,202211_114.1362693_22.6242506.png
traffic,urban nuisances,avoidance of congestion,negative,202211_114.1362693_22.6242506.png
nature,partial escape,seeking tranquility,positive,202211_114.1362693_22.6242506.png
infrastructure,functional space,utilitarian use,neutral,202211_114.1362693_22.6242506.png
intersection,not a refuge,avoidance of stress,negative,202211_114.1369354_22.6212028.png
traffic,constant engagement,increased alertness,neutral,202211_114.1369354_22.6212028.png
construction,source of distraction,heightened awareness,negative,202211_114.1369354_22.6212028.png
development,urban pressure,stress response,negative,202211_114.1369354_22.6212028.png
street,lack of escape,engagement with daily life,negative,202211_114.1377721_22.626094.png
traffic,overstimulation,avoidance of relaxation,negative,202211_114.1377721_22.626094.png
buildings,confinement,inability to disconnect,negative,202211_114.1377721_22.626094.png
greenery,degree of respite,seeking escape,positive,202211_114.1406575_22.696127500000003.png
vehicles,limited sense of escape,feeling constrained,negative,202211_114.1406575_22.696127500000003.png
roads,not a complete escape,maintaining urban awareness,negative,202211_114.1406575_22.696127500000003.png
structures,visibility of city infrastructure,reminding of urban demands,negative,202211_114.1406575_22.696127500000003.png
road,limited sense of escape,slight break from demands,negative,202211_114.14223940000001_22.685515900000002.png
greenery,suggestion of refuge,temporary relief,positive,202211_114.14223940000001_22.685515900000002.png
traffic,constrained freedom,increased stress,negative,202211_114.14223940000001_22.685515900000002.png
road,busy environment,avoidance of refuge,negative,202211_114.1413619_22.633429600000003.png
vehicles,stressful atmosphere,increased tension,negative,202211_114.1413619_22.633429600000003.png
buildings,urban demands,lack of escape,negative,202211_114.1413619_22.633429600000003.png
intersection,lack of refuge,no escape,negative,202211_114.1389329_22.697220100000003.png
activity,integration into daily life,continued engagement,negative,202211_114.1389329_22.697220100000003.png
street,not a refuge,no escape,negative,202211_114.1424149_22.670925099999998.png
buildings,part of everyday life,no mental escape,negative,202211_114.1424149_22.670925099999998.png
vehicles,ongoing activity,no relaxation,negative,202211_114.1424149_22.670925099999998.png
streetscape,lack of refuge,continuation of daily demands,negative,202211_114.1442062_22.6431672.png
vehicles,inability to detach,increased focus on obligations,negative,202211_114.1442062_22.6431672.png
buildings,no escape,maintaining mental engagement,negative,202211_114.1442062_22.6431672.png
traffic,lack of escape,difficulty disconnecting,negative,202211_114.1432958_22.6223257.png
construction,stress from surroundings,increased focus on obligations,negative,202211_114.1432958_22.6223257.png
roadways,functional space,limited relaxation,negative,202211_114.1432958_22.6223257.png
trees,sense of escape,seeking tranquility,positive,202211_114.14458594103891_22.691730256908752.png
road,separation from urban hustle,avoiding stress,positive,202211_114.14458594103891_22.691730256908752.png
building,distinctiveness,attraction to aesthetics,positive,202211_114.14458594103891_22.691730256908752.png
traffic,reduced disturbances,enhancing focus,positive,202211_114.14458594103891_22.691730256908752.png
trees,not a strong refuge,unlikely to offer escape,negative,202211_114.14501728737399_22.680650006105953.png
traffic,sense of being in transit,reinforces functional urban space,negative,202211_114.14501728737399_22.680650006105953.png
buildings,functional urban space,limits mental escape,negative,202211_114.14501728737399_22.680650006105953.png
traffic,lack of refuge,difficulty disconnecting,negative,202211_114.1538046_22.6086347.png
construction,inability to escape,increased stress,negative,202211_114.1538046_22.6086347.png
infrastructure,mental burden,focus on concerns,negative,202211_114.1538046_22.6086347.png
urban,overwhelmed by activity,struggle to relax,negative,202211_114.1538046_22.6086347.png
streetscape,lack of refuge,difficulty in detachment,negative,202211_114.151315_22.614566799999995.png
traffic,overwhelmed by demands,inability to focus,negative,202211_114.151315_22.614566799999995.png
commercial,constant distraction,persistent engagement with tasks,negative,202211_114.151315_22.614566799999995.png
vehicles,lack of mental detachment,continuation of daily grind,negative,202211_114.1486314_22.6915968.png
buildings,no sense of retreat,feeling trapped,negative,202211_114.1486314_22.6915968.png
traffic,overwhelmed by demands,inability to escape,negative,202211_114.1486314_22.6915968.png
street,lack of escape,continue daily activities,negative,202211_114.15089995076461_22.61058709992979.png
traffic,stressful environment,avoid lingering,negative,202211_114.15089995076461_22.61058709992979.png
shops,commercial focus,engage in shopping,neutral,202211_114.15089995076461_22.61058709992979.png
vehicles,functional urban space,ongoing activity,neutral,202211_114.1528439_22.5965293.png
buildings,routine urban landscape,daily activities,neutral,202211_114.1528439_22.5965293.png
greenery,lack of escape,limited refuge,negative,202211_114.1528439_22.5965293.png
street,not a refuge,remain connected,negative,202211_114.1538696_22.680154999999996.png
traffic,active environment,engage with surroundings,neutral,202211_114.1538696_22.680154999999996.png
infrastructure,connected to reality,navigate urban life,negative,202211_114.1538696_22.680154999999996.png
traffic,feeling of disruption,avoidance of urban areas,negative,202211_114.1670239_22.571633.png
infrastructure,lack of tranquility,seeking quieter spaces,negative,202211_114.1670239_22.571633.png
construction,sense of disturbance,desire for peace,negative,202211_114.1670239_22.571633.png
city,overwhelmed by demands,retreat from urban life,negative,202211_114.1670239_22.571633.png
highway,not a strong refuge,need for attention,negative,202211_114.1600517_22.632023799999995.png
traffic,stressful environment,avoidance of distractions,negative,202211_114.1600517_22.632023799999995.png
intersection,lack of refuge,seeking escape,negative,202211_114.1655038_22.5668733.png
traffic,mental detachment,avoiding concerns,negative,202211_114.1655038_22.5668733.png
commercial,busy nature,change of scene,neutral,202211_114.1655038_22.5668733.png
restroom,temporary escape from urban stresses,seeking refuge,positive,202211_114.1701521_22.563167000000007.png
trees,sense of detachment,reducing stress,positive,202211_114.1701521_22.563167000000007.png
sunlight,calm atmosphere,enhancing relaxation,positive,202211_114.1701521_22.563167000000007.png
trees,slight respite,temporary break,positive,202211_114.17582261611952_22.568911402923646.png
sky,moderate sense of being away,temporary break,positive,202211_114.17582261611952_22.568911402923646.png
urban,not a complete escape,none,negative,202211_114.17582261611952_22.568911402923646.png
infrastructure,does not provide refuge,none,negative,202211_114.17582261611952_22.568911402923646.png
traffic,everyday nuisances,none,negative,202211_114.17582261611952_22.568911402923646.png
street,engaged with surroundings,stay focused on responsibilities,negative,202211_114.1903821_22.654378699999995.png
traffic,overwhelmed by stimuli,avoid relaxation,negative,202211_114.1903821_22.654378699999995.png
commercial,distracted from thoughts,continue daily concerns,negative,202211_114.1903821_22.654378699999995.png
street,no sense of escape,immersion in urban life,negative,202211_114.1790494_22.6381448.png
traffic,constant activity,preventing mental respite,negative,202211_114.1790494_22.6381448.png
infrastructure,lack of refuge,inability to relax,negative,202211_114.1790494_22.6381448.png
vehicles,stressful environment,continued engagement with demands,negative,202211_114.1790494_22.6381448.png
buildings,immersion in demands,lack of mental respite,negative,202211_114.1790494_22.6381448.png
trees,difficult to escape stress,avoid urban grind,negative,202211_114.1925591_22.6441486.png
street,not a strong refuge,experience daily demands,negative,202211_114.1925591_22.6441486.png
street,lack of escape,difficulty disconnecting,negative,202211_114.19179562381086_22.63432322223352.png
traffic,stress from urban life,persistent concerns,negative,202211_114.19179562381086_22.63432322223352.png
pedestrians,crowded environment,increased distraction,negative,202211_114.19179562381086_22.63432322223352.png
commercial,ongoing demands,limited relaxation,negative,202211_114.19179562381086_22.63432322223352.png
street,diminished sense of being away,difficulty disconnecting,negative,202211_114.1929199_22.650131799999997.png
traffic,constant hustle and bustle,inability to relax,negative,202211_114.1929199_22.650131799999997.png
commercial activity,lack of refuge,increased responsibilities,negative,202211_114.1929199_22.650131799999997.png
people,overwhelmed by demands,avoidance of contemplation,negative,202211_114.1929199_22.650131799999997.png
street,stressful environment,avoidance of refuge,negative,202211_114.20062780000002_22.6509532.png
traffic,overwhelmed by urban demands,distraction from thoughts,negative,202211_114.20062780000002_22.6509532.png
shops,lack of tranquility,inability to relax,negative,202211_114.20062780000002_22.6509532.png
pedestrians,busy atmosphere,increased activity,negative,202211_114.20062780000002_22.6509532.png
vegetation,sense of escape,mental detachment,positive,202211_114.2025910032097_22.705040919089097.png
sky,sense of escape,mental detachment,positive,202211_114.2025910032097_22.705040919089097.png
street,feeling of being away,mental detachment,positive,202211_114.2025910032097_22.705040919089097.png
traffic,active environment,difficult to escape,negative,202211_114.2009761_22.648597000000002.png
signage,demanding environment,difficult to perceive as refuge,negative,202211_114.2009761_22.648597000000002.png
infrastructure,not conducive to being away,difficult to relax,negative,202211_114.2009761_22.648597000000002.png
environment,doesn't evoke escape,not seeking refuge,negative,202211_114.200859_22.685211899999995.png
urban,part of everyday landscape,engaging in daily activity,neutral,202211_114.200859_22.685211899999995.png
roads,suggests transit,moving through space,neutral,202211_114.200859_22.685211899999995.png
buildings,not a distinct refuge,continuing daily routines,negative,202211_114.200859_22.685211899999995.png
traffic,conveys busyness,participating in urban life,neutral,202211_114.200859_22.685211899999995.png
intersection,minimal psychological escape,desire to escape,negative,202211_114.206255_22.6442666.png
traffic,sense of constant connection,engagement with daily demands,negative,202211_114.206255_22.6442666.png
pedestrians,busy environment,avoidance of restoration,negative,202211_114.206255_22.6442666.png
infrastructure,feeling overwhelmed,lack of relaxation,negative,202211_114.206255_22.6442666.png
road,not a refuge,avoidance of stress,negative,202211_114.2070831_22.698659.png
infrastructure,busy environment,increased anxiety,negative,202211_114.2070831_22.698659.png
nature,minimal escape,limited relaxation,negative,202211_114.2070831_22.698659.png
intersection,lack of escape,avoidance of stressors,negative,202211_114.2071742_22.712280299999996.png
traffic,increased stress,hurry through area,negative,202211_114.2071742_22.712280299999996.png
construction,disruption,seek alternative routes,negative,202211_114.2071742_22.712280299999996.png
buildings,urban confinement,desire for open spaces,negative,202211_114.2071742_22.712280299999996.png
roads,lack of escape,no retreat from demands,negative,202211_114.209548_22.709836299999996.png
vehicles,stressful environment,increased anxiety,negative,202211_114.209548_22.709836299999996.png
buildings,urban hustle,continuation of routine,negative,202211_114.209548_22.709836299999996.png
greenery,lack of escape,engagement with environment,negative,202211_114.2083202_22.715130499999997.png
roads,sense of activity,commuting,neutral,202211_114.2083202_22.715130499999997.png
businesses,sense of engagement,participation in city life,positive,202211_114.2083202_22.715130499999997.png
street,lack of refuge,increased attention,negative,202211_114.2095628_22.656468500000003.png
traffic,mental engagement,focus on obligations,negative,202211_114.2095628_22.656468500000003.png
shops,busy atmosphere,distraction from relaxation,negative,202211_114.2095628_22.656468500000003.png
trees,moderate sense of being away,seeking refuge,positive,202211_114.2111792_22.658679700000004.png
sky,moderate sense of being away,seeking refuge,positive,202211_114.2111792_22.658679700000004.png
traffic,limited feeling of refuge,stress avoidance,negative,202211_114.2111792_22.658679700000004.png
infrastructure,limited feeling of refuge,stress avoidance,negative,202211_114.2111792_22.658679700000004.png
buildings,limited feeling of refuge,stress avoidance,negative,202211_114.2111792_22.658679700000004.png
road,doesn't evoke a sense of escape,challenging to mentally distance,negative,202211_114.21056272753292_22.691179477761683.png
infrastructure,not actively unpleasant,no distinct refuge,neutral,202211_114.21056272753292_22.691179477761683.png
traffic,difficult to escape daily demands,remains connected to everyday concerns,negative,202211_114.21056272753292_22.691179477761683.png
traffic,not feeling 'away',difficulty escaping,negative,202211_114.2110069_22.724954699999998.png
roads,mental demands,inability to detach,negative,202211_114.2110069_22.724954699999998.png
infrastructure,momentary distraction,temporary escape,neutral,202211_114.2110069_22.724954699999998.png
scenery,potential escape from stress,seeking relaxation,positive,202211_114.211648_22.6408939.png
highway,detracted from escape,increased awareness of stressors,negative,202211_114.211648_22.6408939.png
traffic,engagement with external stimuli,maintaining focus on driving,negative,202211_114.211648_22.6408939.png
movement,not truly detached from responsibilities,continuing daily demands,negative,202211_114.211648_22.6408939.png
street,lack of escape,difficulty disconnecting,negative,202211_114.2137225_22.704182899999996.png
buildings,sense of confinement,increased stress,negative,202211_114.2137225_22.704182899999996.png
traffic,constant disturbance,avoidance behavior,negative,202211_114.2137225_22.704182899999996.png
intersection,not a refuge,less likely to escape,negative,202211_114.2136296_22.711242799999997.png
roads,active environment,engagement with daily demands,neutral,202211_114.2136296_22.711242799999997.png
vehicles,connection to everyday demands,continuation of daily thoughts,negative,202211_114.2136296_22.711242799999997.png
buildings,not a place for escape,inhibition of mental escape,negative,202211_114.2136296_22.711242799999997.png
trees,feeling of being away,seeking respite,positive,202211_114.21343850000001_22.661376999999995.png
sky,feeling of being away,seeking respite,positive,202211_114.21343850000001_22.661376999999995.png
traffic,constant disturbance,inability to escape,negative,202211_114.21343850000001_22.661376999999995.png
roads,constant disturbance,inability to escape,negative,202211_114.21343850000001_22.661376999999995.png
infrastructure,constant disturbance,inability to escape,negative,202211_114.21343850000001_22.661376999999995.png
buildings,constant disturbance,inability to escape,negative,202211_114.21343850000001_22.661376999999995.png
street,not restorative,avoidance of stress,negative,202211_114.21377545201952_22.709439044268187.png
traffic,overwhelmed,escape from demands,negative,202211_114.21377545201952_22.709439044268187.png
construction,distraction,increased anxiety,negative,202211_114.21377545201952_22.709439044268187.png
banners,chaotic,lack of focus,negative,202211_114.21377545201952_22.709439044268187.png
intersection,not a refuge,increased attention,negative,202211_114.2140182_22.699868299999995.png
traffic,stressful environment,avoidance of the area,negative,202211_114.2140182_22.699868299999995.png
construction,distraction,focus on surroundings,negative,202211_114.2140182_22.699868299999995.png
roads,engaged with everyday concerns,increased focus on daily issues,negative,202211_114.2152767_22.6288732.png
construction,stress from noise,avoidance of the area,negative,202211_114.2152767_22.6288732.png
urban,lack of refuge,continued engagement with stressors,negative,202211_114.2152767_22.6288732.png
street,not a refuge,engagement with concerns,negative,202211_114.216765_22.6974888.png
traffic,stressful environment,reminded of tasks,negative,202211_114.216765_22.6974888.png
construction,disruption,avoidance of relaxation,negative,202211_114.216765_22.6974888.png
vehicles,constant engagement,focus on daily nuisances,negative,202211_114.216765_22.6974888.png
signs,commercial pressure,reminded of obligations,negative,202211_114.216765_22.6974888.png
traffic,sense of immersion,difficulty detaching,negative,202211_114.2152921_22.6662057.png
advertisements,reminders of concerns,inability to relax,negative,202211_114.2152921_22.6662057.png
landscape,lack of refuge,minimal mental break,negative,202211_114.2152921_22.6662057.png
trees,sense of separation,momentarily disengage,positive,202211_114.2165249_22.5598495.png
traffic,mental space,stop thinking about tasks,positive,202211_114.2165249_22.5598495.png
visual order,degree of respite,provide relief,positive,202211_114.2165249_22.5598495.png
traffic,not a refuge,engagement with environment,negative,202211_114.21841473396591_22.669481821462988.png
pedestrian,active environment,participation in daily activities,neutral,202211_114.21841473396591_22.669481821462988.png
signage,lack of escape,awareness of surroundings,negative,202211_114.21841473396591_22.669481821462988.png
street,sense of escape,mental break,positive,202211_114.218944_22.6850716.png
trees,contrast to urban demands,mental break,positive,202211_114.218944_22.6850716.png
sky,contrast to urban demands,mental break,positive,202211_114.218944_22.6850716.png
street,lack of refuge,avoidance of obligations,negative,202211_114.2186295_22.689443500000003.png
traffic,stressful environment,increased vigilance,negative,202211_114.2186295_22.689443500000003.png
buildings,overwhelmed by urbanity,disengagement from surroundings,negative,202211_114.2186295_22.689443500000003.png
pedestrians,busy atmosphere,hurry through space,negative,202211_114.2186295_22.689443500000003.png
street,lack of refuge,no desire to escape,negative,202211_114.21723136608922_22.72370956084027.png
traffic,stressful environment,avoidance of mental detachment,negative,202211_114.21723136608922_22.72370956084027.png
buildings,urban confinement,no relaxation,negative,202211_114.21723136608922_22.72370956084027.png
sky,respite from urban life,seeking escape,positive,202211_114.2186117_22.6258602.png
mountains,sense of distance,gaining perspective,positive,202211_114.2186117_22.6258602.png
greenery,calming effect,relaxation,positive,202211_114.2186117_22.6258602.png
intersection,distraction from thoughts,inability to focus,negative,202211_114.2186117_22.6258602.png
vehicles,interruption of peace,increased stress,negative,202211_114.2186117_22.6258602.png
trees,visual break,escape from demands,positive,202211_114.2197791_22.7005555.png
road,urban nuisances,limited escape,negative,202211_114.2197791_22.7005555.png
sky,sense of openness,relaxation,positive,202211_114.2197791_22.7005555.png
buildings,urban confinement,frustration,negative,202211_114.2197791_22.7005555.png
intersection,lack of escape,difficulty disconnecting,negative,202211_114.219882_22.7063203.png
traffic,stress and overwhelm,increased focus on obligations,negative,202211_114.219882_22.7063203.png
buildings,urban confinement,limited relaxation,negative,202211_114.219882_22.7063203.png
road,incomplete escape,limited relaxation,negative,202211_114.22021710639932_22.69469510712122.png
greenery,sense of separation,enhanced tranquility,positive,202211_114.22021710639932_22.69469510712122.png
environment,organized surroundings,reduced stress,positive,202211_114.22021710639932_22.69469510712122.png
structures,urban presence,mixed feelings,neutral,202211_114.22021710639932_22.69469510712122.png
traffic,constant reminder of tasks,difficulty to disengage,negative,202211_114.2212838_22.7300893.png
buildings,overwhelmed by surroundings,inability to relax,negative,202211_114.2212838_22.7300893.png
pedestrians,sense of busyness,increased stress,negative,202211_114.2212838_22.7300893.png
traffic,lack of refuge,avoidance of space,negative,202211_114.2217688_22.679681299999995.png
buildings,active environment,engagement with surroundings,neutral,202211_114.2217688_22.679681299999995.png
roads,stress from activity,seeking escape,negative,202211_114.2217688_22.679681299999995.png
lights,distraction,focus on navigation,negative,202211_114.2217688_22.679681299999995.png
traffic,lack of refuge,stay engaged,negative,202211_114.22393428345467_22.558017270859764.png
structures,urban pressure,avoid disconnection,negative,202211_114.22393428345467_22.558017270859764.png
activity,overstimulation,remain in routine,negative,202211_114.22393428345467_22.558017270859764.png
intersection,lack of escape,engagement with surroundings,negative,202211_114.2240142_22.552070799999996.png
traffic,stress from demands,focus on immediate environment,negative,202211_114.2240142_22.552070799999996.png
signage,distraction,avoidance of mental disengagement,negative,202211_114.2240142_22.552070799999996.png
intersection,difficult to disconnect,increased stress,negative,202211_114.2249337_22.701915199999995.png
traffic,overwhelmed by distractions,avoidance of the area,negative,202211_114.2249337_22.701915199999995.png
roads,lack of refuge,search for quiet spaces,negative,202211_114.2249337_22.701915199999995.png
buildings,urban pressures,increased anxiety,negative,202211_114.2249337_22.701915199999995.png
street,stressful environment,avoidance of responsibilities,negative,202211_114.22559054555936_22.75456210097526.png
greenery,slight comfort,temporary relief,neutral,202211_114.22559054555936_22.75456210097526.png
traffic,difficult to feel removed,not escaping daily demands,negative,202211_114.22576155036519_22.705585978362734.png
construction,active participant in nuisances,increased stress,negative,202211_114.22576155036519_22.705585978362734.png
street,no sense of escape,staying in the urban environment,negative,202211_114.22576155036519_22.705585978362734.png
street,not a complete escape,desire to stop thinking,negative,202211_114.22552806929458_22.72382851725978.png
traffic,active urban area,engagement with surroundings,neutral,202211_114.22552806929458_22.72382851725978.png
shops,everyday urban scene,interaction with environment,neutral,202211_114.22552806929458_22.72382851725978.png
people,presence of daily nuisances,social engagement,negative,202211_114.22552806929458_22.72382851725978.png
traffic,lack of escape,participating in activities,negative,202211_114.2257622453882_22.66166275803583.png
structures,feeling of observation,observing hustle,negative,202211_114.2257622453882_22.66166275803583.png
traffic,amplified stress,avoidance,negative,202211_114.22593259004171_22.659822980095043.png
construction,lack of refuge,withdrawal,negative,202211_114.22593259004171_22.659822980095043.png
trees,lack of refuge,difficulty disconnecting,negative,202211_114.22635561203406_22.703459565260093.png
buildings,sense of escape,remaining in usual thoughts,negative,202211_114.22635561203406_22.703459565260093.png
traffic,everyday nuisances,inability to relax,negative,202211_114.22635561203406_22.703459565260093.png
urban,calm environment,limited escape,neutral,202211_114.2273256_22.557942800000003.png
infrastructure,sense of routine,no detachment,negative,202211_114.2273256_22.557942800000003.png
trees,sense of being away,distance oneself from tasks,positive,202211_114.22642830617639_22.700759857544092.png
green spaces,buffer from urban nuisances,seek tranquility,positive,202211_114.22642830617639_22.700759857544092.png
cityscape,feeling of being in transit,temporary escape,neutral,202211_114.22642830617639_22.700759857544092.png
intersection,lack of tranquility,difficulty to escape,negative,202211_114.22747330000001_22.7238673.png
traffic,feeling of busyness,inability to disengage,negative,202211_114.22747330000001_22.7238673.png
commercial,overwhelmed by activity,stress from demands,negative,202211_114.22747330000001_22.7238673.png
street,temporary distraction from worries,brief mental detachment,positive,202211_114.22760830000001_22.662230599999997.png
environment,mild respite from demands,engagement with surroundings,positive,202211_114.22760830000001_22.662230599999997.png
people,sense of being in a bustling area,social interaction,positive,202211_114.22760830000001_22.662230599999997.png
traffic,not a refuge,remain connected,negative,202211_114.22753639470436_22.75459197828047.png
railings,organized appearance,feel sterile,negative,202211_114.22753639470436_22.75459197828047.png
vehicles,pressures of city life,avoid escape,negative,202211_114.22753639470436_22.75459197828047.png
intersection,not a refuge,avoidance of stress,negative,202211_114.2286373_22.699013700000002.png
traffic,overwhelmed by demands,increased anxiety,negative,202211_114.2286373_22.699013700000002.png
buildings,lack of escape,disengagement from tasks,negative,202211_114.2286373_22.699013700000002.png
city,urban stress,reduced relaxation,negative,202211_114.2286373_22.699013700000002.png
street,lack of refuge,avoidance of stress,negative,202211_114.2285259_22.729094399999997.png
traffic,mental strain,increased anxiety,negative,202211_114.2285259_22.729094399999997.png
buildings,presence of demands,engagement in daily life,neutral,202211_114.2285259_22.729094399999997.png
traffic,lack of refuge,avoidance of stress,negative,202211_114.2288073_22.7091804.png
people,mental detachment,escape from worries,negative,202211_114.2288073_22.7091804.png
urban,structured environment,inability to relax,negative,202211_114.2288073_22.7091804.png
street,not a refuge,difficulty in relaxation,negative,202211_114.2301294_22.737622900000005.png
construction,visual clutter,increased distraction,negative,202211_114.2301294_22.737622900000005.png
traffic,ongoing demands,constant stress,negative,202211_114.2301294_22.737622900000005.png
construction,lack of refuge,difficult to relax,negative,202211_114.23009038256129_22.739427480281865.png
road,constant activity,prevent mental escape,negative,202211_114.23009038256129_22.739427480281865.png
noise,distraction from concerns,stop thinking,negative,202211_114.23009038256129_22.739427480281865.png
highway,not ideal for escaping,associated with tasks,negative,202211_114.23005136136408_22.7412320600931.png
vehicles,reinforces responsibilities,transit actions,negative,202211_114.23005136136408_22.7412320600931.png
urban,ongoing development stress,increased task focus,negative,202211_114.23005136136408_22.7412320600931.png
trees,mild sense of mental disengagement,seeking relaxation,positive,202211_114.23029818539506_22.710536319149565.png
streetscape,less demanding environment,avoiding chaos,positive,202211_114.23029818539506_22.710536319149565.png
buildings,not a complete escape,accepting urban life,neutral,202211_114.23029818539506_22.710536319149565.png
traffic,everyday concerns,feeling overwhelmed,negative,202211_114.23029818539506_22.710536319149565.png
trees,visual respite,seeking calmness,positive,202211_114.23214660795145_22.712494305055838.png
roads,ongoing concern,avoiding chaos,negative,202211_114.23214660795145_22.712494305055838.png
buildings,urban confinement,navigating space,neutral,202211_114.23214660795145_22.712494305055838.png
traffic,lack of refuge,difficulty in relaxation,negative,202211_114.2332424_22.736479599999996.png
buildings,sense of functionality,focus on tasks,negative,202211_114.2332424_22.736479599999996.png
space,lack of escape,continuation of daily demands,negative,202211_114.2332424_22.736479599999996.png
trees,minor sense of escape,limited refuge seeking,negative,202211_114.2334866_22.7224102.png
buildings,overwhelming urban stress,avoidance of daily tasks,negative,202211_114.2334866_22.7224102.png
traffic,constant disruption,inability to relax,negative,202211_114.2334866_22.7224102.png
road,diminished sense of being away,limited escape from daily demands,negative,202211_114.23223641815308_22.74057723096635.png
greenery,some respite from environment,temporary relief,neutral,202211_114.23223641815308_22.74057723096635.png
structures,not a complete escape,awareness of urban context,negative,202211_114.23223641815308_22.74057723096635.png
traffic,difficulty detaching from concerns,pay attention to surroundings,negative,202211_114.2327879_22.705841199999995.png
infrastructure,lack of escape,avoid responsibilities,negative,202211_114.2327879_22.705841199999995.png
roads,not peaceful refuge,increased stress,negative,202211_114.23443416997084_22.70443946701597.png
traffic,active urban environment,lack of escape,negative,202211_114.23443416997084_22.70443946701597.png
buildings,no mental detachment,continued engagement,negative,202211_114.23443416997084_22.70443946701597.png
street,sense of being away,respite from concerns,negative,202211_114.23812123202822_22.7300937988924.png
traffic,mental detachment,escape from demands,negative,202211_114.23812123202822_22.7300937988924.png
activity,profound escape,focus on surroundings,negative,202211_114.23812123202822_22.7300937988924.png
traffic,lack of escape,avoidance of the area,negative,202211_114.2356123_22.7239809.png
signage,overstimulation,distraction from tasks,negative,202211_114.2356123_22.7239809.png
construction,frustration,seeking quieter spaces,negative,202211_114.2356123_22.7239809.png
street,urban stress,daily routines,negative,202211_114.23813391942721_22.704002782484192.png
traffic,anxiety,avoidance,negative,202211_114.23813391942721_22.704002782484192.png
greenery,temporary relief,seeking escape,neutral,202211_114.23813391942721_22.704002782484192.png
buildings,confinement,compliance,negative,202211_114.23813391942721_22.704002782484192.png
greenery,limited escape from demands,seeking refuge,negative,202211_114.2361757_22.730064800000008.png
infrastructure,overwhelmed by urban life,avoidance of busy areas,negative,202211_114.2361757_22.730064800000008.png
entrance,sense of restriction,hesitation to enter,negative,202211_114.2361757_22.730064800000008.png
barricades,lack of safety,staying away,negative,202211_114.2361757_22.730064800000008.png
trees,limited sense of being away,minimal mental distance,negative,202211_114.23770541411518_22.717890583475636.png
traffic,busy urban setting,lack of escape,negative,202211_114.23770541411518_22.717890583475636.png
buildings,not a tranquil escape,avoidance of refuge,negative,202211_114.23770541411518_22.717890583475636.png
construction,active populated area,increased stress,negative,202211_114.23770541411518_22.717890583475636.png
street,not offering refuge,remain mentally engaged,negative,202211_114.238919_22.740653100000003.png
vehicles,keeping thoughts demanding,focus on daily life,negative,202211_114.238919_22.740653100000003.png
environment,lack of escape,continue with routine,negative,202211_114.238919_22.740653100000003.png
streetscape,lack of escape,remain engaged,negative,202211_114.2383985_22.711510399999998.png
vehicles,reminder of daily life,avoid detachment,negative,202211_114.2383985_22.711510399999998.png
buildings,visual break,temporary distraction,neutral,202211_114.2383985_22.711510399999998.png
intersection,lack of escape,requires attention,negative,202211_114.2400699_22.699791799999993.png
traffic,stressful environment,increased alertness,negative,202211_114.2400699_22.699791799999993.png
camera,active engagement,focus on surroundings,neutral,202211_114.2400699_22.699791799999993.png
walkway,moderate sense of being away,seeking refuge,positive,202211_114.2404083_22.713298600000005.png
trees,slight separation from traffic,reducing stress,positive,202211_114.2404083_22.713298600000005.png
traffic,intrusion on sense of refuge,distraction,negative,202211_114.2404083_22.713298600000005.png
city,partial reprieve,temporary escape,neutral,202211_114.2404083_22.713298600000005.png
trees,sense of detachment,escape daily demands,positive,202211_114.24092502102194_22.72834490326265.png
sidewalks,feeling of refuge,focus on present surroundings,positive,202211_114.24092502102194_22.72834490326265.png
road,visual separation,temporary escape,positive,202211_114.24092502102194_22.72834490326265.png
buildings,limited refuge,low desire to escape,negative,202211_114.24117857820256_22.736602871530195.png
roads,everyday urban hustle,increased stress,negative,202211_114.24117857820256_22.736602871530195.png
vehicles,lack of tranquility,avoidance of the area,negative,202211_114.24117857820256_22.736602871530195.png
street,not a refuge,avoid stopping,negative,202211_114.2425205_22.5659879.png
traffic,stressful environment,continue moving,negative,202211_114.2425205_22.5659879.png
intersection,no sense of escape,continuing daily tasks,negative,202211_114.2473978_22.734376399999995.png
traffic,stress from demands,increased urgency,negative,202211_114.2473978_22.734376399999995.png
buildings,overwhelmed by city life,lack of relaxation,negative,202211_114.2473978_22.734376399999995.png
street,lack of refuge,increased engagement,negative,202211_114.2417927_22.721100999999997.png
construction,distraction,heightened attention,negative,202211_114.2417927_22.721100999999997.png
traffic,stress,avoidance of the area,negative,202211_114.2417927_22.721100999999997.png
intersection,lack of escape,continue daily concerns,negative,202211_114.245535_22.724478399999995.png
buildings,high activity,engage with urban life,neutral,202211_114.245535_22.724478399999995.png
construction,distraction from refuge,avoid relaxation,negative,202211_114.245535_22.724478399999995.png
sky,visual break,temporary escape,positive,202211_114.2450698_22.7366634.png
trees,sense of being away,temporary escape,positive,202211_114.2450698_22.7366634.png
traffic,degree of separation,escape from routine,positive,202211_114.2450698_22.7366634.png
infrastructure,orderliness,escape from routine,positive,202211_114.2450698_22.7366634.png
street,lack of escape,increased stress,negative,202211_114.24312418731222_22.736633147589387.png
traffic,source of stress,avoidance,negative,202211_114.24312418731222_22.736633147589387.png
buildings,integration with daily life,no refuge seeking,negative,202211_114.24312418731222_22.736633147589387.png
cars,not perceived as refuge,disengagement,negative,202211_114.24312418731222_22.736633147589387.png
street,limited sense of being away,engagement with surroundings,negative,202211_114.24131554309736_22.708746307157305.png
traffic,sense of urban activity,involvement in urban life,neutral,202211_114.24131554309736_22.708746307157305.png
construction,distraction from refuge,avoidance of social nuisances,negative,202211_114.24131554309736_22.708746307157305.png
infrastructure,partial detachment,seeking distance from demands,neutral,202211_114.24131554309736_22.708746307157305.png
pedestrian,some distance from nuisances,desire for solitude,positive,202211_114.24131554309736_22.708746307157305.png
sidewalk,lack of escape,continue commuting,negative,202211_114.2481382_22.719207700000002.png
trees,minimal refuge,pass through,negative,202211_114.2481382_22.719207700000002.png
intersection,lack of refuge,avoidance of stress,negative,202211_114.24781360000001_22.7408709.png
cars,distraction,focus on tasks,negative,202211_114.24781360000001_22.7408709.png
buildings,overwhelmed,seeking escape,negative,202211_114.24781360000001_22.7408709.png
traffic,anxiety,hurry through,negative,202211_114.24781360000001_22.7408709.png
intersection,no refuge,requires engagement,negative,202211_114.25240049211995_22.71598604493676.png
vehicles,active engagement,requires attention,negative,202211_114.25240049211995_22.71598604493676.png
buildings,lack of escape,increased stress,negative,202211_114.25240049211995_22.71598604493676.png
street,difficult to feel like a refuge,momentarily disengage,negative,202211_114.2553826_22.7219132.png
traffic,stimulating environment,none,neutral,202211_114.2553826_22.7219132.png
buildings,not one of escape or peace,none,negative,202211_114.2553826_22.7219132.png
road,active context,none,negative,202211_114.2553826_22.7219132.png
intersection,lack of refuge,engagement with immediate concerns,negative,202211_114.25520290000001_22.7195498.png
buildings,mental escape difficulty,focus on demanding tasks,negative,202211_114.25520290000001_22.7195498.png
traffic,constant distraction,navigation demands,negative,202211_114.25520290000001_22.7195498.png
street,lack of escape,continue daily tasks,negative,202211_114.2582836_22.742992200000003.png
traffic,stress,avoidance of relaxation,negative,202211_114.2582836_22.742992200000003.png
construction,distraction,increased focus on work,negative,202211_114.2582836_22.742992200000003.png
commercial,busyness,engagement in activities,negative,202211_114.2582836_22.742992200000003.png
trees,not a complete refuge,unable to stop thoughts,negative,202211_114.25984672471368_22.724509384105325.png
buildings,urban demands,feeling of obligation,negative,202211_114.25984672471368_22.724509384105325.png
traffic,stressful environment,avoidance of the area,negative,202211_114.25984672471368_22.724509384105325.png
roads,lack of escape,difficult to relax,negative,202211_114.2567779_22.732173299999996.png
traffic,stressful environment,increased anxiety,negative,202211_114.2567779_22.732173299999996.png
construction,constant disruption,avoidance of space,negative,202211_114.2567779_22.732173299999996.png
trees,limited escape from thoughts,avoidance of daily nuisances,negative,202211_114.2581402_22.735127600000002.png
intersection,busy and overwhelming,inability to relax,negative,202211_114.2581402_22.735127600000002.png
intersection,lack of refuge,avoidance of mental escape,negative,202211_114.2597717_22.748227099999998.png
traffic,immersion in concerns,engagement with daily tasks,negative,202211_114.2597717_22.748227099999998.png
urban,demanding thoughts,continuation of mental tasks,negative,202211_114.2597717_22.748227099999998.png
intersection,lack of escape,immersion in urban flow,negative,202211_114.2615314_22.725412499999997.png
buildings,overwhelmed by obligations,focus on daily nuisances,negative,202211_114.2615314_22.725412499999997.png
traffic,constant activity,engagement with surroundings,neutral,202211_114.2615314_22.725412499999997.png
intersection,difficulty disconnecting from stressors,engaging with environment,negative,202211_114.2615504_22.7339659.png
traffic,constant stress,inability to relax,negative,202211_114.2615504_22.7339659.png
construction,visual noise,increased distraction,negative,202211_114.2615504_22.7339659.png
city,overwhelmed by demands,focus on pressing tasks,negative,202211_114.2615504_22.7339659.png
trees,not a sense of escape,limited retreat,negative,202211_114.2654511_22.749518999999996.png
street,active city life,engagement with urban activity,neutral,202211_114.2654511_22.749518999999996.png
street,lack of escape,no mental respite,negative,202211_114.2639582_22.746419699999997.png
cars,typical urban environment,no refuge,negative,202211_114.2639582_22.746419699999997.png
buildings,occupied space,no relaxation,negative,202211_114.2639582_22.746419699999997.png
buildings,enclosed feeling,limited escape,negative,202211_114.26398611778227_22.744614900122613.png
vehicles,functional environment,lack of mental respite,negative,202211_114.26398611778227_22.744614900122613.png
street,low sense of escape,lack of retreat,negative,202211_114.26567204911491_22.730635825414787.png
traffic,stressful environment,avoidance of relaxation,negative,202211_114.26567204911491_22.730635825414787.png
signage,overstimulation,distraction from calmness,negative,202211_114.26567204911491_22.730635825414787.png
streetscape,lack of escape,avoidance of urban areas,negative,202211_114.26545658124965_22.747714020246537.png
buildings,lack of tranquility,stress increase,negative,202211_114.26545658124965_22.747714020246537.png
road,congestion stress,seeking quieter spaces,negative,202211_114.26545658124965_22.747714020246537.png
street,limited sense of escape,not conducive to deep introspection,negative,202211_114.266167_22.759514999999997.png
traffic,not entirely free from demands,distraction from relaxation,negative,202211_114.266167_22.759514999999997.png
greenery,some respite,temporary relief from nuisances,positive,202211_114.266167_22.759514999999997.png
street,lack of refuge,difficulty escaping,negative,202211_114.2690539_22.690821300000003.png
traffic,overwhelmed by routine,inability to relax,negative,202211_114.2690539_22.690821300000003.png
construction,distraction from thoughts,increased stress,negative,202211_114.2690539_22.690821300000003.png
traffic,stress and distraction,difficulty in focusing,negative,202211_114.27234334478574_22.75042433588219.png
construction,annoyance and frustration,avoidance of the area,negative,202211_114.27234334478574_22.75042433588219.png
greenery,limited relaxation,seeking true escape,neutral,202211_114.27234334478574_22.75042433588219.png
intersection,lack of tranquil refuge,escape from daily demands,negative,202211_114.2723347_22.731047399999998.png
commerce,hustle and bustle,avoidance of nuisances,negative,202211_114.2723347_22.731047399999998.png
traffic,lack of escape,increased stress,negative,202211_114.2725162_22.696644900000003.png
roads,immersive urban experience,continuation of responsibilities,negative,202211_114.2725162_22.696644900000003.png
buildings,connected to demands,no mental retreat,negative,202211_114.2725162_22.696644900000003.png
greenery,mild sense of escape,seek refuge,positive,202211_114.2760337_22.7631342.png
spaces,not a strong refuge,remain in urban area,negative,202211_114.2760337_22.7631342.png
trees,sense of being away,escape from daily pressures,positive,202211_114.2726936_22.7415585.png
planning,feeling of escape,detachment from everyday concerns,positive,202211_114.2726936_22.7415585.png
traffic,moderate degree of detachment,preventing complete refuge,negative,202211_114.2726936_22.7415585.png
roads,implied quietness,contributes to escape,neutral,202211_114.2726936_22.7415585.png
vehicles,feeling of escape,limits refuge,negative,202211_114.2726936_22.7415585.png
street,urban distractions,lack of refuge,negative,202211_114.2775438_22.731313999999994.png
traffic,ongoing movement,increased stress,negative,202211_114.2775438_22.731313999999994.png
buildings,typical demands,feeling overwhelmed,negative,202211_114.2775438_22.731313999999994.png
trees,limited mental detachment,struggle to escape distractions,negative,202211_114.27581599321013_22.69406434446471.png
sky,limited mental detachment,struggle to escape distractions,negative,202211_114.27581599321013_22.69406434446471.png
road,distraction,inability to relax,negative,202211_114.27581599321013_22.69406434446471.png
traffic,distraction,inability to relax,negative,202211_114.27581599321013_22.69406434446471.png
buildings,distraction,inability to relax,negative,202211_114.27581599321013_22.69406434446471.png
road,not escaping daily demands,continued engagement,negative,202211_114.27273476714161_22.77035872925934.png
greenery,slight buffer from urban environment,temporary relief,neutral,202211_114.27273476714161_22.77035872925934.png
city,implies continued engagement,mental detachment,negative,202211_114.27273476714161_22.77035872925934.png
greenery,reminds of daily routines,no sense of escape,negative,202211_114.27821_22.724613199999997.png
traffic,evokes typical concerns,no refuge,negative,202211_114.27821_22.724613199999997.png
buildings,functional urban atmosphere,reminds of demands,neutral,202211_114.27821_22.724613199999997.png
intersection,lack of refuge,inability to escape,negative,202211_114.27997043805485_22.742280218958573.png
traffic,overwhelmed by demands,increased focus on daily tasks,negative,202211_114.27997043805485_22.742280218958573.png
pedestrians,distraction from relaxation,constant engagement with surroundings,negative,202211_114.27997043805485_22.742280218958573.png
signs,cognitive overload,heightened awareness of environment,negative,202211_114.27997043805485_22.742280218958573.png
vehicles,stress from noise,avoidance of calmness,negative,202211_114.27997043805485_22.742280218958573.png
infrastructure,not a refuge,no escape,negative,202211_114.27840400000001_22.694100599999995.png
traffic,stressful environment,avoidance,negative,202211_114.27840400000001_22.694100599999995.png
intersection,lack of peaceful detachment,stop thinking about everyday concerns,negative,202211_114.28120859325674_22.723283424694912.png
traffic,constant disturbance,avoid public space,negative,202211_114.28120859325674_22.723283424694912.png
buildings,feeling of confinement,seek escape,negative,202211_114.28120859325674_22.723283424694912.png
highway,not a refuge,engagement with demands,negative,202211_114.2813912_22.756487600000003.png
traffic,stressful environment,avoidance of relaxation,negative,202211_114.2813912_22.756487600000003.png
structures,overwhelmed by presence,focus on daily tasks,negative,202211_114.2813912_22.756487600000003.png
traffic,stressful environment,avoidance of space,negative,202211_114.2819875_22.690948999999996.png
cityscape,lack of refuge,continuation of daily routines,negative,202211_114.2819875_22.690948999999996.png
street,lack of escape,none,negative,202211_114.28325520000001_22.7446148.png
establishments,common city elements,none,neutral,202211_114.28325520000001_22.7446148.png
street,lack of mental escape,engagement in daily routines,negative,202211_114.28544010000002_22.781407799999997.png
shops,connected to responsibilities,pursuit of commerce,negative,202211_114.28544010000002_22.781407799999997.png
traffic,stress and distraction,navigation through congestion,negative,202211_114.28544010000002_22.781407799999997.png
pedestrians,busy atmosphere,social interaction,neutral,202211_114.28544010000002_22.781407799999997.png
roadway,lack of escape,avoidance of daily obligations,negative,202211_114.2822374_22.742074400000003.png
buildings,functional busy area,increased stress,negative,202211_114.2822374_22.742074400000003.png
traffic,overwhelmed by demands,desire to retreat,negative,202211_114.2822374_22.742074400000003.png
intersection,not a tranquil escape,transit,negative,202211_114.28546740000002_22.785401799999995.png
traffic,active urban environment,not retreat,negative,202211_114.28546740000002_22.785401799999995.png
buildings,not a strong candidate for being away,remain in demands,negative,202211_114.28546740000002_22.785401799999995.png
greenery,some openness,limited escape,neutral,202211_114.28546740000002_22.785401799999995.png
road,difficult to detach mentally,remain engaged,negative,202211_114.289187_22.702380399999996.png
construction,active urban distractions,avoid relaxation,negative,202211_114.289187_22.702380399999996.png
vehicles,lack of escape,continue daily demands,negative,202211_114.289187_22.702380399999996.png
street,lack of refuge,avoidance of tasks,negative,202211_114.28566222857216_22.665868047689063.png
traffic,stress,distraction,negative,202211_114.28566222857216_22.665868047689063.png
infrastructure,mental confinement,inability to escape,negative,202211_114.28566222857216_22.665868047689063.png
construction,stressful environment,avoidance of space,negative,202211_114.2873667_22.697519499999995.png
traffic,overwhelmed feeling,increased urgency,negative,202211_114.2873667_22.697519499999995.png
roadwork,disruption of peace,reluctance to linger,negative,202211_114.2873667_22.697519499999995.png
signals,demanding attention,constant movement,negative,202211_114.2873667_22.697519499999995.png
intersection,not feeling 'away',avoidance of daily demands,negative,202211_114.2892879_22.691186399999996.png
traffic,active urban space,seeking refuge,negative,202211_114.2892879_22.691186399999996.png
environment,desire to escape,restorative purposes,negative,202211_114.2892879_22.691186399999996.png
trees,moderate sense of being away,escape from daily demands,positive,202211_114.2888354_22.761052399999997.png
streetscape,visual separation,reduce confinement,positive,202211_114.2888354_22.761052399999997.png
traffic,mental distractions,inability to relax,negative,202211_114.2888354_22.761052399999997.png
public space,lack of refuge,not stopping to think,negative,202211_114.2888354_22.761052399999997.png
intersection,difficulty escaping mental burdens,avoid urban activity,negative,202211_114.29010120000001_22.7889905.png
buildings,lack of serenity,seek refuge elsewhere,negative,202211_114.29010120000001_22.7889905.png
traffic,overwhelmed by demands,withdraw from environment,negative,202211_114.29010120000001_22.7889905.png
street,not a peaceful refuge,no mental disengagement,negative,202211_114.2928763_22.697509499999995.png
traffic,sense of everyday hustle,engagement with daily concerns,negative,202211_114.2928763_22.697509499999995.png
construction,functional focus,no escape,negative,202211_114.2928763_22.697509499999995.png
signage,not a place for relaxation,no mental retreat,negative,202211_114.2928763_22.697509499999995.png
street,low sense of escape,limited refuge seeking,negative,202211_114.2956031_22.764479600000005.png
traffic,stressful environment,avoidance of urban areas,negative,202211_114.2956031_22.764479600000005.png
cars,constrained movement,hesitation to engage,negative,202211_114.2956031_22.764479600000005.png
commercial,overwhelming activity,distraction from relaxation,negative,202211_114.2956031_22.764479600000005.png
greenery,moderate sense of escape,feeling away from daily demands,positive,202211_114.28940234571579_22.732666954198482.png
urban street,not a complete refuge,awareness of urban chaos,negative,202211_114.28940234571579_22.732666954198482.png
traffic,not a refuge,escape demands,negative,202211_114.2984209_22.768718899999996.png
construction,constant stimulation,avoid distractions,negative,202211_114.2984209_22.768718899999996.png
pedestrians,overwhelmed by activity,seek quiet,negative,202211_114.2984209_22.768718899999996.png
traffic,intrusion on peace,difficulty escaping thoughts,negative,202211_114.29145377862082_22.72440749735727.png
construction,lack of refuge,limited detachment,negative,202211_114.29145377862082_22.72440749735727.png
urban,bustling environment,inability to relax,negative,202211_114.29145377862082_22.72440749735727.png
street,lack of escape,difficulty to disengage,negative,202211_114.2954426_22.676837.png
traffic,stressful environment,increased anxiety,negative,202211_114.2954426_22.676837.png
buildings,urban recognition,limited relaxation,negative,202211_114.2954426_22.676837.png
commercial,busy atmosphere,heightened distraction,negative,202211_114.2954426_22.676837.png
intersection,lack of escape,difficulty disconnecting,negative,202211_114.2970542_22.734420499999995.png
traffic,stressful environment,increased urban activities,negative,202211_114.2970542_22.734420499999995.png
vehicles,overwhelmed senses,inability to find refuge,negative,202211_114.2970542_22.734420499999995.png
pedestrian,constant activity,lack of tranquility,negative,202211_114.2970542_22.734420499999995.png
street,sense of calm,escaping thoughts,positive,202211_114.29967391060126_22.668395381640753.png
greenery,detachment from concerns,seeking tranquility,positive,202211_114.29967391060126_22.668395381640753.png
path,tranquil space,walking leisurely,positive,202211_114.29967391060126_22.668395381640753.png
street,lack of escape,reminded of obligations,negative,202211_114.3009074_22.770798799999998.png
buildings,engagement with city,continuing daily routines,neutral,202211_114.3009074_22.770798799999998.png
traffic,stress from demands,avoiding relaxation,negative,202211_114.3009074_22.770798799999998.png
trees,slight escape,seeking refuge,positive,202211_114.3011382_22.6976226.png
traffic,active area,engaging with environment,negative,202211_114.3011382_22.6976226.png
construction,functional presence,navigating obstacles,negative,202211_114.3011382_22.6976226.png
boundaries,lack of solitude,feeling confined,negative,202211_114.3011382_22.6976226.png
streetscape,not a place of refuge,engaging with demands,negative,202211_114.3022634_22.676692100000004.png
traffic,stressful environment,increased activity,negative,202211_114.3022634_22.676692100000004.png
construction,disruption of peace,avoidance of area,negative,202211_114.3022634_22.676692100000004.png
buildings,urban engagement,participation in city life,neutral,202211_114.3022634_22.676692100000004.png
street,low sense of escape,minimal mental detachment,negative,202211_114.30192942015853_22.69137286015424.png
traffic,active environment,increased routine focus,negative,202211_114.30192942015853_22.69137286015424.png
construction,utilitarian feel,lack of relaxation,negative,202211_114.30192942015853_22.69137286015424.png
streetscape,lack of escape,limited mental detachment,negative,202211_114.3020113_22.788649799999995.png
trees,minimal natural comfort,insufficient relaxation,negative,202211_114.3020113_22.788649799999995.png
traffic,stressful environment,avoidance of public spaces,negative,202211_114.3020113_22.788649799999995.png
buildings,overwhelming presence,increased daily demands,negative,202211_114.3020113_22.788649799999995.png
environment,difficult to escape,hindered sense of being away,negative,202211_114.30635815636455_22.710292430258725.png
traffic,constant distraction,inability to focus,negative,202211_114.30635815636455_22.710292430258725.png
pedestrian,overwhelmed by movement,avoidance of the area,negative,202211_114.30635815636455_22.710292430258725.png
trees,sense of escape,feeling of being away,positive,202211_114.30676170000001_22.6703835.png
green spaces,mental respite,aiding relaxation,positive,202211_114.30676170000001_22.6703835.png
sky,visual contrast,enhancing tranquility,positive,202211_114.30676170000001_22.6703835.png
highway,mental escape,feeling 'away',positive,202211_114.3070435_22.786400099999998.png
greenery,mental escape,feeling 'away',positive,202211_114.3070435_22.786400099999998.png
urban,visual separation,feeling 'away',positive,202211_114.3070435_22.786400099999998.png
environment,lack of being away,no refuge from responsibilities,negative,202211_114.301909_22.7820227.png
urban,connection to everyday life,engagement with daily demands,negative,202211_114.301909_22.7820227.png
security,structured environment,increased vigilance,negative,202211_114.301909_22.7820227.png
traffic,disruption of peace,avoidance of the area,negative,202211_114.301909_22.7820227.png
truck,not peaceful,avoidance,negative,202211_114.3072554_22.766458099999998.png
buildings,disruptive,stress response,negative,202211_114.3072554_22.766458099999998.png
construction,active use,engagement,neutral,202211_114.3072554_22.766458099999998.png
traffic,not a refuge,withdrawal,negative,202211_114.3072554_22.766458099999998.png
intersection,not a refuge,requires attention,negative,202211_114.3079004_22.716158199999995.png
highways,demands thoughts,increases stress,negative,202211_114.3079004_22.716158199999995.png
traffic,constant presence,distracts focus,negative,202211_114.3079004_22.716158199999995.png
traffic,demanding attention,increased focus,negative,202211_114.30902102413474_22.671889266942024.png
buildings,lack of refuge,avoidance of stress,negative,202211_114.30902102413474_22.671889266942024.png
construction,distraction,inability to relax,negative,202211_114.30902102413474_22.671889266942024.png
construction,stressful environment,avoidance of space,negative,202211_114.3090179_22.7845181.png
infrastructure,lack of refuge,seeking peace elsewhere,negative,202211_114.3090179_22.7845181.png
traffic,active urban setting,distraction from tasks,negative,202211_114.3090179_22.7845181.png
highway,lack of refuge,difficulty to disengage,negative,202211_114.31123978480922_22.78835509521841.png
traffic,stressful environment,increased anxiety,negative,202211_114.31123978480922_22.78835509521841.png
construction,disruption,frustration,negative,202211_114.31123978480922_22.78835509521841.png
intersection,lack of escape,engagement in activity,negative,202211_114.3107973_22.668331399999996.png
vehicles,stress from traffic,increased alertness,negative,202211_114.3107973_22.668331399999996.png
construction,disruption of peace,avoidance of area,negative,202211_114.3107973_22.668331399999996.png
infrastructure,urban hustle,participation in city life,neutral,202211_114.3107973_22.668331399999996.png
street,limited restorative potential,cease thinking about obligations,negative,202211_114.3097075_22.6782036.png
cars,mundane nature,engage in daily life,negative,202211_114.3097075_22.6782036.png
clothes,sense of clutter,avoid relaxation,negative,202211_114.3097075_22.6782036.png
trees,sense of being away,stop thinking about tasks,positive,202211_114.31003453056034_22.781030334116412.png
road,not a strong refuge,none,negative,202211_114.31003453056034_22.781030334116412.png
street,limited respite,disconnect from thoughts,negative,202211_114.3106308_22.723215000000003.png
traffic,high stress,avoid the area,negative,202211_114.3106308_22.723215000000003.png
construction,disruption,leave quickly,negative,202211_114.3106308_22.723215000000003.png
infrastructure,functional but uninviting,pass through,neutral,202211_114.3106308_22.723215000000003.png
vehicles,lack of escape,no mental break,negative,202211_114.3130786_22.778376100000003.png
signs,lack of refuge,no relaxation,negative,202211_114.3130786_22.778376100000003.png
space,functional public space,limited engagement,neutral,202211_114.3130786_22.778376100000003.png
greenery,not a strong refuge,less likely to escape,negative,202211_114.31334558589079_22.712692741138135.png
roads,part of everyday environment,mental disengagement,negative,202211_114.31334558589079_22.712692741138135.png
vehicles,contributes to nuisances,avoidance of space,negative,202211_114.31334558589079_22.712692741138135.png
structures,utilitarian presence,lack of escape,negative,202211_114.31334558589079_22.712692741138135.png
street,sense of separation,escape from daily demands,positive,202211_114.31441280650962_22.67996343438464.png
trees,tranquility,relaxation,positive,202211_114.31441280650962_22.67996343438464.png
space,potential for being away,engagement in recreational activities,positive,202211_114.31441280650962_22.67996343438464.png
street,lack of refuge,avoidance of space,negative,202211_114.3162351_22.766853299999998.png
buildings,demanding thoughts,increased stress,negative,202211_114.3162351_22.766853299999998.png
traffic,chaotic environment,distraction,negative,202211_114.3162351_22.766853299999998.png
streetscape,not conducive to refuge,avoidance of daily nuisances,negative,202211_114.3157553_22.67778.png
traffic,active and functional,lack of mental detachment,negative,202211_114.3157553_22.67778.png
urban activity,no respite,escape from demanding thoughts,negative,202211_114.3157553_22.67778.png
greenery,sense of escape,move away from distractions,positive,202211_114.3147431_22.707786899999995.png
traffic,calmness,feel less stressed,positive,202211_114.3147431_22.707786899999995.png
road,structured environment,navigate urban space,positive,202211_114.3147431_22.707786899999995.png
sidewalks,sense of safety,walk comfortably,positive,202211_114.3147431_22.707786899999995.png
urban context,limited refuge,feel constrained,negative,202211_114.3147431_22.707786899999995.png
traffic,lack of escape,increased attention to responsibilities,negative,202211_114.3163896_22.7063872.png
infrastructure,stress from urban routines,avoidance of relaxation,negative,202211_114.3163896_22.7063872.png
street,limited escape from daily demands,lack of relaxation,negative,202211_114.31953956727372_22.788356333124437.png
traffic,constant mental stressors,avoidance of the area,negative,202211_114.31953956727372_22.788356333124437.png
buildings,lack of strong sense of being away,continued engagement in routines,negative,202211_114.31953956727372_22.788356333124437.png
commercial,overwhelming activity,distraction from relaxation,negative,202211_114.31953956727372_22.788356333124437.png
street,lack of refuge,limited escape,negative,202211_114.3173622_22.7265075.png
traffic,feeling of being in transit,increased distraction,negative,202211_114.3173622_22.7265075.png
cars,sense of obligation,continued engagement,negative,202211_114.3173622_22.7265075.png
construction,disruption of peace,avoidance of relaxation,negative,202211_114.3173622_22.7265075.png
traffic,lack of refuge,avoidance of obligations,negative,202211_114.3165021_22.771690299999996.png
construction,stress and distraction,increased anxiety,negative,202211_114.3165021_22.771690299999996.png
urban,overwhelming environment,desire to escape,negative,202211_114.3165021_22.771690299999996.png
intersection,lack of escape,active engagement,negative,202211_114.3164787_22.7790009.png
traffic,stressful environment,transactional interaction,negative,202211_114.3164787_22.7790009.png
road,non-restorative,detachment from worries,negative,202211_114.3164787_22.7790009.png
greenery,mental break,escape from city life,positive,202211_114.3216382_22.723274800000002.png
street,subdued environment,potential for escapism,positive,202211_114.3216382_22.723274800000002.png
traffic,lack of serenity,unlikely to escape worries,negative,202211_114.32350494257476_22.67201955728786.png
construction,lack of tranquility,not designed for respite,negative,202211_114.32350494257476_22.67201955728786.png
street,not a refuge,no escape,negative,202211_114.3268672_22.690378.png
development,active and stimulating,increased engagement,neutral,202211_114.3268672_22.690378.png
street,too stimulating,avoidance of refuge,negative,202211_114.3254350036764_22.68151625721614.png
traffic,demanding of attention,distraction from tasks,negative,202211_114.3254350036764_22.68151625721614.png
commercial,not a place to relax,increased stress,negative,202211_114.3254350036764_22.68151625721614.png
highway,not peaceful,avoidance of escape,negative,202211_114.32387870000001_22.6783551.png
buildings,urban congestion,stress response,negative,202211_114.32387870000001_22.6783551.png
traffic,continuous disturbance,distraction,negative,202211_114.32387870000001_22.6783551.png
infrastructure,utilitarian,functional use,neutral,202211_114.32387870000001_22.6783551.png
intersection,lack of escape,stay engaged,negative,202211_114.3245814_22.770254999999995.png
traffic,overwhelmed,avoid area,negative,202211_114.3245814_22.770254999999995.png
shops,busy atmosphere,continue shopping,neutral,202211_114.3245814_22.770254999999995.png
buildings,crowded feeling,move quickly,negative,202211_114.3245814_22.770254999999995.png
environment,lack of refuge,no mental detachment,negative,202211_114.33041262094612_22.699174530065097.png
traffic,stress,avoidance,negative,202211_114.33041262094612_22.699174530065097.png
development,distraction,increased concern,negative,202211_114.33041262094612_22.699174530065097.png
construction,lack of escape,avoidance of space,negative,202211_114.3313859655242_22.768633985156832.png
traffic,stressful environment,distraction from tasks,negative,202211_114.3313859655242_22.768633985156832.png
infrastructure,no refuge,increased pressure,negative,202211_114.3313859655242_22.768633985156832.png
street,not a refuge,avoidance of space,negative,202211_114.3321844029824_22.67161460111895.png
buildings,functional space,engagement with environment,neutral,202211_114.3321844029824_22.67161460111895.png
traffic,demanding thoughts,stress response,negative,202211_114.3321844029824_22.67161460111895.png
buildings,not conducive to escape,lack of retreat,negative,202211_114.3327813_22.6854391.png
traffic,ongoing distractions,inability to focus,negative,202211_114.3327813_22.6854391.png
intersection,lack of escape,movement and commerce,negative,202211_114.3351278_22.708945700000005.png
buildings,lack of escape,no profound mental respite,negative,202211_114.3303307356525_22.671067726692538.png
roads,urban activity,no sensory richness,negative,202211_114.3303307356525_22.671067726692538.png
infrastructure,defined boundaries,limited detachment from worries,negative,202211_114.3303307356525_22.671067726692538.png
streets,lack of refuge,difficulty detaching,negative,202211_114.3388551_22.6894784.png
traffic,overwhelmed by stimuli,inability to escape,negative,202211_114.3388551_22.6894784.png
commercial,constant motion,reflecting daily demands,negative,202211_114.3388551_22.6894784.png
greenery,mild sense of detachment,temporary shift in focus,positive,202211_114.3357352_22.680754599999997.png
pedestrian,temporary shift in focus,observe flow,positive,202211_114.3357352_22.680754599999997.png
traffic,demanding attention,increased alertness,negative,202211_114.3404670682303_22.697019432676996.png
construction,lack of refuge,avoidance of space,negative,202211_114.3404670682303_22.697019432676996.png
signage,functional environment,navigational focus,neutral,202211_114.3404670682303_22.697019432676996.png
barriers,sense of confinement,hesitation to enter,negative,202211_114.3404670682303_22.697019432676996.png
natural elements,lack of escape,no relaxation,negative,202211_114.3404670682303_22.697019432676996.png
street,lack of escape,difficult to disconnect,negative,202211_114.3429147_22.701841800000004.png
construction,stress from activity,increased anxiety,negative,202211_114.3429147_22.701841800000004.png
traffic,overwhelmed by demands,avoidance of the area,negative,202211_114.3429147_22.701841800000004.png
intersection,stressful environment,avoidance of the area,negative,202211_114.34195740000001_22.706933000000003.png
traffic,overwhelming noise,increased frustration,negative,202211_114.34195740000001_22.706933000000003.png
buildings,lack of refuge,desire for escape,negative,202211_114.34195740000001_22.706933000000003.png
urban,lack of escape,difficulty in relaxation,negative,202211_114.3459751_22.707297799999996.png
construction,reminder of demands,increased task focus,negative,202211_114.3459751_22.707297799999996.png
infrastructure,constant distraction,inability to disengage,negative,202211_114.3459751_22.707297799999996.png
street,lack of escape,avoidance of stress,negative,202211_114.34365240000001_22.687192099999997.png
greenery,minimal respite,limited relaxation,negative,202211_114.34365240000001_22.687192099999997.png
buildings,urban demands,routine engagement,negative,202211_114.34365240000001_22.687192099999997.png
traffic,increased stress,avoidance of the area,negative,202211_114.34365240000001_22.687192099999997.png
street,lack of refuge,avoidance of stress,negative,202211_114.3437535_22.6918068.png
traffic,overwhelmed,seeking quiet,negative,202211_114.3437535_22.6918068.png
shops,distraction,shopping,neutral,202211_114.3437535_22.6918068.png
buildings,confinement,leaving the area,negative,202211_114.3437535_22.6918068.png
streets,sense of escape,move about freely,positive,202211_114.33888767774044_22.709904250746963.png
greenery,mental detachment,relax and unwind,positive,202211_114.33888767774044_22.709904250746963.png
sky,feeling of order,enjoy the environment,positive,202211_114.33888767774044_22.709904250746963.png
traffic,sense of calm,explore the area,positive,202211_114.33888767774044_22.709904250746963.png
pathways,freedom of movement,navigate easily,positive,202211_114.33888767774044_22.709904250746963.png
architecture,visual break,appreciate design,positive,202211_114.33888767774044_22.709904250746963.png
nature,relief from demands,connect with surroundings,positive,202211_114.33888767774044_22.709904250746963.png
traffic,lack of escape,remain engaged,negative,202211_114.3483821_22.701610899999995.png
construction,stressful environment,avoid relaxation,negative,202211_114.3483821_22.701610899999995.png
greenery,limited mental separation,inability to escape,negative,202211_114.3483821_22.701610899999995.png
urban,active engagement,continue daily routines,negative,202211_114.3483821_22.701610899999995.png
greenery,temporary escape from urban demands,mental disengagement,positive,202211_114.3504077_22.7119996.png
road,lack of escape,avoidance of stress,negative,202211_114.35089203748632_22.683509370509395.png
buildings,urban confinement,limited relaxation,negative,202211_114.35089203748632_22.683509370509395.png
construction,disruption,increased anxiety,negative,202211_114.35089203748632_22.683509370509395.png
vehicles,chaotic environment,withdrawal from space,negative,202211_114.35089203748632_22.683509370509395.png
streetscape,lack of escape,avoidance of urban hustle,negative,202211_114.3510608_22.719964600000004.png
traffic,stress,seeking refuge,negative,202211_114.3510608_22.719964600000004.png
infrastructure,mental disengagement,desire to disconnect,negative,202211_114.3510608_22.719964600000004.png
vehicles,overwhelm,need for tranquility,negative,202211_114.3510608_22.719964600000004.png
intersection,difficult to disconnect,avoidance of responsibilities,negative,202211_114.3511078_22.681715400000005.png
traffic,overwhelmed by activity,inability to find refuge,negative,202211_114.3511078_22.681715400000005.png
greenery,limited sense of escape,lack of relaxation,negative,202211_114.3511078_22.681715400000005.png
intersection,lack of tranquility,no desire to escape,negative,202211_114.353722337401_22.712501928980274.png
buildings,orderly appearance,no sense of refuge,negative,202211_114.353722337401_22.712501928980274.png
traffic,active thoroughfare,avoidance of relaxation,negative,202211_114.353722337401_22.712501928980274.png
intersection,lack of escape,difficult to relax,negative,202211_114.3528219_22.7287395.png
roads,association with daily demands,increased stress,negative,202211_114.3528219_22.7287395.png
vehicles,feeling of obligation,limited mental respite,negative,202211_114.3528219_22.7287395.png
buildings,functional space,no opportunity for reflection,negative,202211_114.3528219_22.7287395.png
road,sense of escape,temporary reprieve,positive,202211_114.3512642_22.7251506.png
spaces,degree of detachment,escape from demands,positive,202211_114.3512642_22.7251506.png
nature,visual separation,relief from worries,positive,202211_114.3512642_22.7251506.png
intersection,lack of mental escape,increased stimulation,negative,202211_114.3541891_22.6916494.png
traffic,constant movement,distraction from tasks,negative,202211_114.3541891_22.6916494.png
buildings,urban life engagement,active participation,neutral,202211_114.3541891_22.6916494.png
trees,limited refuge,avoid stress,negative,202211_114.3546865_22.757565699999997.png
street,everyday demands,continue routine,negative,202211_114.3546865_22.757565699999997.png
traffic,distraction,focus on tasks,negative,202211_114.3546865_22.757565699999997.png
commercial,functional context,engage in activities,neutral,202211_114.3546865_22.757565699999997.png
trees,moderate ability to disconnect,attempt to escape daily concerns,positive,202211_114.3569203_22.6889893.png
buildings,difficulty to escape demands,continued engagement in routines,negative,202211_114.3569203_22.6889893.png
traffic,stress from ongoing activities,avoidance of relaxation,negative,202211_114.3569203_22.6889893.png
sky,slight relief from concerns,momentary distraction,neutral,202211_114.3569203_22.6889893.png
street,break from routines,engaging in everyday activities,neutral,202211_114.35772670303169_22.751752755502764.png
urban,distractions and obligations,feeling overwhelmed,negative,202211_114.35772670303169_22.751752755502764.png
road,respite from chaos,travel,neutral,202211_114.3613663915453_22.716670605416358.png
greenery,sense of separation,escape,positive,202211_114.3613663915453_22.716670605416358.png
buildings,low sense of being away,lack of escape,negative,202211_114.3624588_22.713162700000005.png
infrastructure,connected to regular world,mental detachment hindered,negative,202211_114.3624588_22.713162700000005.png
traffic,sense of everyday environment,no refuge sought,negative,202211_114.3624588_22.713162700000005.png
intersection,structured nature,reinforces daily demands,negative,202211_114.3624588_22.713162700000005.png
trees,not a refuge,continued activity,negative,202211_114.3626573_22.733189099999997.png
buses,active environment,daily life engagement,neutral,202211_114.3626573_22.733189099999997.png
vehicles,busy atmosphere,movement through space,neutral,202211_114.3626573_22.733189099999997.png
pedestrians,lack of escape,interaction with surroundings,negative,202211_114.3626573_22.733189099999997.png
trees,decent sense of being away,separation from hustle,positive,202211_114.36333728540241_22.70685412485956.png
sidewalk,visual break,providing respite,positive,202211_114.36333728540241_22.70685412485956.png
vehicles,limited feeling of escape,ongoing presence,negative,202211_114.36333728540241_22.70685412485956.png
infrastructure,partial respite,limits complete escape,negative,202211_114.36333728540241_22.70685412485956.png
street,lack of escape,difficulty in relaxation,negative,202211_114.3649148_22.7565855.png
buildings,stress from environment,increased daily concerns,negative,202211_114.3649148_22.7565855.png
greenery,sense of separation,temporary escape,positive,202211_114.364903_22.7308243.png
road,sense of journey,facilitate escape,positive,202211_114.364903_22.7308243.png
buildings,distant visibility,awareness of urban context,neutral,202211_114.364903_22.7308243.png
fences,lack of escape,transit,negative,202211_114.3635603334527_22.72234030001783.png
streetscape,not a refuge,specific activities,negative,202211_114.3635603334527_22.72234030001783.png
vehicles,low ability to escape,remain engaged,negative,202211_114.365416_22.707167199999997.png
pedestrians,low ability to escape,remain engaged,negative,202211_114.365416_22.707167199999997.png
roads,low ability to escape,remain engaged,negative,202211_114.365416_22.707167199999997.png
traffic,low ability to escape,remain engaged,negative,202211_114.365416_22.707167199999997.png
intersection,lack of escape,avoidance of refuge,negative,202211_114.3658786_22.743978499999994.png
greenery,minimal relaxation,continued obligation,negative,202211_114.3658786_22.743978499999994.png
traffic,stressful environment,increased focus on daily demands,negative,202211_114.3658786_22.743978499999994.png
infrastructure,everyday routine,lack of mental break,negative,202211_114.3658786_22.743978499999994.png
traffic,lack of escape,continue daily demands,negative,202211_114.36843760000001_22.6984556.png
infrastructure,stress from urban environment,avoid relaxation,negative,202211_114.36843760000001_22.6984556.png
road,busy urban environment,avoid tranquility,negative,202211_114.368547_22.736087599999998.png
buildings,demands of city life,increase obligations,negative,202211_114.368547_22.736087599999998.png
trees,slight refuge,seek escape,neutral,202211_114.368547_22.736087599999998.png
road,not a true escape,engagement with the external world,negative,202211_114.3688344_22.7260431.png
greenery,natural element,seeking tranquility,neutral,202211_114.3688344_22.7260431.png
vehicle,diminished sense of being away,movement,negative,202211_114.3688344_22.7260431.png
intersection,lack of refuge,no escape from responsibilities,negative,202211_114.3705303_22.733745999999996.png
traffic,urban pressure,increased stress,negative,202211_114.3705303_22.733745999999996.png
buildings,active urban landscape,no detachment,negative,202211_114.3705303_22.733745999999996.png
intersection,not a refuge,engaged with demands,negative,202211_114.3718744_22.74649859999999.png
roads,everyday nuisances,thinking about tasks,negative,202211_114.3718744_22.74649859999999.png
buildings,lack of escape,continue daily routines,negative,202211_114.3718744_22.74649859999999.png
traffic,stressful environment,focus on responsibilities,negative,202211_114.3718744_22.74649859999999.png
road,difficult to escape,minimal opportunity to 'be away',negative,202211_114.37216358443696_22.71620413078513.png
vehicles,actively engaged,lack of refuge,negative,202211_114.37216358443696_22.71620413078513.png
fences,no sense of detachment,stay connected to usual concerns,negative,202211_114.37216358443696_22.71620413078513.png
trees,sense of escape,temporary detachment,positive,202211_114.37215326558275_22.730109705730648.png
greenery,visual and mental break,relaxation,positive,202211_114.37215326558275_22.730109705730648.png
road,calmness,reduced stress,positive,202211_114.37215326558275_22.730109705730648.png
traffic,lack of refuge,avoidance of stress,negative,202211_114.3726385_22.7528864.png
buildings,active city life,engagement in activities,neutral,202211_114.3726385_22.7528864.png
street,lack of escape,continue tasks,negative,202211_114.37290520601623_22.705520768332626.png
traffic,stressful environment,avoid relaxation,negative,202211_114.37290520601623_22.705520768332626.png
businesses,distracting presence,maintain focus,negative,202211_114.37290520601623_22.705520768332626.png
pedestrians,busy atmosphere,stay engaged,negative,202211_114.37290520601623_22.705520768332626.png
road,not a complete escape,transitional use,negative,202211_114.36447568930114_22.713789011610604.png
trees,some natural elements,temporary relief,positive,202211_114.36447568930114_22.713789011610604.png
buildings,limits sense of being away,increased stress,negative,202211_114.36447568930114_22.713789011610604.png
infrastructure,urban context,distraction,negative,202211_114.36447568930114_22.713789011610604.png
buildings,lack of escape,remain engaged,negative,202211_114.3734899_22.7272945.png
roads,structured environment,continue routine,neutral,202211_114.3734899_22.7272945.png
signals,urban nuisances,distracted attention,negative,202211_114.3734899_22.7272945.png
intersection,demands attention,movement and commerce,negative,202211_114.37297580000002_22.6996042.png
traffic,lack of escape,engagement with responsibilities,negative,202211_114.37297580000002_22.6996042.png
noise,stressful environment,avoidance of relaxation,negative,202211_114.37297580000002_22.6996042.png
infrastructure,everyday urban experience,continuation of routine,neutral,202211_114.37297580000002_22.6996042.png
intersection,lack of refuge,avoidance of the area,negative,202211_114.3737531_22.6925205.png
traffic,stressful environment,hurry through,negative,202211_114.3737531_22.6925205.png
buildings,urban functionality,engagement with daily life,neutral,202211_114.3737531_22.6925205.png
barriers,not a place for escape,difficulty to relax,negative,202211_114.37411355873853_22.743729715556338.png
vehicles,functional environment,focus on daily tasks,negative,202211_114.37411355873853_22.743729715556338.png
workers,ongoing demands,inability to disengage,negative,202211_114.37411355873853_22.743729715556338.png
overpass,sense of separation,mental escape,positive,202211_114.37561489812998_22.690434165694633.png
vegetation,slight sense of calm,reduce stress,positive,202211_114.37561489812998_22.690434165694633.png
sky,mental escape,relaxation,positive,202211_114.37561489812998_22.690434165694633.png
cityscape,urban chaos,limited restoration,negative,202211_114.37561489812998_22.690434165694633.png
street,lack of escape,increased stress,negative,202211_114.3754539_22.749961399999997.png
traffic,overwhelmed by stimuli,avoidance of area,negative,202211_114.3754539_22.749961399999997.png
shops,distraction from daily life,engagement in shopping,neutral,202211_114.3754539_22.749961399999997.png
pedestrians,sense of busyness,participation in city life,neutral,202211_114.3754539_22.749961399999997.png
trees,slight sense of separation,remain present with daily tasks,negative,202211_114.37418_22.717451199999996.png
greenery,slight sense of separation,remain present with daily tasks,negative,202211_114.37418_22.717451199999996.png
road,not a true refuge,emphasizes connection to city life,negative,202211_114.37418_22.717451199999996.png
traffic,not a true refuge,emphasizes connection to city life,negative,202211_114.37418_22.717451199999996.png
trees,not perceived as refuge,maintaining daily concerns,negative,202211_114.37575931840017_22.714180260607723.png
buildings,active and busy place,engagement with urban life,neutral,202211_114.37575931840017_22.714180260607723.png
traffic,ongoing activity,focus on daily tasks,negative,202211_114.37575931840017_22.714180260607723.png
trees,slight natural escape,mentally detach,positive,202211_114.3760545_22.7438619.png
street,not strong refuge,feel distracted,negative,202211_114.3760545_22.7438619.png
construction,potential distractions,less relaxation,negative,202211_114.3760545_22.7438619.png
traffic,urban activity,feel overwhelmed,negative,202211_114.3760545_22.7438619.png
trees,moderate sense of being away,offers a break,positive,202211_114.3769458_22.689101.png
shrubs,moderate sense of being away,offers a break,positive,202211_114.3769458_22.689101.png
road,not a complete escape,indicates daily demands,negative,202211_114.3769458_22.689101.png
traffic,not a complete escape,indicates daily demands,negative,202211_114.3769458_22.689101.png
street,lack of refuge,increased attention,negative,202211_114.3780006_22.750091500000003.png
traffic,stressful environment,avoidance of contemplation,negative,202211_114.3780006_22.750091500000003.png
pedestrian,distraction,focus on surroundings,negative,202211_114.3780006_22.750091500000003.png
trees,moderate sense of being away,detach from urban nuisances,positive,202211_114.3770237285758_22.717493878785035.png
road,sense of urban engagement,not fully escape from everyday demands,negative,202211_114.3770237285758_22.717493878785035.png
greenery,partial escape,break from immediate tasks,positive,202211_114.3770237285758_22.717493878785035.png
road,lack of refuge,increased attention,negative,202211_114.37926503467969_22.710328170153257.png
traffic,heightened stress,avoidance of the area,negative,202211_114.37926503467969_22.710328170153257.png
power lines,distraction,focus on surroundings,negative,202211_114.37926503467969_22.710328170153257.png
trees,sense of nature,feel connected to nature,positive,202211_114.3789689_22.7388526.png
roads,urban stress,difficulty in detaching,negative,202211_114.3789689_22.7388526.png
traffic,ongoing concerns,inability to relax,negative,202211_114.3789689_22.7388526.png
overpasses,urban confinement,feeling trapped,negative,202211_114.3789689_22.7388526.png
traffic,lack of escape,limited mental retreat,negative,202211_114.3801386_22.7251291.png
infrastructure,structured environment,minimal relaxation,negative,202211_114.3801386_22.7251291.png
construction,ongoing stress,increased anxiety,negative,202211_114.3801386_22.7251291.png
greenery,sense of escape,provides a break,positive,202211_114.37933435809285_22.716357377642815.png
road,functional urban area,suggests activity,neutral,202211_114.37933435809285_22.716357377642815.png
intersection,lack of refuge,avoidance of the area,negative,202211_114.38063190000001_22.6953099.png
traffic,stress and anxiety,hurry through,negative,202211_114.38063190000001_22.6953099.png
construction,disruption and annoyance,seek alternative routes,negative,202211_114.38063190000001_22.6953099.png
traffic,lack of escape,avoidance of the area,negative,202211_114.38183270133445_22.712869299702188.png
buildings,urban stress,seeking refuge,negative,202211_114.38183270133445_22.712869299702188.png
construction,persistent connection to demands,difficulty in escaping routines,negative,202211_114.38262218100118_22.741044855901382.png
traffic,ongoing mental concerns,lack of mental separation,negative,202211_114.38262218100118_22.741044855901382.png
trees,sense of separation,temporary escape,positive,202211_114.3829262_22.711376199999997.png
green spaces,calm atmosphere,mental detachment,positive,202211_114.3829262_22.711376199999997.png
traffic,minimal visibility,avoidance of stress,positive,202211_114.3829262_22.711376199999997.png
street,lack of escape,no retreat,negative,202211_114.3836078_22.744371099999995.png
traffic,overstimulation,distraction,negative,202211_114.3836078_22.744371099999995.png
buildings,connectedness to daily life,engagement with surroundings,neutral,202211_114.3836078_22.744371099999995.png
commercial,busy environment,participation in activities,neutral,202211_114.3836078_22.744371099999995.png
greenery,moderate sense of being away,temporary respite,positive,202211_114.3958517_22.7037017.png
buildings,active urban area,not a complete escape,negative,202211_114.3958517_22.7037017.png
trees,moderate sense of escape,partial distraction,positive,202211_114.3885396714301_22.72494845407528.png
traffic,limited feeling of being truly 'away',feeling of nuisance,negative,202211_114.3885396714301_22.72494845407528.png
buildings,busy atmosphere,lack of refuge,negative,202211_114.3885396714301_22.72494845407528.png
streetscape,lack of escape,remain engaged,negative,202211_114.38859630000002_22.711395700000004.png
traffic,stressful environment,avoid relaxation,negative,202211_114.38859630000002_22.711395700000004.png
buildings,confinement,stay within routine,negative,202211_114.38859630000002_22.711395700000004.png
advertisements,overstimulation,ignore surroundings,negative,202211_114.38859630000002_22.711395700000004.png
street,not a refuge,avoidance of space,negative,202211_114.4006707_22.700936599999995.png
traffic,stressful environment,increased anxiety,negative,202211_114.4006707_22.700936599999995.png
construction,disruption of peace,desire to leave,negative,202211_114.4006707_22.700936599999995.png
greenery,partial escape,seeking tranquility,positive,202211_114.3960034_22.713549999999994.png
roads,stress from urban activity,avoidance of congestion,negative,202211_114.3960034_22.713549999999994.png
buildings,feeling of confinement,desire for openness,negative,202211_114.3960034_22.713549999999994.png
traffic,distraction from relaxation,search for quiet,negative,202211_114.3960034_22.713549999999994.png
commercial,connection to urban life,engagement with surroundings,neutral,202211_114.3960034_22.713549999999994.png
buildings,departure from typical urban nuisances,exploration,neutral,202211_114.39797537460862_22.69997712940125.png
power lines,not designed for escape,avoidance,negative,202211_114.39797537460862_22.69997712940125.png
construction,active industrial zone,distraction,negative,202211_114.39797537460862_22.69997712940125.png
road,functional urban environment,navigate efficiently,positive,202211_114.40298750000001_22.696152799999997.png
mountains,sense of escape,seek tranquility,negative,202211_114.40298750000001_22.696152799999997.png
intersection,not evoking escape,remain engaged,negative,202211_114.40298750000001_22.696152799999997.png
buildings,urban context,stay within daily demands,negative,202211_114.40298750000001_22.696152799999997.png
street,not a refuge,remain connected,negative,202212_113.7760428_22.682739900000005.png
traffic,constant distractions,stay engaged,negative,202212_113.7760428_22.682739900000005.png
environment,demanding thoughts,avoid escape,negative,202212_113.7760428_22.682739900000005.png
intersection,not perceived as refuge,unlikely to escape concerns,negative,202212_113.7706539_22.6919045.png
traffic,constant urban activity,distracted from thoughts,negative,202212_113.7706539_22.6919045.png
buildings,lack of seclusion,no sense of being away,negative,202212_113.7706539_22.6919045.png
trees,not a sense of escape,avoidance of urban stress,negative,202212_113.77622511234814_22.685078715476987.png
buildings,sense of confinement,limited relaxation,negative,202212_113.77622511234814_22.685078715476987.png
traffic,disruption of peace,increased stress,negative,202212_113.77622511234814_22.685078715476987.png
green space,slight relief,temporary escape,neutral,202212_113.77622511234814_22.685078715476987.png
street,lack of escape,difficulty in relaxing,negative,202212_113.77643691902465_22.689496014406288.png
vehicles,connection to daily concerns,increased stress,negative,202212_113.77643691902465_22.689496014406288.png
buildings,sense of obligation,continued engagement with tasks,negative,202212_113.77643691902465_22.689496014406288.png
commercial,reinforcement of routine,focus on daily activities,negative,202212_113.77643691902465_22.689496014406288.png
street,lack of refuge,no desire to escape,negative,202212_113.77664210000002_22.6918.png
traffic,stress and distraction,avoidance of the area,negative,202212_113.77664210000002_22.6918.png
buildings,confinement,no inclination to linger,negative,202212_113.77664210000002_22.6918.png
street,lack of escape,avoidance of stress,negative,202212_113.77716570462783_22.697838758711498.png
traffic,sense of busyness,engagement in routine,negative,202212_113.77716570462783_22.697838758711498.png
buildings,functional environment,continued activity,neutral,202212_113.77716570462783_22.697838758711498.png
trees,slight natural element,minimal escape,neutral,202212_113.78080880458923_22.697984700257628.png
road,busy environment,functional activities,negative,202212_113.78080880458923_22.697984700257628.png
buildings,utilitarian space,limited relaxation,negative,202212_113.78080880458923_22.697984700257628.png
trucks,demanding thoughts,increased stress,negative,202212_113.78080880458923_22.697984700257628.png
infrastructure,sense of order,engagement with environment,neutral,202212_113.7770034_22.6960229.png
traffic,lack of escape,avoidance of stress,negative,202212_113.7770034_22.6960229.png
buildings,urban milieu,routine activities,neutral,202212_113.7770034_22.6960229.png
trees,slight respite,temporary distraction,positive,202212_113.77754406329456_22.702272195989906.png
traffic,pull back to reality,increased stress,negative,202212_113.77754406329456_22.702272195989906.png
buildings,lack of refuge,continued responsibilities,negative,202212_113.77754406329456_22.702272195989906.png
sky,slight respite,temporary distraction,positive,202212_113.77754406329456_22.702272195989906.png
roads,lack of escape,continued engagement,negative,202212_113.7773688_22.700072399999996.png
buildings,functional environment,limited relaxation,negative,202212_113.7773688_22.700072399999996.png
traffic,stressful atmosphere,avoidance of the area,negative,202212_113.7773688_22.700072399999996.png
traffic,lack of escape,connection to daily demands,negative,202212_113.78422759928661_22.677907193302335.png
infrastructure,lack of refuge,implied context of transit,negative,202212_113.78422759928661_22.677907193302335.png
street,lack of refuge,avoid stopping,negative,202212_113.78390219620883_22.68438099114962.png
traffic,stressful environment,transit rather than escape,negative,202212_113.78390219620883_22.68438099114962.png
structures,confinement,not seeking respite,negative,202212_113.78390219620883_22.68438099114962.png
intersection,demanding attention,increased focus,negative,202212_113.7919554_22.761629.png
construction,stressful environment,avoidance of the area,negative,202212_113.7919554_22.761629.png
buildings,urban congestion,hurry through,negative,202212_113.7919554_22.761629.png
utility,distraction,increased vigilance,negative,202212_113.7919554_22.761629.png
street,not a refuge,difficult to disconnect,negative,202212_113.7893081_22.6995396.png
traffic,constant stress,increased anxiety,negative,202212_113.7893081_22.6995396.png
pedestrians,overwhelmed by activity,avoidance of space,negative,202212_113.7893081_22.6995396.png
infrastructure,persistent distraction,inability to relax,negative,202212_113.7893081_22.6995396.png
trees,degree of separation,seeking refuge,positive,202212_113.7921612_22.6907336.png
road,not a complete refuge,navigating urban distractions,negative,202212_113.7921612_22.6907336.png
vehicles,moderate sense of getting away,accepting daily demands,neutral,202212_113.7921612_22.6907336.png
street,not a strong refuge,weak escape,negative,202212_113.79269734176862_22.699597675685844.png
greenery,some relief,temporary distraction,neutral,202212_113.79269734176862_22.699597675685844.png
vehicles,potentially distracting,increased stress,negative,202212_113.79269734176862_22.699597675685844.png
traffic,lack of escape,avoidance of stress,negative,202212_113.7951026_22.699638300000004.png
greenery,slight respite,temporary relief,positive,202212_113.7951026_22.699638300000004.png
buildings,domination of urban activity,increased functionality,negative,202212_113.7951026_22.699638300000004.png
street,not a refuge,reminds of routines,negative,202212_113.79425614705413_22.67808043412009.png
traffic,stressful environment,increases responsibilities,negative,202212_113.79425614705413_22.67808043412009.png
establishments,lack of escape,engagement in daily life,negative,202212_113.79425614705413_22.67808043412009.png
intersection,lack of escape,daily activities,negative,202212_113.7965581_22.6914605.png
traffic,stressful environment,navigating through chaos,negative,202212_113.7965581_22.6914605.png
buildings,urban density,engaging with city life,neutral,202212_113.7965581_22.6914605.png
shops,commercial activity,shopping and socializing,neutral,202212_113.7965581_22.6914605.png
people,busy atmosphere,interacting with others,neutral,202212_113.7965581_22.6914605.png
barriers,temporary disruption,avoidance of daily nuisances,negative,202212_113.79688929487973_22.680480331073678.png
fences,lack of refuge,continued engagement with demands,negative,202212_113.79688929487973_22.680480331073678.png
street,urban stress,seeking escape,negative,202212_113.79688929487973_22.680480331073678.png
roadway,active urban environment,engagement with surroundings,neutral,202212_113.79732490662863_22.699688611407787.png
fences,sense of confinement,avoidance of space,negative,202212_113.79732490662863_22.699688611407787.png
buildings,functional atmosphere,focus on tasks,neutral,202212_113.79732490662863_22.699688611407787.png
trees,limited natural escape,minimal relaxation,negative,202212_113.79732490662863_22.699688611407787.png
street,lack of escape,engagement with surroundings,negative,202212_113.7981085_22.7763653.png
traffic,stressful environment,increased alertness,negative,202212_113.7981085_22.7763653.png
construction,distraction from daily concerns,focus on immediate tasks,negative,202212_113.7981085_22.7763653.png
buildings,urban confinement,limited relaxation,negative,202212_113.7981085_22.7763653.png
intersection,lack of refuge,avoidance of the area,negative,202212_113.8004834_22.692171200000004.png
traffic,stress and distraction,increased urgency,negative,202212_113.8004834_22.692171200000004.png
noise,overstimulation,seeking quieter spaces,negative,202212_113.8004834_22.692171200000004.png
infrastructure,busy environment,engagement in daily activities,neutral,202212_113.8004834_22.692171200000004.png
transport,constant movement,utilizing public services,neutral,202212_113.8004834_22.692171200000004.png
traffic,lack of refuge,difficulty detaching,negative,202212_113.79954410330456_22.76311905878979.png
roads,active environment,increased demands,negative,202212_113.79954410330456_22.76311905878979.png
buildings,sense of obligation,staying engaged,negative,202212_113.79954410330456_22.76311905878979.png
intersection,difficult to disengage,daily activities,negative,202212_113.79978353701117_22.784181482720076.png
cars,busy environment,navigate through traffic,negative,202212_113.79978353701117_22.784181482720076.png
signage,overstimulation,focus on commercial activities,negative,202212_113.79978353701117_22.784181482720076.png
pedestrians,crowdedness,move with the crowd,negative,202212_113.79978353701117_22.784181482720076.png
street,weak sense of being away,escape from busy environment,negative,202212_113.802167_22.6997762.png
traffic,stressful atmosphere,avoidance of congestion,negative,202212_113.802167_22.6997762.png
buildings,lack of refuge,desire for tranquility,negative,202212_113.802167_22.6997762.png
street,difficult to escape from everyday thoughts,increased stress,negative,202212_113.8052854_22.6785739.png
traffic,demanding attention,heightened awareness,negative,202212_113.8052854_22.6785739.png
pedestrians,busy environment,distraction from relaxation,negative,202212_113.8052854_22.6785739.png
street,lack of refuge,avoidance of the area,negative,202212_113.81152624040243_22.669452211760223.png
construction,stress from noise,distraction from thoughts,negative,202212_113.81152624040243_22.669452211760223.png
traffic,overwhelming environment,hesitation to engage,negative,202212_113.81152624040243_22.669452211760223.png
street,lack of refuge,unlikely to stop thinking,negative,202212_113.8063905_22.6961283.png
vehicles,sense of busyness,continue daily tasks,negative,202212_113.8063905_22.6961283.png
buildings,ordinary environment,not disconnecting,negative,202212_113.8063905_22.6961283.png
buildings,lack of escape,limited relaxation,negative,202212_113.8016499_22.770999099999994.png
roads,urban stress,increased activity,negative,202212_113.8016499_22.770999099999994.png
natural elements,mental detachment,enhanced refuge,positive,202212_113.8016499_22.770999099999994.png
traffic,lack of escape,no disengagement,negative,202212_113.8082494_22.6673306.png
environment,mental demand,no relaxation,negative,202212_113.8082494_22.6673306.png
street,lack of refuge from nuisances,difficulty in mental escape,negative,202212_113.8132765_22.670424.png
traffic,constant activity,inability to focus,negative,202212_113.8132765_22.670424.png
construction,disruption of peace,increased stress,negative,202212_113.8132765_22.670424.png
crossing,need for order and safety,navigation through chaos,neutral,202212_113.8132765_22.670424.png
sidewalk,implied safety,movement through space,neutral,202212_113.8132765_22.670424.png
traffic,sense of demand,avoidance of space,negative,202212_113.8190906_22.674250599999997.png
pedestrians,lack of escape,distraction from concerns,negative,202212_113.8190906_22.674250599999997.png
infrastructure,presence of nuisances,stress response,negative,202212_113.8190906_22.674250599999997.png
intersection,difficult to feel removed,lack of escape,negative,202212_113.8150205_22.6618553.png
traffic,source of distraction,increased stress,negative,202212_113.8150205_22.6618553.png
buildings,no sense of refuge,avoidance of the area,negative,202212_113.8150205_22.6618553.png
street,not a refuge,difficult to detach,negative,202212_113.81679555932082_22.672749584586846.png
traffic,constant hustle,remain tethered to concerns,negative,202212_113.81679555932082_22.672749584586846.png
construction,unfinished environment,increased stress,negative,202212_113.81679555932082_22.672749584586846.png
commercial,active environment,lack of peace,negative,202212_113.81679555932082_22.672749584586846.png
intersection,not a true refuge,continue daily tasks,negative,202212_113.8201269_22.6803143.png
traffic,constant sensory input,navigate through the area,neutral,202212_113.8201269_22.6803143.png
pedestrians,sense of activity,engage with surroundings,positive,202212_113.8201269_22.6803143.png
commercial,busy environment,participate in commerce,positive,202212_113.8201269_22.6803143.png
road,not ideal for escape,avoid urban activity,negative,202212_113.82278221359138_22.660946501906267.png
trees,touch of nature,seek refuge,positive,202212_113.82278221359138_22.660946501906267.png
traffic,active urban environment,experience demands,negative,202212_113.82278221359138_22.660946501906267.png
pedestrian,scattered activity,navigate space,neutral,202212_113.82278221359138_22.660946501906267.png
cyclist,scattered activity,navigate space,neutral,202212_113.82278221359138_22.660946501906267.png
trees,limited sense of refuge,lack of relaxation,negative,202212_113.8228422307068_22.685889345283847.png
traffic,stressful environment,increased urgency,negative,202212_113.8228422307068_22.685889345283847.png
intersection,busy atmosphere,distraction from tasks,negative,202212_113.8228422307068_22.685889345283847.png
intersection,lack of refuge,difficulty in detachment,negative,202212_113.822997_22.673369699999995.png
commercial area,constant activity,inability to relax,negative,202212_113.822997_22.673369699999995.png
urban environment,stressful atmosphere,avoidance of contemplation,negative,202212_113.822997_22.673369699999995.png
intersection,active environment,increased busyness,negative,202212_113.82393590702738_22.688062888130222.png
vehicles,sense of obligation,lack of relaxation,negative,202212_113.82393590702738_22.688062888130222.png
construction,heightened activity,distraction from thoughts,negative,202212_113.82393590702738_22.688062888130222.png
street,lack of escapism,seeking mental rest,negative,202212_113.8280624_22.6933492.png
vehicles,constant activity,avoidance of daily concerns,negative,202212_113.8280624_22.6933492.png
advertisements,urban stress,desire to escape,negative,202212_113.8280624_22.6933492.png
traffic,lack of escape,difficulty detaching,negative,202212_113.8289756_22.602438.png
buildings,everyday environment,feeling of routine,negative,202212_113.8289756_22.602438.png
vehicles,active space,increased stress,negative,202212_113.8289756_22.602438.png
crossings,demanding space,heightened awareness,negative,202212_113.8289756_22.602438.png
street,lack of retreat,difficulty escaping demands,negative,202212_113.8333147_22.5931892.png
traffic,sense of daily nuisances,increased stress,negative,202212_113.8333147_22.5931892.png
commercial,part of everyday life,no desire to linger,negative,202212_113.8333147_22.5931892.png
living,overwhelmed by responsibilities,avoidance of the area,negative,202212_113.8333147_22.5931892.png
street,lack of refuge,engagement with environment,negative,202212_113.8344402_22.6735336.png
traffic,stressful atmosphere,avoidance of escape,negative,202212_113.8344402_22.6735336.png
buildings,urban engagement,interaction with surroundings,neutral,202212_113.8344402_22.6735336.png
intersection,lack of mental escape,avoidance of responsibilities,negative,202212_113.83941768799392_22.687545072466857.png
traffic,stress and frustration,increased urgency,negative,202212_113.83941768799392_22.687545072466857.png
construction,disruption and annoyance,seeking alternative routes,negative,202212_113.83941768799392_22.687545072466857.png
buildings,overwhelmed by urban life,desire for escape,negative,202212_113.83941768799392_22.687545072466857.png
intersection,not a refuge,active engagement,negative,202212_113.8403271_22.6070878.png
traffic,stressful environment,increased focus on surroundings,negative,202212_113.8403271_22.6070878.png
urban,overwhelmed by demands,avoidance of relaxation,negative,202212_113.8403271_22.6070878.png
trees,sense of separation,lower engagement with urban pressures,positive,202212_113.84548710000001_22.595948799999995.png
buildings,urban busyness,increased stress,negative,202212_113.84548710000001_22.595948799999995.png
traffic,feeling of pressure,desire to escape,negative,202212_113.84548710000001_22.595948799999995.png
traffic,limited feeling of being 'away',difficulty in stopping thoughts,negative,202212_113.840464_22.591003999999995.png
buildings,not a strong refuge,inability to relax,negative,202212_113.840464_22.591003999999995.png
crossings,presence of everyday demands,continued attention to tasks,negative,202212_113.840464_22.591003999999995.png
trees,slight sense of separation,escape from demands,positive,202212_113.8410661_22.588008799999997.png
median,degree of separation,reduce urban pressures,positive,202212_113.8410661_22.588008799999997.png
traffic,not a complete escape,consider daily tasks,negative,202212_113.8410661_22.588008799999997.png
infrastructure,visible nuisances,focus on daily tasks,negative,202212_113.8410661_22.588008799999997.png
trees,lack of escape,avoidance of urban stress,negative,202212_113.8455067_22.571828900000003.png
city,urban overwhelm,seeking refuge,negative,202212_113.8455067_22.571828900000003.png
intersection,not a refuge,difficult to relax,negative,202212_113.846285_22.624865999999997.png
traffic,constant demand for attention,unable to escape stressors,negative,202212_113.846285_22.624865999999997.png
urban,fails to provide sense of being away,inability to stop thinking,negative,202212_113.846285_22.624865999999997.png
streetscape,limited escape,active engagement,negative,202212_113.8478075_22.593366299999992.png
traffic,stressful environment,increased activity,negative,202212_113.8478075_22.593366299999992.png
businesses,lack of tranquility,engagement with surroundings,negative,202212_113.8478075_22.593366299999992.png
greenery,natural buffer,seek refuge,positive,202212_113.8491118341458_22.573043267955963.png
road,connected to urban life,experience stress,negative,202212_113.8491118341458_22.573043267955963.png
structures,imposing presence,feel overwhelmed,negative,202212_113.8491118341458_22.573043267955963.png
intersection,lack of escape,continue daily routine,negative,202212_113.8489848_22.57978779999999.png
traffic,stress from demands,avoidance of relaxation,negative,202212_113.8489848_22.57978779999999.png
buildings,feeling of confinement,stay engaged with obligations,negative,202212_113.8489848_22.57978779999999.png
signs,overwhelmed by urban life,resistance to mental break,negative,202212_113.8489848_22.57978779999999.png
street,stressful environment,avoidance of space,negative,202212_113.85030766374354_22.59389652490922.png
traffic,overwhelmed by noise,seeking quieter areas,negative,202212_113.85030766374354_22.59389652490922.png
parking,lack of tranquility,not stopping to relax,negative,202212_113.85030766374354_22.59389652490922.png
commercial,busy atmosphere,continuing obligations,negative,202212_113.85030766374354_22.59389652490922.png
buildings,lack of refuge,difficulty in escaping,negative,202212_113.85231545034476_22.592494737526415.png
vehicles,increased stress,distraction from thoughts,negative,202212_113.85231545034476_22.592494737526415.png
infrastructure,overwhelming demands,inability to relax,negative,202212_113.85231545034476_22.592494737526415.png
street,not restorative,not escaping demands,negative,202212_113.8513437_22.57787529999999.png
traffic,stressful environment,increased activity,negative,202212_113.8513437_22.57787529999999.png
intersection,busy atmosphere,transit focus,negative,202212_113.8513437_22.57787529999999.png
street,lack of refuge,avoidance of urban nuisances,negative,202212_113.8545129_22.757254.png
traffic,overstimulation,increased stress,negative,202212_113.8545129_22.757254.png
pedestrian,distraction,hurry through,negative,202212_113.8545129_22.757254.png
intersection,not a refuge,no escape,negative,202212_113.8541558_22.575586900000005.png
traffic,stressful environment,increased anxiety,negative,202212_113.8541558_22.575586900000005.png
vehicles,overwhelming presence,avoidance,negative,202212_113.8541558_22.575586900000005.png
pedestrians,busy atmosphere,distraction,negative,202212_113.8541558_22.575586900000005.png
traffic,lack of escape,avoidance of the area,negative,202212_113.85654014549672_22.5764781366429.png
vehicles,stress from urban life,increased anxiety,negative,202212_113.85654014549672_22.5764781366429.png
toilet,discomfort,seeking cleaner spaces,negative,202212_113.85654014549672_22.5764781366429.png
infrastructure,connectedness to city demands,engagement with urban activities,neutral,202212_113.85654014549672_22.5764781366429.png
street,not a refuge,remain engaged,negative,202212_113.8545892_22.5812425.png
traffic,demanding attention,avoid detachment,negative,202212_113.8545892_22.5812425.png
pedestrians,constant engagement,stay alert,negative,202212_113.8545892_22.5812425.png
commercial,complex environment,focus on surroundings,negative,202212_113.8545892_22.5812425.png
intersection,lack of escape,remain engaged,negative,202212_113.8580102_22.7474771.png
traffic,stressful environment,avoid relaxation,negative,202212_113.8580102_22.7474771.png
infrastructure,mental detachment hindered,stay connected,negative,202212_113.8580102_22.7474771.png
vehicles,busy world connection,not seeking refuge,negative,202212_113.8580102_22.7474771.png
street,no quietude,continue daily routine,negative,202212_113.8580102_22.7474771.png
street,not a refuge,not stopping obligations,negative,202212_113.8597812_22.757076.png
buildings,not a strong 'being away' environment,not escaping daily life,negative,202212_113.8597812_22.757076.png
traffic,stressful atmosphere,avoiding the area,negative,202212_113.8597812_22.757076.png
trees,lack of escape,low engagement,negative,202212_113.8596866_22.584260100000005.png
buildings,busy environment,increased stress,negative,202212_113.8596866_22.584260100000005.png
traffic,overwhelmed feeling,avoidance,negative,202212_113.8596866_22.584260100000005.png
signs,distraction,decreased focus,negative,202212_113.8596866_22.584260100000005.png
greenery,sense of separation from everyday stressors,seeking escape,positive,202212_113.86139183326183_22.587593857146626.png
calm,degree of escape from urban demands,relaxation,positive,202212_113.86139183326183_22.587593857146626.png
cars,incomplete refuge,hesitation to engage fully,negative,202212_113.86139183326183_22.587593857146626.png
buildings,moderately high score,limited engagement,neutral,202212_113.86139183326183_22.587593857146626.png
street,lack of refuge,limited escape,negative,202212_113.8636945_22.562847000000005.png
traffic,everyday demands,limited escape,negative,202212_113.8636945_22.562847000000005.png
buildings,lack of refuge,limited escape,negative,202212_113.8636945_22.562847000000005.png
signage,lack of refuge,limited escape,negative,202212_113.8636945_22.562847000000005.png
greenery,slight contrast,limited escape,neutral,202212_113.8636945_22.562847000000005.png
trees,lack of refuge,no escape from tasks,negative,202212_113.8640649_22.567990099999996.png
streetscape,everyday urban life,no detachment from concerns,negative,202212_113.8640649_22.567990099999996.png
traffic,stressful environment,avoidance of space,negative,202212_113.8640649_22.567990099999996.png
buildings,confinement,limited relaxation,negative,202212_113.8640649_22.567990099999996.png
pedestrian,busy atmosphere,distraction from peace,negative,202212_113.8640649_22.567990099999996.png
street,lack of escape,avoidance of the area,negative,202212_113.86498786842455_22.57777518918295.png
construction,disruption of peace,increased stress,negative,202212_113.86498786842455_22.57777518918295.png
vehicles,feeling of congestion,hesitation to linger,negative,202212_113.86498786842455_22.57777518918295.png
buildings,urban density,desire to escape,negative,202212_113.86498786842455_22.57777518918295.png
intersection,lack of escape,detracts from feeling of being away,negative,202212_113.8632908_22.5739675.png
traffic,sense of activity,engagement in daily routines,negative,202212_113.8632908_22.5739675.png
buildings,lack of refuge,promotes daily activity,negative,202212_113.8632908_22.5739675.png
people,detracted mental detachment,engagement in routines,negative,202212_113.8632908_22.5739675.png
street,not a refuge,difficult to disconnect,negative,202212_113.86414052903964_22.586332519108115.png
traffic,overwhelmed by demands,inability to escape,negative,202212_113.86414052903964_22.586332519108115.png
pedestrians,presence of usual concerns,maintaining usual thoughts,negative,202212_113.86414052903964_22.586332519108115.png
commercial activity,not conducive to relaxation,staying engaged with demands,negative,202212_113.86414052903964_22.586332519108115.png
trees,sense of openness,seeking tranquility,positive,202212_113.86570061161206_22.794354983772386.png
green spaces,buffer from urban nuisances,escaping city life,positive,202212_113.86570061161206_22.794354983772386.png
road,limited escape,confronting urban demands,negative,202212_113.86570061161206_22.794354983772386.png
traffic,urban living constraints,navigating daily life,negative,202212_113.86570061161206_22.794354983772386.png
street,lack of refuge,difficulty disconnecting,negative,202212_113.8657175_22.5720624.png
traffic,overwhelmed by activity,increased stress,negative,202212_113.8657175_22.5720624.png
pedestrians,crowdedness,avoidance of the area,negative,202212_113.8657175_22.5720624.png
commercial,constant stimulation,heightened anxiety,negative,202212_113.8657175_22.5720624.png
greenery,moderate sense of being away,potential escape,positive,202212_113.86693239299775_22.5059467417505.png
construction,limited feeling of refuge,connection to daily life,negative,202212_113.86693239299775_22.5059467417505.png
urban,implied obligations,reminder of daily life,negative,202212_113.86693239299775_22.5059467417505.png
roads,lack of escape,avoidance of responsibilities,negative,202212_113.86692496876104_22.779669474003793.png
vehicles,distracting environment,increased stress,negative,202212_113.86692496876104_22.779669474003793.png
buildings,not a refuge,continuation of tasks,negative,202212_113.86692496876104_22.779669474003793.png
traffic,active setting,distraction from relaxation,negative,202212_113.86692496876104_22.779669474003793.png
crossings,visible activity,engagement with surroundings,neutral,202212_113.86692496876104_22.779669474003793.png
intersection,not a refuge,not conducive to stopping,negative,202212_113.8680685_22.5560727.png
traffic,pressing matters,transit and activity,negative,202212_113.8680685_22.5560727.png
environment,not a place to escape,continuing daily life,negative,202212_113.8680685_22.5560727.png
traffic,difficulty to disconnect,remain engaged,negative,202212_113.8678988863987_22.7557755812611.png
buildings,lack of refuge,feel overwhelmed,negative,202212_113.8678988863987_22.7557755812611.png
activity,constant stimulation,unable to escape,negative,202212_113.8678988863987_22.7557755812611.png
cars,urban demands,stay alert,negative,202212_113.8678988863987_22.7557755812611.png
environment,engagement with senses,focus on surroundings,negative,202212_113.8678988863987_22.7557755812611.png
intersection,lack of refuge,avoidance of responsibilities,negative,202212_113.8682293_22.500636199999995.png
traffic,stress from activity,inability to relax,negative,202212_113.8682293_22.500636199999995.png
infrastructure,overwhelmed by demands,seeking escape,negative,202212_113.8682293_22.500636199999995.png
greenery,slight contrast to urban bustle,seeking refuge,positive,202212_113.86841_22.5698707.png
intersection,low to moderate sense of being away,distracted engagement,negative,202212_113.86841_22.5698707.png
intersection,lack of escape,remain engaged,negative,202212_113.86833378117981_22.75753436225509.png
vehicles,anchored to reality,focus on immediate concerns,negative,202212_113.86833378117981_22.75753436225509.png
pedestrians,busy atmosphere,avoid detachment,negative,202212_113.86833378117981_22.75753436225509.png
car parts,practical experience,stay present,negative,202212_113.86833378117981_22.75753436225509.png
road,lack of escape,remain in daily life,negative,202212_113.8695148_22.550518499999992.png
activity,distraction from thoughts,avoid contemplation,negative,202212_113.8695148_22.550518499999992.png
road,lack of tranquility,avoid stopping to think,negative,202212_113.86893823759733_22.512196730888455.png
machinery,disruption of peace,continue moving,negative,202212_113.86893823759733_22.512196730888455.png
infrastructure,stressful environment,focus on tasks,negative,202212_113.86893823759733_22.512196730888455.png
infrastructure,lack of escape,continue daily tasks,negative,202212_113.8699438_22.493329299999992.png
natural elements,limited refuge,avoid relaxation,negative,202212_113.8699438_22.493329299999992.png
traffic,lack of escape,difficulty disconnecting,negative,202212_113.87025091027085_22.757214906927555.png
buildings,urban stress,increased daily concerns,negative,202212_113.87025091027085_22.757214906927555.png
intersection,lack of escape,remain engaged,negative,202212_113.87041220000002_22.5580962.png
roads,connected to demands,transit,negative,202212_113.87041220000002_22.5580962.png
buildings,not a refuge,commerce,negative,202212_113.87041220000002_22.5580962.png
vehicles,lack of respite,transit,negative,202212_113.87061531067916_22.501340995918188.png
greenery,limited detachment,escape attempt,negative,202212_113.87061531067916_22.501340995918188.png
roads,urban demands,avoidance,negative,202212_113.87061531067916_22.501340995918188.png
buildings,constrained environment,limited exploration,negative,202212_113.87061531067916_22.501340995918188.png
street,structured environment,navigate safely,positive,202212_113.8729224_22.555575599999997.png
vehicles,limited sense of escape,avoid urban complexities,negative,202212_113.8729224_22.555575599999997.png
buildings,feeling of confinement,seek open spaces,negative,202212_113.8729224_22.555575599999997.png
greenery,mild sense of separation,temporary escape,neutral,202212_113.87181100000001_22.5878447.png
traffic,lack of refuge,increased stress,negative,202212_113.87181100000001_22.5878447.png
structures,urban confinement,limited relaxation,negative,202212_113.87181100000001_22.5878447.png
street,source of distractions,increased attention to surroundings,negative,202212_113.8707263_22.568021299999998.png
traffic,presence of daily life pressures,avoidance of mental escape,negative,202212_113.8707263_22.568021299999998.png
advertisements,overwhelmed by stimuli,heightened awareness of obligations,negative,202212_113.8707263_22.568021299999998.png
infrastructure,lack of refuge,inability to relax,negative,202212_113.8707263_22.568021299999998.png
intersection,lack of refuge,increased vigilance,negative,202212_113.8740603_22.5500979.png
traffic,stressful environment,avoidance of the area,negative,202212_113.8740603_22.5500979.png
construction,disruption of peace,seeking tranquility elsewhere,negative,202212_113.8740603_22.5500979.png
roads,busy atmosphere,heightened alertness,negative,202212_113.8740603_22.5500979.png
intersection,lack of refuge,increased stress,negative,202212_113.8741326_22.565286099999998.png
cars,overwhelmed by noise,avoidance behavior,negative,202212_113.8741326_22.565286099999998.png
buses,distraction from tasks,inability to focus,negative,202212_113.8741326_22.565286099999998.png
buildings,sense of confinement,desire to escape,negative,202212_113.8741326_22.565286099999998.png
construction,increased chaos,frustration,negative,202212_113.8741326_22.565286099999998.png
pedestrians,crowdedness,hesitation to move,negative,202212_113.8741326_22.565286099999998.png
trees,lack of refuge,avoidance of mental demands,negative,202212_113.87458380000001_22.582022299999995.png
streetscape,incomplete escape,continuation of obligations,negative,202212_113.87458380000001_22.582022299999995.png
intersection,lack of escape,none,negative,202212_113.875372_22.7684626.png
traffic,connection to daily life,none,negative,202212_113.875372_22.7684626.png
buildings,not tranquil,none,negative,202212_113.875372_22.7684626.png
roads,not secluded,none,negative,202212_113.875372_22.7684626.png
intersection,difficult to feel like a refuge,struggling to escape daily worries,negative,202212_113.8750762_22.7877928.png
traffic,constant activity and noise,feeling overwhelmed,negative,202212_113.8750762_22.7877928.png
establishments,highly functional area,engaging in daily tasks,negative,202212_113.8750762_22.7877928.png
traffic,difficult to escape,continuing usual concerns,negative,202212_113.87583200000002_22.5712724.png
buildings,not conducive to stopping thoughts,remaining preoccupied,negative,202212_113.87583200000002_22.5712724.png
activity,active and populated area,inability to relax,negative,202212_113.87583200000002_22.5712724.png
traffic,not a refuge,lack of escape,negative,202212_113.8767009_22.5506245.png
construction,distraction from worries,increased movement,negative,202212_113.8767009_22.5506245.png
camera,implied movement,departure from stationary viewpoint,neutral,202212_113.8767009_22.5506245.png
traffic,lack of escape,continuation of routine,negative,202212_113.8757923_22.514260899999996.png
intersection,stress from navigation,avoidance of area,negative,202212_113.8757923_22.514260899999996.png
vehicles,overwhelmed by urban nuisances,desire for refuge,negative,202212_113.8757923_22.514260899999996.png
intersection,not a refuge,avoidance of responsibilities,negative,202212_113.8764399_22.5633237.png
vehicles,stressful environment,increased anxiety,negative,202212_113.8764399_22.5633237.png
buildings,urban hustle,distraction from thoughts,negative,202212_113.8764399_22.5633237.png
intersection,not a refuge,avoidance of stress,negative,202212_113.87765440000001_22.775584799999997.png
traffic,overwhelmed by distractions,increased anxiety,negative,202212_113.87765440000001_22.775584799999997.png
signals,functional environment,compliance with traffic rules,neutral,202212_113.87765440000001_22.775584799999997.png
roads,lack of escape,avoidance of stress,negative,202212_113.8790022_22.50900620000001.png
traffic,sense of daily grind,increased anxiety,negative,202212_113.8790022_22.50900620000001.png
infrastructure,feeling of confinement,desire to leave,negative,202212_113.8790022_22.50900620000001.png
greenery,slight relief,temporary distraction,neutral,202212_113.8790022_22.50900620000001.png
street,lack of escape,increased attention,negative,202212_113.8790194_22.5608856.png
traffic,stress,avoidance,negative,202212_113.8790194_22.5608856.png
buildings,no refuge,continuing tasks,negative,202212_113.8790194_22.5608856.png
construction,ongoing activity,increased stress,negative,202212_113.879215_22.5202798.png
traffic,external demands,avoidance of space,negative,202212_113.879215_22.5202798.png
industrial,lack of seclusion,distraction from relaxation,negative,202212_113.879215_22.5202798.png
road,not a refuge,continue daily tasks,negative,202212_113.8823777_22.5221444.png
construction,source of nuisance,avoid the area,negative,202212_113.8823777_22.5221444.png
vehicles,connection to daily life,engage with routine,neutral,202212_113.8823777_22.5221444.png
infrastructure,not an escape,remain focused on tasks,negative,202212_113.8823777_22.5221444.png
highway,lack of escape,focus on navigation,negative,202212_113.88112989451119_22.800107612098568.png
traffic,constant distraction,avoid mental disengagement,negative,202212_113.88112989451119_22.800107612098568.png
street,lack of escape,difficulty disengaging,negative,202212_113.8828072_22.5116265.png
buildings,sense of routine,inability to find retreat,negative,202212_113.8828072_22.5116265.png
intersection,not a refuge,avoidance of distractions,negative,202212_113.881676_22.5046663.png
vehicles,busy environment,increased stress,negative,202212_113.881676_22.5046663.png
buildings,lack of escape,no relaxation,negative,202212_113.881676_22.5046663.png
intersection,lack of refuge,difficulty disengaging,negative,202212_113.8831621_22.5645249.png
traffic,stressful environment,increased routine focus,negative,202212_113.8831621_22.5645249.png
pedestrian,overwhelmed by movement,inability to relax,negative,202212_113.8831621_22.5645249.png
traffic,lack of escape,difficulty in mental respite,negative,202212_113.8820283_22.786342899999998.png
pedestrians,overwhelmed by demands,inability to relax,negative,202212_113.8820283_22.786342899999998.png
infrastructure,constant distraction,staying focused on tasks,negative,202212_113.8820283_22.786342899999998.png
commercial,stress from activity,avoiding mental break,negative,202212_113.8820283_22.786342899999998.png
intersection,difficult to detach,avoid the area,negative,202212_113.8839338_22.792216499999995.png
traffic,demands attention,focus on navigation,negative,202212_113.8839338_22.792216499999995.png
construction,detracts from peace,seek quieter spaces,negative,202212_113.8839338_22.792216499999995.png
buildings,lack of refuge,leave the area,negative,202212_113.8839338_22.792216499999995.png
intersection,lack of refuge,difficulty disconnecting,negative,202212_113.8849908_22.5489006.png
traffic,stress from noise,increased anxiety,negative,202212_113.8849908_22.5489006.png
construction,disruption of peace,avoidance of the area,negative,202212_113.8849908_22.5489006.png
trees,sense of being away,mental escape,positive,202212_113.8847561_22.7854292.png
sidewalks,calmer atmosphere,separation from urban flow,positive,202212_113.8847561_22.7854292.png
sky,sense of being away,mental escape,positive,202212_113.8847561_22.7854292.png
road,limited mental detachment,engaging with environment,negative,202212_113.88385370925388_22.501175719282536.png
traffic,active experience,increased engagement,neutral,202212_113.88385370925388_22.501175719282536.png
structures,not conducive to escape,avoidance of responsibilities,negative,202212_113.88385370925388_22.501175719282536.png
street,lack of refuge,stay connected,negative,202212_113.8850821_22.800133999999996.png
traffic,connected to daily life,avoid escape,negative,202212_113.8850821_22.800133999999996.png
buildings,no sense of being away,remain engaged,negative,202212_113.8850821_22.800133999999996.png
streetscape,lack of escape,requires attention,negative,202212_113.8850943_22.7812449.png
traffic,stressful environment,increases engagement,negative,202212_113.8850943_22.7812449.png
density,overwhelming presence,distracts from relaxation,negative,202212_113.8850943_22.7812449.png
advertisements,constant stimulation,diverts attention,negative,202212_113.8850943_22.7812449.png
trees,moderate escape from stress,limited relaxation,neutral,202212_113.88602950000002_22.482492799999996.png
vehicles,increased stress,avoidance of the area,negative,202212_113.88602950000002_22.482492799999996.png
construction,distraction,increased anxiety,negative,202212_113.88602950000002_22.482492799999996.png
urban,lack of respite,seeking quieter spaces,negative,202212_113.88602950000002_22.482492799999996.png
street,difficult to detach from concerns,unlikely to escape,negative,202212_113.8857684_22.813489699999998.png
traffic,stressful environment,increased anxiety,negative,202212_113.8857684_22.813489699999998.png
sounds,overwhelmed senses,avoidance of space,negative,202212_113.8857684_22.813489699999998.png
greenery,slight departure from concrete environment,none,neutral,202212_113.8871212311432_22.59073404108649.png
sky,slight escape from everyday nuisances,none,neutral,202212_113.8871212311432_22.59073404108649.png
urban street,active environment,none,negative,202212_113.8871212311432_22.59073404108649.png
intersection,lack of refuge,avoidance of space,negative,202212_113.8862681_22.5508395.png
traffic,distraction,increased stress,negative,202212_113.8862681_22.5508395.png
buildings,confinement,limited engagement,negative,202212_113.8862681_22.5508395.png
construction,disruption,avoidance of area,negative,202212_113.8862681_22.5508395.png
walkways,minimal relief,transitory movement,neutral,202212_113.8862681_22.5508395.png
traffic,lack of escape,no mental distance,negative,202212_113.8854323_22.554729599999998.png
construction,presence of nuisances,no break from responsibilities,negative,202212_113.8854323_22.554729599999998.png
urban,ongoing demands,no relief from daily worries,negative,202212_113.8854323_22.554729599999998.png
trees,slight natural element,attempt to escape concerns,positive,202212_113.8873515_22.494999999999997.png
traffic,difficult to find refuge,need for navigation,negative,202212_113.8873515_22.494999999999997.png
infrastructure,dominated by urban activity,attention to surroundings,negative,202212_113.8873515_22.494999999999997.png
intersection,low degree of being away,difficult to escape,negative,202212_113.8864527_22.5249772.png
greenery,minimal mental respite,limited reflection,negative,202212_113.8864527_22.5249772.png
traffic,constant demands of daily life,increased stress,negative,202212_113.8864527_22.5249772.png
buildings,active urban environment,lack of escape,negative,202212_113.8864527_22.5249772.png
barriers,limited escape,stay within bounds,negative,202212_113.88794576517202_22.47006173226548.png
path,moderate detachment,navigate cautiously,neutral,202212_113.88794576517202_22.47006173226548.png
elements,sense of escape,seek refuge,positive,202212_113.88794576517202_22.47006173226548.png
traffic,lack of escape,difficulty disconnecting,negative,202212_113.887967_22.552325399999997.png
construction,visual clutter,increased stress,negative,202212_113.887967_22.552325399999997.png
street,general busyness,feeling overwhelmed,negative,202212_113.887967_22.552325399999997.png
trees,mental detachment,sense of escape,positive,202212_113.88941312771921_22.586060774361265.png
areas,respite from demands,relaxation,positive,202212_113.88941312771921_22.586060774361265.png
environment,sense of being in a utilitarian area,not feeling escape from obligations,negative,202212_113.8906631_22.5097598.png
depot,lack of restorative quality,not stopping to think,negative,202212_113.8906631_22.5097598.png
construction,feeling of industrial activity,not evoking relaxation,negative,202212_113.8906631_22.5097598.png
intersection,lack of refuge,focus on mundane,negative,202212_113.8889769_22.5227376.png
roads,functional purpose,navigate through,neutral,202212_113.8889769_22.5227376.png
buildings,mental detachment,avoid stress,negative,202212_113.8889769_22.5227376.png
traffic,implied activity,engage with city life,neutral,202212_113.8889769_22.5227376.png
signals,demanding thoughts,stay alert,negative,202212_113.8889769_22.5227376.png
street,difficult to detach from concerns,lack of mental escape,negative,202212_113.88988389932364_22.53406064010756.png
traffic,sense of distraction,inability to find refuge,negative,202212_113.88988389932364_22.53406064010756.png
buildings,urban environment stress,increased daily nuisances,negative,202212_113.88988389932364_22.53406064010756.png
intersection,seeking escape,finding refuge,negative,202212_113.8890628_22.783663699999995.png
traffic,stress and nuisance,avoiding urban life,negative,202212_113.8890628_22.783663699999995.png
activity,lack of respite,continuing to think,negative,202212_113.8890628_22.783663699999995.png
street,limited respite from concerns,low score for being away,negative,202212_113.89013793409188_22.77905016065612.png
buildings,reminded of urban life,lack of escape,negative,202212_113.89013793409188_22.77905016065612.png
traffic,constant demands of attention,low sense of refuge,negative,202212_113.89013793409188_22.77905016065612.png
vehicles,lack of peace,increased attention,negative,202212_113.8895968_22.505542500000004.png
traffic,stressful environment,avoidance of reflection,negative,202212_113.8895968_22.505542500000004.png
construction,distraction,focus on surroundings,negative,202212_113.8895968_22.505542500000004.png
streetscape,limited refuge,not conducive to escape,negative,202212_113.889295_22.4965517.png
traffic,sense of overwhelm,avoidance of responsibilities,negative,202212_113.889295_22.4965517.png
buildings,lack of detachment,inability to pause,negative,202212_113.889295_22.4965517.png
trees,minimal mental retreat,not feeling relaxed,negative,202212_113.889295_22.4965517.png
street,chaotic environment,minimal escape,negative,202212_113.8901847_22.5280826.png
buildings,common urban experience,everyday interaction,neutral,202212_113.8901847_22.5280826.png
roads,functional space,navigating daily life,neutral,202212_113.8901847_22.5280826.png
cars,demanding environment,engagement with routine,negative,202212_113.8901847_22.5280826.png
traffic,ongoing active environment,avoidance of retreat,negative,202212_113.89069028552879_22.521237535308856.png
construction,lack of peace,stress response,negative,202212_113.89069028552879_22.521237535308856.png
structures,urban demands,distraction from relaxation,negative,202212_113.89069028552879_22.521237535308856.png
greenery,sense of being away,mental disengagement,positive,202212_113.8908356_22.50234199999999.png
road,feeling of escape,avoid urban hustle,positive,202212_113.8908356_22.50234199999999.png
trees,calm atmosphere,block distractions,positive,202212_113.8908356_22.50234199999999.png
landscaped areas,natural buffer,allow for mental disengagement,positive,202212_113.8908356_22.50234199999999.png
trees,calming effect,temporary break,positive,202212_113.8909361_22.4762928.png
traffic,not a complete escape,continued urban engagement,negative,202212_113.8909361_22.4762928.png
greenery,moderate sense of being away,relaxation,positive,202212_113.8909361_22.4762928.png
urban development,not a profound detachment,limited retreat,negative,202212_113.8909361_22.4762928.png
intersection,lack of refuge,difficulty in relaxing,negative,202212_113.8914436_22.790544900000004.png
traffic,overwhelmed by noise,increased stress,negative,202212_113.8914436_22.790544900000004.png
buildings,sense of confinement,avoidance of the area,negative,202212_113.8914436_22.790544900000004.png
pedestrian,constant distraction,inability to focus,negative,202212_113.8914436_22.790544900000004.png
street,limited sense of being away,difficulty escaping concerns,negative,202212_113.891474774064_22.785579979547432.png
traffic,overwhelmed by stimuli,increased daily demands,negative,202212_113.891474774064_22.785579979547432.png
commercial,not a refuge,engagement in daily life,negative,202212_113.891474774064_22.785579979547432.png
trees,sense of escape,seeking respite,positive,202212_113.8925627_22.768965.png
traffic,active urban environment,feeling overwhelmed,negative,202212_113.8925627_22.768965.png
roads,slight respite,temporary relief,neutral,202212_113.8925627_22.768965.png
buildings,not a complete refuge,continuing concerns,negative,202212_113.8925627_22.768965.png
traffic,low sense of escape,no refuge seeking,negative,202212_113.8919451_22.504159799999996.png
construction,low sense of escape,no refuge seeking,negative,202212_113.8919451_22.504159799999996.png
buildings,low sense of escape,no refuge seeking,negative,202212_113.8919451_22.504159799999996.png
greenery,low sense of escape,no refuge seeking,negative,202212_113.8919451_22.504159799999996.png
trees,moderate sense of being away,detachment from daily demands,positive,202212_113.8917504_22.5683063.png
road,degree of detachment,mental escape,positive,202212_113.8917504_22.5683063.png
sky,mental escape,relaxation,positive,202212_113.8917504_22.5683063.png
traffic,prevented immersion,inability to fully relax,negative,202212_113.8917504_22.5683063.png
infrastructure,prevented immersion,inability to find refuge,negative,202212_113.8917504_22.5683063.png
street,lack of refuge,difficult to detach,negative,202212_113.89180624418951_22.79290449136687.png
traffic,stressful environment,increased anxiety,negative,202212_113.89180624418951_22.79290449136687.png
shops,busy atmosphere,engagement in daily life,neutral,202212_113.89180624418951_22.79290449136687.png
buildings,crowded feeling,limited personal space,negative,202212_113.89180624418951_22.79290449136687.png
trees,sense of escape,mental distraction,positive,202212_113.8915262_22.7874822.png
traffic,mild detachment,observing flow,neutral,202212_113.8915262_22.7874822.png
buildings,not a complete escape,none,negative,202212_113.8915262_22.7874822.png
greenery,contrast to concrete,none,positive,202212_113.8915262_22.7874822.png
intersection,limited escape from daily concerns,does not facilitate disconnection,negative,202212_113.8927901_22.761324599999995.png
traffic,active and demanding environment,increases stress,negative,202212_113.8927901_22.761324599999995.png
buildings,lack of refuge,promotes feeling of pressure,negative,202212_113.8927901_22.761324599999995.png
traffic,disruption of peace,avoidance of the area,negative,202212_113.89288255776624_22.794407888931023.png
construction,stress and annoyance,seeking quieter spaces,negative,202212_113.89288255776624_22.794407888931023.png
barriers,feeling trapped,increased frustration,negative,202212_113.89288255776624_22.794407888931023.png
intersection,lack of refuge,avoidance of pressures,negative,202212_113.8930679_22.540563199999998.png
traffic,stressful environment,increased anxiety,negative,202212_113.8930679_22.540563199999998.png
infrastructure,no escape,staying away,negative,202212_113.8930679_22.540563199999998.png
street,not a refuge,not escaping,negative,202212_113.8930728_22.5107957.png
traffic,stressful environment,increased anxiety,negative,202212_113.8930728_22.5107957.png
buildings,functional space,engaging with daily life,neutral,202212_113.8930728_22.5107957.png
infrastructure,active setting,continuing routine,neutral,202212_113.8930728_22.5107957.png
roads,lack of escape,increased awareness,negative,202212_113.8931113_22.538090200000003.png
traffic,stressful environment,active engagement,negative,202212_113.8931113_22.538090200000003.png
construction,disruption of tranquility,heightened distraction,negative,202212_113.8931113_22.538090200000003.png
signals,constant interruption,reduced relaxation,negative,202212_113.8931113_22.538090200000003.png
bustle,overstimulation,inability to unwind,negative,202212_113.8931113_22.538090200000003.png
intersection,lack of refuge,engagement with city life,negative,202212_113.8943005_22.776301499999995.png
traffic,stressful environment,avoidance of relaxation,negative,202212_113.8943005_22.776301499999995.png
infrastructure,overwhelming presence,active participation,negative,202212_113.8943005_22.776301499999995.png
intersection,lack of escape,increased engagement,negative,202212_113.8936749_22.546827800000003.png
traffic,stress and obligation,heightened awareness,negative,202212_113.8936749_22.546827800000003.png
buildings,demand for presence,focus on surroundings,negative,202212_113.8936749_22.546827800000003.png
trees,not a tranquil escape,lack of mental detachment,negative,202212_113.8970715_22.5647726.png
street,"functional, populated area",engagement with urban activity,neutral,202212_113.8970715_22.5647726.png
street,limited sense of being away,difficult to disengage,negative,202212_113.8968186_22.5829807.png
traffic,busy environment,increased distraction,negative,202212_113.8968186_22.5829807.png
pedestrians,active urban activity,lack of refuge,negative,202212_113.8968186_22.5829807.png
traffic,not feeling 'away' from stress,remaining engaged,negative,202212_113.89762626150477_22.76805970185577.png
construction,not feeling 'away' from stress,remaining engaged,negative,202212_113.89762626150477_22.76805970185577.png
infrastructure,not feeling 'away' from stress,remaining engaged,negative,202212_113.89762626150477_22.76805970185577.png
intersection,not a refuge,difficult to escape,negative,202212_113.8954994_22.5238619.png
vehicles,suggests activity,continuation of routines,negative,202212_113.8954994_22.5238619.png
buildings,urban environment,not conducive to relaxation,negative,202212_113.8954994_22.5238619.png
greenery,moderate sense of being away,temporary distraction,positive,202212_113.8982409_22.550873.png
buildings,not a complete escape,acknowledging urban demands,negative,202212_113.8982409_22.550873.png
traffic,brief respite,creating distraction,neutral,202212_113.8982409_22.550873.png
street,difficulty escaping thoughts,avoidance of responsibilities,negative,202212_113.89803890000002_22.472269599999997.png
traffic,stress and distraction,inability to relax,negative,202212_113.89803890000002_22.472269599999997.png
construction,annoyance and disruption,seeking quieter spaces,negative,202212_113.89803890000002_22.472269599999997.png
trees,sense of refuge,seek tranquility,positive,202212_113.89919588637308_22.514262033985645.png
traffic,diminished escape,avoid stressful thoughts,negative,202212_113.89919588637308_22.514262033985645.png
buildings,urban stress,feel overwhelmed,negative,202212_113.89919588637308_22.514262033985645.png
construction,lack of tranquility,disengage from environment,negative,202212_113.89919588637308_22.514262033985645.png
trees,sense of being away,mental respite,positive,202212_113.89926574258234_22.584803084582735.png
traffic,feeling of detachment,escape from urban bustle,positive,202212_113.89926574258234_22.584803084582735.png
street,lack of escape,engagement with daily demands,negative,202212_113.8993527_22.7867448.png
traffic,stressful environment,difficulty in disconnecting,negative,202212_113.8993527_22.7867448.png
buildings,sense of confinement,feeling of obligation,negative,202212_113.8993527_22.7867448.png
infrastructure,overwhelming presence,constant awareness of obligations,negative,202212_113.8993527_22.7867448.png
trees,sense of separation,seek refuge,positive,202212_113.8994872_22.4809686.png
traffic,connected environment,navigate urban space,negative,202212_113.8994872_22.4809686.png
buildings,functional urban space,engage with surroundings,neutral,202212_113.8994872_22.4809686.png
underpass,not conducive to escape,remain in daily life,negative,202212_113.90004392649917_22.540017152868153.png
traffic,stressful environment,avoidance of the area,negative,202212_113.90004392649917_22.540017152868153.png
infrastructure,lack of refuge,continue with routine,negative,202212_113.90004392649917_22.540017152868153.png
street,lack of escape,no mental detachment,negative,202212_113.9007474100415_22.77763015527308.png
traffic,connected to everyday life,no refuge,negative,202212_113.9007474100415_22.77763015527308.png
buildings,not distinct,no significant mental detachment,negative,202212_113.9007474100415_22.77763015527308.png
trees,temporary escape,seeking respite,positive,202212_113.90181678152064_22.55362767441567.png
walkway,feeling of respite,walking leisurely,positive,202212_113.90181678152064_22.55362767441567.png
streetscape,moderate sense of being away,exploring surroundings,positive,202212_113.90181678152064_22.55362767441567.png
traffic,diluted effect,avoiding areas,negative,202212_113.90181678152064_22.55362767441567.png
construction,diluted effect,avoiding areas,negative,202212_113.90181678152064_22.55362767441567.png
trees,sense of escape,mental respite,positive,202212_113.90203875985169_22.596490384445456.png
greenery,peaceful scene,escape from daily nuisances,positive,202212_113.90203875985169_22.596490384445456.png
pedestrian,relaxation,enjoyment of solitude,positive,202212_113.90203875985169_22.596490384445456.png
street,lack of refuge,difficulty disconnecting,negative,202212_113.90390698964444_22.774286045161404.png
infrastructure,constant distraction,inability to escape,negative,202212_113.90390698964444_22.774286045161404.png
intersection,not a refuge,difficult to escape,negative,202212_113.90245330000002_22.580992999999996.png
traffic,constant activity,feeling detached,negative,202212_113.90245330000002_22.580992999999996.png
infrastructure,usual concerns,active public space,negative,202212_113.90245330000002_22.580992999999996.png
streetscape,not a refuge,navigating traffic,negative,202212_113.9032191_22.7853983.png
buildings,active transit,reaching a destination,neutral,202212_113.9032191_22.7853983.png
street,limited sense of escape,avoidance of urban pressures,negative,202212_113.90481946989334_22.537548032462794.png
traffic,lack of refuge,increased stress,negative,202212_113.90481946989334_22.537548032462794.png
intersection,low quality of being away,reminded of outside demands,negative,202212_113.9047575_22.5314773.png
traffic,stressful environment,avoidance of the area,negative,202212_113.9047575_22.5314773.png
infrastructure,lack of refuge,seeking quieter spaces,negative,202212_113.9047575_22.5314773.png
road,not a refuge,demanding attention,negative,202212_113.904887_22.525975400000004.png
traffic,stressful environment,increased alertness,negative,202212_113.904887_22.525975400000004.png
infrastructure,active engagement,distraction,negative,202212_113.904887_22.525975400000004.png
intersection,low sense of being away,difficult to disconnect,negative,202212_113.9048747_22.5351983.png
traffic,presence of daily demands,engagement in daily activities,negative,202212_113.9048747_22.5351983.png
pedestrians,lack of quiet seclusion,inability to retreat,negative,202212_113.9048747_22.5351983.png
trees,detachment from concerns,seeking refuge,positive,202212_113.90588_22.572369.png
urban,limited refuge,facing nuisances,negative,202212_113.90588_22.572369.png
trees,lack of escape,continue driving,negative,202212_113.9052629_22.544617799999997.png
traffic,stress from urban elements,feel overwhelmed,negative,202212_113.9052629_22.544617799999997.png
view,part of ongoing flow,not seeking refuge,negative,202212_113.9052629_22.544617799999997.png
street,lack of refuge,avoidance of the area,negative,202212_113.9071875_22.784018599999996.png
traffic,stressful environment,increased urgency,negative,202212_113.9071875_22.784018599999996.png
buildings,routine demands,continuation of tasks,negative,202212_113.9071875_22.784018599999996.png
street,not a refuge,demanding attention,negative,202212_113.9079124_22.4861306.png
buildings,not an escape,focusing on tasks,negative,202212_113.9079124_22.4861306.png
vehicles,lack of escape,continue daily tasks,negative,202212_113.90703711639695_22.781499274355372.png
roads,connection to responsibilities,remain engaged in routine,negative,202212_113.90703711639695_22.781499274355372.png
buildings,absence of refuge,avoid relaxation,negative,202212_113.90703711639695_22.781499274355372.png
greenery,mental escape,departure from demands,positive,202212_113.909758_22.487155499999997.png
environment,change of scenery,relief from stress,positive,202212_113.909758_22.487155499999997.png
noise,lack of peace,avoid the area,negative,202212_113.9090281_22.475081299999996.png
traffic,urban disruption,seek quieter spaces,negative,202212_113.9090281_22.475081299999996.png
development,mental detachment,disengage from surroundings,negative,202212_113.9090281_22.475081299999996.png
traffic,lack of refuge,stay connected,negative,202212_113.9088971_22.5624485.png
construction,disconnection from responsibilities,avoid relaxation,negative,202212_113.9088971_22.5624485.png
city,overstimulation,remain alert,negative,202212_113.9088971_22.5624485.png
trees,sense of separation,calmer setting,positive,202212_113.9097868_22.4838288.png
pathways,feeling of being away,escape from demands,positive,202212_113.9097868_22.4838288.png
trees,slight natural element,none,neutral,202212_113.9101582_22.5185216.png
traffic,hustle and bustle,none,negative,202212_113.9101582_22.5185216.png
barriers,sense of confinement,none,negative,202212_113.9101582_22.5185216.png
urban setting,lack of refuge,none,negative,202212_113.9101582_22.5185216.png
traffic,lack of escape,continue thinking about obligations,negative,202212_113.9101226_22.5151741.png
buildings,sense of confinement,avoid relaxation,negative,202212_113.9101226_22.5151741.png
establishments,overwhelmed by responsibilities,remain engaged with duties,negative,202212_113.9101226_22.5151741.png
greenery,slight comfort,brief respite from stress,neutral,202212_113.9101226_22.5151741.png
street,not a refuge,engage with,negative,202212_113.91085916435753_22.76927076485941.png
traffic,constant activity,engage with,negative,202212_113.91085916435753_22.76927076485941.png
commerce,busy environment,engage with,negative,202212_113.91085916435753_22.76927076485941.png
traffic,not a refuge,not escaping fatigue,negative,202212_113.9114993_22.587506.png
infrastructure,functional design,not promoting relaxation,negative,202212_113.9114993_22.587506.png
urban,everyday demands,not finding peace,negative,202212_113.9114993_22.587506.png
street,low sense of escape,engagement with city life,negative,202212_113.9136098_22.531193499999997.png
traffic,stressful environment,avoidance of the area,negative,202212_113.9136098_22.531193499999997.png
construction,disruption of peace,seeking quieter spaces,negative,202212_113.9136098_22.531193499999997.png
commercial,overstimulation,desire for retreat,negative,202212_113.9136098_22.531193499999997.png
trees,sense of separation,momentarily escape,positive,202212_113.9112664_22.481579000000004.png
flowers,tranquil setting,enjoy peace,positive,202212_113.9112664_22.481579000000004.png
pathway,controlled space,walk calmly,positive,202212_113.9112664_22.481579000000004.png
buildings,moderate sense of being away,detachment from demands,neutral,202212_113.913214_22.49994269999999.png
traffic,lack of mental escape,active engagement with city,negative,202212_113.913214_22.49994269999999.png
roads,busy environment,functioning city interaction,neutral,202212_113.913214_22.49994269999999.png
pedestrian,active city life,movement through space,neutral,202212_113.913214_22.49994269999999.png
intersection,feeling of being engaged,daily responsibilities,negative,202212_113.9141295_22.584776300000005.png
traffic,overwhelmed by demands,avoidance of refuge,negative,202212_113.9141295_22.584776300000005.png
pedestrian,lack of escape,continuation of daily tasks,negative,202212_113.9141295_22.584776300000005.png
commercial,reinforced engagement,focus on responsibilities,negative,202212_113.9141295_22.584776300000005.png
street,lack of escape,transit,negative,202212_113.91433130000001_22.5436095.png
buildings,urban engagement,activity,neutral,202212_113.91433130000001_22.5436095.png
roads,not a refuge,pass through,negative,202212_113.91433130000001_22.5436095.png
vehicles,distraction,avoidance,negative,202212_113.91433130000001_22.5436095.png
signs,urban engagement,navigation,neutral,202212_113.91433130000001_22.5436095.png
street,lack of peaceful detachment,demanding attention,negative,202212_113.9144565_22.508373499999998.png
traffic,constant activity,inhibiting escape,negative,202212_113.9144565_22.508373499999998.png
pedestrians,distraction from obligations,preventing mental respite,negative,202212_113.9144565_22.508373499999998.png
establishments,environment of demand,engaging with surroundings,negative,202212_113.9144565_22.508373499999998.png
intersection,highly stimulating,demands attention,negative,202212_113.9154625_22.5104906.png
buildings,lack of refuge,no sense of escape,negative,202212_113.9154625_22.5104906.png
traffic,overwhelming,increased stress,negative,202212_113.9154625_22.5104906.png
pedestrian,busy environment,constant movement,negative,202212_113.9154625_22.5104906.png
traffic,sources of daily demands,increased stress,negative,202212_113.9148524_22.517607299999998.png
construction,nuisances,avoidance behavior,negative,202212_113.9148524_22.517607299999998.png
activity,lack of tranquility,mental detachment,negative,202212_113.9148524_22.517607299999998.png
trees,slight sense of escape,limited engagement,positive,202212_113.9167425_22.5385963.png
traffic,typical urban scene,avoidance of refuge,negative,202212_113.9167425_22.5385963.png
buildings,lack of true refuge,reduced relaxation,negative,202212_113.9167425_22.5385963.png
trees,not a refuge,transit space usage,negative,202212_113.9169587_22.503296799999998.png
traffic,constant activity,passing through,negative,202212_113.9169587_22.503296799999998.png
pedestrian,not a sanctuary,movement,negative,202212_113.9169587_22.503296799999998.png
intersection,lack of escape,continuation of routine,negative,202212_113.9172702_22.5816745.png
traffic,stressful environment,avoidance of space,negative,202212_113.9172702_22.5816745.png
pedestrians,crowdedness,hesitation to linger,negative,202212_113.9172702_22.5816745.png
built environment,confinement,desire for retreat,negative,202212_113.9172702_22.5816745.png
vehicles,sense of transit,lack of mental detachment,negative,202212_113.9175375_22.5687916.png
buildings,not a refuge,inability to escape,negative,202212_113.9175375_22.5687916.png
roads,pressing tasks,constant distraction,negative,202212_113.9175375_22.5687916.png
trees,sense of escape,detaching from concerns,positive,202212_113.9169837_22.524702500000004.png
foliage,distinct environment,providing distraction,neutral,202212_113.9169837_22.524702500000004.png
vendors,potential distraction,engaging with surroundings,neutral,202212_113.9169837_22.524702500000004.png
trees,slight contrast to concrete environment,none evoked,neutral,202212_113.9185767_22.7716986.png
median,does not evoke refuge,none evoked,negative,202212_113.9185767_22.7716986.png
street,busy urban scene,none evoked,negative,202212_113.9185767_22.7716986.png
trees,not a refuge,avoidance of stress,negative,202212_113.9181364_22.5882418.png
roads,overwhelmed by activity,increased obligations,negative,202212_113.9181364_22.5882418.png
vehicles,chaotic environment,distraction from thoughts,negative,202212_113.9181364_22.5882418.png
buildings,lack of tranquility,stress response,negative,202212_113.9181364_22.5882418.png
trees,not strongly evoking being away,less likely to disengage,negative,202212_113.91857970000001_22.56204509999999.png
traffic,active busy environment,difficult to escape reality,negative,202212_113.91857970000001_22.56204509999999.png
buildings,not a tranquil refuge,less likely to find peace,negative,202212_113.91857970000001_22.56204509999999.png
infrastructure,immediate reality of urban life,hinders mental disengagement,negative,202212_113.91857970000001_22.56204509999999.png
skies,some sense of openness,minimal encouragement to relax,neutral,202212_113.91857970000001_22.56204509999999.png
intersection,not a refuge,avoidance of demands,negative,202212_113.918782_22.507989899999995.png
traffic,constant activity,inability to stop thoughts,negative,202212_113.918782_22.507989899999995.png
infrastructure,overwhelming environment,distraction from relaxation,negative,202212_113.918782_22.507989899999995.png
buildings,lack of refuge,avoidance of stress,negative,202212_113.9191287_22.543243499999996.png
traffic,active demands,increased urgency,negative,202212_113.9191287_22.543243499999996.png
signals,distraction,reduced focus,negative,202212_113.9191287_22.543243499999996.png
street,overwhelmed by demands,avoidance of stress,negative,202212_113.9195267_22.530506399999997.png
traffic,increased anxiety,seeking refuge,negative,202212_113.9195267_22.530506399999997.png
buildings,lack of tranquility,desire to disconnect,negative,202212_113.9195267_22.530506399999997.png
advertisements,distraction,difficulty focusing,negative,202212_113.9195267_22.530506399999997.png
intersection,refuge from demands,disengage from responsibilities,positive,202212_113.9191967_22.505651799999995.png
vehicles,busy environment,temporary escape,neutral,202212_113.9191967_22.505651799999995.png
greenery,sense of escape,connect with nature,positive,202212_113.9191967_22.505651799999995.png
intersection,not a refuge for escape,continue daily routines,negative,202212_113.9200199_22.4932087.png
traffic,sense of detachment lacking,maintain focus on responsibilities,negative,202212_113.9200199_22.4932087.png
buildings,associated with daily demands,engage in routine activities,neutral,202212_113.9200199_22.4932087.png
pedestrian,busy environment,navigate through space,neutral,202212_113.9200199_22.4932087.png
street,evokes thoughts of traffic,doesn't promote being away,negative,202212_113.919858_22.502453599999996.png
construction,not a refuge from daily demands,doesn't provide escape,negative,202212_113.919858_22.502453599999996.png
street,overwhelming urban activity,escape for restoration,negative,202212_113.919993_22.5354385.png
traffic,lack of refuge,avoidance,negative,202212_113.919993_22.5354385.png
pedestrians,distraction from demands,seek quiet,negative,202212_113.919993_22.5354385.png
traffic,sense of stress,avoidance of the area,negative,202212_113.9207442_22.585634100000004.png
buildings,lack of escape,continuation of daily demands,negative,202212_113.9207442_22.585634100000004.png
urban,mental detachment,inability to relax,negative,202212_113.9207442_22.585634100000004.png
intersection,not a refuge,difficult to disengage,negative,202212_113.9219362_22.502629899999995.png
traffic,urban stressors,diminished psychological escape,negative,202212_113.9219362_22.502629899999995.png
buildings,not a place to escape,increased daily concerns,negative,202212_113.9219362_22.502629899999995.png
traffic,stressful environment,increased alertness,negative,202212_113.9220025_22.517857700000004.png
construction,disruption,avoidance of area,negative,202212_113.9220025_22.517857700000004.png
commercial,busy atmosphere,active engagement,neutral,202212_113.9220025_22.517857700000004.png
streets,lack of escape,remain engaged,negative,202212_113.9199595_22.5193042.png
buildings,sense of demand,continue daily responsibilities,negative,202212_113.9199595_22.5193042.png
spaces,minimal refuge,seek tranquility,negative,202212_113.9199595_22.5193042.png
vehicles,constant connectivity,stay alert,negative,202212_113.9199595_22.5193042.png
trees,sense of refuge,appreciate nature,positive,202212_113.9224188_22.538887600000006.png
park,potential respite,escape urban nuisances,positive,202212_113.9224188_22.538887600000006.png
infrastructure,lack of escape,avoid traffic,negative,202212_113.9224188_22.538887600000006.png
intersection,lack of escape,difficulty detaching,negative,202212_113.92298935213402_22.551725246566924.png
traffic,sense of immersion,engagement with surroundings,negative,202212_113.92298935213402_22.551725246566924.png
vendors,added character,participation in daily life,neutral,202212_113.92298935213402_22.551725246566924.png
trees,separation from urban hustle,passive enjoyment,positive,202212_113.9232015_22.533973500000002.png
sidewalks,break from traffic,leisurely walking,positive,202212_113.9232015_22.533973500000002.png
green spaces,peaceful atmosphere,escape from daily demands,positive,202212_113.9232015_22.533973500000002.png
trees,sense of being away,seeking refuge,positive,202212_113.92403650000001_22.7635856.png
pedestrian areas,departure from busy life,enjoying calmness,positive,202212_113.92403650000001_22.7635856.png
traffic,calm atmosphere,relaxing,positive,202212_113.92403650000001_22.7635856.png
traffic,lack of refuge,avoidance of urban areas,negative,202212_113.9235709_22.507961199999997.png
buildings,urban demands,stress response,negative,202212_113.9235709_22.507961199999997.png
greenery,partial respite,seeking relaxation,positive,202212_113.9235709_22.507961199999997.png
activity,disconnection,desire for escape,negative,202212_113.9235709_22.507961199999997.png
trees,mild sense of refuge,seeking calm,positive,202212_113.9238439_22.4897914.png
crosswalks,sense of safety,navigating space,positive,202212_113.9238439_22.4897914.png
atmosphere,calmness,relaxing,positive,202212_113.9238439_22.4897914.png
public space,limited refuge,engaging with activity,negative,202212_113.9238439_22.4897914.png
intersection,not a refuge,difficulty in relaxation,negative,202212_113.9242124_22.519510999999998.png
traffic,stimulating environment,constant distraction,negative,202212_113.9242124_22.519510999999998.png
businesses,everyday hustle,lack of escape,negative,202212_113.9242124_22.519510999999998.png
pedestrians,demanding environment,pressing thoughts,negative,202212_113.9242124_22.519510999999998.png
streetscape,lack of escape,not detaching from concerns,negative,202212_113.9239898_22.504820799999997.png
traffic,stressful environment,avoiding the area,negative,202212_113.9239898_22.504820799999997.png
pedestrian,urban engagement,continuing daily routines,neutral,202212_113.9239898_22.504820799999997.png
buildings,urban confinement,remaining in urban life,negative,202212_113.9239898_22.504820799999997.png
streetscape,moderate sense of being away,mental break from chaos,positive,202212_113.9234315_22.765904799999998.png
crossings,sense of organization,navigate safely,positive,202212_113.9234315_22.765904799999998.png
traffic,reduced stress,move through space efficiently,positive,202212_113.9234315_22.765904799999998.png
greenery,enhanced calmness,enjoy nature,positive,202212_113.9234315_22.765904799999998.png
streets,cleanliness,feel at ease,positive,202212_113.9234315_22.765904799999998.png
street,limited feeling of refuge,avoidance of urban demands,negative,202212_113.9264576_22.542926699999995.png
traffic,lack of escape,increased stress,negative,202212_113.9264576_22.542926699999995.png
buildings,sense of confinement,reduced exploration,negative,202212_113.9264576_22.542926699999995.png
greenery,slight comfort,temporary relaxation,neutral,202212_113.9264576_22.542926699999995.png
green,sense of escape,mentally detach,positive,202212_113.9270181_22.5401367.png
pathways,serene atmosphere,enjoy tranquility,positive,202212_113.9270181_22.5401367.png
traffic,departure from hustle,seek calmness,positive,202212_113.9270181_22.5401367.png
greenery,respite from urban intensity,seeking escape,positive,202212_113.9244485_22.5285296.png
road,lack of true escape,feeling trapped,negative,202212_113.9244485_22.5285296.png
traffic,increased stress,avoiding the area,negative,202212_113.9244485_22.5285296.png
buildings,functional environment,engaging with daily concerns,negative,202212_113.9244485_22.5285296.png
intersection,not a refuge,engagement with surroundings,negative,202212_113.9272727_22.510836999999995.png
traffic,overwhelmed,increased focus on responsibilities,negative,202212_113.9272727_22.510836999999995.png
construction,distraction,avoidance of relaxation,negative,202212_113.9272727_22.510836999999995.png
commercial,busy,active participation,neutral,202212_113.9272727_22.510836999999995.png
greenery,sense of escape,feeling of being away,positive,202212_113.9274017_22.4976544.png
landscaped,feeling of being away,escape from urban intensity,positive,202212_113.9274017_22.4976544.png
trees,respite from urban demands,seek pedestrian areas,positive,202212_113.9276643_22.528331500000004.png
crosswalk,break from traffic,encourage walking,positive,202212_113.9276643_22.528331500000004.png
cars,moderated escape,avoidance of congestion,negative,202212_113.9276643_22.528331500000004.png
buildings,urban confinement,limited exploration,negative,202212_113.9276643_22.528331500000004.png
street,lack of escape,mental detachment,negative,202212_113.9273794_22.5460211.png
traffic,active stimulation,engagement,neutral,202212_113.9273794_22.5460211.png
buildings,not tranquil,obligation thinking,negative,202212_113.9273794_22.5460211.png
roads,lack of escape,remain engaged,negative,202212_113.9300666_22.484872799999998.png
vehicles,active environment,stay alert,negative,202212_113.9300666_22.484872799999998.png
buildings,not tranquil,avoid relaxation,negative,202212_113.9300666_22.484872799999998.png
greenery,slight contrast,seek respite,neutral,202212_113.9300666_22.484872799999998.png
street,not a refuge,difficult to disconnect,negative,202212_113.9281393_22.7900159.png
traffic,high engagement,increased interaction,neutral,202212_113.9281393_22.7900159.png
pedestrians,presence of urban life,participation in daily tasks,neutral,202212_113.9281393_22.7900159.png
commercial,constant demands,focus on tasks,negative,202212_113.9281393_22.7900159.png
intersection,lack of refuge,increased awareness,negative,202212_113.9303129_22.7637627.png
vehicles,active environment,heightened alertness,negative,202212_113.9303129_22.7637627.png
pedestrians,demanding attention,engagement with surroundings,negative,202212_113.9303129_22.7637627.png
buildings,pressing thoughts,focus on immediate environment,negative,202212_113.9303129_22.7637627.png
intersection,lack of retreat,daily activities,negative,202212_113.9301571_22.5029952.png
buildings,urban context,routine engagement,neutral,202212_113.9301571_22.5029952.png
trees,not an escape,continue daily tasks,negative,202212_113.9297827_22.5814899.png
buildings,part of everyday environment,no refuge,negative,202212_113.9297827_22.5814899.png
vehicles,urban nuisances,avoid relaxation,negative,202212_113.9297827_22.5814899.png
traffic,limited sense of being away,not able to relax,negative,202212_113.9307835_22.518959599999995.png
buses,not a refuge from nuisances,continuing daily obligations,negative,202212_113.9307835_22.518959599999995.png
city,active thoroughfare,lack of tranquil escape,negative,202212_113.9307835_22.518959599999995.png
greenery,lack of escape from nuisances,no desire to disengage,negative,202212_113.93087370000002_22.545790199999995.png
street,busy and active environment,increased awareness of tasks,negative,202212_113.93087370000002_22.545790199999995.png
vehicles,distraction from relaxation,avoidance of tranquility,negative,202212_113.93087370000002_22.545790199999995.png
buildings,functional atmosphere,engagement with surroundings,neutral,202212_113.93087370000002_22.545790199999995.png
intersection,lack of refuge,avoidance of obligations,negative,202212_113.931886_22.7478105.png
traffic,constant distraction,inability to relax,negative,202212_113.931886_22.7478105.png
buildings,urban demands,stress accumulation,negative,202212_113.931886_22.7478105.png
trees,lack of escape,no desire to retreat,negative,202212_113.93193850904419_22.576194066026474.png
traffic,stress from urban demands,avoidance of the area,negative,202212_113.93193850904419_22.576194066026474.png
infrastructure,feeling of confinement,no exploration,negative,202212_113.93193850904419_22.576194066026474.png
street,lack of escape,continue obligations,negative,202212_113.93228114603475_22.79179135641364.png
greenery,urban context,limited retreat,negative,202212_113.93228114603475_22.79179135641364.png
construction,disruption,avoid area,negative,202212_113.93228114603475_22.79179135641364.png
traffic,difficult to escape,avoid the setting,negative,202212_113.9311179_22.517039299999997.png
construction,engaged with urban bustle,stop thinking about tasks,negative,202212_113.9311179_22.517039299999997.png
urban,lack of solace,seek refuge,negative,202212_113.9311179_22.517039299999997.png
streetscape,does not evoke escape,remain in urban environment,negative,202212_113.932972_22.505377099999997.png
buildings,part of urban environment,avoid seeking refuge,negative,202212_113.932972_22.505377099999997.png
green,mental break,detach from concerns,positive,202212_113.9329528_22.5130839.png
cityscape,organized environment,think about other things,positive,202212_113.9329528_22.5130839.png
intersection,difficult to disengage,low engagement,negative,202212_113.9325175_22.522305099999997.png
traffic,overwhelmed by demands,avoidance of space,negative,202212_113.9325175_22.522305099999997.png
buildings,lack of refuge,increased stress,negative,202212_113.9325175_22.522305099999997.png
trees,sense of nature,escape from worries,positive,202212_113.9340142_22.516298099999997.png
flower beds,sense of nature,escape from worries,positive,202212_113.9340142_22.516298099999997.png
sky,detachment from daily worries,relaxation,positive,202212_113.9340142_22.516298099999997.png
sunlight,detachment from daily worries,relaxation,positive,202212_113.9340142_22.516298099999997.png
traffic,stressful environment,avoidance of the area,negative,202212_113.9341788_22.527984300000004.png
buildings,overwhelmed by urban life,seeking refuge elsewhere,negative,202212_113.9341788_22.527984300000004.png
traffic,difficult to feel removed,momentarily pause,negative,202212_113.93446830000002_22.5181941.png
buildings,constant presence of urban life,stop thinking about obligations,negative,202212_113.93446830000002_22.5181941.png
buildings,not perceived as a refuge,limited escape from stressors,negative,202212_113.9345955_22.4965955.png
greenery,some natural elements,minimal relief from demands,neutral,202212_113.9345955_22.4965955.png
roads,functional urban thoroughfare,increased urban stress,negative,202212_113.9345955_22.4965955.png
traffic,not a refuge,low engagement,negative,202212_113.9356375_22.5753551.png
construction,not a place to escape,low engagement,negative,202212_113.9356375_22.5753551.png
infrastructure,constant activity,high engagement,neutral,202212_113.9356375_22.5753551.png
traffic,connected to city life,limited refuge seeking,negative,202212_113.9365131_22.5279406.png
crosswalks,connected to city life,limited refuge seeking,negative,202212_113.9365131_22.5279406.png
infrastructure,connected to city life,limited refuge seeking,negative,202212_113.9365131_22.5279406.png
cars,not a complete escape,remain engaged with urban life,negative,202212_113.9355131_22.5427938.png
greenery,sense of separation,seek refuge from urban demands,positive,202212_113.9355131_22.5427938.png
highway,connection to urban living,navigate urban environment,neutral,202212_113.9355131_22.5427938.png
traffic,sense of separation,mentally detach,positive,202212_113.93686530000001_22.496623499999995.png
green spaces,more serene environment,escape daily demands,positive,202212_113.93686530000001_22.496623499999995.png
road,well-maintained,encourage walking,positive,202212_113.93686530000001_22.496623499999995.png
buildings,distant presence,promote relaxation,positive,202212_113.93686530000001_22.496623499999995.png
trees,lack of escape,no refuge seeking,negative,202212_113.9363267_22.505489500000003.png
infrastructure,integration with daily life,continuation of daily activities,negative,202212_113.9363267_22.505489500000003.png
traffic,stress from demands,avoidance of the area,negative,202212_113.9363267_22.505489500000003.png
commercial,overwhelmed by activity,disengagement,negative,202212_113.9363267_22.505489500000003.png
buildings,lack of refuge,no escape from pressures,negative,202212_113.9370477_22.5107985.png
pathways,not restorative,no sense of departure,negative,202212_113.9370477_22.5107985.png
traffic,functional space,no calming effect,negative,202212_113.9370477_22.5107985.png
greenery,offers refuge,detach from tasks,positive,202212_113.9377818_22.757183499999996.png
traffic,creates stress,avoid the area,negative,202212_113.9377818_22.757183499999996.png
buildings,feels overwhelming,seek quieter spaces,negative,202212_113.9377818_22.757183499999996.png
commercial activity,induces distraction,focus on tasks,negative,202212_113.9377818_22.757183499999996.png
natural light,enhances mood,stay longer,positive,202212_113.9377818_22.757183499999996.png
greenery,not truly detached,continuation of activities,negative,202212_113.93705539747813_22.55130023242226.png
roads,lack of escape,engagement in daily demands,negative,202212_113.93705539747813_22.55130023242226.png
vehicles,ongoing movement,feeling of busyness,negative,202212_113.93705539747813_22.55130023242226.png
buildings,sense of urban life,engagement with city,neutral,202212_113.9384694_22.50815679999999.png
greenery,limited escape,minimal relaxation,negative,202212_113.9384694_22.50815679999999.png
roads,urban demands,navigating traffic,negative,202212_113.9384694_22.50815679999999.png
traffic,stressful environment,increased urgency,negative,202212_113.9384694_22.50815679999999.png
trees,slight buffer from stressors,seeking refuge,positive,202212_113.9391332_22.4966602.png
highway,urban stress,commuting,negative,202212_113.9391332_22.4966602.png
road,lack of escape,continuing daily demands,negative,202212_113.9391332_22.4966602.png
traffic,low sense of being away,difficulty detaching from concerns,negative,202212_113.9397023_22.516917099999993.png
construction,low sense of being away,difficulty detaching from concerns,negative,202212_113.9397023_22.516917099999993.png
equipment,low sense of being away,difficulty detaching from concerns,negative,202212_113.9397023_22.516917099999993.png
development,low sense of being away,difficulty detaching from concerns,negative,202212_113.9397023_22.516917099999993.png
intersection,lack of refuge,increased stress,negative,202212_113.9402644_22.519026199999995.png
traffic,constant activity,focus on daily routines,negative,202212_113.9402644_22.519026199999995.png
construction,disruption of peace,avoidance of the area,negative,202212_113.9402644_22.519026199999995.png
greenery,sense of detachment,escape preoccupying thoughts,positive,202212_113.93948100000001_22.543091199999996.png
pathway,peaceful atmosphere,refuge from everyday demands,positive,202212_113.93948100000001_22.543091199999996.png
skyscrapers,visual separation,detachment from urban environment,positive,202212_113.93948100000001_22.543091199999996.png
traffic,overall peaceful atmosphere,avoidance of stress,negative,202212_113.93948100000001_22.543091199999996.png
buildings,lack of escape,remain engaged,negative,202212_113.9398151_22.524065299999993.png
traffic,stressful environment,avoidance of relaxation,negative,202212_113.9398151_22.524065299999993.png
green,minimal refuge,limited retreat,negative,202212_113.9398151_22.524065299999993.png
cityscape,active space,pursue activity,neutral,202212_113.9398151_22.524065299999993.png
intersection,not a refuge,navigate,negative,202212_113.9406368_22.535663900000003.png
traffic,sense of busyness,navigate,negative,202212_113.9406368_22.535663900000003.png
construction,not peaceful,navigate,negative,202212_113.9406368_22.535663900000003.png
intersection,lack of escape,avoidance of urban activity,negative,202212_113.94082000000002_22.748110899999997.png
buildings,sense of confinement,seeking refuge,negative,202212_113.94082000000002_22.748110899999997.png
traffic,stress from noise,desire for tranquility,negative,202212_113.94082000000002_22.748110899999997.png
street,not facilitating escape,remain in urban environment,negative,202212_113.9430205_22.530012400000004.png
traffic,increased stress,avoidance of the area,negative,202212_113.9430205_22.530012400000004.png
buildings,sense of confinement,limited relaxation,negative,202212_113.9430205_22.530012400000004.png
roads,lack of escape,difficulty disconnecting,negative,202212_113.94107680706209_22.530103987263914.png
construction,stress from activity,inability to relax,negative,202212_113.94107680706209_22.530103987263914.png
buildings,feeling overwhelmed,staying engaged with obligations,negative,202212_113.94107680706209_22.530103987263914.png
road,lack of escape,remain in routine,negative,202212_113.9410612_22.507190699999992.png
traffic,stressful environment,avoidance of relaxation,negative,202212_113.9410612_22.507190699999992.png
buildings,urban integration,engagement with daily life,neutral,202212_113.9410612_22.507190699999992.png
greenery,minimal refuge,limited escape,negative,202212_113.9410612_22.507190699999992.png
traffic,no mental escape,engagement with environment,negative,202212_113.9430714_22.527387.png
buildings,embodiment of responsibilities,acceptance of urban life,negative,202212_113.9430714_22.527387.png
pedestrians,lack of sanctuary,participation in city dynamics,negative,202212_113.9430714_22.527387.png
infrastructure,active urban environment,navigation through space,neutral,202212_113.9430714_22.527387.png
environment,lack of escape from stressors,limited relaxation,negative,202212_113.9436688_22.539266799999996.png
urban,clean and orderly,maintaining routine,neutral,202212_113.9436688_22.539266799999996.png
traffic,lack of escape,increased stress,negative,202212_113.9437139_22.7347301.png
construction,feeling overwhelmed,mental detachment failure,negative,202212_113.9437139_22.7347301.png
environment,no refuge,avoidance of usual thoughts,negative,202212_113.9437139_22.7347301.png
intersection,lack of refuge,avoidance of stress,negative,202212_113.9448364_22.5462337.png
traffic,overwhelmed by activity,increased anxiety,negative,202212_113.9448364_22.5462337.png
construction,disruption of peace,desire to leave,negative,202212_113.9448364_22.5462337.png
establishments,demanding environment,engagement in responsibilities,negative,202212_113.9448364_22.5462337.png
cityscape,sense of detachment,momentary escape,positive,202212_113.9450404_22.535707799999997.png
sidewalks,absence of chaos,relaxation,positive,202212_113.9450404_22.535707799999997.png
business,lack of refuge,increased stress,negative,202212_113.9450404_22.535707799999997.png
street,lack of escape,difficulty disconnecting,negative,202212_113.9450831_22.532614599999995.png
traffic,increased stress,avoidance of the area,negative,202212_113.9450831_22.532614599999995.png
construction,disruption of peace,seeking quieter spaces,negative,202212_113.9450831_22.532614599999995.png
buildings,routine environment,feeling of confinement,negative,202212_113.9450831_22.532614599999995.png
street,low sense of being away,seeking escape,negative,202212_113.9470978_22.576772299999995.png
traffic,nuisances of daily life,avoidance,negative,202212_113.9470978_22.576772299999995.png
pedestrians,busy environment,distraction,negative,202212_113.9470978_22.576772299999995.png
commercial,demands of everyday life,escape,negative,202212_113.9470978_22.576772299999995.png
road,busy environment,diminished escape,negative,202212_113.9459821_22.5082536.png
vehicles,stimulating context,reduced mental detachment,negative,202212_113.9459821_22.5082536.png
construction,distraction from routines,less peaceful experience,negative,202212_113.9459821_22.5082536.png
road,urban context,navigate urban space,neutral,202212_113.94629651068989_22.542967760048658.png
greenery,natural element,seek relaxation,positive,202212_113.94629651068989_22.542967760048658.png
setting,partial escape,manage daily concerns,neutral,202212_113.94629651068989_22.542967760048658.png
greenery,sense of separation,seeking refuge,positive,202212_113.94745420000001_22.5326484.png
traffic,limited feeling of refuge,avoiding chaos,negative,202212_113.94745420000001_22.5326484.png
pedestrian,ongoing activity,engaging with the environment,neutral,202212_113.94745420000001_22.5326484.png
street,not a refuge,remain in routine,negative,202212_113.9494489_22.5835412.png
traffic,stressful environment,avoidance of escape,negative,202212_113.9494489_22.5835412.png
vehicles,overwhelmed by movement,stay engaged,negative,202212_113.9494489_22.5835412.png
pedestrian,lack of tranquility,continue with daily life,negative,202212_113.9494489_22.5835412.png
road,sense of calm,escape from city life,positive,202212_113.9492952_22.578552499999997.png
greenery,feeling of detachment,relaxation,positive,202212_113.9492952_22.578552499999997.png
sky,enhanced detachment,mental retreat,positive,202212_113.9492952_22.578552499999997.png
traffic,stress and distraction,difficulty disengaging,negative,202212_113.9498905_22.530109799999998.png
structures,lack of refuge,inability to relax,negative,202212_113.9498905_22.530109799999998.png
urban,overwhelmed by demands,increased anxiety,negative,202212_113.9498905_22.530109799999998.png
trees,mental escape,seeking refuge,positive,202212_113.94775846119718_22.530135360848515.png
buildings,not a complete refuge,continuing daily activities,negative,202212_113.94775846119718_22.530135360848515.png
traffic,distraction from peace,avoiding the area,negative,202212_113.94775846119718_22.530135360848515.png
barriers,visual separation,exploring surroundings,positive,202212_113.94775846119718_22.530135360848515.png
trees,some natural respite,disconnect from stresses,positive,202212_113.9499065_22.586730500000005.png
urban environment,difficult to disconnect,remain engaged with demands,negative,202212_113.9499065_22.586730500000005.png
traffic,overarching stress,avoid the area,negative,202212_113.9499065_22.586730500000005.png
commercial activity,not a clear escape,stay alert to demands,negative,202212_113.9499065_22.586730500000005.png
trees,does not evoke escape,no desire to relax,negative,202212_113.9490199_22.546030899999998.png
walkway,functional environment,movement through space,neutral,202212_113.9490199_22.546030899999998.png
traffic,sense of busyness,engagement with city life,neutral,202212_113.9490199_22.546030899999998.png
pedestrians,active city atmosphere,social interaction,neutral,202212_113.9490199_22.546030899999998.png
trees,sense of openness,partial respite,positive,202212_113.9500057105782_22.531911222888294.png
roads,limited restorative potential,not a full detachment,negative,202212_113.9500057105782_22.531911222888294.png
traffic,limited restorative potential,not a full detachment,negative,202212_113.9500057105782_22.531911222888294.png
infrastructure,limited restorative potential,not a full detachment,negative,202212_113.9500057105782_22.531911222888294.png
street,calm environment,seeking tranquility,positive,202212_113.957409_22.523398700000005.png
sidewalk,sense of separation,walking leisurely,positive,202212_113.957409_22.523398700000005.png
greenery,relief from urban stress,enjoying nature,positive,202212_113.957409_22.523398700000005.png
road,open space,exploring freely,positive,202212_113.957409_22.523398700000005.png
street,difficult to disconnect,inability to find peace,negative,202212_113.9586343818181_22.526308153355252.png
traffic,implied stressors,increased anxiety,negative,202212_113.9586343818181_22.526308153355252.png
cars,urban demands,heightened stress,negative,202212_113.9586343818181_22.526308153355252.png
greenery,moderate sense of being away,pleasant diversion,positive,202212_113.9545483_22.523418799999998.png
sunlight,visual escape,pleasant diversion,positive,202212_113.9545483_22.523418799999998.png
traffic,diminished feeling of refuge,inability to forget daily tasks,negative,202212_113.9545483_22.523418799999998.png
road,diminished feeling of refuge,inability to forget daily tasks,negative,202212_113.9545483_22.523418799999998.png
intersection,lack of refuge,avoidance of the area,negative,202212_113.95960670000001_22.543149499999995.png
traffic,stress and distraction,increased anxiety,negative,202212_113.95960670000001_22.543149499999995.png
infrastructure,overwhelmed by urban life,desire to escape,negative,202212_113.95960670000001_22.543149499999995.png
intersection,lack of refuge,avoidance of the area,negative,202212_113.9620767_22.533686399999997.png
roads,stressful environment,increased urgency,negative,202212_113.9620767_22.533686399999997.png
buildings,overwhelming presence,desire to escape,negative,202212_113.9620767_22.533686399999997.png
streetscape,lack of refuge,continuation of daily life,negative,202212_113.95892840000002_22.530997099999993.png
vehicles,mental strain,no mental break,negative,202212_113.95892840000002_22.530997099999993.png
buildings,urban stress,no escape,negative,202212_113.95892840000002_22.530997099999993.png
greenery,respite from chaos,seeking relaxation,positive,202212_113.9622251_22.525877099999995.png
roads,functional environment,engaging in activity,neutral,202212_113.9622251_22.525877099999995.png
vehicles,active environment,navigating urban space,neutral,202212_113.9622251_22.525877099999995.png
buildings,not a strong refuge,managing demands,negative,202212_113.9622251_22.525877099999995.png
trees,potential escape,seeking refuge,positive,202212_113.9620692_22.54229159999999.png
traffic,urban demands,stress response,negative,202212_113.9620692_22.54229159999999.png
buildings,urban environment,feeling confined,negative,202212_113.9620692_22.54229159999999.png
infrastructure,lack of refuge,accepting city life,neutral,202212_113.9620692_22.54229159999999.png
street,not conducive to mental detachment,lack of escape,negative,202212_113.96385619829_22.528218699192326.png
traffic,connected to urban life,remaining engaged,negative,202212_113.96385619829_22.528218699192326.png
vehicles,sense of urban demands,feeling of obligation,negative,202212_113.96385619829_22.528218699192326.png
buildings,lack of escape,avoidance of space,negative,202212_113.9657473_22.531024799999994.png
intersection,urban bustle,distraction from retreat,negative,202212_113.9657473_22.531024799999994.png
traffic,everyday nuisances,stress response,negative,202212_113.9657473_22.531024799999994.png
trees,slight respite from daily stresses,seeking calmness,positive,202212_113.9673397_22.5402911.png
urban setting,lack of escape,feeling overwhelmed,negative,202212_113.9673397_22.5402911.png
traffic,ongoing demands of everyday life,avoiding stress,negative,202212_113.9673397_22.5402911.png
street,lack of escape,avoidance of the area,negative,202212_113.9694544_22.528250199999995.png
construction,distraction from peace,increased stress,negative,202212_113.9694544_22.528250199999995.png
traffic,overwhelmed by noise,desire to leave,negative,202212_113.9694544_22.528250199999995.png
buildings,confinement,seeking open spaces,negative,202212_113.9694544_22.528250199999995.png
intersection,trigger thoughts of daily routines,engagement with responsibilities,negative,202212_113.9699617_22.5669829.png
traffic,lack of tranquility,avoidance of relaxation,negative,202212_113.9699617_22.5669829.png
transport,functional space,focus on utility,neutral,202212_113.9699617_22.5669829.png
road,occupied environment,participation in urban life,neutral,202212_113.9699617_22.5669829.png
greenery,sense of escape,seeking refuge,positive,202212_113.9707424_22.556888399999995.png
infrastructure,sense of transit,daily commuting,negative,202212_113.9707424_22.556888399999995.png
trees,moderate sense of being away,temporary respite,neutral,202212_113.9707424_22.556888399999995.png
infrastructure,sense of refuge,mental detachment,positive,202212_113.9777356_22.525999399999996.png
greenery,visual escape,break from daily demands,positive,202212_113.9777356_22.525999399999996.png
trees,potential for being away,separation from distractions,positive,202212_113.9763109_22.537413099999995.png
path,limited feeling of escape,movement through space,negative,202212_113.9763109_22.537413099999995.png
roads,not entirely removed,awareness of surroundings,negative,202212_113.9763109_22.537413099999995.png
vehicles,mental detachment,distraction from environment,negative,202212_113.9763109_22.537413099999995.png
buildings,urban distractions,limited escape,negative,202212_113.9763109_22.537413099999995.png
greenery,moderate sense of being away,seeking refuge,positive,202212_113.9776265_22.5282479.png
roads,source of demands and nuisances,avoidance,negative,202212_113.9776265_22.5282479.png
traffic,source of demands and nuisances,avoidance,negative,202212_113.9776265_22.5282479.png
construction,less-than-ideal refuge quality,avoidance,negative,202212_113.9776265_22.5282479.png
greenery,refuge from daily pressures,mental break,positive,202212_113.9781346_22.541591999999998.png
pathway,sense of separation,escape from immediate demands,positive,202212_113.9781346_22.541591999999998.png
trees,moderate sense of being away,seeking escape,positive,202212_113.97205731173776_22.525946144985248.png
sunlight,somewhat removed atmosphere,enhancing relaxation,positive,202212_113.97205731173776_22.525946144985248.png
vehicles,limited feeling of escape,awareness of urban activity,negative,202212_113.97205731173776_22.525946144985248.png
road,active urban thoroughfare,reminding of daily demands,negative,202212_113.97205731173776_22.525946144985248.png
trees,sense of escape,exploring the park,positive,202212_113.9784782_22.546958099999998.png
greenery,sense of escape,exploring the park,positive,202212_113.9784782_22.546958099999998.png
pedestrian,separation from demands,walking,positive,202212_113.9784782_22.546958099999998.png
traffic,reminder of urban context,none,negative,202212_113.9784782_22.546958099999998.png
vehicle parts,reminder of urban context,none,negative,202212_113.9784782_22.546958099999998.png
highway,lack of escape,avoidance of space,negative,202212_113.9796876_22.550089899999996.png
buildings,overwhelmed by scale,focus on productivity,negative,202212_113.9796876_22.550089899999996.png
traffic,stress from noise,increased mobility,negative,202212_113.9796876_22.550089899999996.png
highway,lack of escape,detracts from refuge,negative,202212_113.983475_22.5611423.png
greenery,not a distinct retreat,fails to provide refuge,negative,202212_113.983475_22.5611423.png
infrastructure,integrated rather than natural,limits sense of retreat,negative,202212_113.983475_22.5611423.png
greenery,sense of being away,seeking refuge,positive,202212_113.9847278_22.5463916.png
buildings,urban pressure,feeling confined,negative,202212_113.9847278_22.5463916.png
traffic,ongoing journey,continuing movement,neutral,202212_113.9847278_22.5463916.png
trees,sense of separation,offering mental respite,positive,202212_113.9864589_22.5384042.png
greenery,potential escape,relieving daily stress,positive,202212_113.9864589_22.5384042.png
road,evoking distance,encouraging reflection,positive,202212_113.9864589_22.5384042.png
trees,less refuge,no escape,negative,202212_113.9874362_22.5298992.png
traffic,stressful environment,avoidance,negative,202212_113.9874362_22.5298992.png
construction,disruption,frustration,negative,202212_113.9874362_22.5298992.png
street,demands attention,engagement in daily routines,negative,202212_113.9878482_22.594933299999997.png
traffic,lack of refuge,increased stress,negative,202212_113.9878482_22.594933299999997.png
shops,visible daily routines,shopping or socializing,neutral,202212_113.9878482_22.594933299999997.png
density,overwhelmed,avoidance of the area,negative,202212_113.9878482_22.594933299999997.png
trees,moderate sense of being away,partial detachment from stressors,positive,202212_113.99163940000001_22.541493000000003.png
greenery,slight buffer from demands,reduction of immediate stress,positive,202212_113.99163940000001_22.541493000000003.png
urban street,not a complete escape,continued engagement with city life,negative,202212_113.99163940000001_22.541493000000003.png
streetscape,lack of refuge,avoidance of urban life,negative,202212_113.99079950000001_22.530676999999994.png
buildings,overwhelmed by activity,inability to escape tasks,negative,202212_113.99079950000001_22.530676999999994.png
traffic,stress from noise,desire to find quiet,negative,202212_113.99079950000001_22.530676999999994.png
infrastructure,functional but uninviting,no motivation to linger,negative,202212_113.99079950000001_22.530676999999994.png
greenery,sense of escape,temporary distraction,positive,202212_113.992758_22.535601.png
road,limited refuge,avoidance of nuisances,negative,202212_113.992758_22.535601.png
flyover,limited refuge,avoidance of nuisances,negative,202212_113.992758_22.535601.png
traffic,urban intensity,stress response,negative,202212_113.992758_22.535601.png
street,lack of solitude,difficulty detaching,negative,202212_113.99192240405_22.53970759280385.png
vehicles,increased stress,avoidance of refuge,negative,202212_113.99192240405_22.53970759280385.png
buildings,mental clutter,inability to escape,negative,202212_113.99192240405_22.53970759280385.png
vegetation,sense of separation,escape city life,positive,202212_113.9877001_22.541408800000003.png
greenery,sense of separation,escape city life,positive,202212_113.9877001_22.541408800000003.png
street,natural buffer,escape city life,positive,202212_113.9877001_22.541408800000003.png
street,lack of refuge,not stopping to think,negative,202212_113.9934075_22.5302353.png
traffic,constant activity,increased stress,negative,202212_113.9934075_22.5302353.png
urban,no mental detachment,continuing daily tasks,negative,202212_113.9934075_22.5302353.png
buildings,lack of escape,avoidance of stress,negative,202212_113.9951153_22.593116599999995.png
greenery,false sense of refuge,seeking tranquility,negative,202212_113.9951153_22.593116599999995.png
vehicles,urban activity,engagement in city life,neutral,202212_113.9951153_22.593116599999995.png
overpasses,constrained environment,limited relaxation,negative,202212_113.9951153_22.593116599999995.png
trees,not a sense of escape,not stopping to think,negative,202212_113.997421_22.5492356.png
sky,not a sense of escape,not stopping to think,negative,202212_113.997421_22.5492356.png
traffic,sense of urban routine,continuing daily tasks,negative,202212_113.997421_22.5492356.png
construction,sense of urban routine,continuing daily tasks,negative,202212_113.997421_22.5492356.png
trees,limited respite,minimal escape,negative,202212_114.0005612_22.5402458.png
buildings,lack of escape,continued work-related thoughts,negative,202212_114.0005612_22.5402458.png
vehicles,urban nuisances,increased stress,negative,202212_114.0005612_22.5402458.png
trees,degree of separation,disengage from concerns,positive,202212_114.006174_22.5489483.png
traffic,difficult to disengage,remain engaged with concerns,negative,202212_114.006174_22.5489483.png
environment,not a true refuge,continue facing daily concerns,negative,202212_114.006174_22.5489483.png
trees,escape from daily routines,seek tranquility,positive,202212_114.0018772_22.597864999999995.png
walkways,distinct space,explore environment,positive,202212_114.0018772_22.597864999999995.png
urban design,less demanding space,reduce stress,positive,202212_114.0018772_22.597864999999995.png
trees,slight respite,pause from routine,positive,202212_114.003756_22.5330749.png
sky,moderate sense of being away,temporary escape,positive,202212_114.003756_22.5330749.png
traffic,limited feeling of escape,grounded in routine,negative,202212_114.003756_22.5330749.png
crossings,keeps it grounded,maintaining daily demands,negative,202212_114.003756_22.5330749.png
greenery,sense of escape,momentarily escape,positive,202212_114.0109223_22.545793100000004.png
street,limited sense of escape,no refuge seeking,negative,202212_114.0100024_22.550471099999996.png
buildings,typical daily life,routine engagement,neutral,202212_114.0100024_22.550471099999996.png
greenery,integrated into urban fabric,minimal relaxation,negative,202212_114.0100024_22.550471099999996.png
trees,slight detachment from stressors,seeking refuge,positive,202212_114.0092385_22.547819099999998.png
sidewalks,moderate sense of being away,walking,neutral,202212_114.0092385_22.547819099999998.png
vehicles,reduced restorative potential,avoidance,negative,202212_114.0092385_22.547819099999998.png
buildings,limited feeling of refuge,navigating urban space,negative,202212_114.0092385_22.547819099999998.png
city,not a refuge,continue obligations,negative,202212_114.0212141_22.539334000000004.png
trees,partial refuge,momentary pause,positive,202212_114.0250293_22.545575599999992.png
space,sense of openness,break from stressors,positive,202212_114.0250293_22.545575599999992.png
traffic,organized flow,separation from urban demands,positive,202212_114.0250293_22.545575599999992.png
road,visual separation,reduce urban intensity,positive,202212_114.0250293_22.545575599999992.png
street,lack of escape,limited retreat,negative,202212_114.0287734_22.528464199999995.png
greenery,slight reprieve,temporary relief,positive,202212_114.0287734_22.528464199999995.png
buildings,urban activity,increased engagement,negative,202212_114.0287734_22.528464199999995.png
intersection,not a refuge,escape daily demands,negative,202212_114.0326051_22.526367499999996.png
traffic,detracts from being away,avoidance of stress,negative,202212_114.0326051_22.526367499999996.png
construction,low restorative quality,seek quieter spaces,negative,202212_114.0326051_22.526367499999996.png
trees,lack of refuge,transitional movement,negative,202212_114.0259265_22.5980184.png
buildings,urban stress,no escape,negative,202212_114.0259265_22.5980184.png
road,transitional space,passing through,neutral,202212_114.0259265_22.5980184.png
intersection,slight escape from chaos,crossing the street,neutral,202212_114.0252357_22.602827799999996.png
landscaping,less of a true refuge,seeking disconnection,negative,202212_114.0252357_22.602827799999996.png
vehicles,urban context,navigating traffic,negative,202212_114.0252357_22.602827799999996.png
infrastructure,functional part of the city,utilizing urban space,neutral,202212_114.0252357_22.602827799999996.png
greenery,partial escape from stress,seeking refuge,positive,202212_114.03322900000002_22.5227111.png
traffic,not a complete refuge,feeling of confinement,negative,202212_114.03322900000002_22.5227111.png
construction,not strongly detached,continuing usual concerns,negative,202212_114.03322900000002_22.5227111.png
streets,lack of escape,remain engaged,negative,202212_114.0402002_22.618895599999995.png
traffic,stressful environment,avoid relaxation,negative,202212_114.0402002_22.618895599999995.png
commercial,connected to routines,maintain responsibilities,negative,202212_114.0402002_22.618895599999995.png
street,limited sense of being away,difficult to escape,negative,202212_114.0464825_22.604190899999995.png
traffic,mental demands of daily routines,serves as a transition space,negative,202212_114.0464825_22.604190899999995.png
buildings,not a stark contrast,doesn't fully detach,negative,202212_114.0464825_22.604190899999995.png
trees,calmer atmosphere,detach from worries,positive,202212_114.0413393_22.5522922.png
streets,partial respite,seek tranquility,positive,202212_114.0413393_22.5522922.png
businesses,not isolated,engage with environment,neutral,202212_114.0413393_22.5522922.png
vehicles,urban demands,navigate space,negative,202212_114.0413393_22.5522922.png
buildings,lack of refuge,engagement in daily activities,negative,202212_114.048521_22.5232585.png
traffic,stressful environment,continuation of routine,negative,202212_114.048521_22.5232585.png
commercial,active participation,interaction with urban life,neutral,202212_114.048521_22.5232585.png
street,little mental detachment,no escape from responsibilities,negative,202212_114.05129640000001_22.540006999999996.png
buildings,lack of refuge,continued engagement with daily activities,negative,202212_114.05129640000001_22.540006999999996.png
traffic,increased distraction,avoidance of relaxation,negative,202212_114.05129640000001_22.540006999999996.png
greenery,not a refuge,avoidance of space,negative,202212_114.0580411_22.544623600000005.png
buildings,busy environment,stress response,negative,202212_114.0580411_22.544623600000005.png
traffic,daily demands,escape attempt,negative,202212_114.0580411_22.544623600000005.png
buildings,lack of escape,continue daily tasks,negative,202212_114.0551493_22.518495400000003.png
roads,active urban functioning,navigate through traffic,negative,202212_114.0551493_22.518495400000003.png
cars,stress from congestion,hurry through the area,negative,202212_114.0551493_22.518495400000003.png
greenery,minimal respite,briefly enjoy surroundings,neutral,202212_114.0551493_22.518495400000003.png
trees,slight refuge,seeking escape,positive,202212_114.0575884_22.571086199999996.png
traffic,stress and distraction,avoiding the area,negative,202212_114.0575884_22.571086199999996.png
construction,annoyance,leaving the space,negative,202212_114.0575884_22.571086199999996.png
greenery,fair sense of being away,provides a break,positive,202212_114.05453050881874_22.531582946106884.png
roads,calm and uncluttered,offers visual respite,positive,202212_114.05453050881874_22.531582946106884.png
buildings,active urban space,suggests functionality,negative,202212_114.05453050881874_22.531582946106884.png
infrastructure,not a complete escape,remains connected to city life,negative,202212_114.05453050881874_22.531582946106884.png
road,active urban environment,engagement with surroundings,neutral,202212_114.05647290249271_22.531616134751285.png
greenery,sense of being away,seeking tranquility,positive,202212_114.05647290249271_22.531616134751285.png
overpass,visual separation,avoiding urban bustle,positive,202212_114.05647290249271_22.531616134751285.png
vehicles,not a complete escape,accepting urban demands,negative,202212_114.05647290249271_22.531616134751285.png
setting,orderly environment,navigating urban life,neutral,202212_114.05647290249271_22.531616134751285.png
greenery,relief from stress,engaging with nature,positive,202212_114.05823080000002_22.540602100000005.png
walkways,sense of escape,strolling,positive,202212_114.05823080000002_22.540602100000005.png
curves,visual appeal,exploring,positive,202212_114.05823080000002_22.540602100000005.png
traffic,hindered mental escape,increased attention,negative,202212_114.0640476_22.537566699999996.png
construction,demanding presence,distraction from routines,negative,202212_114.0640476_22.537566699999996.png
trees,partial escape,seeking refuge,neutral,202212_114.062747_22.5450923.png
traffic,stressful environment,avoidance,negative,202212_114.062747_22.5450923.png
infrastructure,lack of tranquility,disengagement,negative,202212_114.062747_22.5450923.png
construction,disruption,retreat,negative,202212_114.062747_22.5450923.png
greenery,slight visual escape,thinking about travel purpose,positive,202212_114.0657653_22.5240759.png
traffic,not a complete refuge,thinking about destination,negative,202212_114.0657653_22.5240759.png
greenery,partial escape,seek refuge,positive,202212_114.0658167_22.534223299999994.png
barriers,restricted nature,avoid engagement,negative,202212_114.0658167_22.534223299999994.png
tents,organized space,participate in event,neutral,202212_114.0658167_22.534223299999994.png
urban,lack of refuge,continue daily demands,negative,202212_114.0658167_22.534223299999994.png
street,limited mental escape,difficulty disconnecting,negative,202212_114.0749288_22.531381700000004.png
trees,not a peaceful refuge,inability to relax,negative,202212_114.0749288_22.531381700000004.png
buildings,lack of refuge,no escape from demands,negative,202212_114.074178_22.542958200000005.png
roads,busy world reflection,increased stress,negative,202212_114.074178_22.542958200000005.png
infrastructure,no opportunity for relaxation,continued focus on tasks,negative,202212_114.074178_22.542958200000005.png
greenery,serene atmosphere,escape from daily demands,positive,202212_114.0681073_22.5504569.png
trees,visual separation,detachment from urban nuisances,positive,202212_114.0681073_22.5504569.png
park,tranquil setting,relaxation,positive,202212_114.0681073_22.5504569.png
intersection,not conducive to escape,seeking refuge,negative,202212_114.0693242600068_22.531683667678653.png
traffic,constant activity,increased stress,negative,202212_114.0693242600068_22.531683667678653.png
buildings,urban demands,desire to leave,negative,202212_114.0693242600068_22.531683667678653.png
road,limited psychological escape,not to escape,negative,202212_114.0682546_22.529498600000004.png
cars,stressful environment,engage in daily commute,negative,202212_114.0682546_22.529498600000004.png
traffic,overwhelming presence,navigate through urban life,negative,202212_114.0682546_22.529498600000004.png
infrastructure,functional space,utilize urban amenities,neutral,202212_114.0682546_22.529498600000004.png
trees,partial escape,seek tranquility,negative,202212_114.0770361_22.5528905.png
traffic,stress and distraction,avoidance of busy areas,negative,202212_114.0770361_22.5528905.png
construction,annoyance,desire for peace,negative,202212_114.0770361_22.5528905.png
streetscape,lack of escape,remain grounded,negative,202212_114.0773676_22.536894000000004.png
infrastructure,sense of reality,continue daily activities,negative,202212_114.0773676_22.536894000000004.png
commerce,everyday engagement,participate in urban life,neutral,202212_114.0773676_22.536894000000004.png
traffic,lack of refuge,avoidance of urban nuisances,negative,202212_114.0792369_22.545414399999995.png
street,mental escape,observing street life,positive,202212_114.0792369_22.545414399999995.png
road,not a strong refuge,remain connected to concerns,negative,202212_114.0804019_22.536471599999995.png
buildings,active part of the city,engage with urban life,neutral,202212_114.0804019_22.536471599999995.png
infrastructure,connected to everyday concerns,avoid relaxation,negative,202212_114.0804019_22.536471599999995.png
road,low sense of escape,requires attention to navigate,negative,202212_114.0815082_22.551580299999998.png
structures,not a refuge,difficult to disconnect,negative,202212_114.0815082_22.551580299999998.png
street,disruptive environment,lack of escape,negative,202212_114.08547860000002_22.545569100000005.png
traffic,stressful atmosphere,avoidance of typical concerns,negative,202212_114.08547860000002_22.545569100000005.png
pedestrians,overwhelming presence,inability to relax,negative,202212_114.08547860000002_22.545569100000005.png
commercial,busy setting,distraction from peace,negative,202212_114.08547860000002_22.545569100000005.png
street,lack of escape,transit,negative,202212_114.0888418_22.549250199999996.png
trees,not a true sanctuary,limited refuge,negative,202212_114.0888418_22.549250199999996.png
greenery,limited sense of being away,not escaping mental burdens,negative,202212_114.0864988_22.5573059.png
infrastructure,functional space,preventing refuge,negative,202212_114.0864988_22.5573059.png
vehicles,disruption of calm,inhibiting relaxation,negative,202212_114.0864988_22.5573059.png
pedestrian,busy atmosphere,distracting from escape,negative,202212_114.0864988_22.5573059.png
structures,implies ongoing activity,suggesting lack of tranquility,negative,202212_114.0864988_22.5573059.png
buildings,lack of escape,prevent mental detachment,negative,202212_114.08602951132886_22.537348600226945.png
traffic,distraction from daily life,maintain everyday concerns,negative,202212_114.08602951132886_22.537348600226945.png
roads,urban activity awareness,engagement with surroundings,neutral,202212_114.08602951132886_22.537348600226945.png
trees,not a strong refuge,avoidance of tasks,negative,202212_114.0888882_22.555174399999995.png
traffic,active and demanding environment,increased stress,negative,202212_114.0888882_22.555174399999995.png
barriers,lack of tranquility,hesitation to stop,negative,202212_114.0888882_22.555174399999995.png
signs,overstimulation,distraction from relaxation,negative,202212_114.0888882_22.555174399999995.png
traffic,overwhelmed by demands,increased stress,negative,202212_114.0865741_22.540655199999996.png
signage,visual clutter,difficulty concentrating,negative,202212_114.0865741_22.540655199999996.png
housing,lack of refuge,feeling trapped,negative,202212_114.0865741_22.540655199999996.png
vehicles,constant activity,inability to disconnect,negative,202212_114.0865741_22.540655199999996.png
trees,potential escape,seeking refuge,positive,202212_114.0908997_22.5583526.png
greenery,contrast to urban life,finding tranquility,positive,202212_114.0908997_22.5583526.png
urban density,limited refuge,feeling overwhelmed,negative,202212_114.0908997_22.5583526.png
street,limited escape,break from tasks,negative,202212_114.0946319_22.559820999999996.png
traffic,not a true refuge,difficulty to relax,negative,202212_114.0946319_22.559820999999996.png
buildings,busy environment,inability to be away,negative,202212_114.0946319_22.559820999999996.png
traffic,lack of escape,avoidance of the area,negative,202212_114.0910387431752_22.549649716591308.png
construction,stressful environment,increased anxiety,negative,202212_114.0910387431752_22.549649716591308.png
greenery,minimal relief,temporary distraction,neutral,202212_114.0910387431752_22.549649716591308.png
street,lack of mental respite,engagement in present environment,negative,202212_114.09609029793786_22.563386597747023.png
traffic,overwhelmed by activity,focus on obligations,negative,202212_114.09609029793786_22.563386597747023.png
commercial,constant distraction,increased engagement,negative,202212_114.09609029793786_22.563386597747023.png
street,lack of tranquility,difficulty escaping responsibilities,negative,202212_114.09686669419649_22.53823779479983.png
traffic,overwhelmed by activity,inability to focus,negative,202212_114.09686669419649_22.53823779479983.png
construction,stress from noise,avoidance of the area,negative,202212_114.09686669419649_22.53823779479983.png
advertisements,distraction from daily life,increased mental clutter,negative,202212_114.09686669419649_22.53823779479983.png
traffic,hindered sense of escape,difficulty disconnecting,negative,202212_114.0995911_22.547427900000002.png
buildings,hindered sense of escape,difficulty disconnecting,negative,202212_114.0995911_22.547427900000002.png
pedestrian,hindered sense of escape,difficulty disconnecting,negative,202212_114.0995911_22.547427900000002.png
road,lack of escape,difficulty focusing,negative,202212_114.0992364_22.5675924.png
traffic,stressful environment,constant distraction,negative,202212_114.0992364_22.5675924.png
vehicles,overwhelming demands,inability to relax,negative,202212_114.0992364_22.5675924.png
intersection,not a refuge,avoidance of nuisances,negative,202212_114.10168900000001_22.5615177.png
traffic,demanding attention,engagement in daily life,negative,202212_114.10168900000001_22.5615177.png
urban,lack of escape,increased stress,negative,202212_114.10168900000001_22.5615177.png
intersection,sense of ongoing activity,increased stress,negative,202212_114.1057477_22.5868114.png
traffic,lack of refuge,avoidance of the area,negative,202212_114.1057477_22.5868114.png
commercial,constant demands,heightened anxiety,negative,202212_114.1057477_22.5868114.png
intersection,lack of escape,continuing tasks,negative,202212_114.1040977_22.558683299999995.png
traffic,stressful environment,avoiding relaxation,negative,202212_114.1040977_22.558683299999995.png
buildings,overwhelmed by modernity,increased focus on duties,negative,202212_114.1040977_22.558683299999995.png
pedestrian,busy atmosphere,maintaining pace,negative,202212_114.1040977_22.558683299999995.png
traffic,lack of escape,continuation of tasks,negative,202212_114.0995213_22.5434379.png
buildings,not a refuge,momentary pause,negative,202212_114.0995213_22.5434379.png
urban,source of demands,wish to escape,negative,202212_114.0995213_22.5434379.png
intersection,weak sense of being away,difficulty disconnecting,negative,202212_114.1080003_22.547008299999998.png
traffic,grounded in everyday environment,staying focused on immediate concerns,negative,202212_114.1080003_22.547008299999998.png
signage,lack of natural escape,inability to find refuge,negative,202212_114.1080003_22.547008299999998.png
trees,limited sense of being away,persistent thoughts of responsibilities,negative,202212_114.1073357_22.551541099999998.png
traffic,not a true refuge,escape nuisances,negative,202212_114.1073357_22.551541099999998.png
businesses,busy city environment,engagement in daily demands,negative,202212_114.1073357_22.551541099999998.png
pedestrians,constant urban activity,distraction from relaxation,negative,202212_114.1073357_22.551541099999998.png
intersection,amplified stress,avoidance of the area,negative,202212_114.1136781_22.5459787.png
traffic,overwhelming noise,increased anxiety,negative,202212_114.1136781_22.5459787.png
skyscrapers,claustrophobic feeling,desire to escape,negative,202212_114.1136781_22.5459787.png
traffic,lack of refuge,engagement with activities,negative,202212_114.11459180000001_22.55045009999999.png
pedestrians,lack of tranquility,participation in urban life,negative,202212_114.11459180000001_22.55045009999999.png
businesses,commercial engagement,interaction with commerce,neutral,202212_114.11459180000001_22.55045009999999.png
intersection,lack of refuge,avoid stopping to think,negative,202212_114.115885_22.542810800000005.png
traffic,constant distraction,continue moving,negative,202212_114.115885_22.542810800000005.png
pedestrians,overwhelming activity,not pausing,negative,202212_114.115885_22.542810800000005.png
street,lack of escape,difficult to disengage,negative,202212_114.1155962_22.578588599999996.png
traffic,stressful environment,avoidance of area,negative,202212_114.1155962_22.578588599999996.png
buildings,overwhelmed by urbanity,seeking refuge,negative,202212_114.1155962_22.578588599999996.png
buildings,not a primary refuge,difficulty in feeling escape,negative,202212_114.12189830000001_22.547177099999995.png
infrastructure,surrounded by daily concerns,lack of mental respite,negative,202212_114.12189830000001_22.547177099999995.png
greenery,limited sense of escape,avoid stressors,negative,202212_114.1221424_22.5430785.png
streetscape,lack of refuge,remain engaged,negative,202212_114.1221424_22.5430785.png
trees,sense of separation,mental detachment,positive,202212_114.11790390000002_22.574163199999994.png
sidewalks,partial escape,walking,positive,202212_114.11790390000002_22.574163199999994.png
greenery,proximity to nature,being in nature,positive,202212_114.11790390000002_22.574163199999994.png
greenery,less of a refuge,unlikely to facilitate escape,negative,202212_114.12220825245038_22.563703360607565.png
street,active urban life,engagement in daily activities,neutral,202212_114.12220825245038_22.563703360607565.png
street,lack of refuge,avoidance of obligations,negative,202212_114.12250510000001_22.569388200000002.png
traffic,overwhelming activity,increased stress,negative,202212_114.12250510000001_22.569388200000002.png
development,constant demands,heightened awareness,negative,202212_114.12250510000001_22.569388200000002.png
trees,active city environment,less likely to escape,negative,202212_114.1259666_22.5495058.png
structures,no sense of refuge,does not provide mental escape,negative,202212_114.1259666_22.5495058.png
traffic,busy atmosphere,increases daily demands,negative,202212_114.1259666_22.5495058.png
traffic,sense of order,preventing detachment,negative,202212_114.124049_22.5739252.png
infrastructure,mental noise,not escaping daily worries,negative,202212_114.124049_22.5739252.png
traffic,not conducive to escape,avoidance of responsibilities,negative,202212_114.1282478_22.556577899999997.png
construction,not a tranquil refuge,distraction from relaxation,negative,202212_114.1282478_22.556577899999997.png
advertisements,overwhelmed by urban activity,inability to focus,negative,202212_114.1282478_22.556577899999997.png
environment,functional and active,lack of restorative experience,negative,202212_114.1282478_22.556577899999997.png
trees,feeling of being away,seeking refuge,positive,202212_114.12949016241659_22.558269175576793.png
traffic,not a complete escape,limited relaxation,negative,202212_114.12949016241659_22.558269175576793.png
urban,associated demands,stress response,negative,202212_114.12949016241659_22.558269175576793.png
traffic,stressful environment,avoidance of the area,negative,202212_114.13172_22.5619088.png
buildings,lack of escape,increased tension,negative,202212_114.13172_22.5619088.png
roads,disconnection difficulty,inability to relax,negative,202212_114.13172_22.5619088.png
traffic,limited sense of being away,difficulty escaping stressors,negative,202212_114.1260223_22.545151.png
pedestrians,lack of mental disconnection,remaining in daily life,negative,202212_114.1260223_22.545151.png
city,not a peaceful refuge,inability to relax,negative,202212_114.1260223_22.545151.png
street,not a secluded refuge,less likely to seek respite,negative,202212_114.1347298_22.5653844.png
trees,some nature presence,potentially calming effect,neutral,202212_114.1347298_22.5653844.png
buildings,urban demands evident,engagement in daily life,neutral,202212_114.1347298_22.5653844.png
street,not a refuge,continue urban life,negative,202212_114.2485962_22.597206699999997.png
greenery,bustling city,limited escape,negative,202212_114.2485962_22.597206699999997.png
vehicles,continuation of urban life,stay engaged,negative,202212_114.2485962_22.597206699999997.png
buildings,not conducive to escape,remain in urban setting,negative,202212_114.2485962_22.597206699999997.png
traffic,reminder of everyday concerns,lack of escape,negative,202212_114.1380678_22.544122199999997.png
buildings,lack of detachment,inability to relax,negative,202212_114.1380678_22.544122199999997.png
vehicles,stress from busyness,avoidance of the area,negative,202212_114.1380678_22.544122199999997.png
city,overwhelming environment,desire for retreat,negative,202212_114.1380678_22.544122199999997.png
trees,slight separation from demands,attempt to escape,positive,202212_114.1399675_22.587510199999997.png
sidewalks,limited sense of being away,walking away from traffic,negative,202212_114.1399675_22.587510199999997.png
construction,diminished quality as refuge,avoidance of area,negative,202212_114.1399675_22.587510199999997.png
traffic,mental load of the city,inability to relax,negative,202212_114.1399675_22.587510199999997.png
trees,touch of nature,seek refuge,positive,202212_114.2486637_22.5930944.png
traffic,amplified stress,avoidance,negative,202212_114.2486637_22.5930944.png
intersection,chaotic environment,increased anxiety,negative,202212_114.2486637_22.5930944.png
street,limited sense of escape,remain grounded,negative,202212_114.2528768_22.592105399999994.png
traffic,stress from environment,avoid outdoor spaces,negative,202212_114.2528768_22.592105399999994.png
construction,disruption of peace,seek quieter areas,negative,202212_114.2528768_22.592105399999994.png
vehicles,connected to life stressors,feeling overwhelmed,negative,202212_114.2544329_22.595808399999996.png
construction,sense of practical concerns,lack of escape,negative,202212_114.2544329_22.595808399999996.png
infrastructure,not a strong refuge,staying engaged with daily demands,negative,202212_114.2544329_22.595808399999996.png
traffic,lack of escape,increased stress,negative,202212_114.2643742_22.586968899999995.png
infrastructure,mental strain,avoidance of space,negative,202212_114.2643742_22.586968899999995.png
vehicles,urban demands,distraction from obligations,negative,202212_114.2643742_22.586968899999995.png
concrete,feeling trapped,desire for respite,negative,202212_114.2643742_22.586968899999995.png
streetscape,nuisance of daily life,seeking escape,negative,202212_114.2606373_22.731686.png
traffic,stress and chaos,avoidance,negative,202212_114.2606373_22.731686.png
commercial,lack of tranquility,disengagement,negative,202212_114.2606373_22.731686.png
development,overwhelmed,retreat,negative,202212_114.2606373_22.731686.png
functionality,utilitarian mindset,task-oriented actions,negative,202212_114.2606373_22.731686.png
transit,lack of peace,hurry,negative,202212_114.2606373_22.731686.png
street,not a refuge,engaging in daily routines,negative,202212_114.3044076_22.602801.png
traffic,stressful environment,navigating through congestion,negative,202212_114.3044076_22.602801.png
businesses,active engagement,participating in commerce,neutral,202212_114.3044076_22.602801.png
roads,connected to daily life,commuting,neutral,202212_114.3044076_22.602801.png
vehicles,lack of escape,difficulty disengaging,negative,202212_114.266971_22.582969499999997.png
infrastructure,potentially noisy environment,inability to relax,negative,202212_114.266971_22.582969499999997.png
traffic,urban stimuli,feeling overwhelmed,negative,202212_114.266971_22.582969499999997.png
natural elements,lack of detachment,no refuge available,negative,202212_114.266971_22.582969499999997.png
spots,absence of seclusion,no opportunity for retreat,negative,202212_114.266971_22.582969499999997.png
greenery,sense of refuge,seeking escape,positive,202212_114.3161841_22.598858599999993.png
road,diminished refuge,passing through,negative,202212_114.3161841_22.598858599999993.png
infrastructure,lack of destination,not designed for escape,negative,202212_114.3161841_22.598858599999993.png
