spatial_element,psychological_perception,behavioral_motivation,relation_type,image_id
highway,limited exploration,restricted movement,negative,201311_113.83766518162263_22.641416403895732.png
barriers,sense of confinement,avoidance of new directions,negative,201311_113.83766518162263_22.641416403895732.png
roadway,sense of spaciousness,movement and exploration,positive,201311_113.83533558902073_22.644305643221244.png
vehicles,dynamic environment,traveling,positive,201311_113.83533558902073_22.644305643221244.png
buildings,broader context,exploring further areas,positive,201311_113.83533558902073_22.644305643221244.png
hills,sense of distance,desire to venture out,positive,201311_113.83533558902073_22.644305643221244.png
road,constrained exploration,hesitation to explore,negative,201311_113.826843_22.5991516.png
trees,limited openness,avoidance of engagement,negative,201311_113.826843_22.5991516.png
wall,sense of confinement,withdrawal from space,negative,201311_113.826843_22.5991516.png
overpass,blocked view,disinterest in surroundings,negative,201311_113.826843_22.5991516.png
construction,disruption of peace,avoidance of area,negative,201311_113.826843_22.5991516.png
road,limited spatial exploration,restricted movement,negative,201311_113.8327226_22.588928800000005.png
greenery,sense of confinement,hesitation to explore,negative,201311_113.8327226_22.588928800000005.png
wall,feeling of boundaries,avoidance of exploration,negative,201311_113.8327226_22.588928800000005.png
highway,sense of linearity and forward movement,possibility of travel,positive,201311_113.87865392033376_22.61317748414232.png
road,hints at a larger environment,exploration,positive,201311_113.87865392033376_22.61317748414232.png
greenery,sense of freedom,enjoyment of nature,positive,201311_113.87865392033376_22.61317748414232.png
mountains,sense of distance,desire to explore,positive,201311_113.87865392033376_22.61317748414232.png
vehicle,limited sense of exploration,restricted movement,negative,201311_113.87865392033376_22.61317748414232.png
roadside,immediate environment,awareness of surroundings,neutral,201311_113.87865392033376_22.61317748414232.png
highway,limited sense of exploration,constrained movement,negative,201311_113.83882751120629_22.63997007932517.png
mountains,hint of larger landscape,encouraged curiosity,positive,201311_113.83882751120629_22.63997007932517.png
barriers,feeling of confinement,reduced exploration,negative,201311_113.83882751120629_22.63997007932517.png
road,expansive view,limited physical movement,neutral,201311_113.83882751120629_22.63997007932517.png
road,suggests a journey,exploration,positive,201311_113.8247679_22.6033668.png
foliage,limited exploration,hesitation,negative,201311_113.8247679_22.6033668.png
fence,sense of confinement,restriction,negative,201311_113.8247679_22.6033668.png
property,lack of openness,avoidance,negative,201311_113.8247679_22.6033668.png
road,sense of exploration,encourages movement,positive,201311_113.8462841_22.583814599999993.png
walls,feeling of confinement,restricts movement,negative,201311_113.8462841_22.583814599999993.png
vegetation,limited openness,reduces exploration,negative,201311_113.8462841_22.583814599999993.png
road,sense of limited boundaries,limited exploration,negative,201311_113.83844682320864_22.579318505915754.png
vegetation,sense of confinement,restricted movement,negative,201311_113.83844682320864_22.579318505915754.png
wall,feeling of enclosure,discouraged exploration,negative,201311_113.83844682320864_22.579318505915754.png
highway,limited sense of freedom,restricted exploration,negative,201311_113.84117664281987_22.637094674727816.png
barrier,constrained environment,lack of movement,negative,201311_113.84117664281987_22.637094674727816.png
roads,sense of spaciousness,exploration,positive,201311_113.882861_22.6128348.png
greenery,calming effect,movement,positive,201311_113.882861_22.6128348.png
pathways,invitation to discover,walking,positive,201311_113.882861_22.6128348.png
landscaping,openness,exploration,positive,201311_113.882861_22.6128348.png
sports courts,active engagement,participation in sports,positive,201311_113.882861_22.6128348.png
roads,potential for exploration,exploring surroundings,positive,201311_113.8964295_22.5980825.png
horizon,sense of openness,seeking new experiences,positive,201311_113.8964295_22.5980825.png
greenery,connection to nature,spending time outdoors,positive,201311_113.8964295_22.5980825.png
infrastructure,feeling contained,limited exploration,negative,201311_113.8964295_22.5980825.png
fences,sense of restriction,avoiding certain areas,negative,201311_113.8964295_22.5980825.png
road,sense of openness,explore,positive,201311_113.9210168_22.637396899999995.png
barrier,limited exploration,restrict movement,negative,201311_113.9210168_22.637396899999995.png
areas,restricted feeling,limit movement,negative,201311_113.9210168_22.637396899999995.png
roads,sense of openness,exploration,positive,201311_113.91650685779294_22.599782819195894.png
views,feeling of spaciousness,movement,positive,201311_113.91650685779294_22.599782819195894.png
infrastructure,defined space,navigation,neutral,201311_113.91650685779294_22.599782819195894.png
sky,sense of potential,exploration,positive,201311_113.91650685779294_22.599782819195894.png
buildings,sense of confinement,limited exploration,negative,201311_113.8903839_22.5539715.png
vehicles,feeling of restriction,hesitation to move,negative,201311_113.8903839_22.5539715.png
sidewalks,sense of order,structured movement,neutral,201311_113.8903839_22.5539715.png
street,lack of openness,avoidance of exploration,negative,201311_113.8903839_22.5539715.png
highway,sense of openness,exploration,positive,201311_113.9022082_22.590201799999996.png
barriers,limited perception,restricted exploration,negative,201311_113.9022082_22.590201799999996.png
road,focus on immediate path,narrowed travel options,neutral,201311_113.9022082_22.590201799999996.png
roads,degree of openness,movement,positive,201311_113.907799_22.526203099999996.png
buildings,perceived boundaries,restricted exploration,negative,201311_113.907799_22.526203099999996.png
sidewalks,moderate environment,walking,neutral,201311_113.907799_22.526203099999996.png
fences,imposed limits,hesitation to explore,negative,201311_113.907799_22.526203099999996.png
traffic,sense of danger,caution in movement,negative,201311_113.907799_22.526203099999996.png
pathway,well-defined route,navigating urban space,positive,201311_113.907799_22.526203099999996.png
road,possibility of movement,exploration,positive,201311_113.90606_22.596435000000003.png
vegetation,sense of openness,navigate surroundings,positive,201311_113.90606_22.596435000000003.png
fences,limitations on freedom,hesitation to explore,negative,201311_113.90606_22.596435000000003.png
urban elements,bounded environment,restrictive movement,negative,201311_113.90606_22.596435000000003.png
highway,sense of openness,exploration,positive,201311_113.9315387_22.6072424.png
landscapes,feeling of vastness,movement,positive,201311_113.9315387_22.6072424.png
hills,curiosity,exploration,positive,201311_113.9315387_22.6072424.png
greenery,connection to nature,leisure activities,positive,201311_113.9315387_22.6072424.png
trees,sense of spaciousness,exploration,positive,201311_113.92134492327405_22.6301559311904.png
road,sense of openness,movement,positive,201311_113.92134492327405_22.6301559311904.png
wooded area,hint of expansiveness,curiosity,positive,201311_113.92134492327405_22.6301559311904.png
road,ample space for exploration,movement and discovery,positive,201311_113.95997440000001_22.599463099999998.png
sidewalks,sense of freedom,exploration,positive,201311_113.95997440000001_22.599463099999998.png
lanes,feeling of expanse,movement,positive,201311_113.95997440000001_22.599463099999998.png
pathways,sense of openness,discovery,positive,201311_113.95997440000001_22.599463099999998.png
trees,feeling of expanse,exploration,positive,201311_113.95997440000001_22.599463099999998.png
street,limited exploration,avoidance of exploration,negative,201311_113.9212475061574_22.624198398318953.png
sidewalks,constrained movement,hesitation to explore,negative,201311_113.9212475061574_22.624198398318953.png
cars,sense of boundaries,reduced curiosity,negative,201311_113.9212475061574_22.624198398318953.png
sky,feeling of openness,increased desire for freedom,positive,201311_113.9212475061574_22.624198398318953.png
path,feeling of spaciousness,movement and exploration,positive,201311_113.955732_22.590690699999996.png
road,sense of openness,discovering new areas,positive,201311_113.955732_22.590690699999996.png
sidewalks,comfort in navigation,encouraging walking,positive,201311_113.955732_22.590690699999996.png
sky,feeling of freedom,exploration,positive,201311_113.955732_22.590690699999996.png
boundaries,lack of restriction,enhanced movement,positive,201311_113.955732_22.590690699999996.png
highway,sense of forward progression,movement along the road,positive,201311_113.93390290000002_22.603255199999996.png
trees,suggestion of breadth,exploration of surroundings,positive,201311_113.93390290000002_22.603255199999996.png
road,implicit boundaries,limited exploration,negative,201311_113.93390290000002_22.603255199999996.png
lanes,confinement of movement,restricted exploration,negative,201311_113.93390290000002_22.603255199999996.png
road,sense of openness,exploration,positive,201311_113.972093_22.603460099999996.png
green spaces,feeling of tranquility,movement,positive,201311_113.972093_22.603460099999996.png
pathways,invitation to discover,discovery,positive,201311_113.972093_22.603460099999996.png
road,sense of freedom,exploration,positive,201311_113.97217166373336_22.598046834891043.png
area,possibilities for movement,discovery,positive,201311_113.97217166373336_22.598046834891043.png
path,implied adventure,journeying,positive,201311_113.97217166373336_22.598046834891043.png
woods,curiosity,exploration,positive,201311_113.97217166373336_22.598046834891043.png
buildings,sense of enclosure,limited exploration,negative,201311_113.9785024_22.6241635.png
street,well-defined path,encouraged movement,positive,201311_113.9785024_22.6241635.png
urban infrastructure,structured environment,navigational ease,positive,201311_113.9785024_22.6241635.png
traffic,sense of activity,cautious engagement,neutral,201311_113.9785024_22.6241635.png
street,sense of confinement,limited exploration,negative,201311_113.9787376_22.589872099999997.png
buildings,feeling of boundaries,restricted movement,negative,201311_113.9787376_22.589872099999997.png
sidewalks,sense of linearity,following a path,neutral,201311_113.9787376_22.589872099999997.png
pathway,sense of spaciousness,exploration,positive,201311_113.9824091_22.594394199999996.png
trees,room to move,movement,positive,201311_113.9824091_22.594394199999996.png
fences,visible boundaries,restricted movement,negative,201311_113.9824091_22.594394199999996.png
buildings,impression of large area,exploration in multiple directions,positive,201311_113.9824091_22.594394199999996.png
street,sense of movement,traversing the space,positive,201311_113.9874162_22.598817899999997.png
buildings,visual depth,exploring surroundings,positive,201311_113.9874162_22.598817899999997.png
hillside,aesthetic appreciation,enjoying the view,positive,201311_113.9874162_22.598817899999997.png
roadway,limited exploration,simply traversing,negative,201311_113.9874162_22.598817899999997.png
roads,sense of openness,encouragement to explore,positive,201311_113.9934289_22.598725899999998.png
buildings,feeling of unconfined space,movement towards larger areas,positive,201311_113.9934289_22.598725899999998.png
green,calming environment,desire to engage with nature,positive,201311_113.9934289_22.598725899999998.png
pathways,invitation for exploration,walking and discovering,positive,201311_113.9934289_22.598725899999998.png
road,limited exploration,reduced movement,negative,201311_113.9956108_22.602901100000004.png
buildings,defined boundaries,restricted exploration,negative,201311_113.9956108_22.602901100000004.png
water,danger indication,avoidance behavior,negative,201311_113.9956108_22.602901100000004.png
landscaped areas,limited possibilities,hesitation to explore,negative,201311_113.9956108_22.602901100000004.png
road,potential for movement,exploration,positive,201311_113.9849525_22.597865099999996.png
sidewalks,sense of scale,movement,positive,201311_113.9849525_22.597865099999996.png
fences,limited exploration,restricted movement,negative,201311_113.9849525_22.597865099999996.png
boundaries,implied restrictions,cautious navigation,negative,201311_113.9849525_22.597865099999996.png
built environment,visible extent,curiosity,neutral,201311_113.9849525_22.597865099999996.png
trees,sense of exploration,wander and discover,positive,201311_113.97215286575438_22.599851368800312.png
sidewalks,sense of freedom,movement,positive,201311_113.97215286575438_22.599851368800312.png
wooded area,sense of openness,exploration,positive,201311_113.97215286575438_22.599851368800312.png
road,constrained exploration,limited movement,negative,201311_114.010794_22.5554258.png
buildings,sense of confinement,restricted exploration,negative,201311_114.010794_22.5554258.png
traffic,feeling of danger,avoidance of areas,negative,201311_114.010794_22.5554258.png
boundaries,lack of freedom,hesitation to explore,negative,201311_114.010794_22.5554258.png
street,sense of openness,exploration in multiple directions,positive,201311_114.00419846671053_22.673102084815238.png
buildings,potential for movement,further exploration,positive,201311_114.00419846671053_22.673102084815238.png
road,sense of vastness,exploration,positive,201311_113.9934635_22.605469299999996.png
greenery,feeling of space,exploration,positive,201311_113.9934635_22.605469299999996.png
mountains,broader area to explore,exploration,positive,201311_113.9934635_22.605469299999996.png
sky,sense of openness,exploration,positive,201311_113.9934635_22.605469299999996.png
pathways,reasonable feeling of space,exploration,positive,201311_113.9934635_22.605469299999996.png
roads,sense of exploration,encourages movement,positive,201311_113.9978764_22.603342699999995.png
spaces,feeling of openness,promotes wandering,positive,201311_113.9978764_22.603342699999995.png
infrastructure,sense of limitation,restricts exploration,negative,201311_113.9978764_22.603342699999995.png
buildings,feeling of confinement,discourages movement,negative,201311_113.9978764_22.603342699999995.png
trees,sense of nature,encourages exploration,positive,201311_114.0367137_22.625328199999995.png
buildings,feeling of confinement,limits exploration,negative,201311_114.0367137_22.625328199999995.png
fences,sense of restriction,discourages movement,negative,201311_114.0367137_22.625328199999995.png
road,pathway for movement,facilitates navigation,positive,201311_114.0367137_22.625328199999995.png
complex,feeling of community,promotes social interaction,positive,201311_114.0367137_22.625328199999995.png
intersection,sense of openness,exploration,positive,201311_114.108805_22.539949000000004.png
roads,freedom of movement,navigating,positive,201311_114.108805_22.539949000000004.png
sidewalks,safety,walking,positive,201311_114.108805_22.539949000000004.png
buildings,urban familiarity,exploring surroundings,positive,201311_114.108805_22.539949000000004.png
buildings,limited exploration,walking along sidewalk,negative,201311_114.1329892_22.5822593.png
traffic,constrained movement,hesitation to explore,negative,201311_114.1329892_22.5822593.png
infrastructure,lack of openness,restricted navigation,negative,201311_114.1329892_22.5822593.png
buildings,sense of boundaries,limited exploration,negative,201311_114.07813510000001_22.5592236.png
roads,feeling of confinement,restricted movement,negative,201311_114.07813510000001_22.5592236.png
pathways,sense of direction,navigating within limits,neutral,201311_114.07813510000001_22.5592236.png
commercial areas,sense of activity,engaging with surroundings,positive,201311_114.07813510000001_22.5592236.png
road,limited exploration,restricted movement,negative,201311_114.0918839_22.580004399999996.png
cliff,uninviting environment,avoidance of area,negative,201311_114.0918839_22.580004399999996.png
debris,sense of boundaries,hesitation to explore,negative,201311_114.0918839_22.580004399999996.png
fence,feeling of confinement,limited wandering,negative,201311_114.0918839_22.580004399999996.png
landscape,transitional zone,lack of engagement,negative,201311_114.0918839_22.580004399999996.png
road,potential for exploration,movement,positive,201311_114.1260936_22.5848949.png
slopes,sense of openness,exploration,positive,201311_114.1260936_22.5848949.png
urban,sense of limitation,hesitation to explore,negative,201311_114.1260936_22.5848949.png
buildings,moderate sense of scope,exploration,positive,201311_114.0363794_22.549060799999996.png
greenery,suggests pathways,movement,positive,201311_114.0363794_22.549060799999996.png
roads,allows for movement,navigation,positive,201311_114.0363794_22.549060799999996.png
sidewalks,facilitates movement,walking,positive,201311_114.0363794_22.549060799999996.png
construction,limits feeling of exploration,hesitation,negative,201311_114.0363794_22.549060799999996.png
buildings,restricted exploration,limited movement,negative,201311_114.1331646_22.6036264.png
vehicles,constrained freedom,hesitant walking,negative,201311_114.1331646_22.6036264.png
stalls,defined space,navigating through,negative,201311_114.1331646_22.6036264.png
street,sense of direction,walking down,neutral,201311_114.1331646_22.6036264.png
road,sense of potential exploration,exploration,positive,201311_114.13313586110559_22.60543104368196.png
fences,limited feeling of unbounded space,restricted movement,negative,201311_114.13313586110559_22.60543104368196.png
structures,limited freedom for movement,hesitation to explore,negative,201311_114.13313586110559_22.60543104368196.png
street,limited exploration,restricted movement,negative,201311_114.1398083_22.565269999999995.png
buildings,urban confinement,hesitant navigation,negative,201311_114.1398083_22.565269999999995.png
traffic,stressful environment,avoidance of areas,negative,201311_114.1398083_22.565269999999995.png
barriers,sense of obstruction,reduced exploration,negative,201311_114.1398083_22.565269999999995.png
roads,structured movement,following paths,neutral,201311_114.1398083_22.565269999999995.png
trees,defined route,exploration,positive,201311_114.13318312310899_22.60182164061621.png
walls,limited exploration,hesitation,negative,201311_114.13318312310899_22.60182164061621.png
buildings,framed surroundings,moderate engagement,neutral,201311_114.13318312310899_22.60182164061621.png
path,sense of exploration,wander further,positive,201311_114.1422458_22.573539200000006.png
trees,inviting atmosphere,engage with nature,positive,201311_114.1422458_22.573539200000006.png
vegetation,implied boundaries,navigate space,neutral,201311_114.1422458_22.573539200000006.png
intersection,strong sense of scope,exploration,positive,201311_114.158799_22.6090681.png
roads,ample space,exploration,positive,201311_114.158799_22.6090681.png
sky,clear and open,movement,positive,201311_114.158799_22.6090681.png
hills,distant view,exploration,positive,201311_114.158799_22.6090681.png
buildings,visible expanse,exploration,positive,201311_114.158799_22.6090681.png
road,sense of exploration,movement along the path,positive,201311_114.1664523_22.6055109.png
buildings,sense of scale,engagement with surroundings,positive,201311_114.1664523_22.6055109.png
barriers,feeling of limitation,hesitation to move,negative,201311_114.1664523_22.6055109.png
walls,limited sense of freedom,hesitation to explore,negative,201311_114.14111260000001_22.612017599999994.png
fences,constrained movement,avoidance of open spaces,negative,201311_114.14111260000001_22.612017599999994.png
buildings,defined boundaries,staying within limits,neutral,201311_114.14111260000001_22.612017599999994.png
road,structured navigation,following paths,positive,201311_114.14111260000001_22.612017599999994.png
sidewalk,safe movement,walking confidently,positive,201311_114.14111260000001_22.612017599999994.png
road,sense of openness,exploration,positive,201311_114.1699075_22.572947699999997.png
greenery,potential for exploration,engagement with nature,positive,201311_114.1699075_22.572947699999997.png
buildings,suggests larger landscape,curiosity,positive,201311_114.1699075_22.572947699999997.png
residences,implies limitations,restricted movement,negative,201311_114.1699075_22.572947699999997.png
boundaries,sense of confinement,hesitation to explore,negative,201311_114.1699075_22.572947699999997.png
street,sense of breadth,potential for movement,positive,201311_114.1708255_22.6072058.png
land,sense of openness,encouragement to explore,positive,201311_114.1708255_22.6072058.png
buildings,sense of limitation,restricted movement,negative,201311_114.1708255_22.6072058.png
cars,sense of confinement,discouragement from exploration,negative,201311_114.1708255_22.6072058.png
road,sense of journey,exploration,positive,201311_114.1753739_22.602115699999995.png
fences,feeling of confinement,hesitation to explore,negative,201311_114.1753739_22.602115699999995.png
buildings,sense of structure,navigation,neutral,201311_114.1753739_22.602115699999995.png
green spaces,calming effect,relaxation,positive,201311_114.1753739_22.602115699999995.png
traffic infrastructure,awareness of boundaries,caution in movement,negative,201311_114.1753739_22.602115699999995.png
path,potential for exploration,wander and discover,positive,201311_114.1712754_22.5966659.png
hillsides,sense of openness,explore surroundings,positive,201311_114.1712754_22.5966659.png
foliage,feeling of immersion,engage with nature,positive,201311_114.1712754_22.5966659.png
road,visual depth,navigate the space,positive,201311_114.1712754_22.5966659.png
elevations,sense of scale,explore varied terrain,positive,201311_114.1712754_22.5966659.png
highway,sense of vastness,potential for travel,positive,201311_114.1766153913743_22.62211635756483.png
infrastructure,limited exploration,feel less open,negative,201311_114.1766153913743_22.62211635756483.png
road,sense of confinement,restrict informal wandering,negative,201311_114.1766153913743_22.62211635756483.png
road,limited exploration,avoidance of exploration,negative,201311_114.1715729_22.579913799999993.png
foliage,potential for exploration,encouragement to explore,positive,201311_114.1715729_22.579913799999993.png
landscape,implied depth,engagement with surroundings,positive,201311_114.1715729_22.579913799999993.png
boundaries,sense of confinement,hesitation to explore,negative,201311_114.1715729_22.579913799999993.png
highway,sense of vastness,exploration,positive,201311_114.16919617982792_22.62714279983004.png
sky,feeling of openness,movement,positive,201311_114.16919617982792_22.62714279983004.png
hills,natural boundaries,limited movement,neutral,201311_114.16919617982792_22.62714279983004.png
vegetation,sense of enclosure,restricted exploration,negative,201311_114.16919617982792_22.62714279983004.png
road,journey into a wider world,travel,positive,201311_114.16919617982792_22.62714279983004.png
road,sense of exploration,encourages movement,positive,201311_114.1856469_22.5908533.png
hills,feeling of openness,invites curiosity,positive,201311_114.1856469_22.5908533.png
guardrails,sense of restriction,limits exploration,negative,201311_114.1856469_22.5908533.png
buildings,sense of confinement,discourages free movement,negative,201311_114.1856469_22.5908533.png
greenery,calming effect,promotes relaxation,positive,201311_114.1856469_22.5908533.png
buildings,sense of exploration,move about,positive,201311_114.186989_22.595263999999997.png
roads,boundaries to movement,navigate the area,neutral,201311_114.186989_22.595263999999997.png
sidewalks,sense of potential,explore the city,positive,201311_114.186989_22.595263999999997.png
fences,restricted exploration,avoidance of exploration,negative,201311_114.1832046_22.5984266.png
buildings,contained feeling,limited movement,negative,201311_114.1832046_22.5984266.png
sidewalks,some accessibility,walking,neutral,201311_114.1832046_22.5984266.png
street,lack of openness,hesitation to explore,negative,201311_114.1832046_22.5984266.png
road,limited exploration,restricted movement,negative,201311_114.176878_22.581670799999998.png
vegetation,sense of enclosure,hesitant exploration,negative,201311_114.176878_22.581670799999998.png
cars,defined boundaries,cautious navigation,neutral,201311_114.176878_22.581670799999998.png
buildings,feelings of confinement,restricted movement,negative,201312_113.7839461_22.716497199999996.png
streetscape,limited exploration,hesitation to explore,negative,201312_113.7839461_22.716497199999996.png
tunnel,limited exploration,restricted movement,negative,201311_114.231161_22.596456399999994.png
passage,defined boundaries,linear travel,neutral,201311_114.231161_22.596456399999994.png
road,constrained possibilities,limited navigation,negative,201311_114.231161_22.596456399999994.png
highway,sense of vastness,feeling of exploration,positive,201311_114.1860739_22.6130437.png
hills,sense of scale,encouragement of movement,positive,201311_114.1860739_22.6130437.png
sky,sense of openness,inspiration to travel,positive,201311_114.1860739_22.6130437.png
road,impression of journey,desire to continue traveling,positive,201311_114.1860739_22.6130437.png
space,feeling of freedom,encouragement to explore,positive,201311_114.1860739_22.6130437.png
street,limited exploration,restricted movement,negative,201312_113.78218214006371_22.68964439788343.png
buildings,constrained environment,minimal engagement,negative,201312_113.78218214006371_22.68964439788343.png
traffic,stressful atmosphere,avoidance behavior,negative,201312_113.78218214006371_22.68964439788343.png
road,sense of freedom,exploration,positive,201312_113.78476114628427_22.697658317071774.png
spaces,openness,movement,positive,201312_113.78476114628427_22.697658317071774.png
intersection,sense of exploration,encourages movement,positive,201312_113.8278184_22.7315766.png
roadway,feeling of limitation,restricts exploration,negative,201312_113.8278184_22.7315766.png
streets,openness to possibilities,invites further exploration,positive,201312_113.8278184_22.7315766.png
buildings,sense of enclosure,creates barriers to movement,negative,201312_113.8278184_22.7315766.png
street,sense of possibility,moving about,positive,201312_113.83443584337306_22.74126975401547.png
buildings,sense of enclosure,limited exploration,negative,201312_113.83443584337306_22.74126975401547.png
urban fabric,restricted possibilities,limited movement,negative,201312_113.83443584337306_22.74126975401547.png
overpass,sense of vastness,exploration,positive,201312_113.830443_22.644925700000005.png
buildings,urban impression,engagement with environment,positive,201312_113.830443_22.644925700000005.png
road,defined boundaries,navigation,neutral,201312_113.830443_22.644925700000005.png
view,openness,curiosity,positive,201312_113.830443_22.644925700000005.png
street,sense of linear exploration,movement along its length,positive,201312_113.83572026600113_22.73146253989801.png
buildings,perceived boundaries,limited exploration,negative,201312_113.83572026600113_22.73146253989801.png
traffic,constrained movement,walking along the street,negative,201312_113.83572026600113_22.73146253989801.png
street,limited visual scope,restricted exploration,negative,201312_113.8360353_22.761185699999995.png
buildings,lack of expansiveness,reduced movement options,negative,201312_113.8360353_22.761185699999995.png
street,sense of visual breadth,hinting at possibilities for movement,positive,201312_113.8235017_22.698809100000002.png
lanes,potential for exploration,encourages exploration,positive,201312_113.8235017_22.698809100000002.png
traffic,feeling of restriction,limits exploration,negative,201312_113.8235017_22.698809100000002.png
infrastructure,defined route,constrains movement,negative,201312_113.8235017_22.698809100000002.png
street,potential for exploration,encourages exploration,positive,201312_113.8409926803816_22.75012227013069.png
road,limited movement,restricts exploration,negative,201312_113.8409926803816_22.75012227013069.png
sidewalks,bounded environment,limits freedom of movement,negative,201312_113.8409926803816_22.75012227013069.png
cars,defined boundaries,creates barriers,negative,201312_113.8409926803816_22.75012227013069.png
buildings,sense of enclosure,induces caution,negative,201312_113.8409926803816_22.75012227013069.png
buildings,limited exploration,restricted movement,negative,201312_113.8346455_22.695685499999996.png
cars,constrained environment,avoidance of discovery,negative,201312_113.8346455_22.695685499999996.png
road,lack of vastness,minimal engagement,negative,201312_113.8346455_22.695685499999996.png
green,sense of openness,exploration,positive,201312_113.83914327807292_22.754952015391464.png
buildings,limitations to movement,restricted exploration,negative,201312_113.83914327807292_22.754952015391464.png
vehicles,limitations to movement,restricted exploration,negative,201312_113.83914327807292_22.754952015391464.png
street,potential for exploration,exploring the area,positive,201312_113.85651230262431_22.656305210826364.png
buildings,limited feeling of expansive freedom,hesitating to venture further,negative,201312_113.85651230262431_22.656305210826364.png
sidewalks,clear path,walking confidently,positive,201312_113.85651230262431_22.656305210826364.png
roads,implied boundaries,staying within limits,negative,201312_113.85651230262431_22.656305210826364.png
intersection,sense of expanse,movement and exploration,positive,201312_113.83718987956412_22.73739513103713.png
buildings,sense of limitation,restricted movement,negative,201312_113.83718987956412_22.73739513103713.png
roads,defined pathways,navigation within urban context,neutral,201312_113.83718987956412_22.73739513103713.png
urban fabric,curtailed exploration,limited exploration,negative,201312_113.83718987956412_22.73739513103713.png
road,potential for exploration,encourages movement,positive,201312_113.8374755_22.647390599999994.png
paths,possibilities for movement,invites exploration,positive,201312_113.8374755_22.647390599999994.png
sidewalks,limited perception of vastness,restricts exploration,negative,201312_113.8374755_22.647390599999994.png
roads,moderate exploration,movement opportunities,positive,201312_113.8530002_22.568199100000005.png
pathways,sense of connectivity,encouraged exploration,positive,201312_113.8530002_22.568199100000005.png
green,inviting environment,engagement with nature,positive,201312_113.8530002_22.568199100000005.png
buildings,urban context awareness,exploration of surroundings,neutral,201312_113.8530002_22.568199100000005.png
spaces,reasonable extent,potential exploration,positive,201312_113.8530002_22.568199100000005.png
paths,sense of choice,exploration,positive,201312_113.85777283738314_22.642709229323334.png
mountain,curiosity about the landscape,further exploration,positive,201312_113.85777283738314_22.642709229323334.png
gardens,calmness and order,movement within areas,positive,201312_113.85777283738314_22.642709229323334.png
road,structured environment,limited exploration,negative,201312_113.85777283738314_22.642709229323334.png
trees,limited exploration,restricted movement,negative,201312_113.8578372_22.5682381.png
roads,functional urban corridor,minimal engagement,negative,201312_113.8578372_22.5682381.png
sidewalks,clear constraints,cautious navigation,negative,201312_113.8578372_22.5682381.png
buildings,sense of confinement,limited exploration,negative,201312_113.8578372_22.5682381.png
buildings,limited exploration,restricted movement,negative,201312_113.8574523_22.571860800000003.png
fences,contained environment,hesitation to explore,negative,201312_113.8574523_22.571860800000003.png
road,impression of confinement,cautious navigation,negative,201312_113.8574523_22.571860800000003.png
buildings,feeling of confinement,limited exploration,negative,201312_113.85980904184744_22.648029621847705.png
cars,sense of restriction,avoidance of movement,negative,201312_113.85980904184744_22.648029621847705.png
road,potential for journey,encouragement to explore,neutral,201312_113.85980904184744_22.648029621847705.png
gated,impression of barriers,hesitation to enter,negative,201312_113.85980904184744_22.648029621847705.png
road,limited exploration,restricted movement,negative,201312_113.876258209507_22.67064777876147.png
vegetation,sense of enclosure,hesitation to explore,negative,201312_113.876258209507_22.67064777876147.png
buildings,constrained environment,avoidance of movement,negative,201312_113.876258209507_22.67064777876147.png
street,constrained exploration,limited movement,negative,201312_113.860416_22.5694392.png
buildings,restricted feeling,lack of discovery,negative,201312_113.860416_22.5694392.png
vehicles,sense of boundaries,decreased exploration,negative,201312_113.860416_22.5694392.png
buildings,restricted exploration,limited movement,negative,201312_113.8659038_22.605222400000002.png
sidewalks,constrained pathways,hesitant navigation,negative,201312_113.8659038_22.605222400000002.png
roads,urban confinement,reduced exploration,negative,201312_113.8659038_22.605222400000002.png
intersections,diverse directions,potential exploration,neutral,201312_113.8659038_22.605222400000002.png
fenced-off area,sense of restriction,avoidance of space,negative,201312_113.8659038_22.605222400000002.png
natural elements,lack of openness,minimal engagement,negative,201312_113.8659038_22.605222400000002.png
road,sense of expansiveness,movement and exploration,positive,201312_113.88293720000001_22.8212419.png
sky,sense of openness,exploration,positive,201312_113.88293720000001_22.8212419.png
trees,lack of strict boundaries,freedom of movement,positive,201312_113.88293720000001_22.8212419.png
highway,implied possibilities,travel in multiple directions,positive,201312_113.88293720000001_22.8212419.png
street,functional urban environment,navigate through space,neutral,201312_113.8877873_22.674002400000003.png
buildings,sense of confinement,limit exploration,negative,201312_113.8877873_22.674002400000003.png
trees,aesthetic appeal,encourage relaxation,positive,201312_113.8877873_22.674002400000003.png
street,sense of exploration,encourages movement,positive,201312_113.8844253_22.668941099999998.png
buildings,urban density,promotes engagement,positive,201312_113.8844253_22.668941099999998.png
traffic,busy environment,induces caution,neutral,201312_113.8844253_22.668941099999998.png
pedestrians,social interaction,fosters connectivity,positive,201312_113.8844253_22.668941099999998.png
street,sense of continuation,limited exploration,neutral,201312_113.8966185193665_22.67673893440902.png
buildings,defined boundaries,restricted movement,negative,201312_113.8966185193665_22.67673893440902.png
vehicles,urban activity,transit engagement,positive,201312_113.8966185193665_22.67673893440902.png
parking,sense of openness,exploration potential,positive,201312_113.8966185193665_22.67673893440902.png
construction,temporary disruption,avoidance,negative,201312_113.8966185193665_22.67673893440902.png
road,narrow focus,limited exploration,negative,201312_113.8966185193665_22.67673893440902.png
buildings,broader landscape,exploration,positive,201312_113.9001954_22.673202699999997.png
road,connection to other areas,movement,positive,201312_113.9001954_22.673202699999997.png
space,room for movement,exploration,positive,201312_113.9001954_22.673202699999997.png
greenery,limited exploration,hesitation to explore,negative,201312_113.9001954_22.673202699999997.png
highway,sense of openness,exploring outwards,positive,201312_113.89200644069061_22.81193671333176.png
greenery,sense of openness,exploring outwards,positive,201312_113.89200644069061_22.81193671333176.png
sky,sense of openness,exploring outwards,positive,201312_113.89200644069061_22.81193671333176.png
horizon,potential for exploration,exploring in many directions,positive,201312_113.89200644069061_22.81193671333176.png
roads,structured environment,limited exploration,negative,201312_113.9104919_22.707616799999997.png
walkway,functional space,transit movement,neutral,201312_113.9104919_22.707616799999997.png
overpass,potential for views,broader exploration,positive,201312_113.9104919_22.707616799999997.png
hills,distant perspective,inspired movement,positive,201312_113.9104919_22.707616799999997.png
highway,sense of open space,exploration,positive,201312_113.9201526_22.757344299999996.png
greenery,implied larger area,movement,positive,201312_113.9201526_22.757344299999996.png
buildings,few immediate boundaries,exploration,neutral,201312_113.9201526_22.757344299999996.png
road,sense of openness,exploration,positive,201312_113.92843742482079_22.742538568001862.png
greenery,sense of potential,engagement with nature,positive,201312_113.92843742482079_22.742538568001862.png
skyline,implied possibilities,curiosity,positive,201312_113.92843742482079_22.742538568001862.png
tree,sense of connectivity,exploration,positive,201312_113.89281280000002_22.556411099999995.png
buildings,constrained view,limited exploration,negative,201312_113.89281280000002_22.556411099999995.png
pathway,moderate movement,walking along the street,neutral,201312_113.89281280000002_22.556411099999995.png
railings,sense of restriction,hesitation to explore,negative,201312_113.89281280000002_22.556411099999995.png
fields,defined space,limited exploration,negative,201312_113.9319524_22.7820153.png
road,pathway for movement,encouraged travel,positive,201312_113.9319524_22.7820153.png
buildings,urban presence,exploration of city,neutral,201312_113.9319524_22.7820153.png
mountains,distant allure,inspired adventure,positive,201312_113.9319524_22.7820153.png
intersection,limited exploration,restricted movement,negative,201312_113.9332992_22.683222899999997.png
roads,constrained freedom,hesitation to explore,negative,201312_113.9332992_22.683222899999997.png
buildings,bounded space,lack of wandering,negative,201312_113.9332992_22.683222899999997.png
barriers,sense of confinement,avoidance of exploration,negative,201312_113.9332992_22.683222899999997.png
green,minimal enhancement,slight curiosity,neutral,201312_113.9332992_22.683222899999997.png
road,sense of openness,movement and exploration,positive,201312_113.92896073426577_22.788379996341252.png
sidewalks,feeling of space,walking freely,positive,201312_113.92896073426577_22.788379996341252.png
street,not overly constrained,navigating comfortably,positive,201312_113.92896073426577_22.788379996341252.png
road,limited exploration,restricted movement,negative,201312_113.93568964381272_22.79704532316997.png
fences,constrained feeling,avoidance of discovery,negative,201312_113.93568964381272_22.79704532316997.png
buildings,defined area,limited engagement,negative,201312_113.93568964381272_22.79704532316997.png
construction,sense of confinement,hesitation to explore,negative,201312_113.93568964381272_22.79704532316997.png
street,sense of exploration,exploring the urban fabric,positive,201312_113.93225513663295_22.67354575658441.png
buildings,feeling of confinement,limited exploration,negative,201312_113.93225513663295_22.67354575658441.png
traffic,sense of busyness,hesitation to explore,negative,201312_113.93225513663295_22.67354575658441.png
lanes,opportunity for movement,navigating the area,positive,201312_113.93225513663295_22.67354575658441.png
road,sense of open space,movement in distance,positive,201312_113.93280873958427_22.797684582528913.png
buildings,limited feeling of exploration,restricted movement,negative,201312_113.93280873958427_22.797684582528913.png
construction,lack of freedom,limited diverse directions,negative,201312_113.93280873958427_22.797684582528913.png
environment,restricted potential for experiences,diminished exploration,negative,201312_113.93280873958427_22.797684582528913.png
road,sense of expansiveness,potential exploration,positive,201312_113.93289859477152_22.800449818195553.png
areas,feeling of potential,encouragement to explore,positive,201312_113.93289859477152_22.800449818195553.png
construction,implied large area,interest in development,positive,201312_113.93289859477152_22.800449818195553.png
road,sense of openness,movement and exploration,positive,201312_113.940145_22.6708651.png
sidewalks,sense of safety,traversal,positive,201312_113.940145_22.6708651.png
greenery,aesthetic pleasure,engagement with nature,positive,201312_113.940145_22.6708651.png
buildings,urban connectivity,exploration of space,positive,201312_113.940145_22.6708651.png
road,sense of potential exploration,encourages wandering,positive,201312_113.9400991_22.675618299999996.png
trees,sense of natural space,invites exploration,positive,201312_113.9400991_22.675618299999996.png
pathway,impression of limitation,restricts extensive exploration,negative,201312_113.9400991_22.675618299999996.png
road,sense of openness,exploration,positive,201312_113.9447581_22.788198900000005.png
hills,feeling of vastness,viewing beyond surroundings,positive,201312_113.9447581_22.788198900000005.png
sky,sense of possibility,exploration,positive,201312_113.9447581_22.788198900000005.png
road,sense of potential movement,exploration,positive,201312_113.94724641296688_22.762202944327534.png
construction,limited exploration,restricted movement,negative,201312_113.94724641296688_22.762202944327534.png
infrastructure,defined boundaries,constrained movement,negative,201312_113.94724641296688_22.762202944327534.png
street,sense of openness,exploration,positive,201312_113.9421799_22.6686978.png
buildings,feeling of confinement,hesitation to explore,negative,201312_113.9421799_22.6686978.png
sky,freedom of movement,encouragement to wander,positive,201312_113.9421799_22.6686978.png
fences,sense of restriction,avoidance of certain areas,negative,201312_113.9421799_22.6686978.png
gates,barrier to access,limited exploration,negative,201312_113.9421799_22.6686978.png
infrastructure,urban complexity,navigational caution,neutral,201312_113.9421799_22.6686978.png
intersection,considerable openness,exploration,positive,201312_113.94683940000002_22.745170999999996.png
roads,potential for movement,discovery,positive,201312_113.94683940000002_22.745170999999996.png
buildings,non-restrictive feeling,comfort,positive,201312_113.94683940000002_22.745170999999996.png
greenery,interconnected area,exploration,positive,201312_113.94683940000002_22.745170999999996.png
road,feeling of openness,exploration,positive,201312_113.94687218395403_22.792900726064204.png
buildings,sense of enclosure,movement within limits,negative,201312_113.94687218395403_22.792900726064204.png
sky,sense of freedom,travel,positive,201312_113.94687218395403_22.792900726064204.png
horizon,possibility of travel,exploration in various directions,positive,201312_113.94687218395403_22.792900726064204.png
roads,sense of openness,exploration,positive,201312_113.94748592446027_22.77183085041752.png
sky,feeling of vastness,movement,positive,201312_113.94748592446027_22.77183085041752.png
buildings,curiosity,investigation,positive,201312_113.94748592446027_22.77183085041752.png
mountains,awe,exploration,positive,201312_113.94748592446027_22.77183085041752.png
vegetation,comfort,relaxation,positive,201312_113.94748592446027_22.77183085041752.png
fencing,restriction,hesitation,negative,201312_113.94748592446027_22.77183085041752.png
highway,sense of breadth and possibility,exploration,positive,201312_113.95310359293084_22.71916721241418.png
hills,sense of openness,exploration,positive,201312_113.95310359293084_22.71916721241418.png
greenery,sense of tranquility,relaxation,positive,201312_113.95310359293084_22.71916721241418.png
landscape,sense of connection to nature,outdoor activities,positive,201312_113.95310359293084_22.71916721241418.png
buildings,limited exploration,avoidance of movement,negative,201312_113.9522727_22.793913.png
fences,restricted access,hesitation to explore,negative,201312_113.9522727_22.793913.png
road,functional space,utilitarian navigation,neutral,201312_113.9522727_22.793913.png
highway,sense of direction,guided movement,neutral,201312_113.95561950000001_22.7145902.png
landscape,sense of openness,exploration,positive,201312_113.95561950000001_22.7145902.png
road,limited freedom,restricted exploration,negative,201312_113.95561950000001_22.7145902.png
highway,sense of confinement,limited exploration,negative,201312_113.9569087_22.710923500000003.png
barriers,feeling of restriction,prevented movement,negative,201312_113.9569087_22.710923500000003.png
vehicle,sense of safety,staying within lanes,neutral,201312_113.9569087_22.710923500000003.png
roads,sense of openness,exploration,positive,201312_113.9485822_22.767552100000003.png
vegetation,sense of freedom,movement,positive,201312_113.9485822_22.767552100000003.png
buildings,not overly confining,exploration,positive,201312_113.9485822_22.767552100000003.png
buildings,contained feeling,limited exploration,negative,201312_113.9429058_22.681555399999997.png
shops,familiarity,engagement in shopping,positive,201312_113.9429058_22.681555399999997.png
road,restricted movement,staying on sidewalks,negative,201312_113.9429058_22.681555399999997.png
bridge,slight openness,exploring further,positive,201312_113.9429058_22.681555399999997.png
street,directional focus,walking along the street,neutral,201312_113.9429058_22.681555399999997.png
sidewalks,safety,walking comfortably,positive,201312_113.9429058_22.681555399999997.png
road,sense of scope,exploration,positive,201312_113.9571939_22.735764799999995.png
hills,feeling of openness,venturing further,positive,201312_113.9571939_22.735764799999995.png
sky,sense of openness,exploration,positive,201312_113.9571939_22.735764799999995.png
pathways,sense of direction,travel,positive,201312_113.9571939_22.735764799999995.png
fences,sense of limitation,caution,negative,201312_113.9571939_22.735764799999995.png
street,sense of urban area,exploration,neutral,201312_113.9532978470833_22.688725149365723.png
buildings,implies larger environment,limited exploration,negative,201312_113.9532978470833_22.688725149365723.png
road,sense of openness,movement along the road,positive,201312_113.9594006_22.7664273.png
land,feeling of vastness,potential for exploration,positive,201312_113.9594006_22.7664273.png
mountains,sense of vastness,potential for exploration,positive,201312_113.9594006_22.7664273.png
construction,sense of development,engagement with new spaces,positive,201312_113.9594006_22.7664273.png
roads,hint of exploration,encourages movement,positive,201312_113.9624331_22.795895.png
greenery,sense of enclosure,limits exploration,negative,201312_113.9624331_22.795895.png
structures,imposed boundaries,restricts movement,negative,201312_113.9624331_22.795895.png
pathways,opportunities for movement,exploration,positive,201312_113.9629334_22.596588599999997.png
buildings,sense of boundaries,limited exploration,negative,201312_113.9629334_22.596588599999997.png
cars,sense of confinement,restricted movement,negative,201312_113.9629334_22.596588599999997.png
sidewalks,defined urban parameters,navigating within limits,neutral,201312_113.9629334_22.596588599999997.png
road,sense of openness,move freely,positive,201312_113.96037321245348_22.71031364112373.png
buildings,lack of accessible destinations,limited exploration,negative,201312_113.96037321245348_22.71031364112373.png
storefronts,suggests limited variety,discouraged movement,negative,201312_113.96037321245348_22.71031364112373.png
walls,sense of confinement,limited exploration,negative,201312_113.95807713632374_22.69596139553345.png
fences,feeling restricted,avoidance of movement,negative,201312_113.95807713632374_22.69596139553345.png
buildings,urban density,hesitation to explore,negative,201312_113.95807713632374_22.69596139553345.png
sidewalks,structured navigation,following paths,neutral,201312_113.95807713632374_22.69596139553345.png
roads,directed movement,traveling to destinations,neutral,201312_113.95807713632374_22.69596139553345.png
road,sense of journey,exploration,positive,201312_113.96347738401079_22.808961303980453.png
trees,feeling of enclosure,stay close,negative,201312_113.96347738401079_22.808961303980453.png
buildings,awareness of surroundings,engagement with environment,positive,201312_113.96347738401079_22.808961303980453.png
greenery,sense of confinement,limited exploration,negative,201312_113.9639165641494_22.592330286341497.png
roads,sense of limitation,restricted movement,negative,201312_113.9639165641494_22.592330286341497.png
fencing,feeling of restriction,avoidance of open areas,negative,201312_113.9639165641494_22.592330286341497.png
buildings,lack of freedom,hesitation to explore,negative,201312_113.9639165641494_22.592330286341497.png
street,possibility for movement,exploration,positive,201312_113.9663157_22.5911024.png
sidewalk,limited exploration,walking,negative,201312_113.9663157_22.5911024.png
road,constrained movement,driving,negative,201312_113.9663157_22.5911024.png
buildings,imposed boundaries,restricted movement,negative,201312_113.9663157_22.5911024.png
traffic,confined possibilities,navigation,negative,201312_113.9663157_22.5911024.png
road,sense of scale,exploration,positive,201312_113.97725700000001_22.692804.png
buildings,feeling of openness,movement,positive,201312_113.97725700000001_22.692804.png
fences,visible boundaries,limited exploration,negative,201312_113.97725700000001_22.692804.png
highway,sense of openness,opportunities for movement,positive,201312_113.9738335_22.7337.png
landscape,implies vastness,exploration,positive,201312_113.9738335_22.7337.png
sky,suggests freedom,movement,positive,201312_113.9738335_22.7337.png
road,limited exploration,avoid obstacles,negative,201312_113.97779910000001_22.583089800000003.png
terrain,difficult traversal,hesitate to explore,negative,201312_113.97779910000001_22.583089800000003.png
vegetation,sense of confinement,stay within safe areas,negative,201312_113.97779910000001_22.583089800000003.png
mountains,hint of opportunity,desire to explore further,positive,201312_113.97779910000001_22.583089800000003.png
street,possibilities for movement,exploration,positive,201312_113.9768203_22.7324706.png
traffic,limitations on exploration,caution in movement,negative,201312_113.9768203_22.7324706.png
buildings,defined boundaries,restricted movement,negative,201312_113.9768203_22.7324706.png
roads,sense of breadth,exploration,positive,201312_113.98020260000001_22.706513.png
fences,imposed limitations,restricted movement,negative,201312_113.98020260000001_22.706513.png
sky,sense of openness,encouragement to explore,positive,201312_113.98020260000001_22.706513.png
terrain,restricted exploration,hesitation to move freely,negative,201312_113.98020260000001_22.706513.png
building,sense of enclosure,limited exploration,negative,201312_113.98020260000001_22.706513.png
road,feeling of openness,explore the area,positive,201312_113.9866768764742_22.71677410752129.png
landscapes,sense of vastness,journey into nature,positive,201312_113.9866768764742_22.71677410752129.png
hills,freedom to move,wander freely,positive,201312_113.9866768764742_22.71677410752129.png
sky,sense of openness,explore surroundings,positive,201312_113.9866768764742_22.71677410752129.png
street,reasonable sense of scope,further exploration,positive,201312_114.02460795663488_22.690583366445924.png
buildings,feeling of being in a larger environment,movement,positive,201312_114.02460795663488_22.690583366445924.png
road,sense of distance,exploration,positive,201312_114.02460795663488_22.690583366445924.png
road,sense of exploration,encourages wandering,positive,201312_114.02329532604585_22.718456107324215.png
greenery,feeling of openness,invites discovery,positive,201312_114.02329532604585_22.718456107324215.png
walls,sense of confinement,restricts movement,negative,201312_114.02329532604585_22.718456107324215.png
road,imposed boundaries,limits exploration,negative,201312_114.02329532604585_22.718456107324215.png
buildings,limited exploration,restricted movement,negative,201312_114.0020013_22.7316767.png
traffic,sense of danger,avoidance of street,negative,201312_114.0020013_22.7316767.png
pedestrian areas,functional design,practical use,neutral,201312_114.0020013_22.7316767.png
street,dominated by vehicles,hesitation to walk,negative,201312_114.0020013_22.7316767.png
roads,somewhat limited exploration,restricted movement,negative,201312_113.98465042947734_22.697789878371264.png
sidewalks,somewhat limited exploration,restricted movement,negative,201312_113.98465042947734_22.697789878371264.png
construction,sense of confinement,hesitation to explore,negative,201312_113.98465042947734_22.697789878371264.png
buildings,structured environment,limited discovery,negative,201312_113.98465042947734_22.697789878371264.png
road,sense of exploration,continue the journey,positive,201312_114.1090122_22.6811702.png
greenery,feeling of openness,encouraged to wander,positive,201312_114.1090122_22.6811702.png
wall,limited freedom,restricted movement,negative,201312_114.1090122_22.6811702.png
trees,constrained space,hesitation to explore,negative,201312_114.1090122_22.6811702.png
street,sense of breadth,exploration,positive,201312_113.9868342_22.6970249.png
buildings,constrained environment,limited exploration,negative,201312_113.9868342_22.6970249.png
road,boundaries,restricted movement,negative,201312_113.9868342_22.6970249.png
buildings,constrained exploration,limited movement,negative,201312_114.01953790895728_22.71317023818615.png
sidewalks,restricted space,hesitant engagement,negative,201312_114.01953790895728_22.71317023818615.png
greenery,lack of openness,minimal interaction,negative,201312_114.01953790895728_22.71317023818615.png
road,boundaries imposed,avoidance of exploration,negative,201312_114.01953790895728_22.71317023818615.png
street,sense of containment,limited exploration,negative,201312_114.12473379288609_22.683326689080907.png
buildings,restricted freedom,hesitation to roam,negative,201312_114.12473379288609_22.683326689080907.png
vehicles,constrained movement,avoidance of wide roaming,negative,201312_114.12473379288609_22.683326689080907.png
storefronts,sense of enclosure,focus on immediate surroundings,negative,201312_114.12473379288609_22.683326689080907.png
road,feeling of openness,movement and exploration,positive,201312_114.0766239_22.750108900000004.png
buildings,sense of potential,choosing different pathways,positive,201312_114.0766239_22.750108900000004.png
greenery,enhanced possibility,encouraging exploration,positive,201312_114.0766239_22.750108900000004.png
sky,feeling of expansion,inspiring movement,positive,201312_114.0766239_22.750108900000004.png
street,moderate sense of scope,possibilities for movement,positive,201312_114.13003_22.6889903.png
walls,limited feeling of exploration,restricted movement,negative,201312_114.13003_22.6889903.png
buildings,sense of boundaries,constrained exploration,negative,201312_114.13003_22.6889903.png
street,sense of exploration,exploring the area,positive,201312_114.0251038_22.7133515.png
buildings,curiosity about surroundings,discovering new places,positive,201312_114.0251038_22.7133515.png
intersections,opportunities for movement,navigating through the city,positive,201312_114.0251038_22.7133515.png
road,sense of continuity,traveling further,positive,201312_114.0251038_22.7133515.png
street,sense of openness,exploration,positive,201312_114.1371844_22.686265900000006.png
buildings,defined boundaries,constrained movement,negative,201312_114.1371844_22.686265900000006.png
traffic,constrained freedom,limited mobility,negative,201312_114.1371844_22.686265900000006.png
road,sense of limitation,restricted movement,negative,201312_114.1371844_22.686265900000006.png
barriers,limited exploration,reduced movement,negative,201312_114.14028577812942_22.64580744386048.png
roads,potential for movement,opportunity to explore,neutral,201312_114.14028577812942_22.64580744386048.png
activities,overwhelmed by construction,hesitation to engage,negative,201312_114.14028577812942_22.64580744386048.png
buildings,limited opportunities for exploration,restricted movement,negative,201312_114.139972570633_22.674626512428038.png
road,functional impression,lack of exploration,negative,201312_114.139972570633_22.674626512428038.png
landscapes,restricted feeling of possibility,discouraged discovery,negative,201312_114.139972570633_22.674626512428038.png
trees,limited exploration,avoidance of exploration,negative,201312_114.14506092354861_22.693567282949985.png
road,clear boundaries,restricted movement,negative,201312_114.14506092354861_22.693567282949985.png
fences,discouraged exploration,stay within limits,negative,201312_114.14506092354861_22.693567282949985.png
vegetation,some greenery,minimal engagement,neutral,201312_114.14506092354861_22.693567282949985.png
trees,sense of depth,exploration,positive,201312_114.0305048_22.7552166.png
buildings,feeling of enclosure,restricted movement,negative,201312_114.0305048_22.7552166.png
barriers,limited exploration,hesitation to explore,negative,201312_114.0305048_22.7552166.png
sidewalks,some accessibility,walking,neutral,201312_114.0305048_22.7552166.png
road,sense of direction,movement,neutral,201312_114.0305048_22.7552166.png
roadway,openness and potential for exploration,exploration,positive,201312_114.1465315_22.64902.png
fencing,limited feeling of movement,restriction,negative,201312_114.1465315_22.64902.png
buildings,sense of distance,observation,neutral,201312_114.1465315_22.64902.png
natural elements,enhanced openness,engagement with nature,positive,201312_114.1465315_22.64902.png
traffic,sense of congestion,avoidance,negative,201312_114.1465315_22.64902.png
infrastructure,imposed boundaries,conformity to limits,negative,201312_114.1465315_22.64902.png
road,sense of progression,movement along the road,positive,201312_114.1468709_22.670344.png
trees,bounded exploration,hesitation to explore,negative,201312_114.1468709_22.670344.png
traffic,feeling of restriction,avoidance of congestion,negative,201312_114.1468709_22.670344.png
sidewalks,defined pathways,structured movement,neutral,201312_114.1468709_22.670344.png
barriers,sense of confinement,limited exploration,negative,201312_114.1468709_22.670344.png
vehicles,presence of boundaries,cautious navigation,negative,201312_114.1468709_22.670344.png
urban structures,sense of enclosure,restricted movement,negative,201312_114.1468709_22.670344.png
street,potential for exploration,movement and discovery,positive,201312_114.1505006_22.683427199999993.png
buildings,suggests possibilities,movement and discovery,positive,201312_114.1505006_22.683427199999993.png
infrastructure,limited scope,preventing exploration,negative,201312_114.1505006_22.683427199999993.png
density,feeling of restriction,preventing exploration,negative,201312_114.1505006_22.683427199999993.png
road,limited expansiveness,exploration constrained,negative,201312_114.1545373_22.6585078.png
vegetation,constrained exploration,hesitance to explore,negative,201312_114.1545373_22.6585078.png
structures,sense of boundaries,reduced movement,negative,201312_114.1545373_22.6585078.png
road,limited exploration,avoidance of open spaces,negative,201312_114.15496564402403_22.68774104495292.png
greenery,some natural presence,mild engagement with surroundings,neutral,201312_114.15496564402403_22.68774104495292.png
buildings,sense of confinement,reduced movement,negative,201312_114.15496564402403_22.68774104495292.png
road,sense of linear progression,continue forward,positive,201312_114.1564987_22.682483800000004.png
buildings,limited exploration,hesitate to venture,negative,201312_114.1564987_22.682483800000004.png
fenced areas,restricted movement,avoid deviation,negative,201312_114.1564987_22.682483800000004.png
roads,reasonable sense of space,potential for movement,positive,201312_114.1675356_22.644914899999993.png
walkways,sense of possibility,exploration,positive,201312_114.1675356_22.644914899999993.png
overpass,suggestion of movement,exploration,positive,201312_114.1675356_22.644914899999993.png
greenery,implies exploration,exploration in multiple directions,positive,201312_114.1675356_22.644914899999993.png
urban,not overly confined,sense of possibility,positive,201312_114.1675356_22.644914899999993.png
streets,sense of vastness,exploration,positive,201312_114.1701336_22.6451791.png
crosswalks,feeling of potential,move about freely,positive,201312_114.1701336_22.6451791.png
roads,sense of openness,navigate easily,positive,201312_114.1701336_22.6451791.png
panorama,sense of openness,exploration,positive,201312_114.17593013178106_22.636968925868143.png
road,feeling of limitation,caution in movement,negative,201312_114.17593013178106_22.636968925868143.png
urban,urban engagement,interaction with city,positive,201312_114.17593013178106_22.636968925868143.png
road,feeling of spaciousness,exploring multiple paths,positive,201312_114.17911787827708_22.646863043098495.png
buildings,sense of direction,navigating through space,positive,201312_114.17911787827708_22.646863043098495.png
sidewalks,openness to movement,walking and interacting,positive,201312_114.17911787827708_22.646863043098495.png
road,limited exploration,avoidance of movement,negative,201312_114.1743229_22.648339499999995.png
construction,confinement,hesitation to explore,negative,201312_114.1743229_22.648339499999995.png
buildings,lack of freedom,reduced activity,negative,201312_114.1743229_22.648339499999995.png
fences,visual boundaries,restriction of movement,negative,201312_114.1743229_22.648339499999995.png
utility poles,physical barriers,discouragement from exploration,negative,201312_114.1743229_22.648339499999995.png
street,sense of exploration,exploring the area,negative,201312_114.18655560000002_22.637104.png
buildings,feeling of confinement,staying within limits,negative,201312_114.18655560000002_22.637104.png
sidewalks,sense of activity,walking or shopping,positive,201312_114.18655560000002_22.637104.png
storefronts,sense of engagement,browsing or purchasing,positive,201312_114.18655560000002_22.637104.png
traffic,sense of chaos,avoiding the road,negative,201312_114.18655560000002_22.637104.png
roads,sense of openness,exploration,positive,201312_114.18679310000002_22.650756199999996.png
buildings,sense of freedom,movement,positive,201312_114.18679310000002_22.650756199999996.png
horizon,potential for exploration,exploration,positive,201312_114.18679310000002_22.650756199999996.png
pathways,degree of freedom,movement,positive,201312_114.18679310000002_22.650756199999996.png
street,confined feeling,limited exploration,negative,201312_114.18534443829918_22.652647385478126.png
sidewalks,moderate openness,walking,neutral,201312_114.18534443829918_22.652647385478126.png
buildings,sense of enclosure,staying close,negative,201312_114.18534443829918_22.652647385478126.png
trees,calming presence,exploring nearby,positive,201312_114.18534443829918_22.652647385478126.png
fences,restricted movement,hesitation to explore,negative,201312_114.18534443829918_22.652647385478126.png
street,sense of exploration,encourages exploration,positive,201312_114.18090536599144_22.643472136404366.png
buildings,limited freedom,restricts movement,negative,201312_114.18090536599144_22.643472136404366.png
roads,clear boundaries,limits exploration,negative,201312_114.18090536599144_22.643472136404366.png
sidewalks,navigable environment,facilitates navigation,neutral,201312_114.18090536599144_22.643472136404366.png
road,sense of direction,movement,positive,201312_114.18888920000002_22.625178400000003.png
sky,potential for exploration,exploration,positive,201312_114.18888920000002_22.625178400000003.png
fences,limited freedom,restricted movement,negative,201312_114.18888920000002_22.625178400000003.png
buildings,sense of enclosure,stay within boundaries,negative,201312_114.18888920000002_22.625178400000003.png
road,sense of journey,exploration,positive,201312_114.19084678366524_22.66063459298591.png
guardrails,feeling of confinement,limited movement,negative,201312_114.19084678366524_22.66063459298591.png
vegetation,sense of enclosure,restricted exploration,negative,201312_114.19084678366524_22.66063459298591.png
walls,limited sense of exploration,restricted movement,negative,201312_114.19316369793675_22.635618175979587.png
buildings,defined area,focused activity,negative,201312_114.19316369793675_22.635618175979587.png
roads,defined boundaries,limited exploration,negative,201312_114.1908895_22.5558844.png
buildings,structured environment,restricted movement,negative,201312_114.1908895_22.5558844.png
hills,sense of larger environment,encouraged exploration,positive,201312_114.1908895_22.5558844.png
sidewalks,urban congestion,hesitation to engage,negative,201312_114.1908895_22.5558844.png
street,contained area,limited exploration,negative,201312_114.1945279_22.639228699999997.png
buildings,sense of boundaries,restricted movement,negative,201312_114.1945279_22.639228699999997.png
vehicles,confinement,hesitation to explore,negative,201312_114.1945279_22.639228699999997.png
roads,limited exploration,avoidance of exploration,negative,201312_114.1943834_22.631455699999997.png
infrastructure,constrained environment,reduced engagement,negative,201312_114.1943834_22.631455699999997.png
embankments,restricted view,lack of curiosity,negative,201312_114.1943834_22.631455699999997.png
boundaries,sense of confinement,hesitation to explore,negative,201312_114.1943834_22.631455699999997.png
road,reasonable space for movement,navigate through space,positive,201312_114.1950844_22.634264699999992.png
buildings,implied limitations to exploration,hesitate to explore further,negative,201312_114.1950844_22.634264699999992.png
intersections,connected areas,encourage movement towards larger spaces,positive,201312_114.1950844_22.634264699999992.png
urban structures,lack of vastness,restrict exploration,negative,201312_114.1950844_22.634264699999992.png
highway,sense of continuity,exploration,positive,201312_114.19602911551343_22.663121813261984.png
barriers,limited openness,hesitation to explore,negative,201312_114.19602911551343_22.663121813261984.png
buildings,broader context,curiosity,neutral,201312_114.19602911551343_22.663121813261984.png
road,sense of connectivity,exploration of pathways,positive,201312_114.1961887_22.708436.png
overpass,feeling of elevation,movement across spaces,positive,201312_114.1961887_22.708436.png
greenery,aesthetic appreciation,engagement with nature,positive,201312_114.1961887_22.708436.png
sky,sense of openness,broadening perspective,positive,201312_114.1961887_22.708436.png
buildings,urban density,navigation through the area,neutral,201312_114.1961887_22.708436.png
highway,feeling of exploration,long journeys,positive,201312_114.2010636_22.665965500000006.png
sky,sense of vastness,implying movement,positive,201312_114.2010636_22.665965500000006.png
hills,feeling of openness,encouraging exploration,positive,201312_114.2010636_22.665965500000006.png
highway,sense of vastness,exploration,positive,201312_114.19775787834423_22.663948568441985.png
road,limited exploration,restricted movement,negative,201312_114.19775787834423_22.663948568441985.png
landscape,moderate potential,journeying,neutral,201312_114.19775787834423_22.663948568441985.png
road,moderate scope,potential for exploration,neutral,201312_114.19969620936563_22.652557138337144.png
buildings,bounded environment,limited exploration,negative,201312_114.19969620936563_22.652557138337144.png
sidewalks,typical urban street,routine movement,neutral,201312_114.19969620936563_22.652557138337144.png
traffic,sense of congestion,caution in movement,negative,201312_114.19969620936563_22.652557138337144.png
highway,possibilities for movement,exploration,positive,201312_114.2033489_22.668222899999993.png
landscapes,sense of openness,travel,positive,201312_114.2033489_22.668222899999993.png
roads,freedom of choice,journey,positive,201312_114.2033489_22.668222899999993.png
skies,expansiveness,adventure,positive,201312_114.2033489_22.668222899999993.png
roads,degree of openness,movement in different directions,positive,201312_114.2022029_22.657184499999996.png
buildings,limited feeling of exploration,constrained discovery,negative,201312_114.2022029_22.657184499999996.png
fences,restricted freedom,avoidance of exploration,negative,201312_114.2022029_22.657184499999996.png
spaces,potential for varied experiences,engagement with surroundings,positive,201312_114.2022029_22.657184499999996.png
streets,sense of boundaries,restricting exploration,negative,201312_114.2074247_22.6760155.png
shops,limited exploration,traverse,negative,201312_114.2074247_22.6760155.png
infrastructure,feeling of vastness,create boundaries,negative,201312_114.2074247_22.6760155.png
area,built-up perception,restrict feeling,negative,201312_114.2074247_22.6760155.png
buildings,limited exploration,restricted movement,negative,201312_114.1964133_22.669798999999998.png
sidewalks,defined paths,guided navigation,neutral,201312_114.1964133_22.669798999999998.png
barricades,implied restrictions,hesitation to explore,negative,201312_114.1964133_22.669798999999998.png
road,suggested breadth,potential exploration,positive,201312_114.1964133_22.669798999999998.png
road,sense of larger environment,exploration,positive,201312_114.20805200000001_22.6377857.png
sidewalks,structured space,limited movement,negative,201312_114.20805200000001_22.6377857.png
fences,clear boundaries,restricted access,negative,201312_114.20805200000001_22.6377857.png
buildings,sense of enclosure,constrained exploration,negative,201312_114.20805200000001_22.6377857.png
road,limited exploration,restricted movement,negative,201312_114.21492477006552_22.750303352861994.png
buildings,sense of enclosure,hesitation to explore,negative,201312_114.21492477006552_22.750303352861994.png
urban infrastructure,defined boundaries,cautious navigation,negative,201312_114.21492477006552_22.750303352861994.png
highway,sense of openness,exploration,positive,201312_114.2176059_22.68184889999999.png
sky,feeling of spaciousness,enjoyment of space,positive,201312_114.2176059_22.68184889999999.png
guardrails,feeling of restriction,limited exploration,negative,201312_114.2176059_22.68184889999999.png
road,sense of limitation,restricted movement,negative,201312_114.2176059_22.68184889999999.png
street,limited sense of exploration,restricted movement,negative,201312_114.2148053_22.727966299999995.png
buildings,constrained paths for discovery,hesitant exploration,negative,201312_114.2148053_22.727966299999995.png
fences,imposed boundaries,avoidance of exploration,negative,201312_114.2148053_22.727966299999995.png
road,lack of vastness,limited engagement,negative,201312_114.2148053_22.727966299999995.png
buildings,sense of boundaries,limited exploration,negative,201312_114.2186886_22.6391748.png
roads,lack of vastness,restricted movement,negative,201312_114.2186886_22.6391748.png
infrastructure,urban confinement,decreased curiosity,negative,201312_114.2186886_22.6391748.png
road,confined environment,limited exploration,negative,201312_114.22741642663604_22.6742870331036.png
walls,sense of enclosure,restricted movement,negative,201312_114.22741642663604_22.6742870331036.png
vegetation,lack of openness,minimal engagement,negative,201312_114.22741642663604_22.6742870331036.png
street,sense of exploration,encourages movement,positive,201312_114.2215308_22.638467100000003.png
buildings,feeling of confinement,limits exploration,negative,201312_114.2215308_22.638467100000003.png
sidewalks,sense of safety,promotes walking,positive,201312_114.2215308_22.638467100000003.png
lanes,sense of direction,facilitates navigation,positive,201312_114.2215308_22.638467100000003.png
roads,sense of openness,exploration,positive,201312_114.2217792_22.645389599999994.png
intersection,spatial freedom,movement in multiple directions,positive,201312_114.2217792_22.645389599999994.png
buildings,imposed limitations,restricted exploration,negative,201312_114.2217792_22.645389599999994.png
traffic,imposed limitations,restricted exploration,negative,201312_114.2217792_22.645389599999994.png
highway,sense of openness,exploration,positive,201312_114.2280303_22.6858936.png
hills,potential for movement,exploration,positive,201312_114.2280303_22.6858936.png
road,implied vastness,exploration,positive,201312_114.2280303_22.6858936.png
streetscape,sense of openness,exploration,positive,201312_114.22255509192577_22.74762079192338.png
cars,limitations to exploration,hesitation to move,negative,201312_114.22255509192577_22.74762079192338.png
buildings,moderate sense of scope,restricted movement,neutral,201312_114.22255509192577_22.74762079192338.png
barriers,sense of confinement,avoidance of areas,negative,201312_114.22255509192577_22.74762079192338.png
buildings,limited sense of exploration,reduced movement,negative,201312_114.22327990000001_22.752087699999997.png
greenery,lack of vastness,minimal discovery,negative,201312_114.22327990000001_22.752087699999997.png
buildings,constrained exploration,limited movement,negative,201312_114.22879333076148_22.67811880661746.png
fences,restricted freedom,hesitation to explore,negative,201312_114.22879333076148_22.67811880661746.png
road,defined path,following direction,neutral,201312_114.22879333076148_22.67811880661746.png
highway,sense of freedom,exploration,positive,201312_114.22976024585495_22.66465441636165.png
hills,vastness,traveling,positive,201312_114.22976024585495_22.66465441636165.png
trees,tranquility,relaxation,positive,201312_114.22976024585495_22.66465441636165.png
sky,openness,adventure,positive,201312_114.22976024585495_22.66465441636165.png
highway,limited exploration,avoidance of movement,negative,201312_114.23170335000688_22.66473085769163.png
landscape,inaccessibility,reduced engagement,negative,201312_114.23170335000688_22.66473085769163.png
hills,distant allure,curiosity,neutral,201312_114.23170335000688_22.66473085769163.png
barriers,constrained freedom,hesitation to explore,negative,201312_114.23170335000688_22.66473085769163.png
buildings,limited exploration,hesitation to move,negative,201312_114.23322180000001_22.749445099999996.png
road,sense of continuation,encouragement to travel,positive,201312_114.23322180000001_22.749445099999996.png
vehicles,crowded environment,avoidance of congestion,negative,201312_114.23322180000001_22.749445099999996.png
road,sense of openness,movement exploration,positive,201312_114.2306855_22.6447186.png
hills,larger context to explore,encouragement to explore,positive,201312_114.2306855_22.6447186.png
sky,feeling of expansiveness,increased movement,positive,201312_114.2306855_22.6447186.png
infrastructure,sense of scope,travel across distances,positive,201312_114.2306855_22.6447186.png
cityscapes,potential for exploration,inspiration to venture,positive,201312_114.2306855_22.6447186.png
road,sense of freedom,move freely,positive,201312_114.2377708_22.660016599999995.png
walkway,sense of freedom,move freely,positive,201312_114.2377708_22.660016599999995.png
greenery,potential for exploration,explore beyond,positive,201312_114.2377708_22.660016599999995.png
hills,potential for exploration,explore beyond,positive,201312_114.2377708_22.660016599999995.png
infrastructure,imposed boundaries,limit exploration,negative,201312_114.2377708_22.660016599999995.png
intersection,sense of connectivity,exploration of surroundings,positive,201312_114.2375818252192_22.664361221799496.png
pathways,freedom of movement,navigating through space,positive,201312_114.2375818252192_22.664361221799496.png
greenery,calming effect,seeking relaxation,positive,201312_114.2375818252192_22.664361221799496.png
hills,sense of adventure,exploring beyond urban limits,positive,201312_114.2375818252192_22.664361221799496.png
infrastructure,overwhelming scale,considering urban exploration,neutral,201312_114.2375818252192_22.664361221799496.png
road,sense of openness,exploration,positive,201312_114.2335359_22.676501499999993.png
hills,potential for adventure,exploration,positive,201312_114.2335359_22.676501499999993.png
fences,feeling of restriction,hesitation to explore,negative,201312_114.2335359_22.676501499999993.png
sidewalk,defined pathways,following designated routes,neutral,201312_114.2335359_22.676501499999993.png
traffic,sense of urgency,caution in movement,negative,201312_114.2335359_22.676501499999993.png
road,sense of spaciousness,exploring the area,positive,201312_114.2461532_22.686516899999994.png
sky,feeling of freedom,moving freely,positive,201312_114.2461532_22.686516899999994.png
landscape,sense of exploration,exploring surroundings,positive,201312_114.2461532_22.686516899999994.png
road,sense of travel and possibility,exploration,positive,201312_114.24427254906077_22.685548141769612.png
sidewalks,areas for exploration,walking,positive,201312_114.24427254906077_22.685548141769612.png
buildings,dominated view,limited exploration,negative,201312_114.24427254906077_22.685548141769612.png
walls,visible barriers,restricted movement,negative,201312_114.24427254906077_22.685548141769612.png
fences,visible barriers,restricted movement,negative,201312_114.24427254906077_22.685548141769612.png
street,functional thoroughfare,limited exploration,negative,201312_114.24759367393123_22.751763700769764.png
buildings,defined boundaries,restricted movement,negative,201312_114.24759367393123_22.751763700769764.png
road,limited scope,minimal engagement,negative,201312_114.24759367393123_22.751763700769764.png
roads,sense of scope,potential exploration,positive,201312_114.2548337_22.687333400000007.png
mountains,larger area to explore,encouragement to explore,positive,201312_114.2548337_22.687333400000007.png
bridge,feeling of openness,invitation to cross,positive,201312_114.2548337_22.687333400000007.png
sky,sense of openness,inspiration to wander,positive,201312_114.2548337_22.687333400000007.png
road,limited exploration,avoidance of area,negative,201312_114.2637641_22.694024.png
buildings,constrained visual scope,reduced curiosity,negative,201312_114.2637641_22.694024.png
barriers,feeling of confinement,hesitation to explore,negative,201312_114.2637641_22.694024.png
debris,unpleasant environment,avoidance of exploration,negative,201312_114.2637641_22.694024.png
construction,unfinished nature,disinterest in area,negative,201312_114.2637641_22.694024.png
urban,overwhelming presence,withdrawal from space,negative,201312_114.2637641_22.694024.png
spaces,lack of accessibility,minimal exploration,negative,201312_114.2637641_22.694024.png
road,potential for exploration,encourages exploration,positive,201312_114.23760175466754_22.742406490495853.png
buildings,implicit boundaries,limits exploration,negative,201312_114.23760175466754_22.742406490495853.png
development,functional urban area,discourages extensive exploration,negative,201312_114.23760175466754_22.742406490495853.png
highway,sense of extended travel,exploration of destinations,positive,201312_114.26495182895304_22.709595012731427.png
sky,broader environment,increased awareness,positive,201312_114.26495182895304_22.709595012731427.png
landscape,feeling of scope,desire to explore,positive,201312_114.26495182895304_22.709595012731427.png
road,limited exploration,hesitation to venture off,negative,201312_114.26495182895304_22.709595012731427.png
road,moderate sense of openness,exploration,neutral,201312_114.2661953_22.752016300000005.png
sidewalks,sense of boundaries,restricted movement,negative,201312_114.2661953_22.752016300000005.png
green spaces,potential for exploration,encouragement to explore,positive,201312_114.2661953_22.752016300000005.png
buildings,urban infrastructure,limited movement,negative,201312_114.2661953_22.752016300000005.png
trees,sense of nature,invitation to relax,positive,201312_114.2661953_22.752016300000005.png
highway,limited exploration,restricted movement,negative,201312_114.2668932_22.764998399999996.png
barriers,constrained freedom,avoidance of exploration,negative,201312_114.2668932_22.764998399999996.png
hills,sense of enclosure,hesitation to explore,negative,201312_114.2668932_22.764998399999996.png
trees,limited visibility,cautious movement,negative,201312_114.2668932_22.764998399999996.png
road,sense of breadth,movement and exploration,positive,201312_114.2727165_22.694055199999998.png
horizon,sense of openness,exploration,positive,201312_114.2727165_22.694055199999998.png
buildings,sense of boundaries,navigation,neutral,201312_114.2727165_22.694055199999998.png
highway,feeling of openness,exploration,positive,201312_114.27759610961736_22.662900653370745.png
hills,sense of vastness,journey,positive,201312_114.27759610961736_22.662900653370745.png
sky,feeling of freedom,movement,positive,201312_114.27759610961736_22.662900653370745.png
road,sense of direction,navigate effectively,positive,201312_114.2380314_22.670535799999996.png
hills,broader context,explore surroundings,positive,201312_114.2380314_22.670535799999996.png
vegetation,limited perceived freedom,hesitate to explore,negative,201312_114.2380314_22.670535799999996.png
fences,contained space,restrict movement,negative,201312_114.2380314_22.670535799999996.png
slopes,limited possibilities,avoid exploration,negative,201312_114.2380314_22.670535799999996.png
road,sense of openness,movement and exploration,positive,201312_114.2411396_22.6499076.png
buildings,expansive feeling,engagement with surroundings,positive,201312_114.2411396_22.6499076.png
overpass,safety and connectivity,crossing spaces,positive,201312_114.2411396_22.6499076.png
road,constrained perspective,limited exploration,negative,201312_114.2407985_22.655806999999996.png
buildings,sense of linear progression,movement along the road,neutral,201312_114.2407985_22.655806999999996.png
infrastructure,suggested boundaries,restricted navigation,negative,201312_114.2407985_22.655806999999996.png
natural elements,lack of connection to nature,disengagement from surroundings,negative,201312_114.2407985_22.655806999999996.png
highway,sense of vastness,venturing further,positive,201312_114.27193234373506_22.6662252991443.png
hills,ample room for exploration,movement,positive,201312_114.27193234373506_22.6662252991443.png
sky,feeling of openness,exploring surroundings,positive,201312_114.27193234373506_22.6662252991443.png
landscape,unimpeded boundaries,engaging with nature,positive,201312_114.27193234373506_22.6662252991443.png
roads,sense of exploration,movement through space,positive,201312_114.28216869505376_22.684396481503317.png
buildings,impression of expansiveness,engagement with environment,positive,201312_114.28216869505376_22.684396481503317.png
sidewalks,comfort in navigation,walking or strolling,positive,201312_114.28216869505376_22.684396481503317.png
roads,sense of exploration,exploring surroundings,positive,201312_114.2829641_22.722505.png
sidewalks,safety and accessibility,walking and socializing,positive,201312_114.2829641_22.722505.png
shops,variety of experiences,shopping and engaging,positive,201312_114.2829641_22.722505.png
buildings,diversity in architecture,appreciating aesthetics,positive,201312_114.2829641_22.722505.png
highway,sense of space and potential for exploration,moving forward,positive,201312_114.28141_22.776670399999997.png
landscape,feeling of largeness,exploring,positive,201312_114.28141_22.776670399999997.png
horizon,sense of openness,traveling,positive,201312_114.28141_22.776670399999997.png
highway,sense of continuation,limited exploration,neutral,201312_114.2854693_22.661615100000002.png
guardrails,creation of boundaries,restricted movement,negative,201312_114.2854693_22.661615100000002.png
environment,lack of vastness,minimal engagement,negative,201312_114.2854693_22.661615100000002.png
buildings,constrained exploration,limited movement,negative,201312_114.2873743_22.774913799999997.png
road,restricted freedom,navigating along the path,negative,201312_114.2873743_22.774913799999997.png
construction,uncertainty,avoiding areas,negative,201312_114.2873743_22.774913799999997.png
road,sense of openness,exploration,positive,201312_114.2902803_22.780098900000002.png
buildings,feeling of confinement,restriction of movement,negative,201312_114.2902803_22.780098900000002.png
trees,aesthetic enjoyment,relaxation,positive,201312_114.2902803_22.780098900000002.png
traffic,stress or anxiety,hesitation to explore,negative,201312_114.2902803_22.780098900000002.png
property,sense of limitation,avoidance of certain areas,negative,201312_114.2902803_22.780098900000002.png
roadway,feeling of open space,potential for exploration,positive,201312_114.29582448022549_22.718211389759997.png
sightlines,sense of distance,encouragement to explore,positive,201312_114.29582448022549_22.718211389759997.png
obstructions,lack of confinement,freedom to move,positive,201312_114.29582448022549_22.718211389759997.png
road,limited exploration,avoidance of areas,negative,201312_114.2977424_22.721650899999993.png
buildings,sense of scale,navigation through space,neutral,201312_114.2977424_22.721650899999993.png
traffic,perceived boundaries,caution in movement,negative,201312_114.2977424_22.721650899999993.png
construction,disruption of flow,detour from path,negative,201312_114.2977424_22.721650899999993.png
road,sense of space,movement and exploration,positive,201312_114.293584_22.7855359.png
sidewalks,reasonable sense of scope,movement,positive,201312_114.293584_22.7855359.png
paths,visible expanse,exploration,positive,201312_114.293584_22.7855359.png
road,feeling of openness,exploration,positive,201312_114.2989917246515_22.691329368652724.png
landscape,sense of space,movement,positive,201312_114.2989917246515_22.691329368652724.png
street,sense of openness,potential for exploration,positive,201312_114.297774_22.668009000000005.png
pathways,sense of movement,allow for discovery,positive,201312_114.297774_22.668009000000005.png
side areas,sense of exploration,encouragement to explore,positive,201312_114.297774_22.668009000000005.png
roads,sense of connectivity,facilitate movement,positive,201312_114.297774_22.668009000000005.png
sidewalks,sense of safety,promote walking,positive,201312_114.297774_22.668009000000005.png
buildings,limited exploration,avoidance of movement,negative,201312_114.3024738_22.713602799999997.png
vehicles,constrained environment,hesitation to explore,negative,201312_114.3024738_22.713602799999997.png
power lines,sense of confinement,reduced curiosity,negative,201312_114.3024738_22.713602799999997.png
road,path for movement,navigation,neutral,201312_114.3024738_22.713602799999997.png
road,sense of openness,exploration,positive,201312_114.30084265157338_22.721674421737674.png
guardrails,defined boundaries,limited movement,negative,201312_114.30084265157338_22.721674421737674.png
traffic,constrained possibilities,restricted exploration,negative,201312_114.30084265157338_22.721674421737674.png
horizon,visual expansiveness,desire to explore,positive,201312_114.30084265157338_22.721674421737674.png
bridge,urban confinement,hesitation to venture,negative,201312_114.30084265157338_22.721674421737674.png
street,sense of distance,exploration,positive,201312_114.3068844999097_22.781795199656468.png
buildings,limited possibilities,restricted movement,negative,201312_114.3068844999097_22.781795199656468.png
sidewalks,sense of structure,navigating space,neutral,201312_114.3068844999097_22.781795199656468.png
road,sense of movement,exploration,positive,201312_114.30610550000002_22.6990579.png
fences,limited exploration,hesitation to explore,negative,201312_114.30610550000002_22.6990579.png
sky,feeling of openness,increased movement,positive,201312_114.30610550000002_22.6990579.png
pathways,clear direction,navigating space,neutral,201312_114.30610550000002_22.6990579.png
urban areas,constrained exploration,reduced movement,negative,201312_114.30610550000002_22.6990579.png
road,limited exploration,avoidance of area,negative,201312_114.30637782958321_22.763717356228167.png
barriers,feeling confined,restricted movement,negative,201312_114.30637782958321_22.763717356228167.png
fences,sense of isolation,lack of engagement,negative,201312_114.30637782958321_22.763717356228167.png
plots,lack of development,disinterest in exploration,negative,201312_114.30637782958321_22.763717356228167.png
activity,distraction from environment,avoidance of industrial areas,negative,201312_114.30637782958321_22.763717356228167.png
highway,sense of openness,limited exploration,negative,201312_114.3073455_22.674572200000004.png
greenery,sense of openness,encourages exploration,positive,201312_114.3073455_22.674572200000004.png
hills,sense of openness,encourages exploration,positive,201312_114.3073455_22.674572200000004.png
highway,sense of spaciousness,perception of exploration,positive,201312_114.3078142_22.745294399999995.png
landscape,feeling of openness,moving beyond immediate surroundings,positive,201312_114.3078142_22.745294399999995.png
road,sense of spaciousness,perception of exploration,positive,201312_114.3078142_22.745294399999995.png
backdrop,feeling of openness,moving beyond immediate surroundings,positive,201312_114.3078142_22.745294399999995.png
street,sense of exploration,follow the road,positive,201312_114.3078453_22.770198800000003.png
buildings,feeling of depth,movement and discovery,positive,201312_114.3078453_22.770198800000003.png
road,openness,explore further,positive,201312_114.3078453_22.770198800000003.png
urban setting,sense of boundaries,hesitation to explore,negative,201312_114.3078453_22.770198800000003.png
road,sense of depth,exploration,positive,201312_114.30882777640898_22.732776127722143.png
guardrails,limited possibilities,restricted movement,negative,201312_114.30882777640898_22.732776127722143.png
vegetation,defined surroundings,pathway focus,neutral,201312_114.30882777640898_22.732776127722143.png
buildings,constrained space,less exploration,negative,201312_114.30882777640898_22.732776127722143.png
highway,path-like feeling,limited movement,negative,201312_114.30882777640898_22.732776127722143.png
roads,sense of openness,exploration,positive,201312_114.3081115_22.7803939.png
sky,vastness,discovery,positive,201312_114.3081115_22.7803939.png
cityscape,potential for exploration,travel,positive,201312_114.3081115_22.7803939.png
road,suggests movement,encourages exploration,positive,201312_114.30909598501461_22.730988309983697.png
barrier,feels restrictive,limits exploration,negative,201312_114.30909598501461_22.730988309983697.png
pathways,creates confusion,discourages walking,negative,201312_114.30909598501461_22.730988309983697.png
landscape,induces monotony,reduces mental wandering,negative,201312_114.30909598501461_22.730988309983697.png
road,restricted feeling of exploration,limited exploration,negative,201312_114.31085900000001_22.689298199999996.png
construction,restricted feeling of freedom,avoidance of areas,negative,201312_114.31085900000001_22.689298199999996.png
areas,limited accessibility to nature,reduced outdoor activities,negative,201312_114.31085900000001_22.689298199999996.png
road,sense of onward movement,journeying forward,positive,201312_114.30829269569529_22.736351932211612.png
hills,perception of breadth,exploring surroundings,positive,201312_114.30829269569529_22.736351932211612.png
highway,sense of progression,following a fixed path,neutral,201312_114.30829269569529_22.736351932211612.png
barriers,limited feeling of exploration,restricted movement,negative,201312_114.30829269569529_22.736351932211612.png
roads,limited exploration,restricted movement,negative,201312_114.3102506058095_22.683110612437336.png
fences,sense of boundaries,discouraged exploration,negative,201312_114.3102506058095_22.683110612437336.png
buildings,restricted open space,limited freedom,negative,201312_114.3102506058095_22.683110612437336.png
road,sense of distance,limited exploration,negative,201312_114.3115919864939_22.782113155236605.png
buildings,lack of movement options,restricted travel,negative,201312_114.3115919864939_22.782113155236605.png
overpass,sense of confinement,minimal engagement,negative,201312_114.3115919864939_22.782113155236605.png
road,moderate exploration,movement and discovery,positive,201312_114.31306709138376_22.68430250803886.png
paths,sense of direction,exploration,positive,201312_114.31306709138376_22.68430250803886.png
environment,implied possibilities,engagement,positive,201312_114.31306709138376_22.68430250803886.png
highway,sense of confinement,limited exploration,negative,201312_114.31406450584258_22.754072290303167.png
natural areas,lack of accessibility,reduced movement,negative,201312_114.31406450584258_22.754072290303167.png
road,sense of exploration,movement in multiple directions,positive,201312_114.3141215_22.79020119999999.png
greenery,sense of spaciousness,enhanced comfort,positive,201312_114.3141215_22.79020119999999.png
buildings,urban familiarity,engagement with surroundings,neutral,201312_114.3141215_22.79020119999999.png
road,limited exploration,restricted movement,negative,201312_114.3155155_22.763827.png
built environment,defined thoroughfare,direct travel,neutral,201312_114.3155155_22.763827.png
street,limited openness,exploration,negative,201312_114.3182645830684_22.724908281132695.png
buildings,sense of boundaries,restricted movement,negative,201312_114.3182645830684_22.724908281132695.png
highway,impression of vastness,potential for travel,positive,201312_114.31522844727854_22.755518967676593.png
hills,sense of openness,exploration,positive,201312_114.31522844727854_22.755518967676593.png
vegetation,feeling of tranquility,engagement with nature,positive,201312_114.31522844727854_22.755518967676593.png
road,freedom of movement,journeying in multiple directions,positive,201312_114.31522844727854_22.755518967676593.png
road,degree of openness,movement and exploration,positive,201312_114.31612025816067_22.78552685983303.png
environment,primarily for transit,limited exploration,negative,201312_114.31612025816067_22.78552685983303.png
road,limited exploration,restricted movement,negative,201312_114.31805096058591_22.78701133861716.png
buildings,sense of confinement,avoidance of pathways,negative,201312_114.31805096058591_22.78701133861716.png
infrastructure,feeling of boundaries,hesitation to explore,negative,201312_114.31805096058591_22.78701133861716.png
road,good sense of scope,exploration,positive,201312_114.31831256057494_22.766440655872437.png
sidewalks,ample opportunities,move about,positive,201312_114.31831256057494_22.766440655872437.png
greenery,feeling of openness,explore in various directions,positive,201312_114.31831256057494_22.766440655872437.png
sky,sense of freedom,navigate freely,positive,201312_114.31831256057494_22.766440655872437.png
road,sense of openness,exploration,positive,201312_114.3184209_22.690870499999996.png
greenery,sense of potential exploration,engagement with nature,positive,201312_114.3184209_22.690870499999996.png
urban,sense of limitation,caution in movement,negative,201312_114.3184209_22.690870499999996.png
road,functional urban corridor,restricted movement,negative,201312_114.3197591_22.688869199999992.png
trees,limited exploration,minimal engagement,negative,201312_114.3197591_22.688869199999992.png
fencing,sense of confinement,avoidance of exploration,negative,201312_114.3197591_22.688869199999992.png
green spaces,potential for relaxation,seeking respite,positive,201312_114.3197591_22.688869199999992.png
highway,sense of openness,movement and exploration,positive,201312_114.3210375_22.764714699999995.png
boundaries,feeling of constraint,limited exploration,negative,201312_114.3210375_22.764714699999995.png
street,sense of movement,exploration,positive,201312_114.32047496065323_22.79014665066662.png
buildings,feeling of containment,restricted movement,negative,201312_114.32047496065323_22.79014665066662.png
roads,sense of limitation,hesitation to explore,negative,201312_114.32047496065323_22.79014665066662.png
greenery,lack of openness,avoidance of exploration,negative,201312_114.32047496065323_22.79014665066662.png
urban density,feeling of boundaries,constrained movement,negative,201312_114.32047496065323_22.79014665066662.png
roads,sense of spaciousness,potential for exploration,positive,201312_114.32338790973945_22.666212701049062.png
mountains,distant view,implies moving beyond,positive,201312_114.32338790973945_22.666212701049062.png
sky,feeling of breadth,encourages exploration,positive,201312_114.32338790973945_22.666212701049062.png
buildings,immediate area constriction,limited exploration,negative,201312_114.32338790973945_22.666212701049062.png
construction,sense of disruption,deterrent to exploration,negative,201312_114.32338790973945_22.666212701049062.png
intersection,sense of openness,exploration,positive,201312_114.3255492_22.6750059.png
hill,hint of larger area,curiosity,positive,201312_114.3255492_22.6750059.png
road,focus on immediate surroundings,limited exploration,negative,201312_114.3255492_22.6750059.png
boundaries,limitation of exploration,constrained movement,negative,201312_114.3255492_22.6750059.png
highway,limited exploration,restricted movement,negative,201312_114.32671199869294_22.792176681474434.png
trees,vastness perceived,linear movement,neutral,201312_114.32671199869294_22.792176681474434.png
guardrails,constrained freedom,avoidance of danger,negative,201312_114.32671199869294_22.792176681474434.png
traffic,stressful environment,hesitation to move,negative,201312_114.32671199869294_22.792176681474434.png
roads,sense of connectivity,exploration,positive,201312_114.3236299_22.6808436.png
buildings,feeling of containment,navigation,negative,201312_114.3236299_22.6808436.png
overpass,sense of breadth,movement,positive,201312_114.3236299_22.6808436.png
road,limited perceived scope,restricted exploration,negative,201312_114.3253160812913_22.666449648426.png
buildings,constrained environment,minimal movement,negative,201312_114.3253160812913_22.666449648426.png
land,few opportunities for discovery,lack of exploration,negative,201312_114.3253160812913_22.666449648426.png
road,sense of spaciousness,exploration,positive,201312_114.3267391_22.701104000000004.png
traffic,broad urban network,movement,positive,201312_114.3267391_22.701104000000004.png
development,potential for discovery,exploration,positive,201312_114.3267391_22.701104000000004.png
area,contained feeling,limited movement,negative,201312_114.3267391_22.701104000000004.png
roads,potential for movement,exploration,positive,201312_114.3289824_22.6672359.png
vegetation,sense of nature,relaxation,positive,201312_114.3289824_22.6672359.png
infrastructure,limited freedom,hesitation to explore,negative,201312_114.3289824_22.6672359.png
boundaries,constrained space,avoidance of exploration,negative,201312_114.3289824_22.6672359.png
property,sense of restriction,staying within limits,negative,201312_114.3289824_22.6672359.png
road,sense of movement,forward progression,positive,201312_114.327853_22.801035.png
natural areas,feeling of constraint,limited exploration,negative,201312_114.327853_22.801035.png
sky,sense of breadth,awe and contemplation,positive,201312_114.327853_22.801035.png
urban landscape,sense of distance,curiosity,neutral,201312_114.327853_22.801035.png
roads,sense of freedom,exploration,positive,201312_114.3357108_22.7068871.png
spaces,openness,movement,positive,201312_114.3357108_22.7068871.png
buildings,visible boundaries,directional movement,neutral,201312_114.3357108_22.7068871.png
fences,constrained movement,awareness of limits,negative,201312_114.3357108_22.7068871.png
street,sense of direction,walking forward,positive,201312_114.34066892262155_22.688445482442333.png
walkways,feeling of accessibility,exploring the area,positive,201312_114.34066892262155_22.688445482442333.png
buildings,sense of enclosure,staying within boundaries,neutral,201312_114.34066892262155_22.688445482442333.png
greenery,calming effect,lingering in the space,positive,201312_114.34066892262155_22.688445482442333.png
traffic,feeling of danger,avoiding certain areas,negative,201312_114.34066892262155_22.688445482442333.png
barriers,sense of restriction,hesitating to explore,negative,201312_114.34066892262155_22.688445482442333.png
road,possibilities for travel,exploration,positive,201312_114.33773830000001_22.598599399999998.png
hills,hint of areas beyond view,curiosity,positive,201312_114.33773830000001_22.598599399999998.png
infrastructure,limitations on exploration,restricted movement,negative,201312_114.33773830000001_22.598599399999998.png
roads,sense of openness,explore the area,positive,201312_114.3442393_22.704083.png
paths,potential for movement,navigate through space,positive,201312_114.3442393_22.704083.png
horizon,implied expansion,anticipate future development,positive,201312_114.3442393_22.704083.png
buildings,connected urban network,engage with surroundings,positive,201312_114.3442393_22.704083.png
road,sense of breadth,potential for movement,positive,201312_114.3488355_22.7166059.png
greenery,limited exploration,restricted movement,negative,201312_114.3488355_22.7166059.png
highway,sense of journeying,potential exploration,positive,201312_114.3589352_22.74361039999999.png
hills,broader landscape,implied exploration,positive,201312_114.3589352_22.74361039999999.png
road,limited exploration,restricted movement,negative,201312_114.3589352_22.74361039999999.png
barriers,sense of confinement,discouraged exploration,negative,201312_114.3589352_22.74361039999999.png
path,restricted exploration,limited movement,negative,201312_114.34766130644998_22.7063972838596.png
fences,sense of confinement,avoidance of open areas,negative,201312_114.34766130644998_22.7063972838596.png
buildings,bounded environment,following the street,negative,201312_114.34766130644998_22.7063972838596.png
road,sense of openness,possibility of exploration,positive,201312_114.3564416_22.612451399999998.png
nature,enhanced feeling of space,encouragement to move,positive,201312_114.3564416_22.612451399999998.png
landscape,reasonable sense of scope,freedom to navigate,positive,201312_114.3564416_22.612451399999998.png
road,limited exploration,avoidance of space,negative,201312_114.3630441_22.746719300000002.png
buildings,confinement,reduced engagement,negative,201312_114.3630441_22.746719300000002.png
highway,implied journey,exploration,positive,201312_114.3597196_22.747154499999997.png
guardrails,limited exploration,restricted movement,negative,201312_114.3597196_22.747154499999997.png
vegetation,suggested natural areas,desire for access,neutral,201312_114.3597196_22.747154499999997.png
hillsides,restricted feeling of possibilities,avoidance of movement,negative,201312_114.3597196_22.747154499999997.png
road,sense of openness,potential for exploration,positive,201312_114.36931788822233_22.690775032098227.png
sidewalks,feeling of scope,movement within the environment,positive,201312_114.36931788822233_22.690775032098227.png
vista,sense of openness,exploration,positive,201312_114.3739421_22.708664299999995.png
intersection,feeling of freedom,movement,positive,201312_114.3739421_22.708664299999995.png
roads,appreciation of environment,navigation,positive,201312_114.3739421_22.708664299999995.png
horizon,sense of potential,exploration,positive,201312_114.3739421_22.708664299999995.png
landscape,sense of exploration,encourages venturing out,positive,201312_114.36616_22.6108985.png
greenery,feeling of spaciousness,promotes movement,positive,201312_114.36616_22.6108985.png
vistas,impression of possibilities,invites exploration,positive,201312_114.36616_22.6108985.png
road,sense of spaciousness,exploration,positive,201312_114.37249116294527_22.720139972827667.png
sky,feeling of openness,movement,positive,201312_114.37249116294527_22.720139972827667.png
greenery,sense of openness,exploration,positive,201312_114.37249116294527_22.720139972827667.png
highway,sense of openness,continued travel,positive,201312_114.38311694003148_22.759337400803414.png
vegetation,feeling of expansiveness,exploration,positive,201312_114.38311694003148_22.759337400803414.png
sky,vastness,movement,positive,201312_114.38311694003148_22.759337400803414.png
guardrails,sense of safety,traveling,positive,201312_114.38311694003148_22.759337400803414.png
road,sense of direction,exploration,positive,201312_114.38311694003148_22.759337400803414.png
highway,sense of openness,potential for exploration,positive,201312_114.38751719988959_22.614756043802693.png
sea,feeling of ample space,movement and observation,positive,201312_114.38751719988959_22.614756043802693.png
sky,feeling of possibility,exploration,positive,201312_114.38751719988959_22.614756043802693.png
road,sense of confinement,limited exploration,negative,201312_114.3839314_22.616090400000004.png
hills,feeling of vastness,encouraged exploration,positive,201312_114.3839314_22.616090400000004.png
vehicle,sense of confinement,restricted movement,negative,201312_114.3839314_22.616090400000004.png
landscapes,glimpses of openness,inspired curiosity,positive,201312_114.3839314_22.616090400000004.png
roads,sense of restriction,limited exploration,negative,201312_114.3844879049078_22.694927737925436.png
buildings,sense of confinement,avoidance of movement,negative,201312_114.3844879049078_22.694927737925436.png
infrastructure,lack of opportunity,hesitation to explore,negative,201312_114.3844879049078_22.694927737925436.png
roads,sense of openness,potential for exploration,positive,201312_114.3907674_22.715154400000003.png
pathways,sense of openness,potential for exploration,positive,201312_114.3907674_22.715154400000003.png
structures,sense of openness,potential for exploration,positive,201312_114.3907674_22.715154400000003.png
industrial,limited sense of exploration,restricted exploration,negative,201312_114.3907674_22.715154400000003.png
road,moderate sense of scope,limited exploration,negative,201312_114.38093593859112_22.72336363860997.png
sidewalks,constrained movement,restricted navigation,negative,201312_114.38093593859112_22.72336363860997.png
buildings,sense of enclosure,reduced openness,negative,201312_114.38093593859112_22.72336363860997.png
streetscape,directionality of movement,focused travel,positive,201312_114.38093593859112_22.72336363860997.png
highway,limited exploration,restricted wandering,negative,201312_114.39662752429521_22.66077937955246.png
barriers,constrained movement,discouraged discovery,negative,201312_114.39662752429521_22.66077937955246.png
road,linear path,directed travel,neutral,201312_114.39662752429521_22.66077937955246.png
environment,lack of variety,limited exploration,negative,201312_114.39662752429521_22.66077937955246.png
street,suggests potential for movement,exploration,positive,201312_114.3980056_22.695391199999996.png
buildings,creates boundaries,limited exploration,negative,201312_114.3980056_22.695391199999996.png
traffic,limits sense of vastness,restricted movement,negative,201312_114.3980056_22.695391199999996.png
area,industrial and commercial nature,discourages exploration,negative,201312_114.3980056_22.695391199999996.png
road,sense of openness,potential for movement,positive,201312_114.3908848_22.7107337.png
buildings,imposed limitations,restricted exploration,negative,201312_114.3908848_22.7107337.png
urban context,defined structure,constrained travel options,negative,201312_114.3908848_22.7107337.png
road,sense of openness,exploration,positive,201312_114.3940449_22.663478299999994.png
hills,sense of openness,exploration,positive,201312_114.3940449_22.663478299999994.png
trees,sense of openness,exploration,positive,201312_114.3940449_22.663478299999994.png
barriers,limited freedom,hesitation to move,negative,201312_114.3940449_22.663478299999994.png
road,sense of openness,potential exploration,positive,201312_114.3994517_22.718462399999993.png
sky,feeling of potential,exploration,positive,201312_114.3994517_22.718462399999993.png
paths,possibilities for movement,discovery,positive,201312_114.3994517_22.718462399999993.png
horizon,feeling of ample space,exploration,positive,201312_114.3994517_22.718462399999993.png
road,sense of adventure,exploration,positive,201312_114.4100365_22.6964255.png
mountains,awe and curiosity,further exploration,positive,201312_114.4100365_22.6964255.png
path,openness to discovery,exploration beyond,positive,201312_114.4100365_22.6964255.png
road,restricted openness,limited exploration,negative,201312_114.4042881_22.7525312.png
fences,constrained environment,avoidance of area,negative,201312_114.4042881_22.7525312.png
construction,disruption of tranquility,hesitation to engage,negative,201312_114.4042881_22.7525312.png
road,sense of exploration,movement and discovery,positive,201312_114.4014968_22.718388399999995.png
landscaped,opportunities for exploration,venture into the environment,positive,201312_114.4014968_22.718388399999995.png
pathways,implied potential,explore different aspects,positive,201312_114.4014968_22.718388399999995.png
spaces,sense of openness,engage with surroundings,positive,201312_114.4014968_22.718388399999995.png
road,sense of openness,exploration,positive,201312_114.40110214497871_22.75813869549027.png
walls,feeling of limitation,restriction of movement,negative,201312_114.40110214497871_22.75813869549027.png
buildings,sense of confinement,hesitation to explore,negative,201312_114.40110214497871_22.75813869549027.png
infrastructure,perceived boundaries,cautious navigation,negative,201312_114.40110214497871_22.75813869549027.png
fences,restricted exploration,avoidance of space,negative,201312_114.4025148_22.7138714.png
buildings,constrained view,limited movement,negative,201312_114.4025148_22.7138714.png
roads,defined navigation,following paths,neutral,201312_114.4025148_22.7138714.png
construction,sense of disruption,hesitation to explore,negative,201312_114.4025148_22.7138714.png
sky,open feeling,desire to explore,positive,201312_114.4025148_22.7138714.png
street,limited exploration,avoidance of movement,negative,201312_114.4140567_22.696117900000004.png
buildings,constrained feelings,hesitation to explore,negative,201312_114.4140567_22.696117900000004.png
cars,sense of density,reduced mobility,negative,201312_114.4140567_22.696117900000004.png
road,limited exploration,restricted movement,negative,201312_114.4138687_22.6339508.png
buildings,defined boundaries,lack of venturing,negative,201312_114.4138687_22.6339508.png
fences,constrained environment,avoidance of exploration,negative,201312_114.4138687_22.6339508.png
street,sense of movement,exploration,positive,201312_114.412929_22.6364274.png
intersections,openness to possibilities,traveling in multiple directions,positive,201312_114.412929_22.6364274.png
road,connectedness,navigating the area,positive,201312_114.412929_22.6364274.png
road,suggests movement,encourages exploration,positive,201312_114.4102507_22.647543199999994.png
barriers,feeling restricted,discourages exploration,negative,201312_114.4102507_22.647543199999994.png
embankments,sense of danger,prevents venturing,negative,201312_114.4102507_22.647543199999994.png
highway,lack of accessibility,limits physical exploration,negative,201312_114.4102507_22.647543199999994.png
natural areas,not inviting,discourages venturing,negative,201312_114.4102507_22.647543199999994.png
road,sense of openness,exploration,positive,201312_114.4191801_22.642567800000002.png
layout,possibilities for movement,freedom of movement,positive,201312_114.4191801_22.642567800000002.png
sightlines,clear visibility,navigating space,positive,201312_114.4191801_22.642567800000002.png
sidewalks,comfort in walking,walking freely,positive,201312_114.4191801_22.642567800000002.png
landscaping,aesthetic appeal,enjoying surroundings,positive,201312_114.4191801_22.642567800000002.png
thoroughfares,sense of space,exploring areas,positive,201312_114.4191801_22.642567800000002.png
perimeters,security and safety,moving confidently,positive,201312_114.4191801_22.642567800000002.png
road,potential for exploration,exploration,positive,201312_114.4226865_22.63003519999999.png
sidewalks,limitations to movement,restricted movement,negative,201312_114.4226865_22.63003519999999.png
construction,visible barriers,avoidance of area,negative,201312_114.4226865_22.63003519999999.png
buildings,defined boundaries,constrained navigation,negative,201312_114.4226865_22.63003519999999.png
roads,sense of openness,exploration,positive,201312_114.42792634826039_22.627361865481564.png
mountains,potential for exploration,exploration,positive,201312_114.42792634826039_22.627361865481564.png
sky,feeling of broadness,exploration,positive,201312_114.42792634826039_22.627361865481564.png
boundaries,imposed limits,hesitation,negative,201312_114.42792634826039_22.627361865481564.png
construction,sense of restriction,avoidance,negative,201312_114.42792634826039_22.627361865481564.png
road,sense of exploration,movement towards distance,positive,201312_114.4314124_22.5944781.png
vegetation,feeling of constraint,limited exploration,negative,201312_114.4314124_22.5944781.png
hills,awe of nature,desire to explore,positive,201312_114.4314124_22.5944781.png
rock,perceived boundaries,hesitation to move,negative,201312_114.4314124_22.5944781.png
road,potential for exploration,explore,positive,201312_114.4391976_22.585810399999996.png
fences,limited freedom,restrict exploration,negative,201312_114.4391976_22.585810399999996.png
hills,broader landscape,encourage exploration,positive,201312_114.4391976_22.585810399999996.png
road,limited exploration,restricted movement,negative,201312_114.4500566_22.596177499999992.png
hills,sense of openness,desire to explore,positive,201312_114.4500566_22.596177499999992.png
guardrails,feeling of confinement,hesitation to venture off,negative,201312_114.4500566_22.596177499999992.png
construction,disruption of tranquility,avoidance of area,negative,201312_114.4500566_22.596177499999992.png
road,limited exploration,restricted movement,negative,201312_114.4491001_22.6303715.png
walls,constrained feeling,avoidance of discovery,negative,201312_114.4491001_22.6303715.png
fences,sense of boundaries,hesitation to explore,negative,201312_114.4491001_22.6303715.png
vegetation,lack of openness,limited exploration,negative,201312_114.4491001_22.6303715.png
trees,constrained possibilities,reduced curiosity,negative,201312_114.4491001_22.6303715.png
road,suggests potential for exploration,encourages exploration,positive,201312_114.45393190000001_22.576957399999998.png
greenery,feels contained,limits exploration,negative,201312_114.45393190000001_22.576957399999998.png
landscape,hints at more beyond,invites curiosity,positive,201312_114.45393190000001_22.576957399999998.png
road,sense of journey,exploration,positive,201312_114.44753853438388_22.59878176472855.png
hills,broad openness,movement,positive,201312_114.44753853438388_22.59878176472855.png
sky,expansiveness,inspiration,positive,201312_114.44753853438388_22.59878176472855.png
landscape,sense of freedom,exploration,positive,201312_114.44753853438388_22.59878176472855.png
mountains,larger environment,curiosity,positive,201312_114.44753853438388_22.59878176472855.png
road,sense of direction,movement along pathways,positive,201312_114.454187_22.573039099999995.png
cars,implied boundaries,hesitation to explore,negative,201312_114.454187_22.573039099999995.png
fencing,limited openness,restricted movement,negative,201312_114.454187_22.573039099999995.png
land,sense of confinement,avoidance of exploration,negative,201312_114.454187_22.573039099999995.png
highway,sense of movement,potential for travel,positive,201312_114.46222082344174_22.597519112938247.png
road,sense of openness,exploration,positive,201312_114.46222082344174_22.597519112938247.png
guardrails,limited feeling of exploration,restricted movement,negative,201312_114.46222082344174_22.597519112938247.png
vegetation,limited feeling of exploration,restricted movement,negative,201312_114.46222082344174_22.597519112938247.png
roads,sense of openness,move and explore,positive,201312_114.4660371_22.599518000000003.png
sky,clear visibility,encourage exploration,positive,201312_114.4660371_22.599518000000003.png
infrastructure,defined boundaries,navigate within space,neutral,201312_114.4660371_22.599518000000003.png
street,sense of openness,exploration,positive,201312_114.46308265218917_22.600867810572353.png
walls,feeling of limited exploration,hesitation to explore,negative,201312_114.46308265218917_22.600867810572353.png
fences,feeling of limited exploration,hesitation to explore,negative,201312_114.46308265218917_22.600867810572353.png
greenery,sense of nature,engagement with environment,neutral,201312_114.46308265218917_22.600867810572353.png
boundaries,imposed limitations,avoidance of exploration,negative,201312_114.46308265218917_22.600867810572353.png
roads,moderate exploration,venturing further,positive,201312_114.4623147_22.564201599999997.png
hills,visual depth,encouraged exploration,positive,201312_114.4623147_22.564201599999997.png
fences,limited exploration,hesitation to explore,negative,201312_114.4623147_22.564201599999997.png
entrance,structured access,restricted movement,negative,201312_114.4623147_22.564201599999997.png
road,bounded feeling,limited exploration,negative,201312_114.4670775_22.593282500000004.png
hills,sense of possibility,encouraged exploration,positive,201312_114.4670775_22.593282500000004.png
greenery,inviting atmosphere,increased curiosity,positive,201312_114.4670775_22.593282500000004.png
street,limited exploration,restricted movement,negative,201312_114.4751016_22.5895245.png
sidewalks,constrained freedom,hesitant navigation,negative,201312_114.4751016_22.5895245.png
buildings,sense of enclosure,avoidance of open areas,negative,201312_114.4751016_22.5895245.png
road,narrow visual expanse,limited exploration,negative,201312_114.4751016_22.5895245.png
roads,constrained openness,limited exploration,negative,201312_114.4768636_22.600935600000003.png
sidewalks,restricted movement,hesitance to engage,negative,201312_114.4768636_22.600935600000003.png
buildings,sense of confinement,avoidance of area,negative,201312_114.4768636_22.600935600000003.png
construction,disruption of peace,aversion to visit,negative,201312_114.4768636_22.600935600000003.png
road,sense of enclosure,limited exploration,negative,201312_114.47514667677305_22.59246633652697.png
buildings,sense of enclosure,limited exploration,negative,201312_114.47514667677305_22.59246633652697.png
trees,sense of enclosure,limited exploration,negative,201312_114.47514667677305_22.59246633652697.png
sidewalks,sense of enclosure,limited exploration,negative,201312_114.47514667677305_22.59246633652697.png
road,sense of spaciousness,exploration,positive,201312_114.48075_22.543404699999993.png
greenery,inviting atmosphere,discovery,positive,201312_114.48075_22.543404699999993.png
landscape,broader experience,movement,positive,201312_114.48075_22.543404699999993.png
buildings,limited exploration,restricted movement,negative,201312_114.4766241_22.591292899999996.png
roads,constrained opportunities,careful navigation,negative,201312_114.4766241_22.591292899999996.png
traffic,lack of freedom,cautious crossing,negative,201312_114.4766241_22.591292899999996.png
road,sense of exploration,encourages movement,positive,201312_114.47875850000001_22.553592399999996.png
sky,feeling of openness,promotes outdoor activities,positive,201312_114.47875850000001_22.553592399999996.png
mountains,sense of vastness,inspires adventure,positive,201312_114.47875850000001_22.553592399999996.png
spaces,freedom of movement,facilitates exploration,positive,201312_114.47875850000001_22.553592399999996.png
roads,sense of openness,exploration,positive,201312_114.4832208_22.5590197.png
greenery,feeling of potential,further exploration,positive,201312_114.4832208_22.5590197.png
views,sense of vastness,traversing area,positive,201312_114.4832208_22.5590197.png
intersection,sense of limited exploration,walking along the sidewalk,negative,201312_114.47923537862984_22.584275880726327.png
sidewalk,observing surroundings,walking and observing,positive,201312_114.47923537862984_22.584275880726327.png
fences,contained urban space,restricted movement,negative,201312_114.47923537862984_22.584275880726327.png
buildings,sense of containment,limited exploration,negative,201312_114.47923537862984_22.584275880726327.png
walls,sense of confinement,restricted exploration,negative,201312_114.4840805_22.53794989999999.png
buildings,sense of confinement,restricted movement,negative,201312_114.4840805_22.53794989999999.png
roadway,sense of confinement,limited exploration,negative,201312_114.4840805_22.53794989999999.png
construction,sense of confinement,limited movement,negative,201312_114.4840805_22.53794989999999.png
road,sense of openness,feeling of exploration,positive,201312_114.4802195_22.582718999999997.png
buildings,defined environment,movement within boundaries,neutral,201312_114.4802195_22.582718999999997.png
trees,defined environment,movement within boundaries,neutral,201312_114.4802195_22.582718999999997.png
sky,sense of possibility,feeling of exploration,positive,201312_114.4802195_22.582718999999997.png
fenced-off areas,implied boundaries,limited exploration,negative,201312_114.4802195_22.582718999999997.png
urban infrastructure,implied boundaries,limited exploration,negative,201312_114.4802195_22.582718999999997.png
trees,limited exploration,restricted movement,negative,201312_114.48557416772826_22.59829195321127.png
road,constrained freedom,avoidance of exploration,negative,201312_114.48557416772826_22.59829195321127.png
guardrails,sense of confinement,hesitation to explore,negative,201312_114.48557416772826_22.59829195321127.png
roads,sense of openness,exploration,positive,201312_114.4873638_22.570848099999996.png
fences,feeling of restriction,hesitation to move,negative,201312_114.4873638_22.570848099999996.png
buildings,sense of enclosure,limited movement,negative,201312_114.4873638_22.570848099999996.png
expanse,sense of possibilities,encouragement to explore,positive,201312_114.4873638_22.570848099999996.png
road,suggests movement,encourages exploration,positive,201312_114.4932418459449_22.59812495946907.png
trees,creates visual boundary,limits exploration,negative,201312_114.4932418459449_22.59812495946907.png
vegetation,implies restriction,reduces sense of freedom,negative,201312_114.4932418459449_22.59812495946907.png
landscape,feels expansive,invites wandering,positive,201312_114.4932418459449_22.59812495946907.png
road,limited exploration,restricted movement,negative,201312_114.4898353_22.568732999999998.png
sidewalks,limited exploration,restricted movement,negative,201312_114.4898353_22.568732999999998.png
fenced,restricted sense of vastness,limited exploration,negative,201312_114.4898353_22.568732999999998.png
buildings,restricted sense of vastness,limited exploration,negative,201312_114.4898353_22.568732999999998.png
infrastructure,restricted sense of vastness,limited exploration,negative,201312_114.4898353_22.568732999999998.png
road,sense of exploration,traversing the route,positive,201312_114.5019189_22.530503599999996.png
hills,glimpses of nature,encouragement to explore,positive,201312_114.5019189_22.530503599999996.png
guardrails,defined boundaries,restricted movement,negative,201312_114.5019189_22.530503599999996.png
sky,sense of openness,inspiration to explore,positive,201312_114.5019189_22.530503599999996.png
buildings,sense of confinement,limited exploration,negative,201312_114.5019189_22.530503599999996.png
road,moderate exploration,movement potential,neutral,201312_114.5101182_22.53470929999999.png
greenery,pleasant area,encouraged exploration,positive,201312_114.5101182_22.53470929999999.png
buildings,contained space,restricted movement,negative,201312_114.5101182_22.53470929999999.png
property,limited exploration,cautious behavior,negative,201312_114.5101182_22.53470929999999.png
hills,sense of openness,wider exploration,positive,201312_114.50825870000001_22.5439801.png
road,suggests movement,exploration,positive,201312_114.50825870000001_22.5439801.png
vegetation,sense of boundaries,cautious movement,negative,201312_114.50825870000001_22.5439801.png
sky,sense of openness,inspiration to explore,positive,201312_114.50825870000001_22.5439801.png
roads,freedom of movement,exploring various directions,positive,201312_114.5155718_22.546039.png
expanse,ample space for exploration,venturing into natural surroundings,positive,201312_114.5155718_22.546039.png
landscape,clear visibility,exploring the area,positive,201312_114.5155718_22.546039.png
road,sense of enclosure,limited exploration,negative,201312_114.5106195_22.595839499999997.png
buildings,overall impression is limited,constrained movement,negative,201312_114.5106195_22.595839499999997.png
fences,sense of enclosure,restricted exploration,negative,201312_114.5106195_22.595839499999997.png
sidewalks,functional nature,limited recreational activities,negative,201312_114.5106195_22.595839499999997.png
road,sense of possibility and openness,continue driving,positive,201312_114.5020857_22.597646299999997.png
trees,impression of a larger environment,explore surroundings,positive,201312_114.5020857_22.597646299999997.png
sky,feeling of expansiveness,encounter more nature,positive,201312_114.5020857_22.597646299999997.png
greenery,natural yet organized landscape,discover new areas,positive,201312_114.5020857_22.597646299999997.png
road,suggests direction,following the path,positive,201312_114.5107575_22.541550199999996.png
fences,creates limitations,restricting exploration,negative,201312_114.5107575_22.541550199999996.png
buildings,induces confinement,limiting movement,negative,201312_114.5107575_22.541550199999996.png
road,sense of breadth,movement exploration,positive,201312_114.52151801756803_22.5503279488395.png
hills,larger unexplored landscape,curiosity to explore,positive,201312_114.52151801756803_22.5503279488395.png
sky,feeling of openness,desire for freedom,positive,201312_114.52151801756803_22.5503279488395.png
roadside,limited exploration,hesitation to move forward,negative,201312_114.52151801756803_22.5503279488395.png
landscape,sense of freedom,exploration,positive,201312_114.5220393_22.475605999999992.png
roads,opportunities for exploration,movement,positive,201312_114.5220393_22.475605999999992.png
mountains,broad backdrop,inspiration,positive,201312_114.5220393_22.475605999999992.png
sky,lack of immediate boundaries,freedom to move,positive,201312_114.5220393_22.475605999999992.png
road,sense of exploration,exploring the environment,positive,201312_114.52381306735515_22.478818206957524.png
mountains,broader perspective,seeking adventure,positive,201312_114.52381306735515_22.478818206957524.png
sky,openness,engaging with nature,positive,201312_114.52381306735515_22.478818206957524.png
terrain,natural beauty,walking or hiking,positive,201312_114.52381306735515_22.478818206957524.png
road,sense of openness,exploration,positive,201312_114.52687398431966_22.55529951634409.png
hills,curiosity about areas beyond,exploration,positive,201312_114.52687398431966_22.55529951634409.png
sky,sense of openness,movement,positive,201312_114.52687398431966_22.55529951634409.png
road,limited perceived scope,hesitation to move,negative,201312_114.52687398431966_22.55529951634409.png
road,sense of depth,venturing further,positive,201312_114.52854614555584_22.484118971276985.png
vegetation,potential for exploration,movement and discovery,positive,201312_114.52854614555584_22.484118971276985.png
woods,hint of possibility,exploration,positive,201312_114.52854614555584_22.484118971276985.png
road,sense of exploration,encourages travel,positive,201312_114.5483818_22.501877299999993.png
hills,feeling of openness,invites movement,positive,201312_114.5483818_22.501877299999993.png
natural areas,sense of discovery,promotes exploration,positive,201312_114.5483818_22.501877299999993.png
road,inviting exploration,venture further,positive,201312_114.5302195_22.557136299999996.png
greenery,sense of openness,encourage exploration,positive,201312_114.5302195_22.557136299999996.png
landscape,potential for wider vistas,inspire curiosity,positive,201312_114.5302195_22.557136299999996.png
road,sense of linear progression,limited exploration,negative,201312_114.5316803_22.488411699999997.png
greenery,sense of openness,encouraged movement,positive,201312_114.5316803_22.488411699999997.png
buildings,implied limitations,restricted movement,negative,201312_114.5316803_22.488411699999997.png
fences,sense of confinement,discouraged exploration,negative,201312_114.5316803_22.488411699999997.png
road,limited exploration,restricted movement,negative,201312_114.5506189_22.557558299999997.png
vegetation,sense of confinement,avoidance of exploration,negative,201312_114.5506189_22.557558299999997.png
structures,bounded environment,hesitation to explore,negative,201312_114.5506189_22.557558299999997.png
sea,sense of vastness,exploration,positive,201312_114.56205587873401_22.552096985531563.png
hill,adventurous spirit,discovery,positive,201312_114.56205587873401_22.552096985531563.png
promenade,openness,movement,positive,201312_114.56205587873401_22.552096985531563.png
landscapes,sense of vastness,exploration,positive,201312_114.5669133_22.495827700000003.png
mountains,awe and inspiration,discovery,positive,201312_114.5669133_22.495827700000003.png
roads,openness,movement,positive,201312_114.5669133_22.495827700000003.png
terrain,freedom,exploration,positive,201312_114.5669133_22.495827700000003.png
greenery,calmness,relaxation,positive,201312_114.5669133_22.495827700000003.png
road,sense of direction,exploration,positive,201312_114.53446893156645_22.490667636964762.png
trees,immersive environment,engagement with nature,positive,201312_114.53446893156645_22.490667636964762.png
vegetation,implied boundaries,limited movement,negative,201312_114.53446893156645_22.490667636964762.png
space,feeling of possibility,freedom to move,positive,201312_114.53446893156645_22.490667636964762.png
mountain,sense of expansiveness,exploration,positive,201312_114.602737_22.542949899999996.png
paths,openness to movement,discovery,positive,201312_114.602737_22.542949899999996.png
parking,freedom of choice,movement in different directions,positive,201312_114.602737_22.542949899999996.png
roads,feeling of openness,exploration and movement,positive,201312_114.5713258_22.547361500000004.png
sky,sense of freedom,venturing further,positive,201312_114.5713258_22.547361500000004.png
hills,expansive landscape,traveling in various directions,positive,201312_114.5713258_22.547361500000004.png
infrastructure,absence of constraints,exploring natural expanses,positive,201312_114.5713258_22.547361500000004.png
road,sense of exploration,encourages travel,positive,201312_114.5959745_22.5385763.png
hills,feeling of vastness,invites curiosity,positive,201312_114.5959745_22.5385763.png
greenery,sense of immersion,promotes relaxation,positive,201312_114.5959745_22.5385763.png
signage,guidance,facilitates navigation,positive,201312_114.5959745_22.5385763.png
buildings,constrained exploration,limited movement,negative,201402_114.037805_22.73677109999999.png
sidewalks,directed movement,following paths,neutral,201402_114.037805_22.73677109999999.png
streets,limited vastness,hesitant exploration,negative,201402_114.037805_22.73677109999999.png
highway,sense of possibility,journeying to various locations,positive,201402_114.1971458_22.6760886.png
hills,expansive view,exploring the environment,positive,201402_114.1971458_22.6760886.png
vegetation,connection to nature,engaging with the landscape,positive,201402_114.1971458_22.6760886.png
sky,broadness,feeling of freedom,positive,201402_114.1971458_22.6760886.png
road,openness,movement,positive,201402_114.1971458_22.6760886.png
street,limited exploration,avoidance of exploration,negative,201402_114.2354072444943_22.717375951530183.png
shops,constrained curiosity,minimal engagement,negative,201402_114.2354072444943_22.717375951530183.png
cars,restricted movement,hesitation to explore,negative,201402_114.2354072444943_22.717375951530183.png
buildings,visible boundaries,limited interaction,negative,201402_114.2354072444943_22.717375951530183.png
greenery,lack of openness,discouragement from exploration,negative,201402_114.2354072444943_22.717375951530183.png
street,sense of openness,movement along the road,positive,201402_114.2917458_22.775605299999995.png
roads,feeling of spatial breadth,exploration of adjacent areas,positive,201402_114.2917458_22.775605299999995.png
buildings,larger urban context,potential exploration,positive,201402_114.2917458_22.775605299999995.png
roads,sense of exploration,movement through space,positive,201402_114.2535144_22.696713399999997.png
pathways,sense of freedom,navigating the area,positive,201402_114.2535144_22.696713399999997.png
buildings,sense of scale,discovering new areas,positive,201402_114.2535144_22.696713399999997.png
landscaping,aesthetic appreciation,exploring surroundings,positive,201402_114.2535144_22.696713399999997.png
boundaries,defined space,understanding limits,neutral,201402_114.2535144_22.696713399999997.png
road,good sense of scope,movement and exploration,positive,201402_114.2854241_22.7630765.png
sky,feeling of openness,freedom of movement,positive,201402_114.2854241_22.7630765.png
highway,sense of openness,exploration,positive,201402_114.16331550000001_22.657446800000002.png
greenery,potential for movement,movement within landscape,positive,201402_114.16331550000001_22.657446800000002.png
sidewalks,limited exploration,walking,negative,201402_114.30128034173985_22.712177235389564.png
buildings,confinement,observing,negative,201402_114.30128034173985_22.712177235389564.png
natural areas,lack of opportunity,exploring,negative,201402_114.30128034173985_22.712177235389564.png
sidewalks,limited exploration,restricted movement,negative,201402_114.29298400868292_22.690155413404717.png
driveways,sense of boundaries,hesitation to explore,negative,201402_114.29298400868292_22.690155413404717.png
greenery,contained nature,lack of engagement,negative,201402_114.29298400868292_22.690155413404717.png
medians,obstructed pathways,avoidance of exploration,negative,201402_114.29298400868292_22.690155413404717.png
road,feeling of openness,exploration,positive,201402_114.30325706315772_22.703626619142224.png
trees,sense of tranquility,walking,positive,201402_114.30325706315772_22.703626619142224.png
sidewalks,sense of safety,pedestrian movement,positive,201402_114.30325706315772_22.703626619142224.png
buildings,feeling of enclosure,navigating space,neutral,201402_114.30325706315772_22.703626619142224.png
street,perception of scale,movement,positive,201402_114.30325706315772_22.703626619142224.png
roads,feeling of exploration,encouragement to explore,positive,201402_114.31223135126848_22.67236365375285.png
vegetation,sense of openness,desire to discover,positive,201402_114.31223135126848_22.67236365375285.png
space,perception of vastness,urge to move freely,positive,201402_114.31223135126848_22.67236365375285.png
road,sense of expanse,exploration,positive,201402_114.31253709602333_22.77022698214317.png
landscape,openness to possibilities,movement in various directions,positive,201402_114.31253709602333_22.77022698214317.png
road,suggests movement,travel along the path,positive,201402_114.30978904708078_22.699304893574542.png
trees,creates enclosure,limits exploration,negative,201402_114.30978904708078_22.699304893574542.png
buildings,contributes to confinement,restricts movement,negative,201402_114.30978904708078_22.699304893574542.png
street,limited exploration,restricted movement,negative,201402_114.317867137311_22.735005186227806.png
fences,sense of boundaries,avoidance of areas,negative,201402_114.317867137311_22.735005186227806.png
buildings,feeling of confinement,hesitation to explore,negative,201402_114.317867137311_22.735005186227806.png
construction,perception of disruption,limited engagement,negative,201402_114.317867137311_22.735005186227806.png
roads,limited exploration,restricted movement,negative,201402_114.32746970000001_22.739143999999996.png
spaces,sense of confinement,reduced exploration,negative,201402_114.32746970000001_22.739143999999996.png
construction,feeling of obstruction,hesitation to explore,negative,201402_114.32746970000001_22.739143999999996.png
barriers,frustration,avoidance of certain areas,negative,201402_114.32746970000001_22.739143999999996.png
pathways,lack of direction,minimal movement,negative,201402_114.32746970000001_22.739143999999996.png
roads,potential for exploration,exploring paths,positive,201402_114.3126874_22.6741184.png
vegetation,sense of adventure,engaging with nature,positive,201402_114.3126874_22.6741184.png
structures,limited exploration,hesitating to explore,negative,201402_114.3126874_22.6741184.png
fences,restricted movement,avoiding certain areas,negative,201402_114.3126874_22.6741184.png
character,moderate scope for movement,navigating cautiously,neutral,201402_114.3126874_22.6741184.png
road,sense of exploration,movement and discovery,positive,201402_114.3385831_22.7636766.png
hills,feeling of openness,exploration of new areas,positive,201402_114.3385831_22.7636766.png
landscape,curiosity about surroundings,desire to explore,positive,201402_114.3385831_22.7636766.png
roads,sense of exploration,encourages movement,positive,201402_114.32552398551188_22.739111257548483.png
landscape,feeling of openness,invites observation,positive,201402_114.32552398551188_22.739111257548483.png
vegetation,curiosity about nature,promotes discovery,positive,201402_114.32552398551188_22.739111257548483.png
structures,hint of possibilities,stimulates exploration,positive,201402_114.32552398551188_22.739111257548483.png
road,sense of movement,explore area,positive,201402_114.31282391584024_22.716085470930057.png
sidewalks,sense of potential,encourage walking,positive,201402_114.31282391584024_22.716085470930057.png
buildings,sense of enclosure,limit exploration,negative,201402_114.31282391584024_22.716085470930057.png
walls,sense of confinement,restrict movement,negative,201402_114.31282391584024_22.716085470930057.png
urban context,limited exploration,hesitate to move freely,negative,201402_114.31282391584024_22.716085470930057.png
roads,limited exploration,avoidance of boundaries,negative,201402_114.32487122091618_22.686445706805312.png
fences,restricted openness,hesitation to explore,negative,201402_114.32487122091618_22.686445706805312.png
buildings,uniformity,lack of curiosity,negative,201402_114.32487122091618_22.686445706805312.png
walls,sense of confinement,restricted movement,negative,201402_114.34935705669396_22.72479227935493.png
buildings,lack of exploration,limited discovery,negative,201402_114.34935705669396_22.72479227935493.png
roads,sense of restriction,minimal navigation,negative,201402_114.34935705669396_22.72479227935493.png
open spaces,desire for vastness,seeking exploration,negative,201402_114.34935705669396_22.72479227935493.png
paths,limited exploration,restricted movement,negative,201402_114.34622870000001_22.695338.png
buildings,confinement,lack of curiosity,negative,201402_114.34622870000001_22.695338.png
lot,overgrown neglect,avoidance,negative,201402_114.34622870000001_22.695338.png
roads,sense of openness,exploration,positive,201402_114.3503119_22.760835700000005.png
infrastructure,limited movement,hesitation to explore,negative,201402_114.3503119_22.760835700000005.png
traffic,perceived boundaries,restricted movement,negative,201402_114.3503119_22.760835700000005.png
street,functional urban space,navigation and movement,positive,201402_114.3502292_22.688675400000005.png
sidewalks,sense of movement,walking,positive,201402_114.3502292_22.688675400000005.png
buildings,clear boundaries,orientation,neutral,201402_114.3502292_22.688675400000005.png
roads,defined pathways,driving,positive,201402_114.3502292_22.688675400000005.png
road,sense of exploration,movement and exploration,positive,201402_114.36034582007444_22.719017512451686.png
sky,feeling of openness,encouragement to explore,positive,201402_114.36034582007444_22.719017512451686.png
barriers,lack of restriction,freedom to move,positive,201402_114.36034582007444_22.719017512451686.png
vista,broad perspective,increased curiosity,positive,201402_114.36034582007444_22.719017512451686.png
roads,sense of freedom,exploration,positive,201402_114.35708922806192_22.720431376967106.png
fields,feeling of openness,movement,positive,201402_114.35708922806192_22.720431376967106.png
greenery,sense of tranquility,relaxation,positive,201402_114.35708922806192_22.720431376967106.png
street,sense of possibility,exploration,positive,201402_114.35812032074573_22.762068879996754.png
vehicles,movement potential,navigate,positive,201402_114.35812032074573_22.762068879996754.png
buildings,open environment,engagement,positive,201402_114.35812032074573_22.762068879996754.png
roads,sense of movement,exploration,positive,201402_114.3588178_22.7231454.png
area,functional zone,limited exploration,negative,201402_114.3588178_22.7231454.png
boundaries,sense of confinement,restricted movement,negative,201402_114.3588178_22.7231454.png
layout,sense of direction,navigation,neutral,201402_114.3588178_22.7231454.png
buildings,constrained exploration,limited movement,negative,201402_114.362242_22.6995994.png
road,restricted openness,discouraged exploration,negative,201402_114.362242_22.6995994.png
road,sense of exploration,explore further,positive,201402_114.35816648029157_22.70351388134908.png
buildings,feeling of confinement,hesitate to explore,negative,201402_114.35816648029157_22.70351388134908.png
infrastructure,lack of openness,avoidance of exploration,negative,201402_114.35816648029157_22.70351388134908.png
fences,feeling of restriction,limited exploration,negative,201402_114.36619984580902_22.723449342929655.png
roads,sense of confinement,hesitation to explore,negative,201402_114.36619984580902_22.723449342929655.png
fields,illusion of openness,desire to explore,neutral,201402_114.36619984580902_22.723449342929655.png
sites,lack of freedom,avoidance of discovery,negative,201402_114.36619984580902_22.723449342929655.png
street,moderate exploration,exploring surroundings,positive,201402_114.36461408764269_22.716380945173096.png
fences,sense of boundaries,limited exploration,negative,201402_114.36461408764269_22.716380945173096.png
facades,restricted openness,hesitation to explore,negative,201402_114.36461408764269_22.716380945173096.png
path,inviting movement,walking along,positive,201402_114.36461408764269_22.716380945173096.png
road,good sense of scope,movement and exploration,positive,201402_114.36632219598206_22.714358103273288.png
sky,impression of spaciousness,possibilities for travel,positive,201402_114.36632219598206_22.714358103273288.png
infrastructure,clear lines,exploration in various directions,positive,201402_114.36632219598206_22.714358103273288.png
roads,potential for exploration,encourages exploration,positive,201402_114.3763235_22.739888599999997.png
buildings,limits feeling of exploration,restricts movement,negative,201402_114.3763235_22.739888599999997.png
construction,feeling of boundaries,discourages exploration,negative,201402_114.3763235_22.739888599999997.png
road,constrained exploration,limited movement,negative,201402_114.3678695_22.748553499999993.png
buildings,defined urban environment,restricted interaction,negative,201402_114.3678695_22.748553499999993.png
sidewalks,moderate accessibility,walking,neutral,201402_114.3678695_22.748553499999993.png
median,separation of spaces,crossing streets,neutral,201402_114.3678695_22.748553499999993.png
road,feeling of expansiveness,encouraged exploration,positive,201402_114.3686757_22.704789699999996.png
sidewalks,sense of openness,movement within the space,positive,201402_114.3686757_22.704789699999996.png
vegetation,enhanced comfort,engagement with nature,positive,201402_114.3686757_22.704789699999996.png
buildings,lack of confinement,freedom of movement,positive,201402_114.3686757_22.704789699999996.png
fences,minimal restriction,sense of safety,positive,201402_114.3686757_22.704789699999996.png
sky,sense of openness,inspiration to explore,positive,201402_114.3686757_22.704789699999996.png
activity,vibrancy of space,social interaction,positive,201402_114.3686757_22.704789699999996.png
roads,sense of openness,exploration,positive,201402_114.37810833693372_22.734786916068387.png
fences,feeling of restriction,limited movement,negative,201402_114.37810833693372_22.734786916068387.png
buildings,sense of confinement,avoidance of exploration,negative,201402_114.37810833693372_22.734786916068387.png
landscaped areas,lack of engagement,minimal exploration,negative,201402_114.37810833693372_22.734786916068387.png
roads,sense of exploration,encourages movement,positive,201402_114.3764038_22.733768300000005.png
spaces,feeling of openness,promotes travel,positive,201402_114.3764038_22.733768300000005.png
landscape,impression of vastness,inspires wandering,positive,201402_114.3764038_22.733768300000005.png
road,considerable expanse,movement and exploration,positive,201402_114.37644412471282_22.72605050481827.png
sidewalks,potential for exploration,side exploration,positive,201402_114.37644412471282_22.72605050481827.png
infrastructure,reasonable sense of scope,exploration,positive,201402_114.37644412471282_22.72605050481827.png
street,linear nature,movement,positive,201402_114.37644412471282_22.72605050481827.png
road,limited exploration,restricted movement,negative,201402_114.37942332362421_22.733426411101615.png
sidewalks,defined boundaries,constrained navigation,negative,201402_114.37942332362421_22.733426411101615.png
fences,feeling enclosed,avoidance of exploration,negative,201402_114.37942332362421_22.733426411101615.png
buildings,lack of openness,limited interaction,negative,201402_114.37942332362421_22.733426411101615.png
vegetated,some greenery,mild engagement,neutral,201402_114.37942332362421_22.733426411101615.png
street,limited exploration,reduced movement,negative,201402_114.38614481778613_22.740343950558373.png
buildings,constrained discovery,lack of exploration,negative,201402_114.38614481778613_22.740343950558373.png
road,sense of passing through,limited exploration,negative,201402_114.38452297926167_22.73857856117938.png
sidewalks,sense of passing through,limited exploration,negative,201402_114.38452297926167_22.73857856117938.png
buildings,feeling of confinement,hesitation to explore,negative,201402_114.38452297926167_22.73857856117938.png
trees,sense of nature,desire to explore,positive,201402_114.38452297926167_22.73857856117938.png
street,reasonable scope for exploration,moving about,positive,201402_114.3897088_22.742227699999997.png
buildings,suggests possibilities,observing storefronts,positive,201402_114.3897088_22.742227699999997.png
boundaries,limits sense of exploration,hesitation to explore,negative,201402_114.3897088_22.742227699999997.png
traffic,inhibits movement,caution in navigation,negative,201402_114.3897088_22.742227699999997.png
view,not expansive enough,lack of exploration,negative,201402_114.3897088_22.742227699999997.png
street,restricted movement,limited exploration,negative,201402_114.39630518823527_22.743685028268725.png
buildings,constrained environment,hesitation to engage,negative,201402_114.39630518823527_22.743685028268725.png
trees,moderate openness,encouraged walking,neutral,201402_114.39630518823527_22.743685028268725.png
road,sense of exploration,exploring surroundings,positive,201402_114.40499880000002_22.6288611.png
trees,feeling of openness,engaging with nature,positive,201402_114.40499880000002_22.6288611.png
fences,sense of limitation,hesitation to explore,negative,201402_114.40499880000002_22.6288611.png
buildings,feeling of confinement,avoiding exploration,negative,201402_114.40499880000002_22.6288611.png
road,sense of openness,exploration along the path,positive,201402_114.39241537881304_22.725414696127416.png
sidewalks,sense of accessibility,movement along the space,positive,201402_114.39241537881304_22.725414696127416.png
buildings,sense of security,engagement with surroundings,positive,201402_114.39241537881304_22.725414696127416.png
trees,sense of tranquility,enjoyment of nature,positive,201402_114.39241537881304_22.725414696127416.png
intersection,feeling of freedom,venturing further,positive,201402_114.40193409240295_22.74506681567123.png
roads,sense of openness,exploring multiple directions,positive,201402_114.40193409240295_22.74506681567123.png
views,considerable openness,movement without restriction,positive,201402_114.40193409240295_22.74506681567123.png
crosswalks,sense of safety,crossing freely,positive,201402_114.40193409240295_22.74506681567123.png
sky,sense of expansiveness,enjoying the environment,positive,201402_114.40193409240295_22.74506681567123.png
street,moderate exploration,explore pathways,positive,201402_114.4082642_22.637924899999998.png
buildings,sense of area,navigate surroundings,positive,201402_114.4082642_22.637924899999998.png
hills,curiosity about landscape,seek views,positive,201402_114.4082642_22.637924899999998.png
cars,restricted movement,hesitate to explore,negative,201402_114.4082642_22.637924899999998.png
property,sense of limitation,avoid trespassing,negative,201402_114.4082642_22.637924899999998.png
road,sense of movement,exploration,positive,201402_114.409243_22.6350267.png
barriers,feeling of restriction,hesitation to explore,negative,201402_114.409243_22.6350267.png
spaces,bounded environment,limited exploration,negative,201402_114.409243_22.6350267.png
context,urban confinement,avoidance of movement,negative,201402_114.409243_22.6350267.png
buildings,limited exploration,avoidance of private property,negative,201402_114.4091385_22.6321068.png
sidewalks,clear path for movement,encouragement to walk,positive,201402_114.4091385_22.6321068.png
roads,defined visual extent,navigation through area,neutral,201402_114.4091385_22.6321068.png
road,limited exploration,restricted movement,negative,201402_114.410324_22.6407317.png
sidewalks,functional corridor,utilitarian navigation,neutral,201402_114.410324_22.6407317.png
barriers,defined boundaries,discouraged exploration,negative,201402_114.410324_22.6407317.png
fences,restricted access,limited engagement,negative,201402_114.410324_22.6407317.png
infrastructure,urban confinement,constrained movement,negative,201402_114.410324_22.6407317.png
road,sense of openness,walking or cycling,positive,201402_114.4111051657152_22.632832100486777.png
buildings,feeling of restriction,limited exploration,negative,201402_114.4111051657152_22.632832100486777.png
fences,sense of confinement,discouraged exploration,negative,201402_114.4111051657152_22.632832100486777.png
highway,sense of openness,potential for exploration,positive,201403_114.02601178606123_22.752487728526603.png
landscape,feeling of spaciousness,release from confinement,positive,201403_114.02601178606123_22.752487728526603.png
hills,sense of openness,potential for exploration,positive,201403_114.02601178606123_22.752487728526603.png
buildings,sense of openness,potential for exploration,positive,201403_114.02601178606123_22.752487728526603.png
highway,sense of openness,exploration,positive,201403_114.02884416138046_22.76146747143481.png
road,limited exploration,restricted movement,negative,201403_114.02884416138046_22.76146747143481.png
road,limited exploration,avoid venturing off,negative,201403_114.029818_22.763606499999998.png
barriers,sense of restriction,hesitation to explore,negative,201403_114.029818_22.763606499999998.png
construction,discomfort,avoidance of areas,negative,201403_114.029818_22.763606499999998.png
urban,unappealing environment,stay on the road,negative,201403_114.029818_22.763606499999998.png
highway,sense of openness,feeling of exploration,positive,201403_114.1639762_22.6499309.png
greenery,feeling of not being confined,encouragement to explore,positive,201403_114.1639762_22.6499309.png
landscape,perception of vastness,increased curiosity,positive,201403_114.1639762_22.6499309.png
buildings,restricted exploration,limited movement,negative,201403_114.28969024909823_22.670782674001266.png
cars,contained feeling,hesitation to explore,negative,201403_114.28969024909823_22.670782674001266.png
entrances,perceived confinement,avoidance of pathways,negative,201403_114.28969024909823_22.670782674001266.png
street,sense of openness,exploration,positive,201403_114.291943_22.670415299999995.png
buildings,implied boundaries,restricted movement,negative,201403_114.291943_22.670415299999995.png
street,sense of movement,exploration,positive,201403_114.2865602_22.6705316.png
buildings,defined boundaries,restricted movement,negative,201403_114.2865602_22.6705316.png
roads,urban infrastructure,navigation,neutral,201403_114.2865602_22.6705316.png
traffic,sense of congestion,hesitation,negative,201403_114.2865602_22.6705316.png
street,limited exploration,urban exploration,negative,201403_114.28577528718832_22.672723412972715.png
sidewalks,suggestive of exploration,encouraging exploration,positive,201403_114.28577528718832_22.672723412972715.png
vehicles,imposed boundaries,restricted movement,negative,201403_114.28577528718832_22.672723412972715.png
buildings,urban density,feeling of confinement,negative,201403_114.28577528718832_22.672723412972715.png
landscape,lack of openness,discouraged exploration,negative,201403_114.28577528718832_22.672723412972715.png
street,limited exploration,stay within boundaries,negative,201403_114.30636268763371_22.672150165103474.png
buildings,contained environment,avoid exploration,negative,201403_114.30636268763371_22.672150165103474.png
sidewalks,familiarity,walk casually,neutral,201403_114.30636268763371_22.672150165103474.png
hills,suggestive distance,gaze into distance,positive,201403_114.30636268763371_22.672150165103474.png
pathways,sense of limitation,restricted movement,negative,201403_114.2929717078102_22.671947215945814.png
walls,feeling of confinement,hesitation to explore,negative,201403_114.2929717078102_22.671947215945814.png
buildings,lack of vastness,avoidance of exploration,negative,201403_114.2929717078102_22.671947215945814.png
fences,sense of enclosure,limited exploration,negative,201403_114.2929717078102_22.671947215945814.png
road,sense of exploration,exploring surroundings,positive,201403_114.3439078_22.665087599999996.png
farmland,suggestion of openness,desire to explore further,positive,201403_114.3439078_22.665087599999996.png
fences,sense of enclosure,restriction of movement,negative,201403_114.3439078_22.665087599999996.png
foliage,feeling of confinement,hesitation to explore,negative,201403_114.3439078_22.665087599999996.png
street,sense of exploration,encourages movement,positive,201403_114.34674766290425_22.68606309018065.png
network,feeling of connectivity,promotes discovery,positive,201403_114.34674766290425_22.68606309018065.png
commercial,stimulated curiosity,invites engagement,positive,201403_114.34674766290425_22.68606309018065.png
street,limited exploration,restricted movement,negative,201403_114.34491912419516_22.685411523262403.png
buildings,constrained possibilities,lack of exploration,negative,201403_114.34491912419516_22.685411523262403.png
sidewalks,contained environment,minimal engagement,negative,201403_114.34491912419516_22.685411523262403.png
road,sense of expansiveness,exploration,positive,201403_114.3541165_22.685339399999997.png
buildings,imposed boundaries,limited exploration,negative,201403_114.3541165_22.685339399999997.png
areas,moderate scope for exploration,exploration,neutral,201403_114.3541165_22.685339399999997.png
street,potential for movement and exploration,exploring the area,positive,201403_114.347424_22.684370599999994.png
buildings,limited feeling of vastness,hesitation to explore,negative,201403_114.347424_22.684370599999994.png
traffic,constrained environment,avoiding the area,negative,201403_114.347424_22.684370599999994.png
street,sense of exploration,movement and exploration,positive,201403_114.47371648364182_22.590880118909357.png
buildings,connected environment,broader exploration,positive,201403_114.47371648364182_22.590880118909357.png
roads,sense of potential,pathways for movement,positive,201403_114.47371648364182_22.590880118909357.png
buildings,sense of openness,movement and exploration,positive,201403_114.4712951_22.596841899999998.png
sidewalks,connected network,navigating urban spaces,positive,201403_114.4712951_22.596841899999998.png
road,expansive environment,traveling,positive,201403_114.4712951_22.596841899999998.png
street,sense of exploration,potential exploration,positive,201403_114.47127816228051_22.593218389034774.png
sidewalks,sense of space,movement,positive,201403_114.47127816228051_22.593218389034774.png
buildings,limited exploration,restricted movement,negative,201403_114.47127816228051_22.593218389034774.png
traffic,feeling of boundaries,cautious movement,negative,201403_114.47127816228051_22.593218389034774.png
road,moderate sense of discovery,exploration,neutral,201403_114.47127816228051_22.593218389034774.png
roads,suggests potential for exploration,encourages exploration,positive,201403_114.49908917687205_22.596296186473293.png
fences,creates boundaries,restricts movement,negative,201403_114.49908917687205_22.596296186473293.png
green space,not extensive enough for vastness,limits discovery,negative,201403_114.49908917687205_22.596296186473293.png
buildings,contributes to residential scale,reduces exploration,negative,201403_114.49908917687205_22.596296186473293.png
path,possibility for movement,encourages exploration,positive,201403_114.5020823_22.587825699999996.png
roads,limited exploration,restricts movement,negative,201403_114.5020823_22.587825699999996.png
fences,controlled access,discourages wandering,negative,201403_114.5020823_22.587825699999996.png
area,not expansive,limits exploration,negative,201403_114.5020823_22.587825699999996.png
highway,sense of broad scope,exploration,positive,201404_113.82848328294271_22.668914003410322.png
hills,expansive area,appreciation of space,positive,201404_113.82848328294271_22.668914003410322.png
vegetation,sense of openness,engagement with nature,positive,201404_113.82848328294271_22.668914003410322.png
highway,limited exploration,minimal movement,negative,201404_113.84755745946309_22.715814616519843.png
walls,uninviting environment,discouraged discovery,negative,201404_113.84755745946309_22.715814616519843.png
power lines,constrained view,lack of engagement,negative,201404_113.84755745946309_22.715814616519843.png
highway,sense of openness,potential exploration,positive,201404_113.83205790000001_22.648775399999998.png
greenery,implies larger landscape,encourages exploration,positive,201404_113.83205790000001_22.648775399999998.png
highway,sense of expanse and directionality,possibilities for travel and movement,positive,201404_113.8595053_22.6380174.png
hills,feeling of openness,encouragement to explore,positive,201404_113.8595053_22.6380174.png
guardrails,limited perceived freedom,constrained exploration,negative,201404_113.8595053_22.6380174.png
lanes,defined boundaries,restricted movement,negative,201404_113.8595053_22.6380174.png
highway,sense of potential exploration,movement in various directions,positive,201404_113.8679265_22.790199799999996.png
buildings,feeling of considerable scope,encouragement to explore,positive,201404_113.8679265_22.790199799999996.png
bridge,sense of connection,crossing to new areas,positive,201404_113.8679265_22.790199799999996.png
highway,limited exploration,restricted movement,negative,201404_113.85096169738534_22.63163394317757.png
slopes,lack of accessibility,minimal discovery,negative,201404_113.85096169738534_22.63163394317757.png
farmland,defined boundaries,no exploration,negative,201404_113.85096169738534_22.63163394317757.png
highway,sense of journey,moving through space,positive,201404_113.87639416485732_22.656923191403436.png
sky,feeling of vastness,exploring possibilities,positive,201404_113.87639416485732_22.656923191403436.png
road,hint of large area,contemplating distance,neutral,201404_113.87639416485732_22.656923191403436.png
highway,limited exploration,pass through,negative,201404_113.87223108607553_22.762894794356168.png
barriers,confinement,avoidance,negative,201404_113.87223108607553_22.762894794356168.png
vegetation,restricted view,stay close,negative,201404_113.87223108607553_22.762894794356168.png
buildings,lack of detail,no exploration,negative,201404_113.87223108607553_22.762894794356168.png
road,functional space,transit,neutral,201404_113.87223108607553_22.762894794356168.png
highway,limited perception of exploration,restricted movement,negative,201404_113.88090430148902_22.81210965043923.png
lanes,sense of capacity,encouraged exploration,positive,201404_113.88090430148902_22.81210965043923.png
highway,sense of forward progression,moving forward,positive,201404_113.88022556665412_22.657539004523017.png
landscape,feeling of containment,limited exploration,negative,201404_113.88022556665412_22.657539004523017.png
buildings,feeling of confinement,restricted movement,negative,201404_113.88022556665412_22.657539004523017.png
highway,sense of openness,exploration,positive,201404_113.88406204444568_22.658127156953263.png
hills,potential for visual exploration,exploration,positive,201404_113.88406204444568_22.658127156953263.png
road,limits feeling of boundless exploration,restricted exploration,negative,201404_113.88406204444568_22.658127156953263.png
highway,sense of journey,opportunities for movement,positive,201404_113.88194917077641_22.8155861177406.png
buildings,broader landscape perception,exploration,positive,201404_113.88194917077641_22.8155861177406.png
mountains,expansive environment feeling,inspiration,positive,201404_113.88194917077641_22.8155861177406.png
highway,sense of length,forward movement,positive,201404_113.8846742_22.705383699999995.png
greenery,limited feeling of exploration,restricted access,negative,201404_113.8846742_22.705383699999995.png
highway,sense of vastness,encouragement to explore,positive,201404_113.89883602362298_22.659179748925713.png
sky,feeling of openness,inspiration for travel,positive,201404_113.89883602362298_22.659179748925713.png
road,limited exploration,restriction of movement,negative,201404_113.89883602362298_22.659179748925713.png
highway,sense of vastness,transit movement,neutral,201404_113.90402014698175_22.659065545757933.png
boundaries,feeling of confinement,restricted exploration,negative,201404_113.90402014698175_22.659065545757933.png
vegetation,sense of obstruction,limited mobility,negative,201404_113.90402014698175_22.659065545757933.png
highway,sense of movement,travel towards destinations,positive,201404_113.8891361_22.658751799999997.png
lanes,feeling of expansiveness,exploration of possibilities,positive,201404_113.8891361_22.658751799999997.png
road,implied length,journey initiation,positive,201404_113.8891361_22.658751799999997.png
highway,sense of travel,exploration,positive,201404_113.91616771574749_22.624234106956862.png
trees,boundedness,restriction of movement,negative,201404_113.91616771574749_22.624234106956862.png
highway,sense of linear progression,movement forward,positive,201404_113.90790824772574_22.65900936607576.png
terrain,restricted exploration,limited movement,negative,201404_113.90790824772574_22.65900936607576.png
barriers,implied boundaries,limited exploration,negative,201404_113.90790824772574_22.65900936607576.png
traffic,defined pathways,constrained movement,negative,201404_113.90790824772574_22.65900936607576.png
highway,defined route feeling,limited exploration,negative,201404_113.92717959766975_22.664955269056406.png
vegetation,sense of confinement,restricted movement,negative,201404_113.92717959766975_22.664955269056406.png
urban,lack of openness,hesitation to explore,negative,201404_113.92717959766975_22.664955269056406.png
highway,sense of vastness,movement potential,positive,201404_113.9170652_22.659144999999995.png
landscape,expansive environment,exploration,positive,201404_113.9170652_22.659144999999995.png
guardrails,restricted exploration,limited movement,negative,201404_113.9170652_22.659144999999995.png
highway,moderate exploration,route usage,neutral,201404_113.9170652_22.659144999999995.png
highway,sense of scale,exploration desire,positive,201404_113.9381102174492_22.67214804135569.png
hills,larger landscape suggestion,curiosity to explore,positive,201404_113.9381102174492_22.67214804135569.png
guardrails,restricted access feeling,limited exploration,negative,201404_113.9381102174492_22.67214804135569.png
highway,sense of travel and progression,moving about,positive,201404_113.9275003_22.605617199999994.png
barriers,feeling of limitation,constrained exploration,negative,201404_113.9275003_22.605617199999994.png
road,sense of confinement,restricted movement,negative,201404_113.9275003_22.605617199999994.png
spaces,sense of spaciousness,exploration,positive,201404_113.9266765_22.610219399999988.png
vehicles,limitations on exploration,restricted movement,negative,201404_113.9266765_22.610219399999988.png
boundaries,restricted feeling,limited movement,negative,201404_113.9266765_22.610219399999988.png
highway,sense of exploration,travel,positive,201404_113.9650287_22.685636099999996.png
hills,sense of openness,exploration,positive,201404_113.9650287_22.685636099999996.png
greenery,connection to nature,recreation,positive,201404_113.9650287_22.685636099999996.png
highway,sense of openness,exploration,positive,201404_114.02738_22.758507599999994.png
landscape,visual expansion,appreciation of space,positive,201404_114.02738_22.758507599999994.png
road,restricted movement,cautious navigation,negative,201404_114.02738_22.758507599999994.png
highway,sense of scale,continuous travel,positive,201408_113.84381220000002_22.741956400000003.png
built environment,imposed boundaries,limited exploration,negative,201408_113.84381220000002_22.741956400000003.png
traffic lanes,confined movement,restricted navigation,negative,201408_113.84381220000002_22.741956400000003.png
street,sense of space,movement within urban context,positive,201408_113.9220017_22.7846185.png
buildings,feeling of confinement,limited exploration,negative,201408_113.9220017_22.7846185.png
infrastructure,sense of structure,navigation through space,neutral,201408_113.9220017_22.7846185.png
street,limited exploration,restricted movement,negative,201408_113.92775770000002_22.7858371.png
buildings,defined boundaries,constrained navigation,negative,201408_113.92775770000002_22.7858371.png
sidewalks,functional area,transit focus,neutral,201408_113.92775770000002_22.7858371.png
traffic barriers,lack of openness,limited exploration,negative,201408_113.92775770000002_22.7858371.png
highway,limited exploration,restricted movement,negative,201408_113.965655081388_22.81195291209696.png
guardrails,sense of confinement,discouraged exploration,negative,201408_113.965655081388_22.81195291209696.png
vegetation,feeling of enclosure,reduced curiosity,negative,201408_113.965655081388_22.81195291209696.png
pathway,functional focus,directed movement,neutral,201408_113.965655081388_22.81195291209696.png
road,limited exploration,avoid venturing off paths,negative,201408_113.9440293_22.7980389.png
sidewalk,constrained movement,stick to established routes,negative,201408_113.9440293_22.7980389.png
buildings,solid urban front,lack of curiosity,negative,201408_113.9440293_22.7980389.png
greenery,minimal nature interaction,limited exploration of diverse areas,negative,201408_113.9440293_22.7980389.png
road,sense of expansiveness,opportunities for exploration,positive,201410_114.37493335461107_22.736411759456804.png
sky,sense of openness,encouragement to explore,positive,201410_114.37493335461107_22.736411759456804.png
structures,imposed limitations,restricted movement,negative,201410_114.37493335461107_22.736411759456804.png
fences,subtle barriers,hesitation to explore,negative,201410_114.37493335461107_22.736411759456804.png
road,reasonable space for movement,encourages exploration,positive,201410_114.39313294679685_22.740476520102636.png
buildings,perceived boundaries,limits exploration,negative,201410_114.39313294679685_22.740476520102636.png
fences,perceived boundaries,limits exploration,negative,201410_114.39313294679685_22.740476520102636.png
traffic,perceived boundaries,limits exploration,negative,201410_114.39313294679685_22.740476520102636.png
road,limited exploration,restricted movement,negative,201410_114.3716868_22.758448700000006.png
sidewalk,limited exploration,restricted movement,negative,201410_114.3716868_22.758448700000006.png
fence,bounded possibilities,discouraged exploration,negative,201410_114.3716868_22.758448700000006.png
infrastructure,restricted freedom,limited discovery,negative,201410_114.3716868_22.758448700000006.png
view,lack of vastness,reduced curiosity,negative,201410_114.3716868_22.758448700000006.png
street,potential for exploration,exploration,positive,201410_114.37135028291522_22.76022663437952.png
infrastructure,clear boundaries,restricted movement,negative,201410_114.37135028291522_22.76022663437952.png
property,limited exploration,cautious movement,negative,201410_114.37135028291522_22.76022663437952.png
street,sense of exploration,encourages movement,positive,201410_114.3969769_22.741978299999996.png
buildings,feeling of vastness,invites curiosity,positive,201410_114.3969769_22.741978299999996.png
greenery,sense of tranquility,promotes relaxation,positive,201410_114.3969769_22.741978299999996.png
area,good sense of spaciousness,exploration in multiple directions,positive,201410_114.3974114647061_22.74921567437351.png
roads,feeling of expanse,movement and discovery,positive,201410_114.3974114647061_22.74921567437351.png
sky,feeling of expanse,movement and discovery,positive,201410_114.3974114647061_22.74921567437351.png
green spaces,suggests potential for movement,discovery within the area,positive,201410_114.3974114647061_22.74921567437351.png
infrastructure,suggests potential for movement,discovery within the area,positive,201410_114.3974114647061_22.74921567437351.png
roads,sense of spaciousness,opportunities for exploration,positive,201410_114.39518626759875_22.741271180973786.png
sidewalks,sense of freedom,movement about,positive,201410_114.39518626759875_22.741271180973786.png
pathways,sense of openness,exploration,positive,201410_114.39518626759875_22.741271180973786.png
lanes,sense of distance,movement,positive,201410_114.39518626759875_22.741271180973786.png
areas,lack of boundaries,freedom to explore,positive,201410_114.39518626759875_22.741271180973786.png
intersection,feeling of freedom,movement and exploration,positive,201410_114.3992771_22.749888999999996.png
sky,sense of broad scope,exploration,positive,201410_114.3992771_22.749888999999996.png
network,connectedness,navigation,positive,201410_114.3992771_22.749888999999996.png
buildings,perception of scale,exploration,positive,201410_114.3992771_22.749888999999996.png
highway,sense of distance,travel,positive,201410_114.3992771_22.749888999999996.png
road,sense of openness,potential for exploration,positive,201410_114.40097418844701_22.750772763504518.png
overpass,sense of openness,potential for exploration,positive,201410_114.40097418844701_22.750772763504518.png
boundaries,limited feeling of movement,restricted exploration,negative,201410_114.40097418844701_22.750772763504518.png
urban setting,limited feeling of movement,restricted exploration,negative,201410_114.40097418844701_22.750772763504518.png
road,sense of openness,exploration,positive,201410_114.40037685399513_22.743941795937683.png
sky,feeling of vastness,exploration,positive,201410_114.40037685399513_22.743941795937683.png
buildings,implied freedom of movement,exploration,positive,201410_114.40037685399513_22.743941795937683.png
landscaped areas,enhanced openness,exploration,positive,201410_114.40037685399513_22.743941795937683.png
intersection,sense of potential pathways,movement and exploration,positive,201410_114.401642_22.760514199999992.png
sky,feeling of openness,exploration,positive,201410_114.401642_22.760514199999992.png
layout,organized,navigation,positive,201410_114.401642_22.760514199999992.png
intersection,sense of freedom,venturing out,positive,201410_114.4088513_22.7552379.png
roads,potential for movement,exploration,positive,201410_114.4088513_22.7552379.png
landscape,broad expanse,experiencing freedom,positive,201410_114.4088513_22.7552379.png
spaces,good sense of scope,potential exploration,positive,201509_113.8778189_22.5239282.png
barriers,feeling of expansiveness,encouraged exploration,positive,201509_113.8778189_22.5239282.png
industrial nature,limited desirability,reduced exploration,negative,201509_113.8778189_22.5239282.png
intersection,sense of spaciousness,exploration in multiple directions,positive,201410_114.4073475_22.7479169.png
infrastructure,feeling of potential movement,discovery within the cityscape,positive,201410_114.4073475_22.7479169.png
roads,feeling of broad possibilities,travel in multiple directions,positive,201410_114.4073475_22.7479169.png
space,sense of openness,exploration,positive,201509_113.87921688195479_22.52267544611043.png
road,perceived freedom,movement,neutral,201509_113.87921688195479_22.52267544611043.png
containers,functional limitation,restricted movement,negative,201509_113.87921688195479_22.52267544611043.png
roads,sense of potential for exploration,encourages exploration,positive,201509_113.8962182_22.54384519999999.png
buildings,feeling of openness,promotes wandering,positive,201509_113.8962182_22.54384519999999.png
sky,sense of freedom,invites outdoor activities,positive,201509_113.8962182_22.54384519999999.png
fences,implied boundaries,restricts movement,negative,201509_113.8962182_22.54384519999999.png
vehicular movement,focus on transportation,limits exploration,negative,201509_113.8962182_22.54384519999999.png
road,sense of openness,exploration,positive,201509_113.8842395_22.5070012.png
vehicles,constrained environment,limited exploration,negative,201509_113.8842395_22.5070012.png
construction,industrial function,restricted movement,negative,201509_113.8842395_22.5070012.png
construction,constrained environment,limited exploration,negative,201509_113.8972285_22.5321375.png
barriers,restricted freedom,avoidance of area,negative,201509_113.8972285_22.5321375.png
buildings,sense of confinement,hesitation to engage,negative,201509_113.8972285_22.5321375.png
road,illusion of distance,desire to explore,neutral,201509_113.8972285_22.5321375.png
highway,feeling of freedom,exploration,positive,201510_113.76850050000002_22.6738732.png
road,lack of immediate boundaries,movement,positive,201510_113.76850050000002_22.6738732.png
sky,sense of broad scope,travel in various directions,positive,201510_113.76850050000002_22.6738732.png
road,reasonable space for exploration,encourages exploration,positive,201510_113.9132915_22.4939517.png
buildings,sense of a larger area,promotes curiosity,positive,201510_113.9132915_22.4939517.png
truck,limitation of immediate space,restricts movement,negative,201510_113.9132915_22.4939517.png
road,limited exploration,transit focus,negative,201510_113.9341328_22.56520709999999.png
overpasses,sense of confinement,restricted movement,negative,201510_113.9341328_22.56520709999999.png
highway,vast network,potential travel,neutral,201510_113.9341328_22.56520709999999.png
highway,sense of openness,travel direction,positive,201510_113.9724256_22.6870184.png
barriers,limited exploration,restricted movement,negative,201510_113.9724256_22.6870184.png
traffic,confined discovery,ability to wander,negative,201510_113.9724256_22.6870184.png
street,potential for movement,exploration,positive,201510_113.91570891894631_22.49697264648642.png
crossroads,connections to other directions,navigation,positive,201510_113.91570891894631_22.49697264648642.png
buildings,limited view,restriction,negative,201510_113.91570891894631_22.49697264648642.png
trees,limited view,restriction,negative,201510_113.91570891894631_22.49697264648642.png
construction,temporary boundaries,avoidance,negative,201510_113.91570891894631_22.49697264648642.png
highway,sense of openness,limited exploration,negative,201510_113.98185242856432_22.688757389903536.png
embankments,restricted movement,lack of exploration,negative,201510_113.98185242856432_22.688757389903536.png
highway,sense of forward progression,exploration,positive,201510_113.98363639770812_22.689476032522467.png
guardrails,limited exploration,restricted movement,negative,201510_113.98363639770812_22.689476032522467.png
slopes,limited accessible space,constrained movement,negative,201510_113.98363639770812_22.689476032522467.png
greenery,limited accessible space,constrained movement,negative,201510_113.98363639770812_22.689476032522467.png
tunnel,lack of vastness,restricted movement,negative,201510_114.0103691_22.594331799999996.png
walls,confinement,limited exploration,negative,201510_114.0103691_22.594331799999996.png
highway,sense of exploration,exploring the path,positive,201510_114.03380288280603_22.517278014240983.png
lanes,feeling of openness,using the thoroughfare,positive,201510_114.03380288280603_22.517278014240983.png
foliage,sense of limitation,hesitation to explore,negative,201510_114.03380288280603_22.517278014240983.png
highway,sense of expanse,possibility of travel,positive,201510_114.1179575_22.6653098.png
lanes,broad environment,potential for exploration,neutral,201510_114.1179575_22.6653098.png
skyline,sense of vastness,context of travel,neutral,201510_114.1179575_22.6653098.png
highway,sense of distance,limited exploration,negative,201510_114.09133879686222_22.646343048669696.png
barriers,restricted movement,avoidance of exploration,negative,201510_114.09133879686222_22.646343048669696.png
traffic,busy environment,hesitation to explore,negative,201510_114.09133879686222_22.646343048669696.png
vegetation,dense surroundings,discouragement from movement,negative,201510_114.09133879686222_22.646343048669696.png
path,inviting potential,curiosity to explore,positive,201510_114.09133879686222_22.646343048669696.png
road,restricted feeling of exploration,limited movement,negative,201510_114.12311478463587_22.540428499015647.png
hills,visible expanse,encouraged exploration,neutral,201510_114.12311478463587_22.540428499015647.png
infrastructure,boundaries limiting freedom,hesitation to explore,negative,201510_114.12311478463587_22.540428499015647.png
highway,feeling of confinement,reduced exploration,negative,201510_114.12311478463587_22.540428499015647.png
buildings,sense of confinement,limited exploration,negative,201510_114.10067960000002_22.6565825.png
traffic,feeling of restriction,hesitation to move,negative,201510_114.10067960000002_22.6565825.png
road,lack of vastness,cautious walking,negative,201510_114.10067960000002_22.6565825.png
highway,limited freedom of movement,restricted exploration,negative,201510_114.1209625_22.664945200000002.png
barriers,constrained exploration,decreased wandering,negative,201510_114.1209625_22.664945200000002.png
traffic,increased anxiety,avoidance of movement,negative,201510_114.1209625_22.664945200000002.png
highway,sense of exploration,exploring adjacent areas,positive,201510_114.12840565481605_22.662909228804207.png
infrastructure,feeling of restriction,limited movement,negative,201510_114.12840565481605_22.662909228804207.png
natural areas,desire for unbounded movement,engaging with nature,positive,201510_114.12840565481605_22.662909228804207.png
highway,sense of openness,exploration,positive,201510_114.14203573628855_22.638772522441887.png
vegetation,feeling of tranquility,enjoyment of nature,positive,201510_114.14203573628855_22.638772522441887.png
hills,sense of adventure,traveling,positive,201510_114.14203573628855_22.638772522441887.png
road,limited exploration,avoidance of pedestrian activities,negative,201510_114.141854_22.6526184.png
greenery,restricted view,lack of engagement with surroundings,negative,201510_114.141854_22.6526184.png
buildings,implied boundaries,hesitation to explore further,negative,201510_114.141854_22.6526184.png
bridge,sense of freedom,exploration,positive,201511_113.77301714570748_22.65521850478275.png
horizon,sense of vastness,discovery,positive,201511_113.77301714570748_22.65521850478275.png
road,sense of openness,exploration and movement,positive,201510_114.1519723_22.629348399999998.png
buildings,feeling of potential,further journeying,positive,201510_114.1519723_22.629348399999998.png
greenery,inviting atmosphere,engagement with nature,positive,201510_114.1519723_22.629348399999998.png
highway,limited sense of exploration,restricted movement,negative,201510_114.1548433_22.612801099999995.png
buildings,constrained freedom,hesitation to explore,negative,201510_114.1548433_22.612801099999995.png
noise barriers,increased stress,avoidance of the area,negative,201510_114.1548433_22.612801099999995.png
urban development,overwhelming environment,withdrawal from the space,negative,201510_114.1548433_22.612801099999995.png
bridge,sense of immense scale and openness,movement and exploration,positive,201511_113.77791411965266_22.647425541351954.png
sea,feeling of freedom,exploration,positive,201511_113.77791411965266_22.647425541351954.png
sky,sense of vastness,movement,positive,201511_113.77791411965266_22.647425541351954.png
road,sense of openness,extensive exploration,positive,201511_113.78989593872954_22.626797290819933.png
sea,feeling of expansive freedom,visual exploration,positive,201511_113.78989593872954_22.626797290819933.png
highway,sense of freedom,exploration,positive,201511_113.77595173381438_22.6505407676531.png
water,expansive possibility,observation,positive,201511_113.77595173381438_22.6505407676531.png
highway,feeling of vastness,exploration,positive,201511_113.79198277958976_22.623752718711486.png
sea,sense of limitlessness,movement,positive,201511_113.79198277958976_22.623752718711486.png
land,sense of distance,perspective taking,positive,201511_113.79198277958976_22.623752718711486.png
view,sense of exploration,encourages movement,positive,201511_113.79302905059284_22.6222321167968.png
landscape,feeling of freedom,promotes directionality,positive,201511_113.79302905059284_22.6222321167968.png
streets,sense of openness,move about,positive,201511_113.8926971_22.590370800000002.png
park,potential for exploration,discover different areas,positive,201511_113.8926971_22.590370800000002.png
landscape,broad urban vista,explore surroundings,positive,201511_113.8926971_22.590370800000002.png
tunnel,limited sense of exploration,restricted movement,negative,201511_113.98640311723084_22.573708649761702.png
buildings,sense of boundaries,limited exploration,negative,201601_113.86947380000001_22.5787381.png
cars,feeling of confinement,restricted movement,negative,201601_113.86947380000001_22.5787381.png
road,lack of openness,hesitation to explore,negative,201601_113.86947380000001_22.5787381.png
road,limited exploration,avoid wandering,negative,201601_113.8995009_22.486923499999996.png
cars,restricted movement,stay close,negative,201601_113.8995009_22.486923499999996.png
vegetation,some natural space,encourage exploration,positive,201601_113.8995009_22.486923499999996.png
hillside,limited area,reduce wandering,negative,201601_113.8995009_22.486923499999996.png
highway,sense of length,moving forward,positive,201511_114.04964800000002_22.6558579.png
hills,implies exploration,exploring beyond,positive,201511_114.04964800000002_22.6558579.png
trees,implies exploration,exploring beyond,positive,201511_114.04964800000002_22.6558579.png
highway,limited freedom,restricted exploration,negative,201511_114.04964800000002_22.6558579.png
highway,"broad, expansive space",possibilities for travel,positive,201601_113.91229911214752_22.579411857320917.png
trees,somewhat confined surroundings,limited movement,negative,201601_113.91229911214752_22.579411857320917.png
road,implies possibilities for exploration,encouragement to explore,positive,201601_113.91229911214752_22.579411857320917.png
highway,constrained sense of openness,limited exploration,negative,201601_113.91355756883638_22.578036885096644.png
trees,view of nature,encouraged observation,positive,201601_113.91355756883638_22.578036885096644.png
buildings,distant perspective,curiosity about surroundings,neutral,201601_113.91355756883638_22.578036885096644.png
street,limited exploration,navigating paths,negative,201601_113.9126736_22.526134499999994.png
buildings,defined movement,following routes,negative,201601_113.9126736_22.526134499999994.png
roads,restricted access,avoiding spontaneity,negative,201601_113.9126736_22.526134499999994.png
traffic,stressful environment,cautious movement,negative,201601_113.9126736_22.526134499999994.png
barriers,sense of confinement,limited exploration,negative,201601_113.9126736_22.526134499999994.png
construction,disruption of space,avoidance of areas,negative,201601_113.9126736_22.526134499999994.png
street,sense of confinement,limited exploration,negative,201601_113.91049880000001_22.526025000000004.png
buildings,lack of vastness,restricted movement,negative,201601_113.91049880000001_22.526025000000004.png
road,linear path,following traffic route,negative,201601_113.91049880000001_22.526025000000004.png
barricades,feeling of limitation,avoidance of exploration,negative,201601_113.91049880000001_22.526025000000004.png
street,sense of openness,exploration,positive,201601_113.8745102_22.5675937.png
buildings,urban density,caution in movement,negative,201601_113.8745102_22.5675937.png
intersection,spatial breadth,navigating space,positive,201601_113.8745102_22.5675937.png
traffic,sense of limitation,hesitation to move freely,negative,201601_113.8745102_22.5675937.png
highway,sense of openness,potential for exploration,positive,201601_113.914816_22.576661899999998.png
greenery,feeling of movement,encouragement to travel,positive,201601_113.914816_22.576661899999998.png
sky,lack of boundaries,inspiration to explore,positive,201601_113.914816_22.576661899999998.png
streetscape,sense of openness,exploration,positive,201601_113.916563_22.5275247.png
roads,freedom of movement,navigating,positive,201601_113.916563_22.5275247.png
crossings,safety in movement,crossing streets,positive,201601_113.916563_22.5275247.png
buildings,urban engagement,exploring surroundings,positive,201601_113.916563_22.5275247.png
street,sense of expansive possibilities,opportunities for movement,positive,201601_113.919263_22.527063600000005.png
buildings,large urban area,exploration within the cityscape,positive,201601_113.919263_22.527063600000005.png
traffic,domination of immediate foreground,awareness of congestion,negative,201601_113.919263_22.527063600000005.png
road,sense of openness,movement and exploration,positive,201601_113.9205707480704_22.555670959071687.png
greenery,feeling of tranquility,engagement with nature,positive,201601_113.9205707480704_22.555670959071687.png
urban,sense of connectivity,interaction with surroundings,positive,201601_113.9205707480704_22.555670959071687.png
highway,lack of freedom,limited exploration,negative,201601_113.9234574_22.5680999.png
vegetation,constrained environment,restricted movement,negative,201601_113.9234574_22.5680999.png
highway,sense of expansiveness,encourages exploration,positive,201601_113.94190116296602_22.56502110885344.png
lanes,feeling of movement,promotes travel,positive,201601_113.94190116296602_22.56502110885344.png
road,impression of continuity,facilitates long-distance journeys,positive,201601_113.94190116296602_22.56502110885344.png
intersection,sense of openness,exploration,positive,201601_113.9367483_22.5688907.png
buildings,limited possibilities,hesitation to explore,negative,201601_113.9367483_22.5688907.png
guardrails,implied boundaries,restricted movement,negative,201601_113.9367483_22.5688907.png
vehicles,cluttered environment,avoidance of exploration,negative,201601_113.9367483_22.5688907.png
highway,sense of vastness,implies movement,positive,201601_113.95155518756962_22.564048622776014.png
road,limited surroundings,suggests travel,neutral,201601_113.95155518756962_22.564048622776014.png
road,sense of movement,traverse the area,positive,201601_113.9317428_22.566182099999995.png
trees,suggests exploration,explore beyond,positive,201601_113.9317428_22.566182099999995.png
buildings,sense of limitation,restrict exploration,negative,201601_113.9317428_22.566182099999995.png
infrastructure,conveys confinement,limit movement,negative,201601_113.9317428_22.566182099999995.png
intersection,limited exploration,hesitation to explore,negative,201601_113.95563_22.5731096.png
buildings,constrained movement,reduced mobility,negative,201601_113.95563_22.5731096.png
streets,possibilities for movement,increased navigation,positive,201601_113.95563_22.5731096.png
road,limited exploration,avoidance of movement,negative,201601_113.95629671057142_22.55635424112815.png
greenery,sense of calm,encouragement to linger,positive,201601_113.95629671057142_22.55635424112815.png
buildings,sense of confinement,reduced engagement,negative,201601_113.95629671057142_22.55635424112815.png
bridge,connection,facilitation of movement,positive,201601_113.95629671057142_22.55635424112815.png
sidewalks,restricted freedom,hesitation to explore,negative,201601_113.95629671057142_22.55635424112815.png
highway,sense of freedom,exploration,positive,201601_113.96491421191537_22.561488858722452.png
greenery,calming effect,enjoyment of nature,positive,201601_113.96491421191537_22.561488858722452.png
road,constrained movement,limited exploration,negative,201601_113.96491421191537_22.561488858722452.png
highway,limited exploration,restricted movement,negative,201601_113.96020570251964_22.5625587290877.png
greenery,sense of confinement,avoidance of exploration,negative,201601_113.96020570251964_22.5625587290877.png
barrier,feeling of restriction,lack of engagement,negative,201601_113.96020570251964_22.5625587290877.png
buildings,distant presence,disinterest in exploration,negative,201601_113.96020570251964_22.5625587290877.png
road,substantial environment,movement and exploration,positive,201601_113.97008539292004_22.522714847349917.png
bridge,sense of connectivity,crossing spaces,positive,201601_113.97008539292004_22.522714847349917.png
greenery,natural tranquility,engagement with nature,positive,201601_113.97008539292004_22.522714847349917.png
sidewalks,safety and accessibility,walking,positive,201601_113.97008539292004_22.522714847349917.png
road,sense of expanse,potential for exploration,positive,201601_113.9681430570524_22.522693926658068.png
greenery,sense of nature,encouragement to explore,positive,201601_113.9681430570524_22.522693926658068.png
highway,sense of vastness,exploring beyond,positive,201601_113.96620072476264_22.522672982541344.png
highway,sense of vastness,exploration,positive,201601_113.97202773236299_22.522735744616757.png
lanes,freedom for movement,travel,positive,201601_113.97202773236299_22.522735744616757.png
road,expansive possibility,movement,positive,201601_113.97202773236299_22.522735744616757.png
highway,limited exploration,restricted movement,negative,201601_113.97572705186109_22.58630829746072.png
barriers,sense of confinement,avoidance of areas,negative,201601_113.97572705186109_22.58630829746072.png
landscape,moderate engagement,curiosity about surroundings,neutral,201601_113.97572705186109_22.58630829746072.png
road,sense of openness,exploration,positive,201601_113.97977450366264_22.557519229289227.png
buildings,implied boundaries,restricted movement,negative,201601_113.97977450366264_22.557519229289227.png
traffic,busy environment,cautious navigation,negative,201601_113.97977450366264_22.557519229289227.png
bridge,connection,crossing,positive,201601_113.97977450366264_22.557519229289227.png
intersection,sense of openness,exploration,positive,201601_113.9813306_22.522830199999998.png
road,feeling of freedom,movement,positive,201601_113.9813306_22.522830199999998.png
sky,expansiveness,inspiration,positive,201601_113.9813306_22.522830199999998.png
built environment,sense of limitation,hesitation,negative,201601_113.9813306_22.522830199999998.png
tunnel,limited exploration,avoidance of venturing,negative,201601_113.98685138772336_22.571952680695862.png
walls,sense of confinement,restriction of movement,negative,201601_113.98685138772336_22.571952680695862.png
road,lack of openness,inhibition of exploration,negative,201601_113.98685138772336_22.571952680695862.png
road,sense of freedom,exploration,positive,201601_113.98545226936159_22.558743803665752.png
buildings,vastness,movement,positive,201601_113.98545226936159_22.558743803665752.png
road,restricted freedom,limited exploration,negative,201601_113.98643188363951_22.565336028740756.png
barriers,constrained movement,avoidance of wandering,negative,201601_113.98643188363951_22.565336028740756.png
structures,lack of discovery,reduced curiosity,negative,201601_113.98643188363951_22.565336028740756.png
Highways,sense of vastness,exploration,positive,201601_113.9881356_22.548977.png
sky,feeling of boundless possibility,exploration,positive,201601_113.9881356_22.548977.png
road,limited exploration,restricted movement,negative,201601_114.00555478492693_22.63003206862512.png
overpass,sense of connectivity,encouraged crossing,positive,201601_114.00555478492693_22.63003206862512.png
buildings,broader area awareness,exploration desire,positive,201601_114.00555478492693_22.63003206862512.png
road,feeling of potential movement,exploration,positive,201601_113.9968099_22.555977199999997.png
greenery,sense of openness,travel in multiple directions,positive,201601_113.9968099_22.555977199999997.png
cityscape,expansive environment,movement without confinement,positive,201601_113.9968099_22.555977199999997.png
buildings,limited exploration,restricted movement,negative,201601_114.0059923_22.6918247.png
greenery,somewhat inviting,encouraged exploration,neutral,201601_114.0059923_22.6918247.png
road,straightforward navigation,minimal discovery,negative,201601_114.0059923_22.6918247.png
highway,sense of broad scope,potential for exploration,positive,201601_113.99672798997247_22.58945622969369.png
buildings,impression of distance,encouragement to travel,positive,201601_113.99672798997247_22.58945622969369.png
traffic,feeling of movement,urge to navigate,positive,201601_113.99672798997247_22.58945622969369.png
barriers,sense of limitation,hesitation to explore,negative,201601_113.99672798997247_22.58945622969369.png
vegetation,obstruction of view,reduced exploration,negative,201601_113.99672798997247_22.58945622969369.png
highway,sense of breadth,exploration,positive,201601_114.01749233094428_22.591981714324998.png
road,sense of containment,limited movement,negative,201601_114.01749233094428_22.591981714324998.png
hills,sense of containment,limited exploration,negative,201601_114.01749233094428_22.591981714324998.png
trees,sense of containment,limited exploration,negative,201601_114.01749233094428_22.591981714324998.png
road,sense of openness,exploration,positive,201601_114.0135251_22.565275.png
greenery,calming effect,relaxation,positive,201601_114.0135251_22.565275.png
buildings,feeling of confinement,hesitation to explore,negative,201601_114.0135251_22.565275.png
mountain,sense of grandeur,inspiration,positive,201601_114.0135251_22.565275.png
highways,restricted movement,avoidance of exploration,negative,201601_114.0135251_22.565275.png
highway,sense of travel,movement over distance,positive,201601_114.03046191823277_22.51912009883957.png
greenery,sense of breadth,exploration,positive,201601_114.03046191823277_22.51912009883957.png
road,limited exploration,constrained movement,negative,201601_114.03046191823277_22.51912009883957.png
traffic lanes,confined movement,staying on path,negative,201601_114.03046191823277_22.51912009883957.png
highway,sense of spaciousness,movement along the road,positive,201601_114.0239785_22.596299100000003.png
landscape,feeling of openness,exploration potential,positive,201601_114.0239785_22.596299100000003.png
trees,sense of possibility,encouragement to explore,positive,201601_114.0239785_22.596299100000003.png
hills,implied exploration,desire to explore,positive,201601_114.0239785_22.596299100000003.png
highway,sense of scale,facilitated movement,positive,201601_114.03567077868888_22.68400715626629.png
lanes,possibility of travel,exploration in many directions,positive,201601_114.03567077868888_22.68400715626629.png
horizons,expansiveness,increased mobility,positive,201601_114.03567077868888_22.68400715626629.png
highway,limited sense of exploration,restricted movement,negative,201601_114.03942740028948_22.59325947934857.png
barriers,constrained freedom,avoidance of exploration,negative,201601_114.03942740028948_22.59325947934857.png
terrain,lack of possibility,hesitation to engage,negative,201601_114.03942740028948_22.59325947934857.png
road,limited exploration,restricted movement,negative,201601_114.03366141303097_22.562467485822165.png
buildings,sense of extent,encouraged exploration,positive,201601_114.03366141303097_22.562467485822165.png
fences,feeling of confinement,hesitation to explore,negative,201601_114.03366141303097_22.562467485822165.png
barriers,sense of restriction,avoidance of movement,negative,201601_114.03366141303097_22.562467485822165.png
trees,sense of enclosure,limited exploration,negative,201601_114.036026_22.562703099999997.png
road,constrained movement,vehicular transit,negative,201601_114.036026_22.562703099999997.png
buildings,urban density,focus on immediate area,neutral,201601_114.036026_22.562703099999997.png
highway,sense of confinement,limited exploration,negative,201601_114.0422269_22.592289.png
greenery,sense of boundary,restricted movement,negative,201601_114.0422269_22.592289.png
road,sense of activity,focused travel,neutral,201601_114.0422269_22.592289.png
highway,sense of vastness,exploration,positive,201601_114.0493319_22.6903141.png
greenery,feeling of openness,movement,positive,201601_114.0493319_22.6903141.png
sky,sense of freedom,travel,positive,201601_114.0493319_22.6903141.png
road,sense of openness,exploration,positive,201601_114.0474222_22.56505.png
greenery,sense of potential,exploration,positive,201601_114.0474222_22.56505.png
road,sense of openness,explore surroundings,positive,201601_114.04931807804083_22.66126338116885.png
structures,curiosity about environment,consider alternative routes,positive,201601_114.04931807804083_22.66126338116885.png
highway,limited exploration,stay on path,negative,201601_114.04931807804083_22.66126338116885.png
highway,sense of scale,exploration,positive,201601_114.04902956281998_22.666670870084197.png
hillsides,sense of openness,travel potential,positive,201601_114.04902956281998_22.666670870084197.png
highway,sense of vastness,continued travel,positive,201601_114.04942805779838_22.659461554844295.png
road,feeling of expansive possibility,movement,positive,201601_114.04942805779838_22.659461554844295.png
sky,sense of openness,exploration,positive,201601_114.04942805779838_22.659461554844295.png
greenery,sense of freedom,relaxation,positive,201601_114.04942805779838_22.659461554844295.png
highway,sense of expanse,limited exploration,negative,201601_114.04964802536469_22.65207090120377.png
lanes,sense of distance,travel purpose,neutral,201601_114.04964802536469_22.65207090120377.png
green areas,implied connection,desire for exploration,positive,201601_114.04964802536469_22.65207090120377.png
roadway,strict confines,restricted movement,negative,201601_114.04964802536469_22.65207090120377.png
road,sense of continuation,exploration,positive,201601_114.0525647_22.6947956.png
buildings,feeling of confinement,restricted movement,negative,201601_114.0525647_22.6947956.png
trees,sense of nature,desire for exploration,positive,201601_114.0525647_22.6947956.png
fencing,perception of boundaries,hesitation to explore,negative,201601_114.0525647_22.6947956.png
industrial,sense of limitation,avoidance of areas,negative,201601_114.0525647_22.6947956.png
pathways,sense of direction,following designated routes,neutral,201601_114.0525647_22.6947956.png
street,limited exploration,reduced movement,negative,201601_114.0532335_22.621556000000005.png
buildings,sense of boundaries,restricted exploration,negative,201601_114.0532335_22.621556000000005.png
traffic,functional urbanity,cautious movement,negative,201601_114.0532335_22.621556000000005.png
street,sense of depth,exploring further,positive,201601_114.05458541558635_22.663566435002277.png
cross-streets,multiple directions,movement and exploration,positive,201601_114.05458541558635_22.663566435002277.png
pathways,varied journeys,accommodating exploration,positive,201601_114.05458541558635_22.663566435002277.png
intersection,busy atmosphere,limited exploration,negative,201601_114.0557311716159_22.62335255328613.png
buildings,defined pathways,navigation,neutral,201601_114.0557311716159_22.62335255328613.png
roads,constrained movement,following routes,negative,201601_114.0557311716159_22.62335255328613.png
road,sense of exploration,navigate the area,positive,201601_114.0575528_22.566189400000003.png
bridge,feeling of connectivity,crossing to explore,positive,201601_114.0575528_22.566189400000003.png
cars,restricted exploration,limited movement,negative,201601_114.0681826_22.6512261.png
buildings,bounded environment,hesitation to explore,negative,201601_114.0681826_22.6512261.png
street,dictated direction,following path,neutral,201601_114.0681826_22.6512261.png
compound,sense of confinement,avoidance of area,negative,201601_114.0681826_22.6512261.png
road,sense of exploration,encourages movement,positive,201601_114.07046730000002_22.5518554.png
sidewalks,feeling of safety,promotes walking,positive,201601_114.07046730000002_22.5518554.png
shops,curiosity,invites discovery,positive,201601_114.07046730000002_22.5518554.png
public areas,openness,facilitates social interaction,positive,201601_114.07046730000002_22.5518554.png
market,vibrancy,encourages exploration,positive,201601_114.07046730000002_22.5518554.png
road,sense of vastness,exploration,positive,201601_114.06932279268345_22.56935392270659.png
urban,feeling of connectivity,traveling,positive,201601_114.06932279268345_22.56935392270659.png
greenery,calming effect,relaxation,positive,201601_114.06932279268345_22.56935392270659.png
infrastructure,sense of opportunity,exploration,positive,201601_114.06932279268345_22.56935392270659.png
buildings,limited exploration,restricted movement,negative,201601_114.0724127_22.649408300000005.png
concrete,lack of vastness,discouraged exploration,negative,201601_114.0724127_22.649408300000005.png
fences,clear boundaries,avoidance of areas,negative,201601_114.0724127_22.649408300000005.png
construction,restricted movement,limited access,negative,201601_114.0724127_22.649408300000005.png
road,sense of scale,movement within traffic,positive,201601_114.0712346_22.5696774.png
lanes,freedom of movement,exploration of space,positive,201601_114.0712346_22.5696774.png
sidewalks,limited exploration,restricted movement,negative,201601_114.0712346_22.5696774.png
highway,sense of expanse,possibilities for travel,positive,201601_114.0724316_22.615120099999995.png
landscape,suggests openness,encourages movement,positive,201601_114.0724316_22.615120099999995.png
lanes,feeling of ample space,facilitates navigation,positive,201601_114.0724316_22.615120099999995.png
highway,sense of progression,forward movement,positive,201601_114.09230752812105_22.655173748538054.png
boundaries,sense of constraint,restricted exploration,negative,201601_114.09230752812105_22.655173748538054.png
barriers,sense of limitation,constrained movement,negative,201601_114.09230752812105_22.655173748538054.png
terrain,sense of confinement,limited exploration,negative,201601_114.09230752812105_22.655173748538054.png
highway,sense of exploration,movement and discovery,positive,201601_114.1000798_22.6646044.png
hills,impression of vastness,exploration,positive,201601_114.1000798_22.6646044.png
greenery,feeling of openness,engagement with nature,positive,201601_114.1000798_22.6646044.png
sky,sense of freedom,inspiration to explore,positive,201601_114.1000798_22.6646044.png
road,sense of exploration,traveling,positive,201601_114.10467809451235_22.63798504103764.png
greenery,feeling of openness,engaging with nature,positive,201601_114.10467809451235_22.63798504103764.png
hills,sense of adventure,exploring surroundings,positive,201601_114.10467809451235_22.63798504103764.png
vegetation,calmness,relaxing,positive,201601_114.10467809451235_22.63798504103764.png
road,limited exploration,restricted movement,negative,201601_114.10623119912222_22.574391960607027.png
traffic,constrained freedom,hesitant navigation,negative,201601_114.10623119912222_22.574391960607027.png
structures,urban confinement,avoidance of areas,negative,201601_114.10623119912222_22.574391960607027.png
greenery,slight relief,seeking nature,positive,201601_114.10623119912222_22.574391960607027.png
highway,sense of spaciousness,movement and exploration,positive,201601_114.10618209449758_22.639128819453624.png
hills,broader horizon,encouragement to explore,positive,201601_114.10618209449758_22.639128819453624.png
greenery,enhanced openness,increased curiosity,positive,201601_114.10618209449758_22.639128819453624.png
highway,sense of expansiveness,forward progression,positive,201601_114.10719781995881_22.66485982284317.png
sky,feeling of openness,exploration,positive,201601_114.10719781995881_22.66485982284317.png
greenery,connection to nature,relaxation,positive,201601_114.10719781995881_22.66485982284317.png
hills,broader perspective,curiosity,positive,201601_114.10719781995881_22.66485982284317.png
cityscape,sense of scale,exploration,positive,201601_114.10719781995881_22.66485982284317.png
highway,limited exploration,stay on path,negative,201601_114.10914030735168_22.664945423098374.png
guardrails,restricted movement,avoid deviation,negative,201601_114.10914030735168_22.664945423098374.png
lanes,defined route,follow designated path,neutral,201601_114.10914030735168_22.664945423098374.png
entrance,sense of complexity,exploration,neutral,201601_114.1125916_22.709417099999996.png
roadways,focus on access,movement,positive,201601_114.1125916_22.709417099999996.png
boundaries,limited movement,hesitation,negative,201601_114.1125916_22.709417099999996.png
highway,sense of confinement,limited exploration,negative,201601_114.1115713_22.576595899999997.png
barriers,feeling of restriction,avoidance of movement,negative,201601_114.1115713_22.576595899999997.png
traffic,overwhelming presence,focus on vehicular movement,negative,201601_114.1115713_22.576595899999997.png
roadway,sense of expanse,potential for movement,neutral,201601_114.1115713_22.576595899999997.png
buildings,sense of enclosure,limited exploration,negative,201601_114.1613079_22.566802599999995.png
traffic,perceived boundaries,fewer opportunities for movement,negative,201601_114.1613079_22.566802599999995.png
intersection,focal point,attraction to the center,positive,201601_114.1613079_22.566802599999995.png
highway,limited sense of freedom,restricted exploration,negative,201601_114.1179061_22.642301299999996.png
vegetation,restricted opportunities,limited discovery,negative,201601_114.1179061_22.642301299999996.png
landscape,constrained movement,reduced exploration,negative,201601_114.1179061_22.642301299999996.png
highway,sense of linear expanse,suggests movement,positive,201602_113.8346418_22.579743099999998.png
boundaries,perceived limitations,limits exploration,negative,201602_113.8346418_22.579743099999998.png
infrastructure,sense of confinement,restricts movement,negative,201602_113.8346418_22.579743099999998.png
urban landscape,feeling of vastness,desire to explore,neutral,201602_113.8346418_22.579743099999998.png
hills,distant possibilities,encourages exploration,positive,201602_113.8346418_22.579743099999998.png
roads,sense of vastness,exploration,positive,201602_113.840329_22.576161200000005.png
sky,sense of vastness,exploration,positive,201602_113.840329_22.576161200000005.png
views,feeling of scope,movement and discovery,positive,201602_113.840329_22.576161200000005.png
barriers,lack of restrictions,movement and discovery,positive,201602_113.840329_22.576161200000005.png
highway,sense of exploration,encourages travel,positive,201602_113.86300899856657_22.555466000376438.png
cityscape,visual stimulation,promotes observation,positive,201602_113.86300899856657_22.555466000376438.png
lanes,feeling of freedom,invites direction choices,positive,201602_113.86300899856657_22.555466000376438.png
horizons,sense of possibility,inspires exploration,positive,201602_113.86300899856657_22.555466000376438.png
highway,feeling of openness,sense of exploration,positive,201602_113.86567215367191_22.55283817379702.png
sky,sense of expansive possibility,encouragement to move freely,positive,201602_113.86567215367191_22.55283817379702.png
road,implied lack of limitations,invitation to explore,positive,201602_113.86567215367191_22.55283817379702.png
fences,feeling of limitation,reduced exploration,negative,201602_114.0243778_22.644818399999995.png
vehicles,sense of confinement,hesitation to explore,negative,201602_114.0243778_22.644818399999995.png
buildings,urban density,restricted movement,negative,201602_114.0243778_22.644818399999995.png
roads,structured pathways,guided navigation,neutral,201602_114.0243778_22.644818399999995.png
intersection,sense of expanse,movement and exploration,positive,201602_114.0302102_22.682382.png
overpass,urban context awareness,navigation through space,positive,201602_114.0302102_22.682382.png
lanes,freedom of movement,traveling in various directions,positive,201602_114.0302102_22.682382.png
road,openness,exploration,positive,201602_114.0302102_22.682382.png
traffic control,sense of order,following rules,neutral,201602_114.0302102_22.682382.png
streets,sense of exploration,movement in various directions,positive,201602_114.0076178_22.653348199999996.png
buildings,perceived limitation,restricted exploration,negative,201602_114.0076178_22.653348199999996.png
sidewalks,openness to movement,encouragement to walk,positive,201602_114.0076178_22.653348199999996.png
traffic,sense of control,cautious navigation,neutral,201602_114.0076178_22.653348199999996.png
street,pleasant walk,exploration,positive,201602_114.1318184_22.558027199999998.png
buildings,aesthetic appeal,viewing,positive,201602_114.1318184_22.558027199999998.png
greenery,calming effect,relaxation,positive,201602_114.1318184_22.558027199999998.png
cars,restricted movement,limited exploration,negative,201602_114.1318184_22.558027199999998.png
road,constrained space,staying on path,negative,201602_114.1318184_22.558027199999998.png
parking,limited exploration,restricted movement,negative,201602_114.1310943_22.566169000000002.png
buildings,constrained boundaries,lack of variety in movement,negative,201602_114.1310943_22.566169000000002.png
wall,sense of enclosure,avoidance of exploration,negative,201602_114.1310943_22.566169000000002.png
lot,defined limits,minimal engagement,negative,201602_114.1310943_22.566169000000002.png
street,restricted freedom,limited exploration,negative,201606_113.9774213_22.683000099999997.png
buildings,constrained movement,hesitation to navigate,negative,201606_113.9774213_22.683000099999997.png
traffic,anxiety,avoidance of crossing,negative,201606_113.9774213_22.683000099999997.png
sidewalks,sense of confinement,reluctance to explore,negative,201606_113.9774213_22.683000099999997.png
street,potential for movement,exploration,positive,201606_113.9916356_22.678826899999997.png
sidewalks,pathways for exploration,walking,positive,201606_113.9916356_22.678826899999997.png
buildings,limited sense of vastness,restricted movement,negative,201606_113.9916356_22.678826899999997.png
fenced areas,constrained exploration,hesitation to explore,negative,201606_113.9916356_22.678826899999997.png
road,sense of exploration,exploring surroundings,positive,201606_114.0396657_22.702419900000002.png
buildings,implied boundaries,limited exploration,negative,201606_114.0396657_22.702419900000002.png
greenery,moderate sense of exploration,engaging with nature,positive,201606_114.0396657_22.702419900000002.png
highway,sense of spaciousness,exploring further,positive,201606_114.034896_22.7303757.png
sky,feeling of openness,journeying,positive,201606_114.034896_22.7303757.png
buildings,interconnectedness,potential movement,positive,201606_114.034896_22.7303757.png
greenery,sense of potential,exploring within a broader context,positive,201606_114.034896_22.7303757.png
street,sense of breadth,movement and exploration,positive,201606_114.04623993684964_22.702158410966888.png
buildings,sense of breadth,movement and exploration,positive,201606_114.04623993684964_22.702158410966888.png
road,sense of breadth,movement and exploration,positive,201606_114.04623993684964_22.702158410966888.png
paths,sense of breadth,movement and exploration,positive,201606_114.04623993684964_22.702158410966888.png
highway,sense of extended space,moving in many directions,positive,201606_114.0391485_22.7282786.png
barriers,limited sense of free exploration,confined movement,negative,201606_114.0391485_22.7282786.png
traffic,restricted movement,staying on the road,negative,201606_114.0391485_22.7282786.png
highway,expansive area,movement and exploration,positive,201606_114.04689680504964_22.709698532276278.png
road,continuous path,exploration,positive,201606_114.04689680504964_22.709698532276278.png
highway,sense of exploration,freedom to move,positive,201606_114.04747847868023_22.707976405644526.png
greenery,vastness,potential for movement,positive,201606_114.04747847868023_22.707976405644526.png
road,lack of boundaries,exploration,positive,201606_114.04747847868023_22.707976405644526.png
roads,sense of openness,movement in multiple directions,positive,201606_114.0526739_22.720570799999997.png
pathways,feeling of accessibility,navigating the space,positive,201606_114.0526739_22.720570799999997.png
infrastructure,feeling of confinement,hesitation to explore,negative,201606_114.0526739_22.720570799999997.png
landscape,awareness of surroundings,engagement with environment,neutral,201606_114.0526739_22.720570799999997.png
buildings,limited sense of exploration,avoidance of exploration,negative,201606_114.2208792_22.5549433.png
roads,suggestion of possibilities,exploration of directions,positive,201606_114.2208792_22.5549433.png
traffic,perceived boundaries,hesitation to navigate,negative,201606_114.2208792_22.5549433.png
buildings,limited exploration,restricted movement,negative,201606_114.2378517_22.5992506.png
fences,constrained freedom,avoidance of open areas,negative,201606_114.2378517_22.5992506.png
equipment,industrial environment,reduced curiosity,negative,201606_114.2378517_22.5992506.png
road,directed pathways,limited exploration,negative,201606_114.2378517_22.5992506.png
road,confined feeling,limited exploration,negative,201606_114.24238642416961_22.588507629943926.png
trucks,industrial discomfort,avoidance of area,negative,201606_114.24238642416961_22.588507629943926.png
buildings,sense of enclosure,reduced movement,negative,201606_114.24238642416961_22.588507629943926.png
containers,lack of openness,hesitation to explore,negative,201606_114.24238642416961_22.588507629943926.png
road,sense of freedom,exploration,positive,201606_114.24402290000002_22.5875336.png
buildings,feeling of confinement,hesitation to explore,negative,201606_114.24402290000002_22.5875336.png
hills,curiosity,desire to travel,positive,201606_114.24402290000002_22.5875336.png
traffic,anxiety,avoidance of movement,negative,201606_114.24402290000002_22.5875336.png
road,limited exploration,restricted movement,negative,201607_114.0826483_22.571956200000002.png
traffic,feeling of confinement,avoidance of exploration,negative,201607_114.0826483_22.571956200000002.png
construction,sense of obstruction,hesitation to engage,negative,201607_114.0826483_22.571956200000002.png
intersection,lack of freedom,cautious navigation,negative,201607_114.0826483_22.571956200000002.png
street,restricted feeling of exploration,limited movement,negative,201607_114.12335291404062_22.560192823355546.png
buildings,constrained freedom,hesitation to explore,negative,201607_114.12335291404062_22.560192823355546.png
cars,feeling of confinement,avoidance of walking,negative,201607_114.12335291404062_22.560192823355546.png
barriers,sense of obstruction,reduced exploration,negative,201607_114.12335291404062_22.560192823355546.png
road,sense of adventure,exploration,positive,201606_114.270403_22.59173559999999.png
landscape,curiosity about surroundings,traversing,positive,201606_114.270403_22.59173559999999.png
infrastructure,feeling of connectivity,movement towards destinations,positive,201606_114.270403_22.59173559999999.png
road,sense of movement,exploration,positive,201606_114.2487806_22.5800293.png
walkway,hint of mystery,curiosity,positive,201606_114.2487806_22.5800293.png
mountains,sense of expanse,longing for adventure,positive,201606_114.2487806_22.5800293.png
infrastructure,defined boundaries,limited exploration,negative,201606_114.2487806_22.5800293.png
hillside,restricted view,hesitation to wander,negative,201606_114.2487806_22.5800293.png
highway,sense of linear progression,travel along a defined path,positive,201607_114.13831938364214_22.572136971072915.png
sky,suggestion of a wider world,increased curiosity,positive,201607_114.13831938364214_22.572136971072915.png
landscape,feeling of distance,desire for exploration,neutral,201607_114.13831938364214_22.572136971072915.png
road,constrained environment,limited exploration,negative,201607_114.13831938364214_22.572136971072915.png
barriers,feeling of restriction,avoidance of open spaces,negative,201607_114.13831938364214_22.572136971072915.png
road,ample space for movement,exploration,positive,201607_114.1406262_22.5624803.png
built environment,limited exploration,restricted movement,negative,201607_114.1406262_22.5624803.png
traffic lanes,boundaries created,limited directions,negative,201607_114.1406262_22.5624803.png
pathways,limited exploration,hesitant movement,negative,201607_114.1453471_22.5625747.png
stream,pleasant view,enjoyment of scenery,positive,201607_114.1453471_22.5625747.png
railings,sense of boundaries,restricted movement,negative,201607_114.1453471_22.5625747.png
road,contained area,cautious navigation,negative,201607_114.1453471_22.5625747.png
road,feeling of openness,exploration,positive,201607_114.147683_22.590741099999992.png
landscape,sense of potential,traverse area,positive,201607_114.147683_22.590741099999992.png
hills,impression of space,move about,positive,201607_114.147683_22.590741099999992.png
sky,feeling of expansiveness,discoveries,positive,201607_114.147683_22.590741099999992.png
road,limited exploration,avoidance of movement,negative,201607_114.2277864_22.5652001.png
foliage,sense of confinement,reduced curiosity,negative,201607_114.2277864_22.5652001.png
road,sense of openness,exploration,positive,201607_114.14639180000002_22.5662748.png
greenery,feeling of possibility,movement,positive,201607_114.14639180000002_22.5662748.png
buildings,sense of confinement,limited exploration,negative,201607_114.2372835_22.5605746.png
street,defined boundaries,restricted movement,negative,201607_114.2372835_22.5605746.png
road,sense of openness,limited exploration,negative,201608_113.88426411773231_22.479283569355626.png
fences,defined boundaries,restricted movement,negative,201608_113.88426411773231_22.479283569355626.png
buildings,functional nature,lack of invitation to explore,negative,201608_113.88426411773231_22.479283569355626.png
road,sense of openness,movement and exploration,positive,201608_113.8962098_22.5046666.png
path,invitation to explore,discovering different areas,positive,201608_113.8962098_22.5046666.png
greenery,calming effect,encouraging movement,positive,201608_113.8962098_22.5046666.png
intersection,sense of potential exploration,exploring the area,positive,201608_113.88605640000002_22.50858609999999.png
buildings,hint at further areas,seeking new spaces,positive,201608_113.88605640000002_22.50858609999999.png
greenery,suggests openness,engaging with nature,positive,201608_113.88605640000002_22.50858609999999.png
road,limits feeling of exploration,staying within confines,negative,201608_113.88605640000002_22.50858609999999.png
road,sense of linear progression,movement along the road,positive,201608_113.8975891_22.547656000000003.png
barriers,feeling of confinement,limited exploration,negative,201608_113.8975891_22.547656000000003.png
land,sense of restriction,hesitation to explore,negative,201608_113.8975891_22.547656000000003.png
fences,visible boundaries,avoidance of certain areas,negative,201608_113.8975891_22.547656000000003.png
construction,ongoing disruption,reduced activity,negative,201608_113.8975891_22.547656000000003.png
hills,sense of freedom,exploration,positive,201608_114.2309764_22.5870506.png
roads,opportunities for discovery,movement,positive,201608_114.2309764_22.5870506.png
surroundings,vastness,exploration,positive,201608_114.2309764_22.5870506.png
lanes,sense of spaciousness,exploration,positive,201608_114.2262584_22.567451699999996.png
sky,feeling of openness,movement,positive,201608_114.2262584_22.567451699999996.png
mountains,sense of distance,travel,positive,201608_114.2262584_22.567451699999996.png
road,implied large area,potential exploration,positive,201608_114.2262584_22.567451699999996.png
boundaries,absence of claustrophobia,freedom of movement,positive,201608_114.2262584_22.567451699999996.png
road,moderate sense of expanse,potential for movement,positive,201608_114.2811067_22.642520699999995.png
hills,sense of exploration,encouragement to explore,positive,201608_114.2811067_22.642520699999995.png
vegetation,connection to nature,increased curiosity,positive,201608_114.2811067_22.642520699999995.png
road,sense of openness,further exploration,positive,201608_114.2805139_22.625256699999998.png
greenery,larger area to experience,travel through,positive,201608_114.2805139_22.625256699999998.png
road,limited exploration,discouraged wandering,negative,201608_114.2707091_22.631033099999993.png
paved area,contained environment,restricted movement,negative,201608_114.2707091_22.631033099999993.png
landscape,inaccessibility,lack of engagement,negative,201608_114.2707091_22.631033099999993.png
landscape,feeling of openness,exploration,positive,201608_114.2818127_22.631925200000005.png
paths,sense of discovery,movement,positive,201608_114.2818127_22.631925200000005.png
vegetation,lushness,engagement with nature,positive,201608_114.2818127_22.631925200000005.png
mountains,awe,exploration,positive,201608_114.2818127_22.631925200000005.png
greenery,sense of enclosure,explore surroundings,positive,201608_114.300297_22.5877188.png
road,suggests exploration,move beyond boundaries,positive,201608_114.300297_22.5877188.png
mountains,sense of vastness,encourage movement,positive,201608_114.300297_22.5877188.png
gated entrance,implies restrictions,hesitate to enter,negative,201608_114.300297_22.5877188.png
road,limited exploration,restricted movement,negative,201608_114.30005042823517_22.619531343457563.png
greenery,sense of enclosure,avoidance of exploration,negative,201608_114.30005042823517_22.619531343457563.png
surroundings,lack of openness,minimal discovery,negative,201608_114.30005042823517_22.619531343457563.png
landscape,sense of exploration,encourages exploration,positive,201608_114.2974366_22.623712499999996.png
road,feeling of limitation,restricts movement,negative,201608_114.2974366_22.623712499999996.png
vegetation,sense of confinement,limits exploration,negative,201608_114.2974366_22.623712499999996.png
road,limited scope,restricted exploration,negative,201608_114.31983769012724_22.60713021490779.png
overpass,constrained environment,avoidance of movement,negative,201608_114.31983769012724_22.60713021490779.png
walls,sense of enclosure,hesitation to explore,negative,201608_114.31983769012724_22.60713021490779.png
infrastructure,bounded space,limited engagement,negative,201608_114.31983769012724_22.60713021490779.png
natural elements,minimal openness,lack of movement,negative,201608_114.31983769012724_22.60713021490779.png
avenue,sense of openness,exploration,positive,201708_113.88586270000002_22.575906099999997.png
trees,calming effect,walking,positive,201708_113.88586270000002_22.575906099999997.png
sidewalks,safety,movement,positive,201708_113.88586270000002_22.575906099999997.png
buildings,urban confinement,navigating,negative,201708_113.88586270000002_22.575906099999997.png
street,sense of freedom,exploration,positive,201708_113.9027665_22.512065999999997.png
roads,openness,navigation,positive,201708_113.9027665_22.512065999999997.png
environment,curiosity,discovery,positive,201708_113.9027665_22.512065999999997.png
park,sense of exploration,encouraged to explore,positive,201708_113.9089397_22.523997199999993.png
trees,feeling of connectivity,promotes movement,positive,201708_113.9089397_22.523997199999993.png
sidewalks,sense of safety,increases walking,positive,201708_113.9089397_22.523997199999993.png
road,awareness of surroundings,facilitates navigation,positive,201708_113.9089397_22.523997199999993.png
road,sense of exploration,encourages exploration,positive,201708_113.907836_22.5343906.png
buildings,sense of possibility,invites interaction,positive,201708_113.907836_22.5343906.png
sky,expansive feeling,promotes openness,positive,201708_113.907836_22.5343906.png
road,limited exploration,avoidance of venturing,negative,201708_113.9093758_22.557212999999994.png
walls,feeling of confinement,restricted movement,negative,201708_113.9093758_22.557212999999994.png
buildings,sense of boundaries,hesitation to explore,negative,201708_113.9093758_22.557212999999994.png
pathways,lack of openness,discouragement from wandering,negative,201708_113.9093758_22.557212999999994.png
urban,constrained environment,limited exploration,negative,201708_113.9093758_22.557212999999994.png
buildings,restricted exploration,limited movement,negative,201708_113.91294473496328_22.56617863908808.png
vehicles,constrained freedom,hesitation to explore,negative,201708_113.91294473496328_22.56617863908808.png
space,functional use,utilitarian activities,neutral,201708_113.91294473496328_22.56617863908808.png
concrete,industrial atmosphere,avoidance of exploration,negative,201708_113.91294473496328_22.56617863908808.png
road,sense of exploration,movement towards new areas,positive,201708_113.9129459_22.56437409999999.png
buildings,urban confinement,restricted movement,negative,201708_113.9129459_22.56437409999999.png
trees,aesthetic appeal,enjoyment of surroundings,positive,201708_113.9129459_22.56437409999999.png
traffic,stress and anxiety,caution in movement,negative,201708_113.9129459_22.56437409999999.png
roads,sense of freedom,exploration,positive,201708_113.9153991_22.566538199999997.png
yards,openness,movement,positive,201708_113.9153991_22.566538199999997.png
containers,functional boundaries,navigation,neutral,201708_113.9153991_22.566538199999997.png
vehicles,activity,interaction,positive,201708_113.9153991_22.566538199999997.png
street,sense of limited exploration,confined movement,negative,201708_113.9135673_22.546821100000003.png
buildings,defined boundaries,restricted pathways,negative,201708_113.9135673_22.546821100000003.png
roads,lack of openness,limited exploration,negative,201708_113.9135673_22.546821100000003.png
sidewalks,constrained movement,walking along defined paths,negative,201708_113.9135673_22.546821100000003.png
highway,limited exploration,avoidance of space,negative,201708_113.9253328_22.525258900000004.png
overpass,restricted view,hesitation to engage,negative,201708_113.9253328_22.525258900000004.png
concrete,oppressive environment,disengagement from surroundings,negative,201708_113.9253328_22.525258900000004.png
infrastructure,lack of openness,limited interaction,negative,201708_113.9253328_22.525258900000004.png
street,sense of movement,exploration,positive,201708_113.9277515_22.5323324.png
buildings,sense of depth,exploration,positive,201708_113.9277515_22.5323324.png
trees,sense of nature,relaxation,positive,201708_113.9277515_22.5323324.png
road,defined boundaries,limited exploration,negative,201708_113.9277515_22.5323324.png
street,limitations on exploration,reduced movement,negative,201708_113.92788695982428_22.524806671375114.png
traffic,feeling of confinement,hesitation to explore,negative,201708_113.92788695982428_22.524806671375114.png
vista,sense of visual depth,increased curiosity,positive,201708_113.92788695982428_22.524806671375114.png
buildings,urban density,limited exploration,negative,201708_113.92788695982428_22.524806671375114.png
mountain,sense of openness,encouraged exploration,positive,201708_113.92788695982428_22.524806671375114.png
sidewalks,limited exploration,walking,negative,201708_113.9185789_22.548414300000005.png
greenery,some spatial possibilities,exploration,neutral,201708_113.9185789_22.548414300000005.png
roads,clear boundaries,restricted movement,negative,201708_113.9185789_22.548414300000005.png
buildings,constrained environment,limited interaction,negative,201708_113.9185789_22.548414300000005.png
path,sense of enclosure,limited exploration,negative,201708_113.9293361_22.539671100000003.png
vegetation,sense of confinement,restricted movement,negative,201708_113.9293361_22.539671100000003.png
buildings,feeling of limitation,cautious navigation,negative,201708_113.9293361_22.539671100000003.png
road,focus on immediate surroundings,direct movement,neutral,201708_113.9293361_22.539671100000003.png
intersection,limited exploration,avoidance of movement,negative,201708_113.9303359_22.515187099999995.png
buildings,sense of confinement,restricted exploration,negative,201708_113.9303359_22.515187099999995.png
entrances,barriers to access,hesitation to enter,negative,201708_113.9303359_22.515187099999995.png
infrastructure,overwhelming presence,reduced curiosity,negative,201708_113.9303359_22.515187099999995.png
trees,limited exploration,hesitation to explore,negative,201708_113.9386855_22.5294169.png
buildings,constrained environment,avoidance of movement,negative,201708_113.9386855_22.5294169.png
roads,restricted view,reduced curiosity,negative,201708_113.9386855_22.5294169.png
sidewalks,narrow boundaries,limited exploration,negative,201708_113.9386855_22.5294169.png
pathways,invitation to explore,movement along paths,positive,201708_113.9320289_22.5299254.png
buildings,sense of containment,limited exploration,negative,201708_113.9320289_22.5299254.png
sidewalks,openness to movement,walking and navigating,positive,201708_113.9320289_22.5299254.png
landscaped areas,defined boundaries,restricted exploration,negative,201708_113.9320289_22.5299254.png
buildings,limited exploration,hesitation to explore,negative,201708_113.9339176_22.5321216.png
road,sense of space,navigation through area,neutral,201708_113.9339176_22.5321216.png
pathways,suggests movement,exploration,positive,201708_113.93465350000001_22.538288899999998.png
fences,implies boundaries,restriction,negative,201708_113.93465350000001_22.538288899999998.png
booths,creates barriers,hesitation,negative,201708_113.93465350000001_22.538288899999998.png
structures,limits exploration,confinement,negative,201708_113.93465350000001_22.538288899999998.png
development,distant limits,awareness of boundaries,neutral,201708_113.93465350000001_22.538288899999998.png
road,sense of openness,movement and exploration,positive,201708_113.9972635_22.529313099999996.png
foliage,feeling of discovery,exploring different areas,positive,201708_113.9972635_22.529313099999996.png
road,sense of broadness,potential for exploration,positive,201708_114.0144321_22.530894399999998.png
greenery,sense of exploration,encouragement to explore,positive,201708_114.0144321_22.530894399999998.png
street,sense of scope,exploration,positive,201708_113.9439892_22.5486754.png
pathways,possibilities for movement,movement,positive,201708_113.9439892_22.5486754.png
buildings,connection to a larger city,engagement with urban environment,positive,201708_113.9439892_22.5486754.png
highway,sense of vastness,exploration of routes,positive,201708_113.9739700753787_22.522756618458434.png
sky,feeling of openness,increased travel,positive,201708_113.9739700753787_22.522756618458434.png
road,sense of freedom,movement along the path,positive,201708_113.9739700753787_22.522756618458434.png
barriers,lack of restriction,encouragement to explore,positive,201708_113.9739700753787_22.522756618458434.png
road,limited movement possibility,exploration,neutral,201708_114.00418454403238_22.530139600113657.png
trees,sense of confinement,restricted movement,negative,201708_114.00418454403238_22.530139600113657.png
fences,sense of boundaries,hesitation to explore,negative,201708_114.00418454403238_22.530139600113657.png
urban,implied vastness,curiosity,positive,201708_114.00418454403238_22.530139600113657.png
road,sense of openness,potential for exploration,positive,201708_114.0613657800079_22.531714736844258.png
fence,limited freedom of movement,restricted exploration,negative,201708_114.0613657800079_22.531714736844258.png
highway,sense of expansiveness,road travel,positive,201708_114.1139086_22.538370400000005.png
buildings,impression of a large city,urban exploration,positive,201708_114.1139086_22.538370400000005.png
walkway,feeling of confinement,limited exploration,negative,201708_114.1139086_22.538370400000005.png
barriers,sense of restriction,avoidance of exploration,negative,201708_114.1139086_22.538370400000005.png
fabric,density of urban environment,hesitation to venture out,negative,201708_114.1139086_22.538370400000005.png
structure,limitation on movement,staying within immediate area,negative,201708_114.1139086_22.538370400000005.png
road,potential for exploration,explore surroundings,positive,201708_114.06525065622179_22.531777935683046.png
vehicles,limited freedom of movement,restricted exploration,negative,201708_114.06525065622179_22.531777935683046.png
traffic,boundaries,hesitation to move,negative,201708_114.06525065622179_22.531777935683046.png
buildings,sense of distance,curiosity,neutral,201708_114.06525065622179_22.531777935683046.png
intersection,sense of openness,movement and exploration,positive,201709_113.8454008_22.576080899999997.png
buildings,feeling of scope,traverse considerable areas,positive,201709_113.8454008_22.576080899999997.png
street,restricted exploration,limited movement,negative,201709_113.8556075_22.589795100000003.png
sidewalks,constrained mobility,pedestrian movement,negative,201709_113.8556075_22.589795100000003.png
traffic,anxiety,avoidance of movement,negative,201709_113.8556075_22.589795100000003.png
buildings,sense of enclosure,hesitation to explore,negative,201709_113.8556075_22.589795100000003.png
road,sense of movement,exploration,positive,201709_113.8659685_22.5899967.png
greenery,potential for exploration,further exploration,positive,201709_113.8659685_22.5899967.png
trees,sense of scope,exploration,positive,201709_113.8659685_22.5899967.png
vegetation,hint of natural area,curiosity,positive,201709_113.8659685_22.5899967.png
buildings,enclosed feeling,limited exploration,negative,201709_113.89287809313714_22.582046118157287.png
cars,constrained environment,restricted movement,negative,201709_113.89287809313714_22.582046118157287.png
street,lack of openness,minimal discovery,negative,201709_113.89287809313714_22.582046118157287.png
buildings,sense of openness,movement,positive,201709_113.9006401_22.580222400000004.png
vehicles,limitations on exploration,restricted movement,negative,201709_113.9006401_22.580222400000004.png
streetscape,scope for exploration,exploration,neutral,201709_113.9006401_22.580222400000004.png
streets,sense of openness,exploration,positive,201709_113.9192914_22.540217099999996.png
skyscrapers,feeling of largeness,exploration,positive,201709_113.9192914_22.540217099999996.png
barriers,unlimited movement,movement,positive,201709_113.9192914_22.540217099999996.png
road,limited exploration,focus on vehicular movement,negative,201709_113.9321433_22.555366199999998.png
trees,sense of openness,encouragement to explore,positive,201709_113.9321433_22.555366199999998.png
buildings,sense of distance,curiosity about surroundings,neutral,201709_113.9321433_22.555366199999998.png
sidewalks,moderate exploration,movement and discovery,positive,201709_113.92267140000001_22.5469096.png
bridge,sense of connection,crossing spaces,positive,201709_113.92267140000001_22.5469096.png
greenery,calming effect,enjoying nature,positive,201709_113.92267140000001_22.5469096.png
road,defined boundaries,functional movement,negative,201709_113.92267140000001_22.5469096.png
traffic,sense of danger,cautious movement,negative,201709_113.92267140000001_22.5469096.png
parking,limited exploration,restricted movement,negative,201709_113.9286848_22.584965899999997.png
trees,constrained impression,reduced engagement,negative,201709_113.9286848_22.584965899999997.png
vehicles,limited possibilities,minimal exploration,negative,201709_113.9286848_22.584965899999997.png
road,moderate feeling of exploration,limited exploration,negative,201709_113.943607_22.5605947.png
buildings,restricted sense of freedom,avoidance of exploration,negative,201709_113.943607_22.5605947.png
green spaces,controlled environment,hesitation to explore,negative,201709_113.943607_22.5605947.png
intersection,sense of freedom,movement and exploration,positive,201709_113.9344939_22.552632599999995.png
buildings,urban environment,accommodation of exploration,positive,201709_113.9344939_22.552632599999995.png
avenues,ample space,exploration in various directions,positive,201709_113.9344939_22.552632599999995.png
trees,natural comfort,encouragement to linger,positive,201709_113.9344939_22.552632599999995.png
intersection,sense of exploration,exploring different paths,positive,201709_113.9470346_22.558947799999995.png
buildings,urban context awareness,further exploration,positive,201709_113.9470346_22.558947799999995.png
trees,connection to nature,enhanced urban experience,positive,201709_113.9470346_22.558947799999995.png
road,sense of spaciousness,room for movement,positive,201709_113.943488_22.554994399999995.png
greenery,potential for discovery,exploration,positive,201709_113.943488_22.554994399999995.png
buildings,sense of distance,further exploration,neutral,201709_113.943488_22.554994399999995.png
pathways,reasonable scope for exploration,movement through space,positive,201709_113.95156346258041_22.570739627221727.png
trees,sense of possibility,exploration beyond immediate vicinity,positive,201709_113.95156346258041_22.570739627221727.png
green areas,inviting environment,engagement with nature,positive,201709_113.95156346258041_22.570739627221727.png
buildings,contextual awareness,further discovery,positive,201709_113.95156346258041_22.570739627221727.png
horizon,expansive view,curiosity to explore,positive,201709_113.95156346258041_22.570739627221727.png
buildings,restricted exploration,limited movement,negative,201709_113.95331802863919_22.58585880092765.png
road,constrained discovery,hesitant navigation,negative,201709_113.95331802863919_22.58585880092765.png
sidewalks,narrow pathways,cautious walking,negative,201709_113.95331802863919_22.58585880092765.png
road,sense of openness,venture in various directions,positive,201709_113.9604736_22.548620099999997.png
path,potential for movement,exploration,positive,201709_113.9604736_22.548620099999997.png
areas,visual depth,move freely,positive,201709_113.9604736_22.548620099999997.png
road,sense of openness,exploration,positive,201709_113.9630448_22.5664261.png
trees,feeling of space,enjoyment of environment,positive,201709_113.9630448_22.5664261.png
buildings,constrained exploration,limited movement,negative,201709_113.9639129_22.534823.png
traffic,stress and urgency,hasty navigation,negative,201709_113.9639129_22.534823.png
pedestrian areas,crowdedness,avoidance of congestion,negative,201709_113.9639129_22.534823.png
road,moderate sense of potential exploration,suggests movement,positive,201709_113.96211397355088_22.531719062555634.png
green,constrained view,limits exploration,negative,201709_113.96211397355088_22.531719062555634.png
buildings,defined surroundings,creates boundaries,negative,201709_113.96211397355088_22.531719062555634.png
street,sense of openness,exploration,positive,201709_113.964093_22.5445477.png
intersection,possibilities for movement,discovery,positive,201709_113.964093_22.5445477.png
shops,invitation to explore,visiting,positive,201709_113.964093_22.5445477.png
buildings,urban boundaries,navigation,neutral,201709_113.964093_22.5445477.png
buildings,moderate restriction,limited exploration,negative,201709_113.9686703_22.543817999999998.png
trees,framed view,focused exploration,neutral,201709_113.9686703_22.543817999999998.png
roads,defined pathways,directed movement,positive,201709_113.9686703_22.543817999999998.png
sidewalks,structured environment,safe navigation,positive,201709_113.9686703_22.543817999999998.png
urban grid,implied limits,restricted exploration,negative,201709_113.9686703_22.543817999999998.png
intersection,good sense of scope,exploration,positive,201709_113.9776927_22.553499299999995.png
roads,feeling of movement,exploration in various directions,positive,201709_113.9776927_22.553499299999995.png
buildings,larger area to explore,potential exploration,positive,201709_113.9776927_22.553499299999995.png
layout,open feeling,movement,positive,201709_113.9776927_22.553499299999995.png
street,good amount of space,exploration,positive,201709_113.9781461_22.5620735.png
buildings,potential for exploration,movement,positive,201709_113.9781461_22.5620735.png
roads,sufficient breadth,perceived movement,positive,201709_113.9781461_22.5620735.png
highway,limited exploration,restricted movement,negative,201709_113.9787782_22.5597536.png
buildings,defined boundaries,constrained navigation,negative,201709_113.9787782_22.5597536.png
infrastructure,lack of vastness,minimal exploration,negative,201709_113.9787782_22.5597536.png
intersection,limited scope,focused movement,negative,201709_113.9787782_22.5597536.png
rock,constrained environment,limited exploration,negative,201709_113.9925216_22.550671499999996.png
buildings,confined feeling,restricted movement,negative,201709_113.9925216_22.550671499999996.png
vehicles,sense of limitation,avoidance of open space,negative,201709_113.9925216_22.550671499999996.png
vegetation,lack of openness,disinterest in exploration,negative,201709_113.9925216_22.550671499999996.png
buildings,sense of urbanity,exploration,positive,201709_113.9942723_22.596048899999996.png
roads,openness,movement,positive,201709_113.9942723_22.596048899999996.png
sky,freedom,exploration,positive,201709_113.9942723_22.596048899999996.png
pathway,accessibility,walking,positive,201709_113.9942723_22.596048899999996.png
road,sense of exploration,encourages travel,positive,201709_113.9946018_22.6585788.png
buildings,feeling of spaciousness,promotes movement,positive,201709_113.9946018_22.6585788.png
network,perceived movement,invites exploration,positive,201709_113.9946018_22.6585788.png
roads,sense of scale,exploration,positive,201709_113.9991206_22.600464199999998.png
buildings,modernity,movement,positive,201709_113.9991206_22.600464199999998.png
areas,openness,exploration,positive,201709_113.9991206_22.600464199999998.png
pathways,freedom of movement,navigating space,positive,201709_113.9991206_22.600464199999998.png
vistas,visual appeal,enjoyment,positive,201709_113.9991206_22.600464199999998.png
buildings,limited exploration,restricted movement,negative,201709_114.0022694_22.6728742.png
road,sense of confinement,hesitation to explore,negative,201709_114.0022694_22.6728742.png
street,sense of openness,exploration,positive,201709_113.9994241_22.667688899999998.png
buildings,sense of enclosure,limited exploration,negative,201709_113.9994241_22.667688899999998.png
road,feeling of breadth,discovering new areas,positive,201709_113.9994241_22.667688899999998.png
horizons,possibility of new perspectives,exploration,positive,201709_113.9994241_22.667688899999998.png
road,potential for exploration,explore the area,positive,201709_114.0003338_22.6503552.png
buildings,sense of scale,navigate through space,neutral,201709_114.0003338_22.6503552.png
barriers,limited freedom of movement,hesitate to explore,negative,201709_114.0003338_22.6503552.png
traffic,restricted exploration,avoid certain areas,negative,201709_114.0003338_22.6503552.png
street,moderate sense of scope,move cautiously,neutral,201709_114.0003338_22.6503552.png
intersection,sense of openness,movement exploration,positive,201709_114.0030111_22.661061899999993.png
streets,sense of navigation,discovering directions,positive,201709_114.0030111_22.661061899999993.png
lanes,sense of potential,navigating space,positive,201709_114.0030111_22.661061899999993.png
crosswalks,sense of safety,crossing streets,positive,201709_114.0030111_22.661061899999993.png
pathways,sense of exploration,moving about,positive,201709_114.0030111_22.661061899999993.png
street,sense of enclosure,limited exploration,negative,201709_114.0018234_22.667901699999994.png
buildings,feeling of confinement,restricted movement,negative,201709_114.0018234_22.667901699999994.png
traffic,heightened anxiety,avoidance behavior,negative,201709_114.0018234_22.667901699999994.png
urban density,overwhelmed feeling,hesitation to explore,negative,201709_114.0018234_22.667901699999994.png
road,restricted exploration,avoidance of movement,negative,201709_114.003588_22.6409441.png
barriers,constrained discovery,hesitation to wander,negative,201709_114.003588_22.6409441.png
buildings,distant possibilities,curiosity about surroundings,neutral,201709_114.003588_22.6409441.png
road,sense of openness,navigating in various directions,positive,201709_114.0047235_22.638701700000006.png
sidewalks,opportunities for movement,exploration,positive,201709_114.0047235_22.638701700000006.png
intersections,broad urban area,movement choices,positive,201709_114.0047235_22.638701700000006.png
fences,sense of enclosure,restricted movement,negative,201709_114.0096115_22.600753299999997.png
barriers,feeling of limitation,avoidance of exploration,negative,201709_114.0096115_22.600753299999997.png
road,illusion of openness,attempt to explore,neutral,201709_114.0096115_22.600753299999997.png
path,restricted scope for exploration,avoid exploration,negative,201709_114.00860371507362_22.636517955219855.png
zone,confined impression,hesitate to enter,negative,201709_114.00860371507362_22.636517955219855.png
buildings,sense of urban expanse,limited exploration,negative,201709_114.01594280000002_22.643162600000004.png
traffic,constrained movement,hesitation to explore,negative,201709_114.01594280000002_22.643162600000004.png
sidewalks,defined boundaries,cautious navigation,neutral,201709_114.01594280000002_22.643162600000004.png
roads,moderate scope for movement,exploration within limits,neutral,201709_114.01594280000002_22.643162600000004.png
road,sense of spaciousness,movement and exploration,positive,201709_114.0144989_22.623911299999996.png
greenery,feeling of openness,exploration,positive,201709_114.0144989_22.623911299999996.png
trees,feeling of being in a substantial area,engagement with the environment,positive,201709_114.0144989_22.623911299999996.png
fences,limited exploration options,hesitation to explore,negative,201709_114.0144989_22.623911299999996.png
buildings,somewhat enclosed,limited exploration,negative,201709_114.0148822_22.677448899999998.png
streets,possibilities for movement,encouraged movement,positive,201709_114.0148822_22.677448899999998.png
sidewalks,suggests movement,walking,positive,201709_114.0148822_22.677448899999998.png
urban infrastructure,limited openness,restricted exploration,negative,201709_114.0148822_22.677448899999998.png
cars,constrained view,limited exploration,negative,201709_114.0188499_22.534879299999993.png
buildings,sense of confinement,restricted movement,negative,201709_114.0188499_22.534879299999993.png
road,urban density,navigating pathways,neutral,201709_114.0188499_22.534879299999993.png
pathways,opportunity for movement,exploration,positive,201709_114.0188499_22.534879299999993.png
street,limited exploration,hesitation to explore,negative,201709_114.0172955_22.634768700000002.png
buildings,urban confinement,restricted movement,negative,201709_114.0172955_22.634768700000002.png
roads,traffic focus,avoidance of exploration,negative,201709_114.0172955_22.634768700000002.png
road,feeling of confinement,limited exploration,negative,201709_114.0203571_22.6226998.png
buildings,sense of restriction,avoidance of movement,negative,201709_114.0203571_22.6226998.png
traffic,stress and anxiety,hesitation to engage,negative,201709_114.0203571_22.6226998.png
barriers,feeling of blockage,inhibition of exploration,negative,201709_114.0203571_22.6226998.png
roads,sense of exploration,encourages movement,positive,201709_114.0218923_22.6305483.png
intersections,feeling of possibility,promotes decision-making,positive,201709_114.0218923_22.6305483.png
paths,enhanced openness,facilitates walking and cycling,positive,201709_114.0218923_22.6305483.png
street,good sense of scope for exploration,movement and discovery,positive,201709_114.022449_22.621005399999994.png
buildings,feeling of openness,freedom to explore,positive,201709_114.022449_22.621005399999994.png
pathways,enhanced feeling of openness,exploration,positive,201709_114.022449_22.621005399999994.png
crossing points,sense of safety,crossing the area,positive,201709_114.022449_22.621005399999994.png
intersection,sense of exploration,encourages movement,positive,201709_114.0226351_22.605973099999996.png
roads,feeling of openness,invites navigation,positive,201709_114.0226351_22.605973099999996.png
buildings,urban awareness,promotes curiosity,positive,201709_114.0226351_22.605973099999996.png
path,suggests direction for exploration,encourages exploration,positive,201709_114.0226949_22.681729199999996.png
vegetation,implies openness,invites engagement,positive,201709_114.0226949_22.681729199999996.png
foliage,suggests boundaries,limits exploration,negative,201709_114.0226949_22.681729199999996.png
structures,indicates confinement,restricts movement,negative,201709_114.0226949_22.681729199999996.png
buildings,limited possibilities,imagine walking,negative,201709_114.0228811_22.535650599999997.png
roads,clear boundaries,restricted exploration,negative,201709_114.0228811_22.535650599999997.png
sidewalks,lack of freedom,hesitation to explore,negative,201709_114.0228811_22.535650599999997.png
street,ample space for movement,exploration,positive,201709_114.0241351_22.6258048.png
buildings,sense of potential,discovery,positive,201709_114.0241351_22.6258048.png
urban expanse,openness,movement,positive,201709_114.0241351_22.6258048.png
trees,sense of depth,movement,positive,201709_114.02527420514076_22.68702748641247.png
buildings,imposed boundaries,restricted exploration,negative,201709_114.02527420514076_22.68702748641247.png
cars,limited openness,hesitation to explore,negative,201709_114.02527420514076_22.68702748641247.png
sidewalks,some space for movement,walking,neutral,201709_114.02527420514076_22.68702748641247.png
street,clear path for movement,exploration,positive,201709_114.0316089_22.621808699999995.png
sidewalks,sense of space,movement,positive,201709_114.0316089_22.621808699999995.png
buildings,limited exploration,hesitation,negative,201709_114.0316089_22.621808699999995.png
buildings,limited view,restricted movement,negative,201709_114.0255544_22.524026400000004.png
traffic,perceived boundaries,hesitation to explore,negative,201709_114.0255544_22.524026400000004.png
intersection,not expansive,avoidance of exploration,negative,201709_114.0255544_22.524026400000004.png
street,constrained exploration,limited movement,negative,201709_114.03296708878203_22.60399336922657.png
barriers,feeling trapped,avoidance of area,negative,201709_114.03296708878203_22.60399336922657.png
buildings,overwhelmed,withdrawal from space,negative,201709_114.03296708878203_22.60399336922657.png
buildings,limited sense of space,restricted movement,negative,201709_114.0326601_22.6185074.png
traffic,constrained environment,hesitation to explore,negative,201709_114.0326601_22.6185074.png
sidewalks,lack of openness,avoidance of exploration,negative,201709_114.0326601_22.6185074.png
intersection,moderate exploration,movement,neutral,201709_114.0302705_22.5593357.png
buildings,urban context,engagement with surroundings,positive,201709_114.0302705_22.5593357.png
roads,clarity of pathways,navigation,positive,201709_114.0302705_22.5593357.png
pedestrian pathways,freedom of movement,walking,positive,201709_114.0302705_22.5593357.png
trees,sense of spaciousness,exploration,positive,201709_114.0333185_22.7434467.png
road,potential for exploration,movement,positive,201709_114.0333185_22.7434467.png
fencing,limited freedom,hesitation,negative,201709_114.0333185_22.7434467.png
entrance,controlled access,restricted movement,negative,201709_114.0333185_22.7434467.png
canal,sense of openness,exploration,positive,201709_114.03547770766902_22.743490906000194.png
greenery,sense of discovery,movement,positive,201709_114.03547770766902_22.743490906000194.png
roads,sense of direction,navigation,positive,201709_114.03547770766902_22.743490906000194.png
trees,sense of exploration,encouraged to explore,positive,201709_114.0360691_22.637340599999998.png
road,restricted movement,hesitation to explore,negative,201709_114.0360691_22.637340599999998.png
residences,sense of privacy,limited exploration,neutral,201709_114.0360691_22.637340599999998.png
sidewalks,limited freedom,restricted exploration,negative,201709_114.03886620000002_22.64132529999999.png
barriers,sense of confinement,avoidance of movement,negative,201709_114.03886620000002_22.64132529999999.png
roads,defined boundaries,constrained navigation,negative,201709_114.03886620000002_22.64132529999999.png
buildings,contained feeling,limited exploration,negative,201709_114.0364159_22.5548991.png
roads,restricted movement,hesitation to explore,negative,201709_114.0364159_22.5548991.png
greenery,slight openness,encouraged exploration,positive,201709_114.0364159_22.5548991.png
traffic,stressful environment,avoidance of movement,negative,201709_114.0364159_22.5548991.png
cars,crowded space,hesitation to navigate,negative,201709_114.0364159_22.5548991.png
street,limited exploration,restricted movement,negative,201709_114.0379865_22.5205156.png
buildings,constrained feeling,hesitant navigation,negative,201709_114.0379865_22.5205156.png
road,defined boundaries,following paths,neutral,201709_114.0379865_22.5205156.png
buildings,limited exploration,cautious movement,negative,201709_114.0414485_22.640062199999996.png
fences,restricted freedom,hesitant navigation,negative,201709_114.0414485_22.640062199999996.png
traffic,awareness of constraints,careful crossing,neutral,201709_114.0414485_22.640062199999996.png
street,sense of freedom,explore the area,positive,201709_114.04279492847324_22.729973014590012.png
buildings,feeling of enclosure,navigate through the space,neutral,201709_114.04279492847324_22.729973014590012.png
traffic,awareness of activity,remain alert,neutral,201709_114.04279492847324_22.729973014590012.png
road,openness,move freely,positive,201709_114.04279492847324_22.729973014590012.png
barriers,limited exploration,avoidance of areas,negative,201709_114.0445919_22.649543399999995.png
buildings,confinement,reduced movement,negative,201709_114.0445919_22.649543399999995.png
road,restricted access,hesitation to explore,negative,201709_114.0445919_22.649543399999995.png
intersection,decision fatigue,staying in place,negative,201709_114.0445919_22.649543399999995.png
infrastructure,urban constraint,limited engagement,negative,201709_114.0445919_22.649543399999995.png
trees,potential for exploration,encourages wandering,positive,201709_114.0451014_22.5753133.png
paths,guidance in movement,promotes navigation,positive,201709_114.0451014_22.5753133.png
barriers,limited exploration,restricts movement,negative,201709_114.0451014_22.5753133.png
road,defined boundaries,creates awareness of limits,neutral,201709_114.0451014_22.5753133.png
roads,potential for movement,exploration,positive,201709_114.04211849208629_22.727871304056496.png
fences,limited feeling of exploration,hesitation to explore,negative,201709_114.04211849208629_22.727871304056496.png
spaces,functional zone,restricted discovery,negative,201709_114.04211849208629_22.727871304056496.png
boundaries,controlled environment,constrained movement,negative,201709_114.04211849208629_22.727871304056496.png
road,sense of openness,exploration,positive,201709_114.0452431_22.553932899999992.png
sidewalks,comfort in movement,walking,positive,201709_114.0452431_22.553932899999992.png
grassy areas,invitation to relax,resting,positive,201709_114.0452431_22.553932899999992.png
buildings,sense of confinement,limited exploration,negative,201709_114.0455486602847_22.522770585720306.png
street,lack of vastness,restricted movement,negative,201709_114.0455486602847_22.522770585720306.png
street,sense of exploration,increased movement,positive,201709_114.0457645_22.5104295.png
gardens,calming effect,encouragement to linger,positive,201709_114.0457645_22.5104295.png
buildings,feeling of confinement,hesitation to explore,negative,201709_114.0457645_22.5104295.png
bicycles,sense of activity,increased engagement,positive,201709_114.0457645_22.5104295.png
roundabout,invitation to navigate,exploration of pathways,positive,201709_114.0457645_22.5104295.png
roads,sense of freedom,exploration,positive,201709_114.04611174452_22.516619027471318.png
sidewalks,ample room for movement,walking,positive,201709_114.04611174452_22.516619027471318.png
paths,variety of choices,navigating,positive,201709_114.04611174452_22.516619027471318.png
vistas,openness,exploring,positive,201709_114.04611174452_22.516619027471318.png
trees,natural comfort,relaxing,positive,201709_114.04611174452_22.516619027471318.png
buildings,sense of space,moving freely,positive,201709_114.04611174452_22.516619027471318.png
roads,sense of freedom,exploration,positive,201709_114.05014913221994_22.603617836913898.png
buildings,opportunity for discovery,movement,positive,201709_114.05014913221994_22.603617836913898.png
intersection,sense of spaciousness,opportunities for exploration,positive,201709_114.0523622_22.661118499999997.png
infrastructure,feels expansive,movement and discovery,positive,201709_114.0523622_22.661118499999997.png
greenery,sense of openness,encouragement to explore,positive,201709_114.0523622_22.661118499999997.png
streets,sense of exploration,freely moving about,positive,201709_114.0533998_22.528414399999996.png
traffic,perceived limitations,restricted movement,negative,201709_114.0533998_22.528414399999996.png
intersection,sense of movement,exploring the area,positive,201709_114.05507060000001_22.611604299999993.png
buildings,feeling of urbanity,navigating through the city,positive,201709_114.05507060000001_22.611604299999993.png
traffic,awareness of activity,crossing the street,neutral,201709_114.05507060000001_22.611604299999993.png
buildings,constrained environment,limited exploration,negative,201709_114.0569058_22.528170200000005.png
cars,restricted movement,hesitation to navigate,negative,201709_114.0569058_22.528170200000005.png
road,bounded space,cautious movement,negative,201709_114.0569058_22.528170200000005.png
sidewalks,defined pathways,directed walking,neutral,201709_114.0569058_22.528170200000005.png
infrastructure,urban density,limited exploration,negative,201709_114.0569058_22.528170200000005.png
street,limited exploration,restricted movement,negative,201709_114.0502404_22.601815099999996.png
cars,constrained environment,avoidance of exploration,negative,201709_114.0502404_22.601815099999996.png
sidewalk,narrow pathways,cautious navigation,negative,201709_114.0502404_22.601815099999996.png
density,lack of openness,minimal discovery,negative,201709_114.0502404_22.601815099999996.png
road,sense of scope,move along the road,positive,201709_114.0552036_22.686124699999997.png
greenery,potential for exploration,explore areas,positive,201709_114.0552036_22.686124699999997.png
power lines,boundaries and limitations,restricted movement,negative,201709_114.0552036_22.686124699999997.png
environment,lack of boundless possibilities,hesitation to explore,negative,201709_114.0552036_22.686124699999997.png
buildings,contained environment,limited exploration,negative,201709_114.0569178_22.626651600000002.png
road,lack of vastness,restricted movement,negative,201709_114.0569178_22.626651600000002.png
street,limited exploration,restricted movement,negative,201709_114.0588246_22.621622000000002.png
buildings,constrained freedom,hesitation to explore,negative,201709_114.0588246_22.621622000000002.png
traffic,sense of danger,avoidance of crossing,negative,201709_114.0588246_22.621622000000002.png
sidewalks,narrow pathways,limited walking options,negative,201709_114.0588246_22.621622000000002.png
buildings,limited exploration,restricted movement,negative,201709_114.0592641_22.6360472.png
street,constrained view,hesitation to explore,negative,201709_114.0592641_22.6360472.png
buildings,limited freedom,restricted exploration,negative,201709_114.06019570199695_22.61155481335208.png
walls,confinement,hesitation to move,negative,201709_114.06019570199695_22.61155481335208.png
cars,urban density,navigating through traffic,neutral,201709_114.06019570199695_22.61155481335208.png
roads,directional guidance,planning routes,positive,201709_114.06019570199695_22.61155481335208.png
street,constrained exploration,limited exploration,negative,201709_114.0604228_22.633323999999995.png
buildings,constrained view,limited engagement,negative,201709_114.0604228_22.633323999999995.png
construction,disrupted environment,avoidance of area,negative,201709_114.0604228_22.633323999999995.png
pathway,sense of exploration,move about,positive,201709_114.0616625_22.682752000000004.png
buildings,feeling of structure,discover different aspects,positive,201709_114.0616625_22.682752000000004.png
open spaces,sense of freedom,explore environment,positive,201709_114.0616625_22.682752000000004.png
street,opportunity for movement,navigate surroundings,positive,201709_114.0616625_22.682752000000004.png
trees,sense of exploration,encourages wandering,positive,201709_114.0612517_22.7125737.png
buildings,feeling of confinement,limits exploration,negative,201709_114.0612517_22.7125737.png
street,path leading onward,invites movement,positive,201709_114.0612517_22.7125737.png
street,sense of exploration,movement and discovery,positive,201709_114.06117760000001_22.6566647.png
shops,curiosity,visiting establishments,positive,201709_114.06117760000001_22.6566647.png
road,possibilities for travel,further exploration,positive,201709_114.06117760000001_22.6566647.png
trees,feeling of open exploration,extended walks or rides,positive,201709_114.06294860000001_22.614748.png
road,impression of a continuous path,movement and exploration,positive,201709_114.06294860000001_22.614748.png
green areas,sense of tranquility,encouragement to explore,positive,201709_114.06294860000001_22.614748.png
intersection,sense of scope,opportunity for exploration,positive,201709_114.0627305_22.6549398.png
sidewalks,sense of safety,encouragement to walk,positive,201709_114.0627305_22.6549398.png
buildings,urban engagement,interaction with environment,positive,201709_114.0627305_22.6549398.png
roadway,sense of ample space,movement,positive,201709_114.06331743553174_22.670580236507305.png
sidewalks,sense of potential exploration,freedom to move,positive,201709_114.06331743553174_22.670580236507305.png
sky,feeling of openness,exploration,positive,201709_114.06331743553174_22.670580236507305.png
zone,sense of freedom,exploration,positive,201709_114.0683385_22.697980400000002.png
road,feeling of openness,movement,positive,201709_114.0683385_22.697980400000002.png
buildings,urban context,navigation,neutral,201709_114.0683385_22.697980400000002.png
street,limited exploration,move along,negative,201709_114.06861678573122_22.721309304140785.png
shops,observational interest,observe,neutral,201709_114.06861678573122_22.721309304140785.png
buildings,constrained environment,stay within boundaries,negative,201709_114.06861678573122_22.721309304140785.png
road,clear boundaries,restrict movement,negative,201709_114.06861678573122_22.721309304140785.png
sidewalks,defined path,navigate carefully,neutral,201709_114.06861678573122_22.721309304140785.png
properties,lack of openness,avoid trespassing,negative,201709_114.06861678573122_22.721309304140785.png
road,opportunity for exploration,exploring the area,positive,201709_114.0703004_22.575922800000004.png
hillside,sense of adventure,ascending the stairs,positive,201709_114.0703004_22.575922800000004.png
greenery,curiosity about nature,discovering natural areas,positive,201709_114.0703004_22.575922800000004.png
street,limited exploration,walking,negative,201709_114.0696131_22.72285939999999.png
buildings,defined boundaries,restricted movement,negative,201709_114.0696131_22.72285939999999.png
road,lack of vastness,hesitation to explore,negative,201709_114.0696131_22.72285939999999.png
intersection,sense of potential,movement and exploration,positive,201709_114.0707516_22.619814200000004.png
roads,freedom of movement,navigating space,positive,201709_114.0707516_22.619814200000004.png
buildings,urban familiarity,engaging with surroundings,positive,201709_114.0707516_22.619814200000004.png
trees,sense of breadth,exploration,positive,201709_114.0715639_22.5858708.png
buildings,limited perception,restricted movement,negative,201709_114.0715639_22.5858708.png
barriers,sense of confinement,hesitation to explore,negative,201709_114.0715639_22.5858708.png
pathway,sense of exploration,encourages wandering,positive,201709_114.0756785_22.621517099999995.png
bridge,openness to new experiences,invites crossing,positive,201709_114.0756785_22.621517099999995.png
terrain,variety and intrigue,promotes discovery,positive,201709_114.0756785_22.621517099999995.png
road,sense of openness,movement along the path,positive,201709_114.0759565_22.641131100000003.png
sky,feeling of expansiveness,visual exploration,positive,201709_114.0759565_22.641131100000003.png
greenery,moderate sense of scope,exploration of directions,positive,201709_114.0759565_22.641131100000003.png
hills,sense of openness,visual exploration,positive,201709_114.0759565_22.641131100000003.png
road,sense of breadth,movement and exploration,positive,201709_114.0735486_22.645347300000005.png
sky,sense of openness,exploration,positive,201709_114.0735486_22.645347300000005.png
greenery,visual boundary,hinting at areas beyond,neutral,201709_114.0735486_22.645347300000005.png
expanse,feeling of adequate scope,movement within visible area,positive,201709_114.0735486_22.645347300000005.png
buildings,limited exploration,avoidance of space,negative,201709_114.0771623_22.645235100000004.png
fences,constrained environment,restrictive movement,negative,201709_114.0771623_22.645235100000004.png
traffic,busy atmosphere,hesitation to engage,negative,201709_114.0771623_22.645235100000004.png
sky,feeling of expansiveness,sense of exploration,positive,201709_114.0776843_22.697828799999996.png
trees,feeling of expansiveness,sense of exploration,positive,201709_114.0776843_22.697828799999996.png
road,sense of scope,freedom of movement,positive,201709_114.0776843_22.697828799999996.png
landscape,hint at possibilities,encouragement to explore,positive,201709_114.0776843_22.697828799999996.png
buildings,limited sense of exploration,restricted movement,negative,201709_114.0794414_22.701349300000004.png
traffic,sense of boundaries,hesitation to explore,negative,201709_114.0794414_22.701349300000004.png
construction,feeling of confinement,avoidance of certain areas,negative,201709_114.0794414_22.701349300000004.png
pedestrian,sense of restriction,limited exploration,negative,201709_114.0794414_22.701349300000004.png
urban,lack of vastness,disinterest in exploration,negative,201709_114.0794414_22.701349300000004.png
green,good space for exploration,encourages exploration,positive,201709_114.0793126_22.562718900000004.png
trees,sense of freedom,promotes movement,positive,201709_114.0793126_22.562718900000004.png
pathways,inviting environment,facilitates walking,positive,201709_114.0793126_22.562718900000004.png
roads,sense of limitation,restricts exploration,negative,201709_114.0793126_22.562718900000004.png
parking,urban context,deters natural exploration,negative,201709_114.0793126_22.562718900000004.png
road,moderate scope,limited exploration,negative,201709_114.0796603_22.647957800000004.png
sidewalks,connectedness,encourages walking,positive,201709_114.0796603_22.647957800000004.png
buildings,sense of enclosure,restricts movement,negative,201709_114.0796603_22.647957800000004.png
green area,inviting space,promotes relaxation,positive,201709_114.0796603_22.647957800000004.png
fences,barrier effect,limits access,negative,201709_114.0796603_22.647957800000004.png
pedestrian islands,safety perception,encourages crossing,positive,201709_114.0796603_22.647957800000004.png
buildings,limited exploration,avoidance of area,negative,201709_114.07971477593887_22.71126202345593.png
fences,sense of confinement,restricted movement,negative,201709_114.07971477593887_22.71126202345593.png
barriers,feeling of limitation,hesitation to explore,negative,201709_114.07971477593887_22.71126202345593.png
road,potential for exploration,curiosity to venture,neutral,201709_114.07971477593887_22.71126202345593.png
open space,desire for freedom,seeking exploration,positive,201709_114.07971477593887_22.71126202345593.png
buildings,limited exploration,discouraged movement,negative,201709_114.08421288491131_22.647854636615133.png
roads,constrained environment,restricted navigation,negative,201709_114.08421288491131_22.647854636615133.png
walkways,narrow pathways,minimal exploration,negative,201709_114.08421288491131_22.647854636615133.png
cars,urban congestion,hesitant movement,negative,201709_114.08421288491131_22.647854636615133.png
road,sense of space,encourages exploration,positive,201709_114.08605403251362_22.64994922406397.png
vehicles,sense of confinement,limits movement,negative,201709_114.08605403251362_22.64994922406397.png
infrastructure,functional zone,discourages exploration,negative,201709_114.08605403251362_22.64994922406397.png
buildings,limited exploration,restricted movement,negative,201709_114.0861318_22.6481459.png
streetscape,confined nature,hesitation to explore,negative,201709_114.0861318_22.6481459.png
traffic,sense of danger,avoidance of streets,negative,201709_114.0861318_22.6481459.png
buildings,sense of confinement,limited movement,negative,201709_114.0864595_22.6430561.png
greenery,slight relief,encourages brief exploration,positive,201709_114.0864595_22.6430561.png
fences,feeling of restriction,discourages exploration,negative,201709_114.0864595_22.6430561.png
sidewalks,functional utility,promotes walking,neutral,201709_114.0864595_22.6430561.png
road,busy environment,encourages transit,neutral,201709_114.0864595_22.6430561.png
area,sense of freedom,exploration,positive,201709_114.0871723_22.5609009.png
pathways,sense of possibility,movement,positive,201709_114.0871723_22.5609009.png
structures,implied space,discovery,positive,201709_114.0871723_22.5609009.png
street,sense of openness,moving forward,positive,201709_114.08609958800685_22.54267965139848.png
buildings,constrained view,limited exploration,negative,201709_114.08609958800685_22.54267965139848.png
urban context,limited scope,restricted movement,negative,201709_114.08609958800685_22.54267965139848.png
road,sense of exploration,further exploration,positive,201709_114.0895652_22.672388600000005.png
hills,sense of openness,discover different areas,positive,201709_114.0895652_22.672388600000005.png
vegetation,lack of immediate boundaries,move freely,positive,201709_114.0895652_22.672388600000005.png
fields,sense of space,explore surroundings,positive,201709_114.0895652_22.672388600000005.png
pathways,invitation to explore,navigate through areas,positive,201709_114.0895652_22.672388600000005.png
road,limited exploration,restricted movement,negative,201709_114.09394871171243_22.64708706936366.png
fences,constrained possibilities,discouraged discovery,negative,201709_114.09394871171243_22.64708706936366.png
barriers,feeling trapped,avoiding exploration,negative,201709_114.09394871171243_22.64708706936366.png
gas,limited exploration,restricted movement,negative,201709_114.0892075_22.703675100000005.png
road,contained environment,limited exploration,negative,201709_114.0892075_22.703675100000005.png
structures,boundaries,restricted movement,negative,201709_114.0892075_22.703675100000005.png
hills,sense of freedom,exploration,positive,201709_114.08944130000002_22.6905944.png
forest,sense of freedom,exploration,positive,201709_114.08944130000002_22.6905944.png
path,sense of freedom,movement,positive,201709_114.08944130000002_22.6905944.png
sky,sense of openness,exploration,positive,201709_114.08944130000002_22.6905944.png
fencing,sense of restriction,hesitation,negative,201709_114.08944130000002_22.6905944.png
inclines,sense of challenge,caution,neutral,201709_114.08944130000002_22.6905944.png
view,sense of openness,exploration,positive,201709_114.0945183_22.566247199999996.png
streets,opportunity for movement,movement,positive,201709_114.0945183_22.566247199999996.png
buildings,urban engagement,interaction,positive,201709_114.0945183_22.566247199999996.png
crossings,safety,crossing streets,positive,201709_114.0945183_22.566247199999996.png
intersection,sense of possibility,navigation,positive,201709_114.0946047_22.6365959.png
vehicles,sense of movement,exploration,positive,201709_114.0946047_22.6365959.png
buildings,feeling of boundaries,limited exploration,negative,201709_114.0946047_22.6365959.png
road,open space,movement,positive,201709_114.0946047_22.6365959.png
buildings,contained spaces,limited exploration,negative,201709_114.0961759_22.659533099999997.png
fences,restricted environment,avoidance of open areas,negative,201709_114.0961759_22.659533099999997.png
pathways,functional routes,directed movement,neutral,201709_114.0961759_22.659533099999997.png
street,moderate exploration,explore further,neutral,201709_114.0970581_22.647448799999996.png
buildings,limited freedom,restrict movement,negative,201709_114.0970581_22.647448799999996.png
fences,limited freedom,restrict movement,negative,201709_114.0970581_22.647448799999996.png
cars,limited freedom,restrict movement,negative,201709_114.0970581_22.647448799999996.png
road,sense of vastness,exploration,positive,201709_114.0978356_22.692444399999992.png
overpass,connectivity,travel,positive,201709_114.0978356_22.692444399999992.png
buildings,limited freedom,hesitation,negative,201709_114.0978356_22.692444399999992.png
fences,restricted movement,avoidance,negative,201709_114.0978356_22.692444399999992.png
street,limited exploration,restricted movement,negative,201709_114.098375_22.627081999999998.png
buildings,constrained environment,minimal engagement,negative,201709_114.098375_22.627081999999998.png
intersection,sense of exploration,movement within urban network,positive,201709_114.1016259_22.709084899999997.png
roads,sense of connectivity,navigating through space,positive,201709_114.1016259_22.709084899999997.png
skyscrapers,sense of expansiveness,increased mobility,positive,201709_114.1016259_22.709084899999997.png
landscape,degree of spatial breadth,movement in various directions,positive,201709_114.1016259_22.709084899999997.png
road,sense of distance,exploration,positive,201709_114.1044272_22.5733348.png
fences,feeling of confinement,restricted movement,negative,201709_114.1044272_22.5733348.png
traffic,awareness of boundaries,cautious navigation,negative,201709_114.1044272_22.5733348.png
vehicle,limited perspective,passive observation,negative,201709_114.1044272_22.5733348.png
urban,sense of constraint,hesitation to explore,negative,201709_114.1044272_22.5733348.png
trees,defined urban space,limited exploration,negative,201709_114.1036659_22.633577100000004.png
pathways,average impression,restricted movement,neutral,201709_114.1036659_22.633577100000004.png
buildings,sense of confinement,discouraged exploration,negative,201709_114.1036659_22.633577100000004.png
road,sense of potential movement,encourages exploration,positive,201709_114.1053046_22.603605199999993.png
greenery,feeling of discovery,invites further exploration,positive,201709_114.1053046_22.603605199999993.png
buildings,moderate scope for exploration,suggests areas to discover,positive,201709_114.1053046_22.603605199999993.png
road,sense of connectivity,exploring further,positive,201709_114.1045315_22.6256058.png
buildings,feeling of potential exploration,encouraging exploration,positive,201709_114.1045315_22.6256058.png
pathways,hint of freedom,movement,positive,201709_114.1045315_22.6256058.png
areas,sense of openness,engaging with space,positive,201709_114.1045315_22.6256058.png
street,moderate exploration potential,explore areas,positive,201709_114.10622441737641_22.68984118288231.png
shops,inviting atmosphere,visit shops,positive,201709_114.10622441737641_22.68984118288231.png
buildings,urban confinement,navigate through,negative,201709_114.10622441737641_22.68984118288231.png
intersections,defined navigable area,cross streets,neutral,201709_114.10622441737641_22.68984118288231.png
sidewalks,safe walking space,walk comfortably,positive,201709_114.10622441737641_22.68984118288231.png
intersection,sense of expanse,exploration,positive,201709_114.1064122_22.6536206.png
buildings,confined potential,limited movement,negative,201709_114.1064122_22.6536206.png
hillside,natural boundary,restricted exploration,negative,201709_114.1064122_22.6536206.png
infrastructure,defined pathways,guided movement,neutral,201709_114.1064122_22.6536206.png
buildings,confined environment,limited exploration,negative,201709_114.10645_22.632911199999995.png
cars,restricted movement,avoidance of space,negative,201709_114.10645_22.632911199999995.png
street,lack of openness,hesitation to engage,negative,201709_114.10645_22.632911199999995.png
streets,sense of confinement,restricted movement,negative,201709_114.10725470000001_22.7062961.png
buildings,feeling of density,limited exploration,negative,201709_114.10725470000001_22.7062961.png
trees,lack of expansiveness,minimal discovery,negative,201709_114.10725470000001_22.7062961.png
vegetation,insufficient natural vistas,diminished engagement,negative,201709_114.10725470000001_22.7062961.png
walls,restricted exploration,avoidance of movement,negative,201709_114.11168102857242_22.714879766622584.png
buildings,constrained environment,limited exploration,negative,201709_114.11168102857242_22.714879766622584.png
vegetation,sense of enclosure,hesitation to explore,negative,201709_114.11168102857242_22.714879766622584.png
road,pathway to nowhere,lack of curiosity,negative,201709_114.11168102857242_22.714879766622584.png
view,sense of scale,exploration,positive,201709_114.1102505_22.6312783.png
streets,opportunities for movement,movement,positive,201709_114.1102505_22.6312783.png
buildings,urban connectivity,discovering new areas,positive,201709_114.1102505_22.6312783.png
intersection,expansiveness,exploration,positive,201709_114.1102505_22.6312783.png
street,somewhat limited environment,restricted exploration,negative,201709_114.1117245_22.686429199999996.png
shops,potential for movement,encouraged walking,positive,201709_114.1117245_22.686429199999996.png
cars,created boundaries,discouraged movement,negative,201709_114.1117245_22.686429199999996.png
buildings,limited vistas,reduced exploration,negative,201709_114.1117245_22.686429199999996.png
infrastructure,sense of confinement,decreased interaction,negative,201709_114.1117245_22.686429199999996.png
road,sense of openness,exploration,positive,201709_114.111629_22.532919400000004.png
buildings,sense of scale,movement,positive,201709_114.111629_22.532919400000004.png
walkway,sense of possibility,alternative path usage,positive,201709_114.111629_22.532919400000004.png
cityscape,implied vastness,movement in various directions,positive,201709_114.111629_22.532919400000004.png
intersection,sense of openness,movement along the road,positive,201709_114.1125109_22.5892819.png
street,limited exploration,restricted movement,negative,201709_114.1125109_22.5892819.png
sidewalks,sense of openness,walking,positive,201709_114.1125109_22.5892819.png
road,implies movement and connection,suggests possibilities for travel,positive,201709_114.11348115980017_22.65206680298796.png
buildings,immediate impression of thoroughfare,encourages transit rather than exploration,negative,201709_114.11348115980017_22.65206680298796.png
greenery,suggests nature within urban space,invites brief engagement,neutral,201709_114.11348115980017_22.65206680298796.png
road,restricted exploration,limited movement,negative,201709_114.1129657_22.6988743.png
hillside,sense of confinement,hesitation to explore,negative,201709_114.1129657_22.6988743.png
traffic,increased anxiety,avoidance of movement,negative,201709_114.1129657_22.6988743.png
barriers,feeling of limitation,reduced exploration,negative,201709_114.1129657_22.6988743.png
structures,lack of openness,constrained navigation,negative,201709_114.1129657_22.6988743.png
street,sense of openness,exploration,positive,201709_114.11704265662098_22.651467896116234.png
fences,limited exploration,restricted movement,negative,201709_114.11704265662098_22.651467896116234.png
buildings,moderate scope for movement,discovery,neutral,201709_114.11704265662098_22.651467896116234.png
roads,limited exploration,hesitation to explore,negative,201709_114.11729870000002_22.6780618.png
buildings,urban confinement,avoidance of open spaces,negative,201709_114.11729870000002_22.6780618.png
sky,sense of openness,desire for freedom,positive,201709_114.11729870000002_22.6780618.png
road,limited sense of exploration,restricted movement,negative,201709_114.1179462_22.686612899999997.png
fences,confined view,restricted movement,negative,201709_114.1179462_22.686612899999997.png
greenery,specific destination focus,limited exploration,negative,201709_114.1179462_22.686612899999997.png
path,restricted possibilities,limited movement,negative,201709_114.1179462_22.686612899999997.png
buildings,constrained view,limited exploration,negative,201709_114.1218695_22.683096600000002.png
vehicles,restricted space,hesitation to engage,negative,201709_114.1218695_22.683096600000002.png
road,lack of vastness,avoidance of movement,negative,201709_114.1218695_22.683096600000002.png
streetscape,sense of openness,potential for exploration,positive,201709_114.1202401_22.544557199999996.png
buildings,feeling of movement,ability to explore,positive,201709_114.1202401_22.544557199999996.png
roads,non-restrictive boundaries,freedom to navigate,positive,201709_114.1202401_22.544557199999996.png
crossings,safety in movement,encouragement to walk,positive,201709_114.1202401_22.544557199999996.png
street,sense of exploration,encourages walking,positive,201709_114.1283506_22.5749688.png
buildings,feeling of confinement,limits movement,negative,201709_114.1283506_22.5749688.png
greenery,enhanced tranquility,promotes relaxation,positive,201709_114.1283506_22.5749688.png
sidewalks,structured navigation,facilitates walking,neutral,201709_114.1283506_22.5749688.png
street,limited exploration,restricted movement,negative,201709_114.13731710000002_22.5779094.png
buildings,sense of confinement,avoidance of space,negative,201709_114.13731710000002_22.5779094.png
walkway,minimal engagement,lack of exploration,negative,201709_114.13731710000002_22.5779094.png
roads,barriers to movement,hesitation to explore,negative,201709_114.13731710000002_22.5779094.png
cars,threatening presence,caution in movement,negative,201709_114.13731710000002_22.5779094.png
street,limited exploration,hesitation to explore,negative,201709_114.1390699_22.549754199999995.png
construction,sense of confinement,avoidance of movement,negative,201709_114.1390699_22.549754199999995.png
traffic,stress and distraction,reduced willingness to navigate,negative,201709_114.1390699_22.549754199999995.png
environment,lack of invitation,disinterest in discovery,negative,201709_114.1390699_22.549754199999995.png
road,sense of exploration,navigate through the area,positive,201709_114.2269618_22.548653100000003.png
buildings,feeling of discovery,explore surroundings,positive,201709_114.2269618_22.548653100000003.png
shops,curiosity,visit various locations,positive,201709_114.2269618_22.548653100000003.png
urban grid,sense of spatial breadth,move in multiple directions,positive,201709_114.2269618_22.548653100000003.png
street,restricted exploration,limited movement,negative,201902_113.773877_22.7270682.png
vehicles,constrained space,discouraged exploration,negative,201902_113.773877_22.7270682.png
buildings,sense of enclosure,reduced interaction,negative,201902_113.773877_22.7270682.png
boundaries,lack of openness,stifled movement,negative,201902_113.773877_22.7270682.png
space,lack of freedom,minimal exploration,negative,201902_113.773877_22.7270682.png
road,sense of directional travel,movement and exploration,positive,201902_113.77534719937155_22.74003922529751.png
sidewalks,sense of directional travel,movement and exploration,positive,201902_113.77534719937155_22.74003922529751.png
buildings,sense of place,navigation,neutral,201902_113.77534719937155_22.74003922529751.png
fence,perceived boundaries,limited exploration,negative,201902_113.77534719937155_22.74003922529751.png
canal,perceived boundaries,limited exploration,negative,201902_113.77534719937155_22.74003922529751.png
street,sense of enclosure,limited exploration,negative,201709_114.132548_22.5682471.png
buildings,sense of enclosure,limited exploration,negative,201709_114.132548_22.5682471.png
traffic,sense of enclosure,limited exploration,negative,201709_114.132548_22.5682471.png
road,feeling of openness,exploration,positive,201902_113.77916203609237_22.665526869148454.png
embankments,sense of confinement,hesitation to move,negative,201902_113.77916203609237_22.665526869148454.png
water,calming effect,encouragement to discover,positive,201902_113.77916203609237_22.665526869148454.png
horizon,anticipation of discovery,desire to travel further,positive,201902_113.77916203609237_22.665526869148454.png
area,sense of openness,exploration,positive,201902_113.78590912689597_22.731365381278035.png
roads,implied boundaries,navigation,neutral,201902_113.78590912689597_22.731365381278035.png
buildings,feeling of confinement,limited exploration,negative,201902_113.78590912689597_22.731365381278035.png
trees,natural beauty,relaxation,positive,201902_113.78590912689597_22.731365381278035.png
fences,sense of enclosure,restricted movement,negative,201902_113.78590912689597_22.731365381278035.png
road,sense of exploration,travel along the road,positive,201902_113.77947463659658_22.66730771479768.png
landscape,broader perspective,observe the distance,positive,201902_113.77947463659658_22.66730771479768.png
street,reasonable scope for exploration,encourages exploration,positive,201902_113.78802927099669_22.681579777229107.png
sidewalks,pathways alongside buildings,facilitates movement,positive,201902_113.78802927099669_22.681579777229107.png
intersections,many directions to travel,invites navigation,positive,201902_113.78802927099669_22.681579777229107.png
environment,not overly confined,promotes freedom of movement,positive,201902_113.78802927099669_22.681579777229107.png
street,sense of openness,movement in multiple directions,positive,201902_113.7923947_22.747967099999997.png
infrastructure,possibilities for exploration,exploration,positive,201902_113.7923947_22.747967099999997.png
buildings,implicit boundaries,restricted movement,negative,201902_113.7923947_22.747967099999997.png
area,moderate sense of scope,accommodation of movement,positive,201902_113.7923947_22.747967099999997.png
buildings,constrained feeling,avoid exploration,negative,201902_113.79093650000002_22.7095013.png
vehicles,cluttered environment,hesitation to navigate,negative,201902_113.79093650000002_22.7095013.png
materials,limited openness,restricted movement,negative,201902_113.79093650000002_22.7095013.png
street,sense of openness,potential for movement,positive,201902_113.7968278_22.6764534.png
buildings,implied boundaries,limited exploration,negative,201902_113.7968278_22.6764534.png
buildings,limited exploration,avoidance of movement,negative,201902_113.7956787_22.667452.png
fences,restricted freedom,hesitation to explore,negative,201902_113.7956787_22.667452.png
roads,constrained options,staying within boundaries,negative,201902_113.7956787_22.667452.png
roads,potential for exploration,exploring the area,positive,201902_113.7974556807145_22.668184154312296.png
buildings,lack of vastness,limited movement,negative,201902_113.7974556807145_22.668184154312296.png
infrastructure,sense of boundaries,restricted exploration,negative,201902_113.7974556807145_22.668184154312296.png
streetscape,immediate surroundings,navigating within limits,neutral,201902_113.7974556807145_22.668184154312296.png
road,implies movement,encourages exploration,positive,201902_113.79663449298718_22.665644889061195.png
buildings,creates confinement,limits exploration,negative,201902_113.79663449298718_22.665644889061195.png
vegetation,adds to environment,invites interaction,positive,201902_113.79663449298718_22.665644889061195.png
fences,suggests boundaries,restricts movement,negative,201902_113.79663449298718_22.665644889061195.png
intersection,sense of openness,exploration,positive,201902_113.8009416_22.6712009.png
infrastructure,feeling of connectivity,movement,positive,201902_113.8009416_22.6712009.png
urban,urban familiarity,navigating the area,positive,201902_113.8009416_22.6712009.png
streets,scope for exploration,navigate through streets,positive,201902_113.80515620388461_22.74165165934952.png
traffic,limited feeling of exploration,hesitate to explore,negative,201902_113.80515620388461_22.74165165934952.png
sidewalks,moderate navigation,walk along sidewalks,neutral,201902_113.80515620388461_22.74165165934952.png
buildings,limited exploration,restricted movement,negative,201902_113.8029999_22.740948899999996.png
vehicles,constrained options,hesitant exploration,negative,201902_113.8029999_22.740948899999996.png
street,linear path,focused movement,neutral,201902_113.8029999_22.740948899999996.png
street,sense of openness,allowing for movement,positive,201902_113.80734899282018_22.782117482559418.png
buildings,imposed boundaries,limiting exploration,negative,201902_113.80734899282018_22.782117482559418.png
cars,defined layout,restricting movement,negative,201902_113.80734899282018_22.782117482559418.png
street,limited freedom of movement,hesitation to explore,negative,201902_113.8054848_22.743741.png
buildings,confinement,restricted exploration,negative,201902_113.8054848_22.743741.png
vehicles,obstruction,avoidance of movement,negative,201902_113.8054848_22.743741.png
roads,narrowness,limited exploration,negative,201902_113.8054848_22.743741.png
urban density,boundaries to movement,conformity to space,negative,201902_113.8054848_22.743741.png
buildings,confinement feeling,limited exploration,negative,201902_113.81419840161459_22.719362407722716.png
greenery,sense of nature,encouraged relaxation,positive,201902_113.81419840161459_22.719362407722716.png
vehicles,cluttered environment,avoidance of space,negative,201902_113.81419840161459_22.719362407722716.png
sidewalks,accessibility,walking,neutral,201902_113.81419840161459_22.719362407722716.png
road,traffic stress,hesitation to explore,negative,201902_113.81419840161459_22.719362407722716.png
intersection,sense of openness,possibility of movement,positive,201902_113.8125536_22.742092199999995.png
roads,not feeling confined,exploration,positive,201902_113.8125536_22.742092199999995.png
buildings,larger environment,exploration,positive,201902_113.8125536_22.742092199999995.png
trees,moderate sense of scope,exploring side streets,positive,201902_113.80888948749923_22.78419583992442.png
sidewalks,possibilities for movement,movement along the road,positive,201902_113.80888948749923_22.78419583992442.png
vehicles,limitations to exploration,cautious navigation,negative,201902_113.80888948749923_22.78419583992442.png
buildings,urban context,restricted exploration,negative,201902_113.80888948749923_22.78419583992442.png
roads,limited freedom of movement,hesitation to explore,negative,201902_113.8148927055361_22.789415575629256.png
buildings,sense of confinement,avoidance of open spaces,negative,201902_113.8148927055361_22.789415575629256.png
vehicles,urban density,reduced exploration,negative,201902_113.8148927055361_22.789415575629256.png
barriers,obstructed pathways,restricted movement,negative,201902_113.8148927055361_22.789415575629256.png
roads,possibility for exploration,exploration,positive,201902_113.8095455_22.770389100000003.png
buildings,imposed boundaries,limited movement,negative,201902_113.8095455_22.770389100000003.png
activity,restricted exploration,avoidance of pathways,negative,201902_113.8095455_22.770389100000003.png
street,limited opportunities for exploration,restricted movement,negative,201902_113.81502145623685_22.664961732096735.png
vehicles,confined space,limited exploration,negative,201902_113.81502145623685_22.664961732096735.png
buildings,restricted sense of openness,inhibited movement,negative,201902_113.81502145623685_22.664961732096735.png
vehicles,limited exploration,restricted movement,negative,201902_113.822293711952_22.708451784912096.png
barriers,constrained freedom,hesitant engagement,negative,201902_113.822293711952_22.708451784912096.png
sidewalks,functional pathways,utilitarian navigation,neutral,201902_113.822293711952_22.708451784912096.png
intersection,sense of openness,exploration,positive,201902_113.81942816173449_22.706198696084314.png
road,feeling of broad space,navigating in multiple directions,positive,201902_113.81942816173449_22.706198696084314.png
street,limited exploration,restricted movement,negative,201902_113.8252899_22.704428199999995.png
buildings,constrained environment,avoidance of open spaces,negative,201902_113.8252899_22.704428199999995.png
cars,crowdedness,hesitation to engage,negative,201902_113.8252899_22.704428199999995.png
road,feeling of openness,movement and discovery,positive,201902_113.82461400636875_22.737846546103565.png
buildings,sense of expanse,exploration,positive,201902_113.82461400636875_22.737846546103565.png
traffic,urban activity,engagement with surroundings,positive,201902_113.82461400636875_22.737846546103565.png
cars,constrained view,restricted movement,negative,201902_113.8370193_22.8224631.png
buildings,feeling of confinement,limited exploration,negative,201902_113.8370193_22.8224631.png
spaces,lack of opportunity,discouraged exploration,negative,201902_113.8370193_22.8224631.png
pathways,limited direction,hesitation to explore,negative,201902_113.8370193_22.8224631.png
infrastructure,feeling of boundaries,restricted movement,negative,201902_113.8370193_22.8224631.png
parking,sense of limitation,avoidance of movement,negative,201902_113.8370193_22.8224631.png
street,limited exploration,avoid wandering,negative,201902_113.83507295538294_22.822440796148072.png
sidewalks,constrained movement,stay within boundaries,negative,201902_113.83507295538294_22.822440796148072.png
buildings,defined boundaries,restrict exploration,negative,201902_113.83507295538294_22.822440796148072.png
street,sense of openness,exploration,positive,201902_113.8247647_22.739645499999998.png
sky,feeling of freedom,movement,positive,201902_113.8247647_22.739645499999998.png
infrastructure,sense of development,engagement with surroundings,positive,201902_113.8247647_22.739645499999998.png
lanes,opportunity for navigation,exploration,positive,201902_113.8247647_22.739645499999998.png
river,sense of openness,movement and exploration,positive,201902_113.8394141_22.7960351.png
landscape,sense of possibility,exploration,positive,201902_113.8394141_22.7960351.png
road,sense of direction,travel,positive,201902_113.8394141_22.7960351.png
urban,sense of development,engagement with environment,positive,201902_113.8394141_22.7960351.png
buildings,limited exploration,avoidance of traffic,negative,201902_113.83749916662289_22.81017670040024.png
road,constrained movement,hesitation to explore,negative,201902_113.83749916662289_22.81017670040024.png
cars,sense of congestion,reduced wandering,negative,201902_113.83749916662289_22.81017670040024.png
space,lack of openness,limited engagement,negative,201902_113.83749916662289_22.81017670040024.png
highway,sense of movement,exploration,positive,201902_113.84031080000001_22.684660299999997.png
hills,sense of scale,journeying,positive,201902_113.84031080000001_22.684660299999997.png
road,limited exploration,traveling,neutral,201902_113.84031080000001_22.684660299999997.png
urban,sense of context,understanding surroundings,positive,201902_113.84031080000001_22.684660299999997.png
street,limited exploration,avoidance of movement,negative,201902_113.8445363319445_22.81410289539056.png
buildings,constrained freedom,hesitation to explore,negative,201902_113.8445363319445_22.81410289539056.png
fences,restricted access,reduced engagement,negative,201902_113.8445363319445_22.81410289539056.png
street,limitations on exploration,restricted movement,negative,201902_113.84040741380237_22.715501429259064.png
sidewalks,moderate scope for movement,walking,neutral,201902_113.84040741380237_22.715501429259064.png
buildings,sense of enclosure,hesitation to explore,negative,201902_113.84040741380237_22.715501429259064.png
traffic,stressful environment,avoidance of certain areas,negative,201902_113.84040741380237_22.715501429259064.png
street,limited exploration,avoidance of pedestrian movement,negative,201902_113.84854679968943_22.7701941417243.png
fences,constrained freedom,reduced willingness to explore,negative,201902_113.84854679968943_22.7701941417243.png
traffic,heightened caution,increased focus on safety,negative,201902_113.84854679968943_22.7701941417243.png
buildings,defined boundaries,restricted movement,negative,201902_113.84854679968943_22.7701941417243.png
road,sense of movement,exploration,positive,201902_113.8490224_22.784849399999995.png
overpass,feeling of scope,traveling in different directions,positive,201902_113.8490224_22.784849399999995.png
street,sense of breadth,movement,positive,201902_113.8490224_22.784849399999995.png
intersection,sense of spaciousness,exploration,positive,201902_113.8489156_22.7988786.png
network,feeling of openness,movement,positive,201902_113.8489156_22.7988786.png
water,sense of freedom,discovery,positive,201902_113.8489156_22.7988786.png
view,enhanced openness,exploration,positive,201902_113.8489156_22.7988786.png
boundaries,lack of restriction,freedom to explore,positive,201902_113.8489156_22.7988786.png
road,limited exploration,restricted movement,negative,201902_113.85331727951454_22.561307463550936.png
vegetation,sense of enclosure,avoidance of exploration,negative,201902_113.85331727951454_22.561307463550936.png
infrastructure,urban confinement,hesitation to explore,negative,201902_113.85331727951454_22.561307463550936.png
construction,disruption of space,avoidance of area,negative,201902_113.85331727951454_22.561307463550936.png
road,restricted movement,limited exploration,negative,201902_113.8491885_22.701108400000003.png
fence,feeling of confinement,avoidance of open spaces,negative,201902_113.8491885_22.701108400000003.png
area,lack of vastness,hesitation to explore,negative,201902_113.8491885_22.701108400000003.png
roads,sense of exploration,encourages movement,positive,201902_113.8577072_22.5595407.png
buildings,feeling of openness,promotes discovery,positive,201902_113.8577072_22.5595407.png
pathways,curiosity,invites exploration,positive,201902_113.8577072_22.5595407.png
intersection,expansive feel,facilitates movement,positive,201902_113.8577072_22.5595407.png
infrastructure,sense of direction,encourages navigation,positive,201902_113.8577072_22.5595407.png
fences,limited sense of exploration,restricted movement,negative,201902_113.86079006751562_22.53464932614568.png
roads,suggestion of movement,potential for exploration,neutral,201902_113.86079006751562_22.53464932614568.png
environment,utilitarian nature,discouraged exploration,negative,201902_113.86079006751562_22.53464932614568.png
setting,restricted scope for exploration,limited engagement,negative,201902_113.86079006751562_22.53464932614568.png
street,sense of openness,movement and exploration,positive,201902_113.86370289163905_22.8024886393656.png
roads,sense of potential exploration,exploration,positive,201902_113.86370289163905_22.8024886393656.png
pathways,sense of potential exploration,exploration,positive,201902_113.86370289163905_22.8024886393656.png
area,sense of boundlessness,exploration,positive,201902_113.86136305318175_22.532833376233018.png
roads,ample space,movement,positive,201902_113.86136305318175_22.532833376233018.png
sky,freedom,inspiration,positive,201902_113.86136305318175_22.532833376233018.png
road,sense of spaciousness,movement and exploration,positive,201902_113.86888616978932_22.81083364112787.png
pathway,feeling of openness,walking,positive,201902_113.86888616978932_22.81083364112787.png
trees,calmness,enjoying nature,positive,201902_113.86888616978932_22.81083364112787.png
horizon,anticipation,exploration,positive,201902_113.86888616978932_22.81083364112787.png
streets,moderate exploration,move in various directions,positive,201902_113.8718955_22.8034092.png
sidewalks,sense of movement,discover surroundings,positive,201902_113.8718955_22.8034092.png
buildings,implied boundaries,hesitation to explore,negative,201902_113.8718955_22.8034092.png
traffic,visual barriers,cautious navigation,negative,201902_113.8718955_22.8034092.png
intersection,limited exploration,transit-focused movement,negative,201902_113.88445939868075_22.796558804894957.png
roads,confinement,restricted navigation,negative,201902_113.88445939868075_22.796558804894957.png
sidewalks,lack of vastness,minimal exploration,negative,201902_113.88445939868075_22.796558804894957.png
buildings,sense of enclosure,limited movement options,negative,201902_113.88445939868075_22.796558804894957.png
buildings,sense of expanse,movement and exploration,positive,201902_113.87133138530254_22.808668132825623.png
road,sense of potential reach,exploration,positive,201902_113.87133138530254_22.808668132825623.png
street,moderate exploration,movement possibilities,positive,201902_113.8941739734363_22.720864788587726.png
buildings,contained environment,limited exploration,negative,201902_113.8941739734363_22.720864788587726.png
traffic,dynamic activity,encourages movement,positive,201902_113.8941739734363_22.720864788587726.png
construction,restricted access,discourages exploration,negative,201902_113.8941739734363_22.720864788587726.png
streets,sense of openness,exploration,positive,201902_113.8693476_22.598104299999996.png
sidewalks,sense of openness,exploration,positive,201902_113.8693476_22.598104299999996.png
directions,sense of interconnectedness,exploration,positive,201902_113.8693476_22.598104299999996.png
road,limited scope for exploration,reduced movement opportunities,negative,201902_113.9054886_22.808893400000002.png
buildings,sense of confinement,restricted exploration,negative,201902_113.9054886_22.808893400000002.png
parking,perceived limitations,discouraged movement,negative,201902_113.9054886_22.808893400000002.png
street,sense of openness,further exploration,positive,201902_113.91025928046581_22.57583711733693.png
road,implied space for movement,movement,positive,201902_113.91025928046581_22.57583711733693.png
buildings,implicit boundaries,limited exploration,negative,201902_113.91025928046581_22.57583711733693.png
traffic,feeling of constraint,hesitation to explore,negative,201902_113.91025928046581_22.57583711733693.png
view,sense of openness,potential for exploration,positive,201902_113.9111927_22.562058600000004.png
sky,feeling of space,movement,positive,201902_113.9111927_22.562058600000004.png
pathways,feeling of space,movement,positive,201902_113.9111927_22.562058600000004.png
road,sense of movement,navigate through space,positive,201902_113.91369036204115_22.571147968663006.png
greenery,sense of openness,explore surroundings,positive,201902_113.91369036204115_22.571147968663006.png
visibility,restricted exploration,hesitate to venture further,negative,201902_113.91369036204115_22.571147968663006.png
barriers,feeling of confinement,avoidance of certain areas,negative,201902_113.91369036204115_22.571147968663006.png
street,moderately limited exploration,movement,neutral,201902_113.91773296528667_22.72032295716598.png
buildings,defined boundaries,restricted exploration,negative,201902_113.91773296528667_22.72032295716598.png
fences,sense of confinement,avoidance of exploration,negative,201902_113.91773296528667_22.72032295716598.png
road,limited exploration,restricted movement,negative,201902_113.9180008_22.7323099.png
sidewalks,functional area,minimal exploration,negative,201902_113.9180008_22.7323099.png
fencing,sense of confinement,avoidance of area,negative,201902_113.9180008_22.7323099.png
development,imposed boundaries,limited interaction,negative,201902_113.9180008_22.7323099.png
intersection,sense of urban scale,potential for exploration,positive,201902_113.933462_22.733093500000003.png
traffic,implicit boundaries,hesitation to explore,negative,201902_113.933462_22.733093500000003.png
buildings,contextual awareness,navigating the area,neutral,201902_113.933462_22.733093500000003.png
road,potential for exploration,exploring freely,positive,201902_113.95157683450991_22.736968233955533.png
barriers,limited possibilities,restricted movement,negative,201902_113.95157683450991_22.736968233955533.png
highway,constrained environment,hesitation to explore,negative,201902_113.95157683450991_22.736968233955533.png
intersection,sense of openness,exploration,positive,201902_113.92499627183881_22.727755738699123.png
buildings,feeling of restriction,limited exploration,negative,201902_113.92499627183881_22.727755738699123.png
road,sense of distance,movement,neutral,201902_113.92499627183881_22.727755738699123.png
pathways,sense of confinement,navigating within limits,negative,201902_113.92499627183881_22.727755738699123.png
traffic,feeling of danger,caution in movement,negative,201902_113.92499627183881_22.727755738699123.png
roads,sense of scale,encourages exploration,positive,201902_113.9437007_22.741557399999998.png
buildings,feeling of expansiveness,promotes movement,positive,201902_113.9437007_22.741557399999998.png
cityscape,openness,invites navigation,positive,201902_113.9437007_22.741557399999998.png
lanes,ease of navigation,facilitates travel,positive,201902_113.9437007_22.741557399999998.png
highway,sense of expansiveness,movement and exploration,positive,201902_113.9470223_22.7484815.png
lanes,possibilities for movement,traverse routes,positive,201902_113.9470223_22.7484815.png
urban context,limited perception of exploration,restricted movement,negative,201902_113.9470223_22.7484815.png
roads,limited exploration,hesitation to move,negative,201902_113.9962248_22.5369742.png
buildings,contained feeling,reduced curiosity,negative,201902_113.9962248_22.5369742.png
walls,sense of boundaries,avoidance of exploration,negative,201902_113.9962248_22.5369742.png
vegetation,lack of openness,limited movement,negative,201902_113.9962248_22.5369742.png
intersection,sense of potential movement,exploring the area,positive,201902_114.0169032_22.544344900000002.png
buildings,sense of discovery,investigating surroundings,positive,201902_114.0169032_22.544344900000002.png
greenery,inviting atmosphere,engaging with nature,positive,201902_114.0169032_22.544344900000002.png
buildings,limited sense of exploration,restricted feeling of scope,negative,201902_114.013333_22.6805554.png
vehicles,constrained visibility,reduced opportunities for movement,negative,201902_114.013333_22.6805554.png
street,glimpse of openness,encouraged exploration,positive,201902_114.013333_22.6805554.png
greenery,sense of nature,inspired discovery,positive,201902_114.013333_22.6805554.png
road,sense of openness,exploration,positive,201902_113.9992712_22.644797499999992.png
buildings,interconnectedness,movement within the city,positive,201902_113.9992712_22.644797499999992.png
pathways,potential for movement,navigating urban landscape,positive,201902_113.9992712_22.644797499999992.png
highways,sense of exploration,traveling,positive,201902_113.9992712_22.644797499999992.png
greenery,confined feeling,limited exploration,negative,201902_114.0248575_22.556648199999998.png
buildings,sense of boundaries,restricted movement,negative,201902_114.0248575_22.556648199999998.png
road,lack of openness,hesitation to explore,negative,201902_114.0248575_22.556648199999998.png
road,limited sense of vastness,restricted exploration,negative,201902_114.0261381_22.54291179999999.png
buildings,commercial focus,movement between businesses,neutral,201902_114.0261381_22.54291179999999.png
walkways,moderate limitation,confined movement,negative,201902_114.0317129_22.543413399999995.png
cars,constrained exploration,restricted paths,negative,201902_114.0317129_22.543413399999995.png
infrastructure,lack of freedom,designated navigation,negative,201902_114.0317129_22.543413399999995.png
street,limited exploration,restricted movement,negative,201902_114.03885820000002_22.5604182.png
buildings,constrained freedom,hesitant navigation,negative,201902_114.03885820000002_22.5604182.png
cars,crowded environment,cautious driving,negative,201902_114.03885820000002_22.5604182.png
road,potential for movement,exploration desire,neutral,201902_114.03885820000002_22.5604182.png
street,confined feeling,limited exploration,negative,201902_114.0343191_22.5717816.png
garden,slight relief,brief respite,positive,201902_114.0343191_22.5717816.png
buildings,restrictive environment,walking along,negative,201902_114.0343191_22.5717816.png
cars,urban congestion,navigating space,negative,201902_114.0343191_22.5717816.png
street,limited exploration,hesitant movement,negative,201902_114.0373344_22.567564599999997.png
sidewalks,constrained space,restricted navigation,negative,201902_114.0373344_22.567564599999997.png
road,bounded environment,cautious travel,negative,201902_114.0373344_22.567564599999997.png
street,limited exploration,walking along pavement,negative,201902_114.04594474714749_22.567282191742024.png
sidewalks,restricted movement,driving on road,negative,201902_114.04594474714749_22.567282191742024.png
buildings,defined space,avoiding expansive movement,negative,201902_114.04594474714749_22.567282191742024.png
fences,sense of confinement,limited exploration,negative,201902_114.04594474714749_22.567282191742024.png
parking,limited exploration,restricted wandering,negative,201902_114.0657778_22.551895000000002.png
buildings,constrained movement,feeling of confinement,negative,201902_114.0657778_22.551895000000002.png
fences,lack of freedom,hesitation to explore,negative,201902_114.0657778_22.551895000000002.png
cars,crowdedness,avoidance of space,negative,201902_114.0657778_22.551895000000002.png
intersection,limited exploration,restricted movement,negative,201902_114.0531452_22.549275999999992.png
buildings,constrained freedom,moderate engagement,neutral,201902_114.0531452_22.549275999999992.png
streets,moderate scope,some exploration,neutral,201902_114.0531452_22.549275999999992.png
pedestrian areas,some freedom,movement within limits,positive,201902_114.0531452_22.549275999999992.png
vegetation,restricted sense of exploration,fewer possibilities for movement,negative,201902_114.0520098_22.574575899999996.png
road,constrained view,limited exploration,negative,201902_114.0520098_22.574575899999996.png
street,limited exploration,hesitant movement,negative,201902_114.1086639_22.5815538.png
buildings,urban confinement,restricted navigation,negative,201902_114.1086639_22.5815538.png
vehicles,busy environment,cautious crossing,negative,201902_114.1086639_22.5815538.png
intersections,potential for movement,exploratory actions,positive,201902_114.1086639_22.5815538.png
construction,obstructed pathways,detour navigation,negative,201902_114.1086639_22.5815538.png
road,limited exploration,avoidance of movement,negative,201902_114.1107731_22.581580799999994.png
buildings,enclosed feeling,reduced discovery,negative,201902_114.1107731_22.581580799999994.png
fencing,restricted environment,lack of engagement,negative,201902_114.1107731_22.581580799999994.png
city,overwhelmed by size,hesitation to explore,negative,201902_114.1107731_22.581580799999994.png
road,hint of exploration,explore,positive,201907_113.8946333_22.677001399999998.png
cars,limited freedom,restrict exploration,negative,201907_113.8946333_22.677001399999998.png
fences,sense of confinement,avoid exploration,negative,201907_113.8946333_22.677001399999998.png
buildings,urban boundaries,limit movement,negative,201907_113.8946333_22.677001399999998.png
path,sense of openness,continued exploration,positive,201907_113.9017593_22.683537199999996.png
landscape,few immediate boundaries,movement or exploration,positive,201907_113.9017593_22.683537199999996.png
intersection,constrained exploration,navigating through space,negative,201902_114.08175460000001_22.5407434.png
buildings,urban density,observing surroundings,neutral,201902_114.08175460000001_22.5407434.png
sidewalks,sense of safety,walking comfortably,positive,201902_114.08175460000001_22.5407434.png
pedestrian crossings,clear navigation,crossing streets,positive,201902_114.08175460000001_22.5407434.png
greenery,desire for openness,seeking natural spaces,positive,201902_114.08175460000001_22.5407434.png
path,feeling of expansiveness,freedom to wander,positive,201907_113.9094279_22.68317319999999.png
sky,sense of openness,encouragement to explore,positive,201907_113.9094279_22.68317319999999.png
greenery,sense of tranquility,desire to discover,positive,201907_113.9094279_22.68317319999999.png
paths,sense of exploration,encourages movement,positive,201907_113.98950310000001_22.7206107.png
staircases,openness to adventure,invites climbing,positive,201907_113.98950310000001_22.7206107.png
greenery,connection to nature,promotes wandering,positive,201907_113.98950310000001_22.7206107.png
paths,impression of space,exploration,positive,201907_113.9914866_22.712476099999993.png
greenery,sense of openness,venturing further,positive,201907_113.9914866_22.712476099999993.png
trees,feeling of potential,exploring surroundings,positive,201907_113.9914866_22.712476099999993.png
landscape,lack of visual limitations,encouragement to explore,positive,201907_113.9914866_22.712476099999993.png
road,sense of exploration,encourages movement,positive,201908_113.8399887_22.6784854.png
greenery,feeling of openness,invites exploration,positive,201908_113.8399887_22.6784854.png
landscape,broad vista,promotes wandering,positive,201908_113.8399887_22.6784854.png
landscape,sense of openness,encourages exploration,positive,201908_113.9565736027895_22.781912573966014.png
road,invitation to travel,promotes movement,positive,201908_113.9565736027895_22.781912573966014.png
fields,feeling of freedom,inspires wandering,positive,201908_113.9565736027895_22.781912573966014.png
greenery,calming effect,encourages relaxation,positive,201908_113.9565736027895_22.781912573966014.png
hills,sense of distance,invites curiosity,positive,201908_113.9565736027895_22.781912573966014.png
path,limited exploration,avoidance of wandering,negative,201908_113.95923697340167_22.779280766766284.png
greenery,sense of openness,encouragement to explore,positive,201908_113.95923697340167_22.779280766766284.png
road,limited sense of scope,restricted exploration,negative,201908_113.96067127793181_22.765060609485065.png
fields,constrained surroundings,reduced openness,negative,201908_113.96067127793181_22.765060609485065.png
buildings,distant visibility,minimal engagement,neutral,201908_113.96067127793181_22.765060609485065.png
terrain,lack of vastness,limited exploration,negative,201908_113.96067127793181_22.765060609485065.png
power lines,sense of enclosure,discouraged exploration,negative,201908_113.96067127793181_22.765060609485065.png
road,sense of adventure,exploration,positive,201908_113.9661899_22.748525599999997.png
landscapes,feeling of openness,movement,positive,201908_113.9661899_22.748525599999997.png
greenery,calmness,discovery,positive,201908_113.9661899_22.748525599999997.png
intersection,sense of movement,exploring different directions,positive,201908_114.2311048_22.549318299999996.png
streets,sense of openness,navigating freely,positive,201908_114.2311048_22.549318299999996.png
buildings,feeling of confinement,restricting exploration,negative,201908_114.2311048_22.549318299999996.png
traffic,sense of danger,hesitating to move,negative,201908_114.2311048_22.549318299999996.png
street,feeling of openness,exploration,positive,201908_114.23483890000001_22.5530353.png
paths,sense of freedom,movement,positive,201908_114.23483890000001_22.5530353.png
views,enhanced perspective,engagement with surroundings,positive,201908_114.23483890000001_22.5530353.png
mountains,awe and inspiration,exploration,positive,201908_114.23483890000001_22.5530353.png
water,calmness,relaxation,positive,201908_114.23483890000001_22.5530353.png
road,sense of exploration,travel in various directions,positive,201908_113.99306_22.642044000000002.png
greenery,feeling of openness,movement and discovery,positive,201908_113.99306_22.642044000000002.png
pathways,sense of exploration,encourages movement,positive,201908_114.2393767_22.557769699999998.png
sightlines,feeling of openness,promotes navigation,positive,201908_114.2393767_22.557769699999998.png
infrastructure,sense of integration,invites interaction,positive,201908_114.2393767_22.557769699999998.png
views,sense of expansiveness,fosters exploration,positive,201908_114.2393767_22.557769699999998.png
pathway,sense of exploration,encourages movement,positive,201908_114.24073976836634_22.55905624788543.png
trees,feeling of enclosure,limits free movement,negative,201908_114.24073976836634_22.55905624788543.png
bike lanes,sense of connectivity,promotes cycling,positive,201908_114.24073976836634_22.55905624788543.png
paths,structured navigation,guides direction,neutral,201908_114.24073976836634_22.55905624788543.png
urban corridor,feeling of confinement,restricts exploration,negative,201908_114.24073976836634_22.55905624788543.png
streets,limited exploration,restricted movement,negative,201909_113.9015183_22.709992299999996.png
sidewalks,perceived boundaries,hesitant navigation,negative,201909_113.9015183_22.709992299999996.png
buildings,sense of confinement,avoidance of open spaces,negative,201909_113.9015183_22.709992299999996.png
traffic,dangerous environment,cautious behavior,negative,201909_113.9015183_22.709992299999996.png
intersection,sense of scope,exploring various routes,positive,202003_113.7706108_22.736299300000002.png
lanes,feeling of potential for movement,traveling in different directions,positive,202003_113.7706108_22.736299300000002.png
landscape,implied exploration,discovering new areas,positive,202003_113.7706108_22.736299300000002.png
roads,sense of openness,continuing movement,positive,202003_113.7706108_22.736299300000002.png
roads,defined urban street,limited exploration,negative,202003_113.8252313163741_22.745168442429677.png
sidewalks,constrained movement,restricted travel,negative,202003_113.8252313163741_22.745168442429677.png
natural areas,lack of openness,minimal exploration,negative,202003_113.8252313163741_22.745168442429677.png
pathways,narrow options,limited navigation,negative,202003_113.8252313163741_22.745168442429677.png
water,sense of openness,exploration,positive,201908_114.4869651_22.5351812.png
promenade,broad perspective,movement,positive,201908_114.4869651_22.5351812.png
seawall,defined boundaries,limited exploration,negative,201908_114.4869651_22.5351812.png
buildings,sense of enclosure,restricted movement,negative,201908_114.4869651_22.5351812.png
road,confined environment,restrict exploration,negative,202003_113.88955644157302_22.798927053748397.png
sidewalks,structured space,limited movement,negative,202003_113.88955644157302_22.798927053748397.png
trees,sense of nature,encourage relaxation,positive,202003_113.88955644157302_22.798927053748397.png
fences,barrier to freedom,discourage exploration,negative,202003_113.88955644157302_22.798927053748397.png
path,defined route,guide movement,neutral,202003_113.88955644157302_22.798927053748397.png
intersection,sense of exploration,encourages movement,positive,202003_113.96826110000002_22.557930099999997.png
roads,feeling of connectivity,navigating paths,positive,202003_113.96826110000002_22.557930099999997.png
buildings,impression of vastness,inspired to explore,positive,202003_113.96826110000002_22.557930099999997.png
street,sense of openness,exploration,positive,202003_113.9348723_22.508163400000004.png
roads,curiosity,venturing further,positive,202003_113.9348723_22.508163400000004.png
road,sense of urban expanse,exploration along routes,neutral,202003_113.92723770000002_22.507478399999997.png
buildings,defined pathways,limited exploration,negative,202003_113.92723770000002_22.507478399999997.png
sidewalks,directed exploration,following established routes,positive,202003_113.92723770000002_22.507478399999997.png
fences,feeling of boundaries,restricted movement,negative,202003_113.92723770000002_22.507478399999997.png
hedges,sense of enclosure,limited visibility,negative,202003_113.92723770000002_22.507478399999997.png
road,feeling of confinement,limit exploration,negative,202003_113.89791352217823_22.573441987420974.png
buildings,defined area,restrict movement,negative,202003_113.89791352217823_22.573441987420974.png
infrastructure,sense of limitation,reduce exploration,negative,202003_113.89791352217823_22.573441987420974.png
road,sense of openness,movement and exploration,positive,202003_113.9804017_22.7328451.png
hills,feeling of spaciousness,potential exploration,positive,202003_113.9804017_22.7328451.png
greenery,sense of potential,exploration,positive,202003_113.9804017_22.7328451.png
sky,feeling of spaciousness,exploration,positive,202003_113.9804017_22.7328451.png
road,sense of exploration,exploring the area,neutral,202003_114.0251856_22.63805.png
sidewalks,sense of safety,walking comfortably,positive,202003_114.0251856_22.63805.png
green spaces,relaxation,spending time outdoors,positive,202003_114.0251856_22.63805.png
infrastructure,feeling constrained,hesitation to explore,negative,202003_114.0251856_22.63805.png
private properties,sense of limitation,avoiding certain areas,negative,202003_114.0251856_22.63805.png
street,sense of exploration,exploring the area,positive,202003_114.0504655_22.5620866.png
buildings,urban familiarity,navigating the city,positive,202003_114.0504655_22.5620866.png
traffic,busy environment,engaging with urban life,neutral,202003_114.0504655_22.5620866.png
road,openness,traveling in different directions,positive,202003_114.0504655_22.5620866.png
sidewalks,safety,walking or jogging,positive,202003_114.0504655_22.5620866.png
greenery,connection to nature,exploring park-like areas,positive,202003_114.0504655_22.5620866.png
road,sense of expanse,possibility of exploration,positive,202003_114.04427320000002_22.599809599999997.png
buildings,feeling of enclosure,restricted movement,negative,202003_114.04427320000002_22.599809599999997.png
traffic,sense of congestion,hesitation to explore,negative,202003_114.04427320000002_22.599809599999997.png
intersection,sense of scale,exploration,positive,202003_114.0375625_22.5992669.png
roads,feeling of openness,navigation,positive,202003_114.0375625_22.5992669.png
flyover,impression of potential,movement,positive,202003_114.0375625_22.5992669.png
infrastructure,dominance of built environment,limited exploration,negative,202003_114.0375625_22.5992669.png
highway,sense of scope,movement and exploration,positive,202003_114.1608721_22.604458399999995.png
road,sense of scope,movement and exploration,positive,202003_114.1608721_22.604458399999995.png
hills,sense of scope,movement and exploration,positive,202003_114.1608721_22.604458399999995.png
intersection,sense of openness,exploration,positive,202003_114.06102530000001_22.5212205.png
buildings,urban density,navigation,neutral,202003_114.06102530000001_22.5212205.png
overpass,safety,crossing,positive,202003_114.06102530000001_22.5212205.png
road,vastness,movement,positive,202003_114.06102530000001_22.5212205.png
road,openness and potential for exploration,explore the path,positive,202003_114.1333236765208_22.563765990519713.png
buildings,broader environment,navigate the area,neutral,202003_114.1333236765208_22.563765990519713.png
fences,limited freedom,avoid exploration,negative,202003_114.1333236765208_22.563765990519713.png
traffic barriers,restricted movement,stay on designated pathways,negative,202003_114.1333236765208_22.563765990519713.png
urban setting,imposed boundaries,limit exploration,negative,202003_114.1333236765208_22.563765990519713.png
road,limited exploration,avoidance of boundaries,negative,202003_114.13048140326143_22.56003436029725.png
sidewalks,constrained movement,restricted transit,negative,202003_114.13048140326143_22.56003436029725.png
buildings,sense of enclosure,hesitation to explore,negative,202003_114.13048140326143_22.56003436029725.png
urban,structured environment,navigational caution,neutral,202003_114.13048140326143_22.56003436029725.png
road,sense of spaciousness,movement and exploration,positive,202003_114.1726333_22.5626956.png
trees,feeling of broadness,encouragement to explore,positive,202003_114.1726333_22.5626956.png
buildings,urban landscape awareness,increased curiosity,positive,202003_114.1726333_22.5626956.png
hills,sense of breadth,exploration,positive,202003_114.1991135_22.709366499999998.png
sky,sense of openness,exploration,positive,202003_114.1991135_22.709366499999998.png
road,feeling of expansiveness,exploration,positive,202003_114.1991135_22.709366499999998.png
buildings,sense of space,exploration,positive,202003_114.1991135_22.709366499999998.png
landscape,sense of possibility,exploration,positive,202003_114.1991135_22.709366499999998.png
skyline,sense of openness,exploration,positive,202003_114.1991135_22.709366499999998.png
road,sense of confinement,limited exploration,negative,202003_114.2000427014398_22.692087883164596.png
canopy,sense of confinement,limited exploration,negative,202003_114.2000427014398_22.692087883164596.png
barriers,sense of confinement,limited exploration,negative,202003_114.2000427014398_22.692087883164596.png
road,sense of expanse,exploration,positive,202003_114.2080935_22.731133000000003.png
greenery,possibilities for exploration,encouragement to explore,positive,202003_114.2080935_22.731133000000003.png
fences,feeling of restriction,caution in movement,negative,202003_114.2080935_22.731133000000003.png
structures,sense of openness,engagement with surroundings,positive,202003_114.2080935_22.731133000000003.png
tunnel,limited exploration,restricted movement,negative,202003_114.21845661197705_22.735003135425835.png
road,constrained freedom,fewer deviations,negative,202003_114.21845661197705_22.735003135425835.png
structure,enclosed feeling,hesitation to explore,negative,202003_114.21845661197705_22.735003135425835.png
street,sense of openness,movement and exploration,positive,202003_114.2344425_22.715313099999996.png
buildings,potential for exploration,engagement with urban space,positive,202003_114.2344425_22.715313099999996.png
road,defined boundaries,navigation within the area,neutral,202003_114.2344425_22.715313099999996.png
road,sense of breadth,exploring different areas,positive,202003_114.23825474491608_22.69764445152608.png
sky,expansive feeling,encouraging movement,positive,202003_114.23825474491608_22.69764445152608.png
buildings,large environment,navigating space,positive,202003_114.23825474491608_22.69764445152608.png
trees,sense of nature,seeking tranquility,positive,202003_114.23825474491608_22.69764445152608.png
overpass,connectivity,movement across the road,positive,202003_114.23825474491608_22.69764445152608.png
road,sense of confinement,limited exploration,negative,202101_113.80201360000001_22.7740782.png
urban,limited possibilities,restricted movement,negative,202101_113.80201360000001_22.7740782.png
buildings,limited exploration,restricted movement,negative,202101_113.80844_22.772326999999997.png
road,constrained environment,minimal exploration,negative,202101_113.80844_22.772326999999997.png
sidewalks,lack of openness,hesitant navigation,negative,202101_113.80844_22.772326999999997.png
vehicles,feeling of enclosure,limited exploration,negative,202101_113.83342653285803_22.74918405936302.png
buildings,sense of restriction,minimal movement,negative,202101_113.83342653285803_22.74918405936302.png
road,limited exploration,restricted movement,negative,202101_113.80447898228654_22.773616876535506.png
buildings,confined feeling,avoidance of exploration,negative,202101_113.80447898228654_22.773616876535506.png
trees,minimal nature interaction,lack of engagement,negative,202101_113.80447898228654_22.773616876535506.png
barricades,sense of obstruction,hesitation to explore,negative,202101_113.80447898228654_22.773616876535506.png
cars,crowded environment,reduced mobility,negative,202101_113.80447898228654_22.773616876535506.png
road,confined feeling,limited exploration,negative,202101_113.8336765_22.7472615.png
barricades,sense of restriction,avoidance of movement,negative,202101_113.8336765_22.7472615.png
fences,feeling of boundaries,hesitation to explore,negative,202101_113.8336765_22.7472615.png
construction,discomfort,withdrawal from area,negative,202101_113.8336765_22.7472615.png
buildings,confined urban setting,limited exploration,negative,202101_113.85154710000002_22.8175131.png
vehicles,congestion,avoidance of the area,negative,202101_113.85154710000002_22.8175131.png
road,narrow view,restricted movement,negative,202101_113.85154710000002_22.8175131.png
landscapes,lack of openness,desire for nature,negative,202101_113.85154710000002_22.8175131.png
street,confined space,limited exploration,negative,202101_113.85347522474827_22.817266099271457.png
trees,limited exploration,restricted movement,negative,202101_113.85347522474827_22.817266099271457.png
cars,constrained environment,hesitation to explore,negative,202101_113.85347522474827_22.817266099271457.png
structures,sense of confinement,avoidance of exploration,negative,202101_113.85347522474827_22.817266099271457.png
street,limitations on exploration,restricted movement,negative,202101_113.85384977720011_22.78301523471154.png
buildings,enclosed nature,limited exploration,negative,202101_113.85384977720011_22.78301523471154.png
park,feeling of confinement,hesitation to explore,negative,202101_113.85384977720011_22.78301523471154.png
road,sense of openness,movement exploration,positive,202101_113.87012102889791_22.814717371422628.png
buildings,urban environment,navigating space,neutral,202101_113.87012102889791_22.814717371422628.png
overpass,broad perspective,increased mobility,positive,202101_113.87012102889791_22.814717371422628.png
land,potential exploration,curiosity,positive,202101_113.87012102889791_22.814717371422628.png
greenery,connection to nature,seeking tranquility,positive,202101_113.87012102889791_22.814717371422628.png
street,sense of exploration,encourages navigation,positive,202101_113.8756763_22.7810458.png
sidewalks,feeling of safety,promotes walking,positive,202101_113.8756763_22.7810458.png
roads,sense of openness,invites movement,positive,202101_113.8756763_22.7810458.png
buildings,urban confinement,limits exploration,negative,202101_113.8756763_22.7810458.png
street,sense of breadth,exploration,positive,202101_113.8572412_22.7889175.png
sidewalks,focus on immediate area,limited exploration,negative,202101_113.8572412_22.7889175.png
buildings,sense of confinement,restriction on movement,negative,202101_113.8572412_22.7889175.png
road,limited exploration,restricted movement,negative,202101_113.864966_22.8152422.png
buildings,constrained environment,hesitation to explore,negative,202101_113.864966_22.8152422.png
sidewalks,some accessibility,cautious navigation,neutral,202101_113.864966_22.8152422.png
greenery,slight openness,encouraged movement,positive,202101_113.864966_22.8152422.png
road,restricted freedom of movement,hesitation to explore,negative,202101_113.87957025575385_22.774874576875614.png
vehicles,limited exploration possibilities,avoidance of areas,negative,202101_113.87957025575385_22.774874576875614.png
buildings,sense of confinement,reduced willingness to engage,negative,202101_113.87957025575385_22.774874576875614.png
fences,perceived boundaries,cautious navigation,negative,202101_113.87957025575385_22.774874576875614.png
parking,organized structure,following established paths,neutral,202101_113.87957025575385_22.774874576875614.png
street,sense of space,exploration,neutral,202101_113.87311039651637_22.77659421765873.png
buildings,urban development,limited exploration,negative,202101_113.87311039651637_22.77659421765873.png
vehicles,movement restriction,bounded movement,negative,202101_113.87311039651637_22.77659421765873.png
buildings,limited exploration,transit,negative,202101_113.8825929_22.794455400000004.png
infrastructure,defined boundaries,restricted movement,negative,202101_113.8825929_22.794455400000004.png
paths,lack of discovery,minimal exploration,negative,202101_113.8825929_22.794455400000004.png
intersection,sense of scale,exploration,positive,202101_113.880601_22.783031199999996.png
walkway,openness,movement,positive,202101_113.880601_22.783031199999996.png
buildings,urban expanse,navigation,positive,202101_113.880601_22.783031199999996.png
road,freedom of movement,exploration,positive,202101_113.880601_22.783031199999996.png
street,sense of journey,exploration,positive,202101_113.88958986681777_22.787662603409807.png
roads,possibilities for movement,travel,positive,202101_113.88958986681777_22.787662603409807.png
buildings,limited exploration,restriction,negative,202101_113.88958986681777_22.787662603409807.png
traffic,sense of confinement,hesitation,negative,202101_113.88958986681777_22.787662603409807.png
pathways,defined boundaries,navigation,neutral,202101_113.88958986681777_22.787662603409807.png
landscape,sense of openness,potential for exploration,positive,202101_113.888855_22.791229200000004.png
intersection,limitations on movement,restricted exploration,negative,202101_113.888855_22.791229200000004.png
buildings,busy environment,hesitation to explore,negative,202101_113.888855_22.791229200000004.png
street,sense of direction,movement along the path,positive,202101_113.88974512796382_22.80741978228124.png
buildings,urban density,observation of surroundings,neutral,202101_113.88974512796382_22.80741978228124.png
grid,limited exploration,hesitation to explore,negative,202101_113.88974512796382_22.80741978228124.png
property,sense of restriction,avoidance of private areas,negative,202101_113.88974512796382_22.80741978228124.png
environment,functional atmosphere,navigation through space,neutral,202101_113.88974512796382_22.80741978228124.png
streetscape,sense of scope,movement and exploration,positive,202101_113.89258477196802_22.772034598983364.png
roads,expansive feeling,traveling,positive,202101_113.89258477196802_22.772034598983364.png
buildings,visual interest,exploring surroundings,positive,202101_113.89258477196802_22.772034598983364.png
street,potential for exploration,encouraged to explore,positive,202101_113.89435860971831_22.778890662538604.png
roads,imposed boundaries,restricted movement,negative,202101_113.89435860971831_22.778890662538604.png
sidewalks,defined pathways,guided movement,neutral,202101_113.89435860971831_22.778890662538604.png
street,sense of breadth,movement and transit,positive,202101_113.89366539694939_22.80565751910822.png
buildings,limited feeling of exploration,restricted exploration,negative,202101_113.89366539694939_22.80565751910822.png
sidewalks,focus on transit,navigating space,neutral,202101_113.89366539694939_22.80565751910822.png
street,potential for exploration,encourages exploration,positive,202101_113.90091646008864_22.799239870213608.png
buildings,sense of confinement,limits movement,negative,202101_113.90091646008864_22.799239870213608.png
vehicles,busy environment,distracts from movement,negative,202101_113.90091646008864_22.799239870213608.png
sidewalks,defined pathways,suggests limited movement,neutral,202101_113.90091646008864_22.799239870213608.png
open spaces,lack of options,discourages exploration,negative,202101_113.90091646008864_22.799239870213608.png
street,sense of openness,exploration,positive,202101_113.90284136009325_22.812299926964318.png
buildings,limited feeling of exploration,restricted movement,negative,202101_113.90284136009325_22.812299926964318.png
street,sense of exploration,exploring the area,positive,202101_113.90319820371188_22.78235567039747.png
traffic,limited exploration,hesitating to explore,negative,202101_113.90319820371188_22.78235567039747.png
sidewalks,moderate openness,walking freely,neutral,202101_113.90319820371188_22.78235567039747.png
buildings,sense of boundaries,navigating within limits,negative,202101_113.90319820371188_22.78235567039747.png
buildings,sense of confinement,limited exploration,negative,202101_113.906632_22.795511199999996.png
cars,sense of confinement,limited exploration,negative,202101_113.906632_22.795511199999996.png
construction,sense of confinement,limited exploration,negative,202101_113.906632_22.795511199999996.png
boundaries,lack of openness,restricted movement,negative,202101_113.906632_22.795511199999996.png
vistas,lack of expansiveness,reduced movement,negative,202101_113.906632_22.795511199999996.png
pathways,lack of invitation,reduced movement,negative,202101_113.906632_22.795511199999996.png
road,potential for exploration,movement,positive,202101_113.9103272_22.775714599999997.png
sidewalk,not overly confined,exploration,positive,202101_113.9103272_22.775714599999997.png
boundaries,limited feeling of expansive possibility,restricted movement,negative,202101_113.9103272_22.775714599999997.png
boundaries,limited exploration,restricted movement,negative,202101_113.91689857414367_22.778270270865313.png
road,lack of invitation,minimal discovery,negative,202101_113.91689857414367_22.778270270865313.png
environment,discouraged venturing,avoided exploration,negative,202101_113.91689857414367_22.778270270865313.png
roads,potential for movement and exploration,encourages travel,positive,202101_113.9264278_22.747944499999996.png
lanes,clear sightlines,facilitates navigation,positive,202101_113.9264278_22.747944499999996.png
environment,perceived boundaries,limits exploration,negative,202101_113.9264278_22.747944499999996.png
highway,limited exploration,forward movement,negative,202101_113.9239607_22.754503.png
guardrails,restricted freedom,hesitation to explore,negative,202101_113.9239607_22.754503.png
sidewalks,narrow pathways,cautious navigation,negative,202101_113.9239607_22.754503.png
landscape,inaccessible beauty,desire for exploration,negative,202101_113.9239607_22.754503.png
intersection,sense of openness,exploration,positive,202101_113.9271088_22.770787799999997.png
buildings,feeling of confinement,hesitation to move,negative,202101_113.9271088_22.770787799999997.png
road,potential for movement,navigation,neutral,202101_113.9271088_22.770787799999997.png
construction,sense of disruption,avoidance,negative,202101_113.9271088_22.770787799999997.png
areas,openness to possibilities,exploration,positive,202101_113.9271088_22.770787799999997.png
road,sense of breadth,exploring the area,positive,202101_113.93307367911147_22.76120495190542.png
green spaces,feeling of freedom,moving freely,positive,202101_113.93307367911147_22.76120495190542.png
park,hint of exploration,discovering new areas,positive,202101_113.93307367911147_22.76120495190542.png
buildings,urban context,navigating the landscape,neutral,202101_113.93307367911147_22.76120495190542.png
street,immediate foreground,traveling through space,neutral,202101_113.93307367911147_22.76120495190542.png
intersection,sense of openness,exploration,positive,202101_113.9315261_22.755908599999998.png
buildings,vast urban landscape,movement,positive,202101_113.9315261_22.755908599999998.png
roads,numerous possibilities,navigation,positive,202101_113.9315261_22.755908599999998.png
intersection,moderate sense of scope,exploration within boundaries,positive,202101_113.93861180000002_22.7661842.png
structure,sense of scale,movement in various directions,positive,202101_113.93861180000002_22.7661842.png
barriers,restricted exploration,limited movement,negative,202101_113.9355022_22.767986599999997.png
buildings,constrained view,lack of engagement,negative,202101_113.9355022_22.767986599999997.png
fences,feeling of confinement,avoidance of area,negative,202101_113.9355022_22.767986599999997.png
road,blocked pathways,hesitation to explore,negative,202101_113.9355022_22.767986599999997.png
road,sense of openness,exploration,positive,202101_113.9451862_22.7534533.png
barriers,feeling of restriction,hesitation to explore,negative,202101_113.9451862_22.7534533.png
trees,sense of calm,encourages relaxation,positive,202102_113.867464_22.7540168.png
buildings,sense of confinement,limits exploration,negative,202102_113.867464_22.7540168.png
sidewalks,sense of order,promotes walking,neutral,202102_113.867464_22.7540168.png
road,sense of restriction,discourages diverse movement,negative,202102_113.867464_22.7540168.png
road,limited exploration,transit focus,negative,202102_113.88573230815422_22.724491667782058.png
sidewalks,restricted movement,walking along path,negative,202102_113.88573230815422_22.724491667782058.png
greenery,minimal discovery,brief enjoyment,neutral,202102_113.88573230815422_22.724491667782058.png
buildings,constrained space,limited navigation,negative,202102_113.88573230815422_22.724491667782058.png
buildings,limited exploration,confined movement,negative,202102_113.86557106263535_22.756260845601087.png
road,sense of forward movement,traveling straight,neutral,202102_113.86557106263535_22.756260845601087.png
sidewalks,restricted pathways,walking along defined routes,negative,202102_113.86557106263535_22.756260845601087.png
street,restrictive feeling,limited exploration,negative,202102_113.89467640681592_22.736402251351564.png
buildings,restrictive feeling,limited exploration,negative,202102_113.89467640681592_22.736402251351564.png
cars,restrictive feeling,limited exploration,negative,202102_113.89467640681592_22.736402251351564.png
street,sense of depth and possibility,exploration,positive,202102_113.89478710000002_22.7161406.png
roads,potential for exploration,movement,positive,202102_113.89478710000002_22.7161406.png
infrastructure,defined boundaries,limited exploration,negative,202102_113.89478710000002_22.7161406.png
intersection,sense of exploration,move or observe,positive,202102_113.8942906_22.7551536.png
buildings,feeling of vastness,navigate through space,positive,202102_113.8942906_22.7551536.png
streets,openness to possibilities,choose different paths,positive,202102_113.8942906_22.7551536.png
roads,limited exploration,avoidance of movement,negative,202102_113.89582585177824_22.719618533346125.png
sidewalks,restricted freedom,hesitation to explore,negative,202102_113.89582585177824_22.719618533346125.png
buildings,confinement,reduced curiosity,negative,202102_113.89582585177824_22.719618533346125.png
traffic,stress,cautious behavior,negative,202102_113.89582585177824_22.719618533346125.png
boundaries,lack of openness,avoidance of exploration,negative,202102_113.89582585177824_22.719618533346125.png
road,sense of expansiveness,exploration,positive,202102_113.8963954_22.751473599999997.png
buildings,limited feeling of exploration,restricted movement,negative,202102_113.8963954_22.751473599999997.png
greenery,glimpses of openness,encouragement to explore,positive,202102_113.8963954_22.751473599999997.png
streets,limited exploration,restricted movement,negative,202102_113.89943658751562_22.748004081165895.png
buildings,constrained environment,hesitant exploration,negative,202102_113.89943658751562_22.748004081165895.png
barriers,feeling of confinement,avoidance of areas,negative,202102_113.89943658751562_22.748004081165895.png
intersection,sense of limitation,cautious navigation,negative,202102_113.89943658751562_22.748004081165895.png
street,spacious environment,exploration,positive,202102_113.9007186_22.753091199999997.png
sidewalks,sense of possibility,movement,positive,202102_113.9007186_22.753091199999997.png
buildings,visual depth,navigation,positive,202102_113.9007186_22.753091199999997.png
road,dominance,restriction,negative,202102_113.9007186_22.753091199999997.png
roads,restricted exploration,limited movement,negative,202102_113.901387_22.747920999999998.png
sidewalks,restricted exploration,limited movement,negative,202102_113.901387_22.747920999999998.png
construction,restricted exploration,limited movement,negative,202102_113.901387_22.747920999999998.png
street,sense of spaciousness,exploration,positive,202102_113.9043564_22.7164888.png
fences,implied boundaries,limited exploration,negative,202102_113.9043564_22.7164888.png
buildings,urban development,moderate engagement,neutral,202102_113.9043564_22.7164888.png
fencing,sense of confinement,restricted exploration,negative,202102_113.9125654_22.754369999999998.png
buildings,limited open space,avoidance of area,negative,202102_113.9125654_22.754369999999998.png
street,illusion of extension,encouraged movement,neutral,202102_113.9125654_22.754369999999998.png
street,constrained exploration,limited movement,negative,202102_113.90977984885448_22.75289295655141.png
vehicles,restricted freedom,hesitant navigation,negative,202102_113.90977984885448_22.75289295655141.png
distance,sense of possibility,curiosity to explore,positive,202102_113.90977984885448_22.75289295655141.png
pathways,lack of invitation,avoidance of exploration,negative,202102_113.90977984885448_22.75289295655141.png
trucks,feeling of confinement,restricted movement,negative,202102_113.90977984885448_22.75289295655141.png
street,sense of exploration,walking along the street,positive,202102_113.910861_22.760460599999995.png
sidewalks,possibilities for movement,discovering new areas,positive,202102_113.910861_22.760460599999995.png
buildings,imposed boundaries,limited exploration,negative,202102_113.910861_22.760460599999995.png
infrastructure,restricted freedom,hesitation to explore further,negative,202102_113.910861_22.760460599999995.png
street,moderate limitation for exploration,restricted movement,negative,202102_113.91371846455706_22.760970536511298.png
buildings,sense of confinement,hesitation to explore,negative,202102_113.91371846455706_22.760970536511298.png
vehicles,perceived boundaries,avoidance of exploration,negative,202102_113.91371846455706_22.760970536511298.png
area,potential for exploration,curiosity to explore,neutral,202102_113.91371846455706_22.760970536511298.png
buildings,sense of openness,exploration,positive,202102_113.9170639_22.730492300000005.png
roads,feeling of connectivity,movement,positive,202102_113.9170639_22.730492300000005.png
intersection,awareness of direction,navigation,positive,202102_113.9170639_22.730492300000005.png
lanes,sense of safety,crossing,positive,202102_113.9170639_22.730492300000005.png
pedestrian crossings,comfort in movement,walking,positive,202102_113.9170639_22.730492300000005.png
landscape,limited sense of exploration,restricted movement,negative,202102_113.92301900000001_22.723020300000005.png
buildings,constrained perception of vastness,hesitation to explore,negative,202102_113.92301900000001_22.723020300000005.png
fences,feeling of confinement,avoidance of open areas,negative,202102_113.92301900000001_22.723020300000005.png
roads,sense of direction,movement towards destinations,neutral,202102_113.92301900000001_22.723020300000005.png
sky,feeling of openness,inspiration to explore,positive,202102_113.92301900000001_22.723020300000005.png
industrial activity,sense of restriction,withdrawal from exploration,negative,202102_113.92301900000001_22.723020300000005.png
intersection,limited exploration,cautious movement,negative,202102_113.9288125_22.751456999999995.png
buildings,functional environment,navigating through space,neutral,202102_113.9288125_22.751456999999995.png
roads,expansive area,traveling,neutral,202102_113.9288125_22.751456999999995.png
sidewalks,constrained movement,walking cautiously,negative,202102_113.9288125_22.751456999999995.png
traffic,stressful environment,waiting,negative,202102_113.9288125_22.751456999999995.png
barriers,restricted access,avoiding certain paths,negative,202102_113.9288125_22.751456999999995.png
roads,sense of scale,exploration,positive,202102_113.9370435_22.743813999999997.png
buildings,sense of scale,exploration,positive,202102_113.9370435_22.743813999999997.png
barriers,limited exploration,restricted movement,negative,202102_113.9370435_22.743813999999997.png
sidewalks,structured environment,walking,neutral,202102_113.9370435_22.743813999999997.png
road,sense of openness,exploration,positive,202102_113.93889355748419_22.747817107098395.png
walkway,sense of openness,exploration,positive,202102_113.93889355748419_22.747817107098395.png
green,sense of openness,exploration,positive,202102_113.93889355748419_22.747817107098395.png
overpass,sense of urban expanse,exploration,positive,202102_113.93889355748419_22.747817107098395.png
buildings,sense of urban expanse,exploration,positive,202102_113.93889355748419_22.747817107098395.png
fences,sense of confinement,limits exploration,negative,202102_113.93986536670296_22.74202521285948.png
barriers,sense of confinement,limits movement,negative,202102_113.93986536670296_22.74202521285948.png
construction,sense of confinement,limits perceived possibilities,negative,202102_113.93986536670296_22.74202521285948.png
road,sense of confinement,limits exploration,negative,202102_113.93986536670296_22.74202521285948.png
buildings,sense of confinement,limits perceived possibilities,negative,202102_113.93986536670296_22.74202521285948.png
intersection,sense of spaciousness,exploration,positive,202102_113.946745_22.740813599999992.png
roads,sense of openness,movement,positive,202102_113.946745_22.740813599999992.png
sky,feeling of freedom,venturing out,positive,202102_113.946745_22.740813599999992.png
urban,urban familiarity,navigating,neutral,202102_113.946745_22.740813599999992.png
streets,sense of openness,exploration,positive,202102_113.9516791_22.7421702.png
buildings,feeling of scale,navigation,positive,202102_113.9516791_22.7421702.png
intersection,opportunity for movement,decision-making,positive,202102_113.9516791_22.7421702.png
buildings,contained feeling,limited exploration,negative,202102_114.03627057212076_22.716917254090475.png
roads,sense of direction,encouraged movement,positive,202102_114.03627057212076_22.716917254090475.png
traffic,stress,avoidance of areas,negative,202102_114.03627057212076_22.716917254090475.png
construction,disruption,hesitation to explore,negative,202102_114.03627057212076_22.716917254090475.png
road,sense of expanse,potential for exploration,positive,202102_113.9538377_22.7375443.png
landscape,sense of distance,encouragement to venture,positive,202102_113.9538377_22.7375443.png
infrastructure,limited opportunities,restricts exploration,negative,202102_113.9538377_22.7375443.png
traffic,feeling of confinement,limits exploration,negative,202102_113.9538377_22.7375443.png
urban edge,sense of boundary,restricts venturing,negative,202102_113.9538377_22.7375443.png
streets,sense of vastness,exploration,positive,202102_114.0407923_22.714911899999993.png
roads,interconnectedness,movement,positive,202102_114.0407923_22.714911899999993.png
buildings,urban density,engagement,positive,202102_114.0407923_22.714911899999993.png
intersection,sense of exploration,movement through space,positive,202102_114.0434234_22.704722999999998.png
overpass,connectedness,utilizing pathways,positive,202102_114.0434234_22.704722999999998.png
streets,urban familiarity,navigating the area,neutral,202102_114.0434234_22.704722999999998.png
street,sense of exploration,encourages walking,positive,202102_114.0584015_22.707032899999998.png
buildings,sense of enclosure,limits movement,negative,202102_114.0584015_22.707032899999998.png
vehicles,constrained environment,discourages exploration,negative,202102_114.0584015_22.707032899999998.png
path,guided direction,promotes following,neutral,202102_114.0584015_22.707032899999998.png
roads,sense of movement,exploration,positive,202103_113.7656173_22.704786999999993.png
areas,sense of largeness,exploration,positive,202103_113.7656173_22.704786999999993.png
buildings,sense of boundaries,navigation,neutral,202103_113.7656173_22.704786999999993.png
fences,sense of boundaries,navigation,neutral,202103_113.7656173_22.704786999999993.png
horizon,sense of openness,exploration,positive,202103_113.7656173_22.704786999999993.png
road,limited exploration,restricted movement,negative,202103_113.76631606223413_22.71280954736008.png
landscaping,lack of engagement,minimal interaction,negative,202103_113.76631606223413_22.71280954736008.png
traffic,stress and distraction,avoidance of area,negative,202103_113.76631606223413_22.71280954736008.png
urban development,confinement,limited exploration,negative,202103_113.76631606223413_22.71280954736008.png
road,sense of exploration,encourages movement,positive,202103_113.77390564786799_22.707905661680474.png
buildings,broader environment awareness,stimulates curiosity,positive,202103_113.77390564786799_22.707905661680474.png
roads,sense of openness,exploration,positive,202103_113.7740245_22.70971069999999.png
buildings,urban expanse,movement,positive,202103_113.7740245_22.70971069999999.png
waterway,tranquility,relaxation,positive,202103_113.7740245_22.70971069999999.png
road,sense of movement,exploration,positive,202103_113.77808539352496_22.70661859855536.png
urban,feeling of constraint,restricted movement,negative,202103_113.77808539352496_22.70661859855536.png
construction,sense of limitation,avoidance of areas,negative,202103_113.77808539352496_22.70661859855536.png
natural,lack of expansiveness,reduced exploration,negative,202103_113.77808539352496_22.70661859855536.png
vista,sense of possibility,exploration,positive,202103_113.7749707_22.721796299999998.png
boundaries,sense of limitation,hesitation to explore,negative,202103_113.7749707_22.721796299999998.png
road,sense of direction,traveling,neutral,202103_113.7749707_22.721796299999998.png
sidewalks,sense of safety,walking,neutral,202103_113.7749707_22.721796299999998.png
construction,sense of disruption,avoidance,negative,202103_113.7749707_22.721796299999998.png
buildings,sense of confinement,limited exploration,negative,202103_113.7749707_22.721796299999998.png
roads,capacity for movement,exploration,positive,202103_113.77588027878782_22.727882507006452.png
construction,limited spontaneity,restricted exploration,negative,202103_113.77588027878782_22.727882507006452.png
vehicles,constrained openness,hesitation to explore,negative,202103_113.77588027878782_22.727882507006452.png
sidewalks,movement availability,walking,positive,202103_113.77588027878782_22.727882507006452.png
road,sense of confinement,limited exploration,negative,202103_113.77830860000002_22.7044526.png
barriers,feeling of restriction,avoidance of areas,negative,202103_113.77830860000002_22.7044526.png
construction,impression of incompleteness,hesitation to engage,negative,202103_113.77830860000002_22.7044526.png
urban sprawl,lack of vastness,disinterest in exploration,negative,202103_113.77830860000002_22.7044526.png
roads,sense of scale,exploration,neutral,202103_113.7783705_22.7105649.png
traffic,limited opportunities,avoidance,negative,202103_113.7783705_22.7105649.png
buildings,urban sprawl,navigation,neutral,202103_113.7783705_22.7105649.png
sidewalks,pedestrian-friendly,walking,positive,202103_113.7783705_22.7105649.png
crossings,safety,crossing streets,positive,202103_113.7783705_22.7105649.png
street,sense of openness,travel,positive,202103_113.77991694137965_22.686173222527366.png
barriers,limited exploration,restrict movement,negative,202103_113.77991694137965_22.686173222527366.png
buildings,urban confinement,stay within boundaries,negative,202103_113.77991694137965_22.686173222527366.png
road,confined exploration,navigate paved areas,neutral,202103_113.77991694137965_22.686173222527366.png
road,limited exploration,avoidance of exploration,negative,202103_113.78992378529087_22.717583136571946.png
sidewalks,restricted movement,constrained walking,negative,202103_113.78992378529087_22.717583136571946.png
buildings,lack of variety,minimal engagement,negative,202103_113.78992378529087_22.717583136571946.png
street,sense of control,navigate efficiently,positive,202103_113.78419385027524_22.68784275189919.png
highway,constrained exploration,limit movement,negative,202103_113.78419385027524_22.68784275189919.png
buildings,urban confinement,restrict access,negative,202103_113.78419385027524_22.68784275189919.png
green,lack of nature,avoid outdoor activities,negative,202103_113.78419385027524_22.68784275189919.png
cars,limited exploration,restricted wandering,negative,202103_113.7901657216306_22.72398358775932.png
buildings,sense of confinement,avoidance of movement,negative,202103_113.7901657216306_22.72398358775932.png
road,perceived distance,curiosity to explore,neutral,202103_113.7901657216306_22.72398358775932.png
fences,barrier to freedom,hesitation to enter,negative,202103_113.7901657216306_22.72398358775932.png
road,limited sense of open space,containment,negative,202103_113.7902605081168_22.688835667704364.png
buildings,limited potential for exploration,containment,negative,202103_113.7902605081168_22.688835667704364.png
vehicle,suggests containment,restricted exploration,negative,202103_113.7902605081168_22.688835667704364.png
street,sense of movement,exploration,positive,202103_113.78774241091746_22.712710262476318.png
cars,sense of confinement,limited movement,negative,202103_113.78774241091746_22.712710262476318.png
density,feeling of restriction,hesitation to explore,negative,202103_113.78774241091746_22.712710262476318.png
intersection,sense of vastness,exploration,positive,202103_113.7951149_22.726692299999996.png
roads,imposed boundaries,hesitation to explore,negative,202103_113.7951149_22.726692299999996.png
buildings,visual breadth,engagement with surroundings,positive,202103_113.7951149_22.726692299999996.png
traffic,sense of danger,avoidance of pedestrian movement,negative,202103_113.7951149_22.726692299999996.png
intersection,sense of exploration,encourages movement,positive,202103_113.79275561408598_22.71014694748712.png
spaces,feeling of openness,promotes wandering,positive,202103_113.79275561408598_22.71014694748712.png
horizon,sense of possibility,invites exploration,positive,202103_113.79275561408598_22.71014694748712.png
roads,limited exploration,restricted movement,negative,202103_113.7938446_22.742766299999996.png
buildings,sense of confinement,hesitant navigation,negative,202103_113.7938446_22.742766299999996.png
cars,obstructed pathways,cautious movement,negative,202103_113.7938446_22.742766299999996.png
paths,some freedom,walking,positive,202103_113.7938446_22.742766299999996.png
roads,limited sense of exploration,restricted movement,negative,202103_113.79842110713686_22.71370940966056.png
sidewalks,limited sense of exploration,restricted movement,negative,202103_113.79842110713686_22.71370940966056.png
buildings,restrictive environment,avoidance of exploration,negative,202103_113.79842110713686_22.71370940966056.png
traffic,restrictive environment,avoidance of exploration,negative,202103_113.79842110713686_22.71370940966056.png
greenery,interspersed nature,limited exploration,negative,202103_113.79842110713686_22.71370940966056.png
trees,sense of movement,exploration,positive,202103_113.7962568_22.7854149.png
roads,visual depth,navigation,positive,202103_113.7962568_22.7854149.png
buildings,limited vastness,hesitation,negative,202103_113.7962568_22.7854149.png
street,sense of exploration,explore urban area,positive,202103_113.79969457870891_22.729618415021918.png
traffic,feeling of limitation,restrict exploration,negative,202103_113.79969457870891_22.729618415021918.png
buildings,sense of confinement,limit movement,negative,202103_113.79969457870891_22.729618415021918.png
street,sense of enclosure,restricted exploration,negative,202103_113.79861303184678_22.75697971936553.png
buildings,limited view,lack of movement,negative,202103_113.79861303184678_22.75697971936553.png
pathways,potential for movement,encouraged navigation,positive,202103_113.79861303184678_22.75697971936553.png
road,limited sense of exploration,restricted movement,negative,202103_113.7985873_22.785604599999996.png
buildings,constrained environment,reduced exploration,negative,202103_113.7985873_22.785604599999996.png
barriers,feeling of confinement,avoidance of exploration,negative,202103_113.7985873_22.785604599999996.png
infrastructure,transit-focused mindset,limited engagement,negative,202103_113.7985873_22.785604599999996.png
roads,limited exploration,restricted movement,negative,202103_113.80247024290705_22.719965951117953.png
construction,sense of confinement,avoidance of areas,negative,202103_113.80247024290705_22.719965951117953.png
space,lack of openness,hesitation to explore,negative,202103_113.80247024290705_22.719965951117953.png
street,sense of breadth,exploration,positive,202103_113.80167720630863_22.767949272862193.png
urban,feeling of confinement,restricted movement,negative,202103_113.80167720630863_22.767949272862193.png
open spaces,desire for freedom,unrestricted movement,positive,202103_113.80167720630863_22.767949272862193.png
intersection,sense of scale,exploration,positive,202103_113.8068397_22.759983399999996.png
buildings,potential for exploration,navigating urban space,positive,202103_113.8068397_22.759983399999996.png
traffic,feeling of limitation,caution in movement,negative,202103_113.8068397_22.759983399999996.png
properties,sense of restriction,avoidance of private areas,negative,202103_113.8068397_22.759983399999996.png
street,limited exploration,hesitation to explore,negative,202103_113.80299162513776_22.766075043840637.png
cars,constrained view,avoidance of engagement,negative,202103_113.80299162513776_22.766075043840637.png
buildings,moderate scope,minimal curiosity,neutral,202103_113.80299162513776_22.766075043840637.png
street,sense of openness,exploration,positive,202103_113.804255129697_22.719249086640385.png
construction,feeling of limitation,avoidance,negative,202103_113.804255129697_22.719249086640385.png
buildings,sense of confinement,restriction of movement,negative,202103_113.804255129697_22.719249086640385.png
road,limited exploration,avoidance of movement,negative,202103_113.81288850694662_22.667950333592696.png
sidewalk,restricted freedom,hesitation to explore,negative,202103_113.81288850694662_22.667950333592696.png
construction,sense of confinement,reduced curiosity,negative,202103_113.81288850694662_22.667950333592696.png
hills,distant beauty,momentary interest,neutral,202103_113.81288850694662_22.667950333592696.png
fencing,barrier to movement,discouragement from exploration,negative,202103_113.81288850694662_22.667950333592696.png
roads,moderate potential for exploration,moving in various directions,positive,202103_113.8072468_22.710296499999995.png
crosswalks,sense of safety,crossing streets,positive,202103_113.8072468_22.710296499999995.png
pathways,invitation to explore,navigating the area,positive,202103_113.8072468_22.710296499999995.png
buildings,defined urban setting,observing architecture,neutral,202103_113.8072468_22.710296499999995.png
boundaries,clear limits,staying within defined areas,neutral,202103_113.8072468_22.710296499999995.png
highway,sense of scale,exploration,positive,202103_113.8106956_22.774374599999994.png
intersection,openness,movement,positive,202103_113.8106956_22.774374599999994.png
roads,freedom to navigate,discovery,positive,202103_113.8106956_22.774374599999994.png
buildings,urban density,exploration,neutral,202103_113.8106956_22.774374599999994.png
intersection,sense of openness,potential for movement,positive,202103_113.8158374_22.755548599999997.png
roads,feeling of exploration,navigating the area,positive,202103_113.8158374_22.755548599999997.png
buildings,implied boundaries,awareness of limits,negative,202103_113.8158374_22.755548599999997.png
sidewalks,sense of safety,encouragement to walk,positive,202103_113.8158374_22.755548599999997.png
lanes,feeling of navigation,crossing the street,positive,202103_113.8158374_22.755548599999997.png
road,sense of direction,traveling,neutral,202103_113.8152118670971_22.671702798823198.png
fences,feeling of confinement,hesitation to explore,negative,202103_113.8152118670971_22.671702798823198.png
buildings,urban density,navigating through space,neutral,202103_113.8152118670971_22.671702798823198.png
construction,disruption of flow,avoiding areas,negative,202103_113.8152118670971_22.671702798823198.png
road,sense of breadth,potential for exploration,positive,202103_113.8189835_22.7140162.png
buildings,feeling of openness,encouragement to explore,positive,202103_113.8189835_22.7140162.png
sky,feeling of openness,encouragement to explore,positive,202103_113.8189835_22.7140162.png
highway,sense of breadth,potential for exploration,positive,202103_113.8189835_22.7140162.png
roads,sense of breadth,exploration along pathways,positive,202103_113.8181914_22.6562631.png
buildings,feeling of confinement,restricted movement,negative,202103_113.8181914_22.6562631.png
sidewalks,safety in navigation,walking alongside traffic,positive,202103_113.8181914_22.6562631.png
commercial spaces,invitation to explore,engaging in shopping,positive,202103_113.8181914_22.6562631.png
boundaries,sense of limitation,hesitation to venture further,negative,202103_113.8181914_22.6562631.png
street,sense of openness,movement in multiple directions,positive,202103_113.81942047417743_22.761451196237168.png
sidewalks,space for exploration,exploration,positive,202103_113.81942047417743_22.761451196237168.png
buildings,imposed boundaries,limited exploration,negative,202103_113.81942047417743_22.761451196237168.png
buildings,limited exploration,restricted movement,negative,202103_113.81932524085896_22.657728831011585.png
road,constrained possibilities,lack of discovery,negative,202103_113.81932524085896_22.657728831011585.png
street,sense of openness,exploration,positive,202103_113.81950332109274_22.755658556618048.png
traffic,feeling of constraint,hesitation to move,negative,202103_113.81950332109274_22.755658556618048.png
buildings,urban density,navigation,neutral,202103_113.81950332109274_22.755658556618048.png
road,sense of progression,exploration,positive,202103_113.81985679404843_22.765410691474077.png
buildings,limitations on exploration,restricted movement,negative,202103_113.81985679404843_22.765410691474077.png
trees,moderate spaciousness,encouraged wandering,neutral,202103_113.81985679404843_22.765410691474077.png
road,sense of breadth,potential for exploration,positive,202103_113.8237318_22.6662939.png
buildings,sense of openness,encouragement to explore,positive,202103_113.8237318_22.6662939.png
road,sense of openness,exploration,positive,202103_113.82149994766364_22.77431879666303.png
barrier,segmented environment,limited exploration,negative,202103_113.82149994766364_22.77431879666303.png
infrastructure,transit area context,restricted movement,negative,202103_113.82149994766364_22.77431879666303.png
street,sense of spaciousness,exploration,positive,202103_113.82008186652787_22.75965661067105.png
buildings,feeling of openness,movement,positive,202103_113.82008186652787_22.75965661067105.png
pathways,curiosity,discovery,positive,202103_113.82008186652787_22.75965661067105.png
road,moderate sense of openness,movement exploration,positive,202103_113.82320452686358_22.745290926067998.png
infrastructure,limitations to exploration,restricted movement,negative,202103_113.82320452686358_22.745290926067998.png
urban,degree of scope for movement,navigating space,neutral,202103_113.82320452686358_22.745290926067998.png
intersection,sense of potential movement,exploring side streets,positive,202103_113.82555483300956_22.691434778147798.png
roads,feeling of openness,moving along the road,positive,202103_113.82555483300956_22.691434778147798.png
buildings,immediate boundaries,navigating within limits,neutral,202103_113.82555483300956_22.691434778147798.png
intersection,sense of openness,exploration,positive,202103_113.8244835_22.775231100000003.png
roads,potential for movement,navigating,positive,202103_113.8244835_22.775231100000003.png
cityscape,implied connectivity,engagement with surroundings,positive,202103_113.8244835_22.775231100000003.png
street,potential for exploration,encourages exploration,positive,202103_113.8247304_22.6439059.png
roads,implicit boundaries,restricts movement,negative,202103_113.8247304_22.6439059.png
sidewalks,implicit boundaries,restricts movement,negative,202103_113.8247304_22.6439059.png
buildings,sense of enclosure,limits exploration,negative,202103_113.8247304_22.6439059.png
highways,feeling of being enclosed,limited exploration,negative,202103_113.8239071796731_22.75151828962094.png
greenery,contained visibility,restricted movement,negative,202103_113.8239071796731_22.75151828962094.png
roads,lack of expansiveness,navigating within boundaries,negative,202103_113.8239071796731_22.75151828962094.png
buildings,limited view,discouraged exploration,negative,202103_113.8263529_22.676592799999995.png
road,lack of vastness,reduced movement,negative,202103_113.8263529_22.676592799999995.png
traffic,overwhelmed senses,hesitation to explore,negative,202103_113.8263529_22.676592799999995.png
buildings,limited perceived scope for exploration,restricted movement,negative,202103_113.82636226744971_22.67478843036012.png
cars,limited perceived scope for exploration,restricted movement,negative,202103_113.82636226744971_22.67478843036012.png
road,limited perceived scope for exploration,restricted movement,negative,202103_113.82636226744971_22.67478843036012.png
sidewalks,limited perceived scope for exploration,restricted movement,negative,202103_113.82636226744971_22.67478843036012.png
street,functional thoroughfare,limited exploration,negative,202103_113.8264963501249_22.68374108533307.png
sidewalks,constrained movement,restricted discovery,negative,202103_113.8264963501249_22.68374108533307.png
trees,minimal greenery,lack of engagement,negative,202103_113.8264963501249_22.68374108533307.png
buildings,urban confinement,limited interaction,negative,202103_113.8264963501249_22.68374108533307.png
cars,obstruction,discouraged movement,negative,202103_113.8264963501249_22.68374108533307.png
street,sense of exploration,encourages exploration,positive,202103_113.832775_22.6944485.png
buildings,sense of enclosure,limits exploration,negative,202103_113.832775_22.6944485.png
path,feeling of direction,promotes movement forward,neutral,202103_113.832775_22.6944485.png
buildings,limited exploration,restricted movement,negative,202103_113.83313610000002_22.6414862.png
construction,confined nature,reduced exploration,negative,202103_113.83313610000002_22.6414862.png
streetscape,perceived possibilities,seeking diverse directions,neutral,202103_113.83313610000002_22.6414862.png
road,sense of confinement,limited exploration,negative,202103_113.83460728218415_22.717314912300743.png
fences,sense of confinement,restricted movement,negative,202103_113.83460728218415_22.717314912300743.png
buildings,sense of confinement,limited exploration,negative,202103_113.83460728218415_22.717314912300743.png
barricades,sense of confinement,restricted movement,negative,202103_113.83460728218415_22.717314912300743.png
equipment,sense of confinement,restricted movement,negative,202103_113.83460728218415_22.717314912300743.png
road,sense of exploration,encourages movement,positive,202103_113.8370748202885_22.718386118054394.png
spaces,openness,invites interaction,positive,202103_113.8370748202885_22.718386118054394.png
lanes,potential for activity,promotes navigation,positive,202103_113.8370748202885_22.718386118054394.png
development,anticipation of change,stimulates curiosity,positive,202103_113.8370748202885_22.718386118054394.png
road,limited exploration,restricted movement,negative,202103_113.8344105_22.7221322.png
built environment,constrained freedom,hesitant travel,negative,202103_113.8344105_22.7221322.png
natural landscapes,enhanced exploration,encouraged wandering,positive,202103_113.8344105_22.7221322.png
open spaces,sense of openness,increased movement,positive,202103_113.8344105_22.7221322.png
varied paths,freedom of choice,exploratory actions,positive,202103_113.8344105_22.7221322.png
road,constrained exploration,limited movement,negative,202103_113.8352526_22.7190171.png
fences,restricted access,avoidance of area,negative,202103_113.8352526_22.7190171.png
barricades,feeling trapped,hesitation to explore,negative,202103_113.8352526_22.7190171.png
construction,disruption of space,avoidance of construction zones,negative,202103_113.8352526_22.7190171.png
vehicles,cluttered environment,navigation challenges,negative,202103_113.8352526_22.7190171.png
street,sense of possibility,movement,positive,202103_113.8369981_22.600661.png
buildings,sense of enclosure,limited exploration,negative,202103_113.8369981_22.600661.png
natural expanses,lack of openness,discouraged exploration,negative,202103_113.8369981_22.600661.png
pathways,lack of invitation,restricted movement,negative,202103_113.8369981_22.600661.png
street,limited exploration,restricted movement,negative,202103_113.83610066497062_22.683341158769842.png
cars,constrained space,avoidance of areas,negative,202103_113.83610066497062_22.683341158769842.png
buildings,urban confinement,hesitation to explore,negative,202103_113.83610066497062_22.683341158769842.png
barriers,sense of boundaries,limited engagement,negative,202103_113.83610066497062_22.683341158769842.png
street,sense of exploration,walking along sidewalks,positive,202103_113.837714_22.7391328.png
buildings,urban functionality,navigating through the area,neutral,202103_113.837714_22.7391328.png
traffic,busy environment,observing surroundings,negative,202103_113.837714_22.7391328.png
shops,opportunity for discovery,exploring local businesses,positive,202103_113.837714_22.7391328.png
street,potential for exploration,exploration,positive,202103_113.8394057_22.623110999999994.png
sidewalks,pathways available,movement,positive,202103_113.8394057_22.623110999999994.png
buildings,limitations on exploration,hesitation,negative,202103_113.8394057_22.623110999999994.png
construction,imposed limitations,avoidance,negative,202103_113.8394057_22.623110999999994.png
street,sense of enclosure,movement along the sidewalk,neutral,202103_113.8374563_22.744681100000005.png
buildings,limited feeling of exploration,walking,negative,202103_113.8374563_22.744681100000005.png
vehicles,constrained freedom,navigating through urban density,negative,202103_113.8374563_22.744681100000005.png
intersections,potential for movement,changing directions,positive,202103_113.8374563_22.744681100000005.png
street,sense of enclosure,limited exploration,negative,202103_113.84089195965441_22.732804113336528.png
buildings,feeling of confinement,restricted movement,negative,202103_113.84089195965441_22.732804113336528.png
traffic,overwhelming presence,avoidance of exploration,negative,202103_113.84089195965441_22.732804113336528.png
street,sense of exploration,walking along the street,positive,202103_113.8397957_22.627127000000005.png
buildings,sense of limitation,restricted exploration,negative,202103_113.8397957_22.627127000000005.png
traffic,feeling of congestion,hesitation to explore,negative,202103_113.8397957_22.627127000000005.png
road,limited exploration,restricted movement,negative,202103_113.841394_22.632947100000003.png
buildings,sense of boundaries,hesitation to explore,negative,202103_113.841394_22.632947100000003.png
view,sense of openness,explore or move about,positive,202103_113.84227470000002_22.765698599999997.png
streets,sense of connectivity,navigate through pathways,positive,202103_113.84227470000002_22.765698599999997.png
buildings,urban environment,engage with surroundings,positive,202103_113.84227470000002_22.765698599999997.png
traffic,dynamic activity,observe movement,positive,202103_113.84227470000002_22.765698599999997.png
street,limited freedom,restricted exploration,negative,202103_113.8423807507634_22.598042612373803.png
sidewalks,constrained movement,hesitant navigation,negative,202103_113.8423807507634_22.598042612373803.png
buildings,sense of enclosure,avoidance of open areas,negative,202103_113.8423807507634_22.598042612373803.png
vehicles,barriers to movement,limited exploration,negative,202103_113.8423807507634_22.598042612373803.png
street,feeling of expansiveness,encourages exploration,positive,202103_113.8435713_22.621687999999995.png
greenery,sense of tranquility,promotes relaxation,positive,202103_113.8435713_22.621687999999995.png
sky,sense of openness,invites movement,positive,202103_113.8435713_22.621687999999995.png
palm trees,aesthetic pleasure,enhances enjoyment of space,positive,202103_113.8435713_22.621687999999995.png
road,restricted exploration,limited movement,negative,202103_113.84374726492761_22.758766387624267.png
barriers,feeling of confinement,avoidance of exploration,negative,202103_113.84374726492761_22.758766387624267.png
traffic,anxiety,hesitation to engage,negative,202103_113.84374726492761_22.758766387624267.png
infrastructure,defined boundaries,constrained choices,negative,202103_113.84374726492761_22.758766387624267.png
street,limited exploration,avoidance of exploration,negative,202103_113.8439888147524_22.715250541852388.png
buildings,uninviting environment,reduced engagement,negative,202103_113.8439888147524_22.715250541852388.png
fenced areas,restricted access,discouraged exploration,negative,202103_113.8439888147524_22.715250541852388.png
street,sense of depth,further exploration,positive,202103_113.8474565_22.754367800000004.png
buildings,defined surroundings,movement,neutral,202103_113.8474565_22.754367800000004.png
roads,urban context,exploration,positive,202103_113.8474565_22.754367800000004.png
road,sense of exploration,moving alongside,positive,202103_113.84743210000002_22.743424800000003.png
canal,sense of possibility,exploring the area,positive,202103_113.84743210000002_22.743424800000003.png
urban elements,sense of boundaries,navigating space,neutral,202103_113.84743210000002_22.743424800000003.png
road,potential for movement,traverse the road,positive,202103_113.8482554_22.706193100000004.png
barriers,feeling of constraint,limited exploration,negative,202103_113.8482554_22.706193100000004.png
fences,feeling of constraint,limited exploration,negative,202103_113.8482554_22.706193100000004.png
traffic,feeling of constraint,limited exploration,negative,202103_113.8482554_22.706193100000004.png
construction,feeling of constraint,limited exploration,negative,202103_113.8482554_22.706193100000004.png
street,sense of openness,encourages exploration,positive,202103_113.85128527796019_22.75136400234624.png
lanes,feeling of movement,facilitates travel,positive,202103_113.85128527796019_22.75136400234624.png
sidewalk,sense of safety,promotes walking,positive,202103_113.85128527796019_22.75136400234624.png
buildings,visual interest,invites exploration,positive,202103_113.85128527796019_22.75136400234624.png
trees,aesthetic appeal,enhances relaxation,positive,202103_113.85128527796019_22.75136400234624.png
buildings,limited exploration,stay within boundaries,negative,202103_113.84922368099801_22.74538812284384.png
parking,defined urban area,navigate surroundings,neutral,202103_113.84922368099801_22.74538812284384.png
roads,restricted movement,avoid venturing further,negative,202103_113.84922368099801_22.74538812284384.png
intersection,feeling of potential,movement and exploration,positive,202103_113.8505731_22.571854.png
road,sense of openness,travel in multiple directions,positive,202103_113.8505731_22.571854.png
buildings,impression of grandeur,exploration of architectural elements,positive,202103_113.8505731_22.571854.png
road,limited exploration,hesitant movement,negative,202103_113.85131251466879_22.718063397632303.png
traffic,restricted freedom,avoidance of areas,negative,202103_113.85131251466879_22.718063397632303.png
barriers,sense of confinement,cautious navigation,negative,202103_113.85131251466879_22.718063397632303.png
structures,defined limits,staying within boundaries,negative,202103_113.85131251466879_22.718063397632303.png
depth,visual interest,curiosity,neutral,202103_113.85131251466879_22.718063397632303.png
mountains,sense of openness,exploration,positive,202103_113.8521336_22.690685799999994.png
road,sense of freedom,movement,positive,202103_113.8521336_22.690685799999994.png
pathways,not overly confined,navigation,positive,202103_113.8521336_22.690685799999994.png
spaces,sense of freedom of movement,exploration,positive,202103_113.8521336_22.690685799999994.png
road,degree of openness,potential for movement,positive,202103_113.8543221_22.753289499999994.png
signage,sense of direction,navigation,positive,202103_113.8543221_22.753289499999994.png
infrastructure,limitations on exploration,restricted movement,negative,202103_113.8543221_22.753289499999994.png
buildings,urban context,constrained exploration,negative,202103_113.8543221_22.753289499999994.png
pathways,opportunity for walking,engagement with environment,positive,202103_113.8543221_22.753289499999994.png
buildings,limited exploration,restricted movement,negative,202103_113.8550988_22.6202562.png
traffic,sense of confinement,avoiding areas,negative,202103_113.8550988_22.6202562.png
barriers,lack of openness,hesitation to explore,negative,202103_113.8550988_22.6202562.png
sidewalks,some structure,navigating pathways,neutral,202103_113.8550988_22.6202562.png
roads,defined boundaries,following routes,neutral,202103_113.8550988_22.6202562.png
street,bounded exploration,restricted venturing,negative,202103_113.85466762277312_22.734314833369442.png
buildings,sense of confinement,limited movement,negative,202103_113.85466762277312_22.734314833369442.png
traffic,stress or anxiety,avoidance of certain areas,negative,202103_113.85466762277312_22.734314833369442.png
street,degree of openness,exploration,positive,202103_113.85707134519878_22.76829642525124.png
buildings,limited feeling of exploration,restricted movement,negative,202103_113.85707134519878_22.76829642525124.png
greenery,sense of openness,engagement with space,positive,202103_113.85707134519878_22.76829642525124.png
traffic,feeling of constraint,hesitation to explore,negative,202103_113.85707134519878_22.76829642525124.png
road,clear boundaries,cautious movement,negative,202103_113.85707134519878_22.76829642525124.png
street,moderate limitation for exploration,restricted movement,negative,202103_113.85631150000002_22.6166949.png
infrastructure,defined environment,navigating within boundaries,neutral,202103_113.85631150000002_22.6166949.png
buildings,sense of confinement,minimal exploration,negative,202103_113.85631150000002_22.6166949.png
crossings,degree of movement possibility,crossing the street,positive,202103_113.85631150000002_22.6166949.png
road,sense of openness,exploration,positive,202103_113.86103623469046_22.661810988778555.png
buildings,urban familiarity,movement,positive,202103_113.86103623469046_22.661810988778555.png
greenery,calming effect,engagement with nature,positive,202103_113.86103623469046_22.661810988778555.png
overpass,freedom of movement,crossing the street,positive,202103_113.86103623469046_22.661810988778555.png
street,sense of exploration,encourages movement,positive,202103_113.85770470000001_22.582482999999996.png
buildings,feeling of density,invites further exploration,positive,202103_113.85770470000001_22.582482999999996.png
sky,sense of openness,promotes freedom of movement,positive,202103_113.85770470000001_22.582482999999996.png
road,awareness of boundaries,navigating the urban landscape,neutral,202103_113.85770470000001_22.582482999999996.png
road,sense of openness,movement and exploration,positive,202103_113.86604796706307_22.558280362407594.png
buildings,visual continuity,movement and exploration,positive,202103_113.86604796706307_22.558280362407594.png
pathways,limited exploration,restricted movement,negative,202103_113.86604796706307_22.558280362407594.png
road,sense of progression,movement along a path,positive,202103_113.86201818150258_22.760920656155452.png
barriers,limited exploration,restricted movement,negative,202103_113.86201818150258_22.760920656155452.png
sidewalks,sense of safety,walking,positive,202103_113.86201818150258_22.760920656155452.png
greenery,calming effect,enjoying nature,positive,202103_113.86201818150258_22.760920656155452.png
urban development,confinement,hesitation to explore,negative,202103_113.86201818150258_22.760920656155452.png
road,sense of space,move and explore,positive,202103_113.86854584962914_22.602575394764475.png
buildings,expansive environment,explore surroundings,positive,202103_113.86854584962914_22.602575394764475.png
traffic,limitations,caution in movement,negative,202103_113.86854584962914_22.602575394764475.png
barriers,restricted access,avoidance of certain areas,negative,202103_113.86854584962914_22.602575394764475.png
roads,limited exploration,walking along the street,negative,202103_113.866054_22.6085615.png
buildings,sense of confinement,restricted movement,negative,202103_113.866054_22.6085615.png
sidewalks,some possibilities for movement,navigating the area,neutral,202103_113.866054_22.6085615.png
walls,perception of boundaries,hesitation to explore,negative,202103_113.866054_22.6085615.png
traffic,sense of danger,cautious movement,negative,202103_113.866054_22.6085615.png
street,connectedness,movement opportunities,positive,202103_113.86954305606807_22.57133658639084.png
traffic,constriction,limited exploration,negative,202103_113.86954305606807_22.57133658639084.png
construction,obstruction,restricted movement,negative,202103_113.86954305606807_22.57133658639084.png
road,sense of openness,exploration,positive,202103_113.87053797482604_22.51346733953433.png
fences,limited exploration,hesitation,negative,202103_113.87053797482604_22.51346733953433.png
vehicles,restricted movement,avoidance,negative,202103_113.87053797482604_22.51346733953433.png
hills,visual depth,appreciation,positive,202103_113.87053797482604_22.51346733953433.png
structures,functional focus,utilization,neutral,202103_113.87053797482604_22.51346733953433.png
road,sense of spaciousness,exploration,positive,202103_113.8703657_22.786703699999997.png
sidewalks,opportunity for movement,walking,positive,202103_113.8703657_22.786703699999997.png
buildings,urban confinement,navigation,negative,202103_113.8703657_22.786703699999997.png
intersection,sense of potential,exploration,positive,202103_113.8728719_22.5602436.png
buildings,sense of vastness,movement,positive,202103_113.8728719_22.5602436.png
roads,freedom of movement,travel,positive,202103_113.8728719_22.5602436.png
spaces,openness,exploration,positive,202103_113.8728719_22.5602436.png
roads,sense of freedom,exploration,positive,202103_113.8723694340504_22.496389709444315.png
structures,urban density,movement,positive,202103_113.8723694340504_22.496389709444315.png
network,connectedness,traveling,positive,202103_113.8723694340504_22.496389709444315.png
view,sense of exploration,movement and discovery,positive,202103_113.8770939_22.5847014.png
roads,sense of openness,encouragement to walk,positive,202103_113.8770939_22.5847014.png
sidewalks,safety and accessibility,increased pedestrian activity,positive,202103_113.8770939_22.5847014.png
buildings,urban engagement,exploration of surroundings,positive,202103_113.8770939_22.5847014.png
road,limited exploration,regulated movement,negative,202103_113.87880600086551_22.78372813730076.png
buildings,structured environment,constrained navigation,negative,202103_113.87880600086551_22.78372813730076.png
sidewalks,defined pathways,directed movement,neutral,202103_113.87880600086551_22.78372813730076.png
intersection,sense of movement,exploration,positive,202103_113.87299925398183_22.768421512068993.png
overpass,contextual awareness,navigation,positive,202103_113.87299925398183_22.768421512068993.png
road,dominance of infrastructure,caution,negative,202103_113.87299925398183_22.768421512068993.png
urban development,sense of scale,exploration,positive,202103_113.87299925398183_22.768421512068993.png
trees,limited exploration,restricted movement,negative,202103_113.8783431_22.5970722.png
buildings,constrained environment,hesitant navigation,negative,202103_113.8783431_22.5970722.png
traffic,stressful atmosphere,avoidance of streets,negative,202103_113.8783431_22.5970722.png
sidewalks,defined boundaries,limited exploration,negative,202103_113.8783431_22.5970722.png
roads,restricted freedom,cautious crossing,negative,202103_113.8783431_22.5970722.png
construction,disruption,avoidance of areas,negative,202103_113.8783431_22.5970722.png
street,sense of progression,movement and exploration,positive,202103_113.87321897177686_22.597820643494256.png
buildings,sense of openness,exploration,positive,202103_113.87321897177686_22.597820643494256.png
infrastructure,sense of connectivity,navigation,positive,202103_113.87321897177686_22.597820643494256.png
road,busy transit area,limited exploration,negative,202103_113.87967314810481_22.579691279734853.png
greenery,functional space,restricted movement,negative,202103_113.87967314810481_22.579691279734853.png
buildings,urban context,constrained possibilities,negative,202103_113.87967314810481_22.579691279734853.png
roads,sense of exploration,movement through the city,positive,202103_113.882702_22.552306799999997.png
buildings,urban expanse feeling,discovery of new places,positive,202103_113.882702_22.552306799999997.png
vehicles,busy environment,navigating through traffic,neutral,202103_113.882702_22.552306799999997.png
natural elements,lack of connection to nature,desire for green spaces,negative,202103_113.882702_22.552306799999997.png
highway,limited exploration,restricted movement,negative,202103_113.88342209873709_22.587698996643812.png
buildings,sense of confinement,hesitation to explore,negative,202103_113.88342209873709_22.587698996643812.png
walkway,defined space,encouraged walking,positive,202103_113.88342209873709_22.587698996643812.png
barriers,feeling of restriction,avoidance of crossing,negative,202103_113.88342209873709_22.587698996643812.png
road,sense of openness,exploration,positive,202103_113.8836665_22.767575199999996.png
buildings,larger area perception,movement and discovery,positive,202103_113.8836665_22.767575199999996.png
landscape,potential for exploration,discovery,positive,202103_113.8836665_22.767575199999996.png
road,constrained feeling,limited exploration,negative,202103_113.88408657078014_22.515677427295483.png
fences,restricted movement,avoidance of space,negative,202103_113.88408657078014_22.515677427295483.png
construction,sense of limitation,hesitation to engage,negative,202103_113.88408657078014_22.515677427295483.png
road,sense of constraint,limited exploration,negative,202103_113.88436432040571_22.579528390250747.png
environment,limited possibilities,restricted movement,negative,202103_113.88436432040571_22.579528390250747.png
road,limited open exploration,restricted movement,negative,202103_113.8879930722752_22.491444836920582.png
highways,constrained vastness,limited exploration,negative,202103_113.8879930722752_22.491444836920582.png
urban,restricted possibilities,hesitant movement,negative,202103_113.8879930722752_22.491444836920582.png
roads,sense of openness,exploration,positive,202103_113.8880818_22.527107900000004.png
buildings,perceived boundaries,restricted movement,negative,202103_113.8880818_22.527107900000004.png
road,sense of scale,exploration,neutral,202103_113.8871678_22.50216539999999.png
buildings,vast urban landscape,movement,positive,202103_113.8871678_22.50216539999999.png
traffic,sense of confinement,limited exploration,negative,202103_113.8871678_22.50216539999999.png
roads,restricted exploration,limited movement,negative,202103_113.8868901_22.530607999999997.png
infrastructure,sense of scale,awareness of surroundings,neutral,202103_113.8868901_22.530607999999997.png
car,focus on immediate environment,constrained perspective,negative,202103_113.8868901_22.530607999999997.png
space,open feeling,desire for exploration,positive,202103_113.8868901_22.530607999999997.png
road,feeling of openness,exploration,positive,202103_113.8881931_22.532944599999997.png
skyline,sense of potential,discovering new vistas,positive,202103_113.8881931_22.532944599999997.png
sky,expansiveness,movement,positive,202103_113.8881931_22.532944599999997.png
barriers,lack of limitations,freedom to move,positive,202103_113.8881931_22.532944599999997.png
road,sense of openness,exploration,positive,202103_113.8967224_22.5385513.png
buildings,urban density,movement through space,neutral,202103_113.8967224_22.5385513.png
greenery,calming effect,lingering in space,positive,202103_113.8967224_22.5385513.png
road,sense of spaciousness,exploration of surroundings,positive,202103_113.8967564_22.536102199999995.png
sky,feeling of openness,encouragement to discover,positive,202103_113.8967564_22.536102199999995.png
buildings,potential for discovery,engagement with urban landscape,positive,202103_113.8967564_22.536102199999995.png
road,sense of vastness,exploration,positive,202103_113.8908125_22.593600699999996.png
buildings,urban connectivity,navigating space,positive,202103_113.8908125_22.593600699999996.png
overpasses,complexity of infrastructure,travel planning,neutral,202103_113.8908125_22.593600699999996.png
roads,sense of connectivity,exploration,positive,202103_113.8978857_22.5568815.png
buildings,feeling of containment,navigation,neutral,202103_113.8978857_22.5568815.png
road,sense of openness,movement,positive,202103_113.8938372_22.5251348.png
traffic,limitations to exploration,hesitation to explore,negative,202103_113.8938372_22.5251348.png
buildings,urban density,restricted movement,negative,202103_113.8938372_22.5251348.png
greenery,sense of nature,encouragement to explore,positive,202103_113.8938372_22.5251348.png
construction,obstacles to navigation,avoidance of areas,negative,202103_113.8938372_22.5251348.png
buildings,feeling of confinement,limited exploration,negative,202103_113.89841661553379_22.568377870367687.png
traffic,sense of urgency,avoidance of open spaces,negative,202103_113.89841661553379_22.568377870367687.png
street,defined area,restricted movement,negative,202103_113.89841661553379_22.568377870367687.png
roads,sense of expansiveness,exploration,positive,202103_113.9000001_22.7590412.png
buildings,sense of urban environment,movement,neutral,202103_113.9000001_22.7590412.png
pedestrian areas,feeling of limitation,hesitation to explore,negative,202103_113.9000001_22.7590412.png
cars,imposed boundaries,avoidance,negative,202103_113.9000001_22.7590412.png
construction,sense of obstruction,restricted movement,negative,202103_113.9000001_22.7590412.png
pathways,desire for freedom,exploration,positive,202103_113.9000001_22.7590412.png
highways,confined feeling,limited exploration,negative,202103_113.9001383_22.534999899999995.png
buildings,lack of vastness,reduced curiosity,negative,202103_113.9001383_22.534999899999995.png
construction,restricted environment,avoidance of areas,negative,202103_113.9001383_22.534999899999995.png
streets,urban confinement,limited movement,negative,202103_113.9001383_22.534999899999995.png
street,possibility for exploration,walking along the path,positive,202103_113.89901508559747_22.574990283990804.png
field,defined area with purpose,engaging in sports activities,positive,202103_113.89901508559747_22.574990283990804.png
buildings,sense of confinement,limited exploration,negative,202103_113.89901508559747_22.574990283990804.png
infrastructure,boundaries of space,navigating within limits,negative,202103_113.89901508559747_22.574990283990804.png
sidewalk,pathway for movement,walking,neutral,202103_113.89901508559747_22.574990283990804.png
infrastructure,sense of exploration,exploring the area,positive,202103_113.9020511833267_22.718847328837704.png
roads,limited freedom of movement,staying in one place,negative,202103_113.9020511833267_22.718847328837704.png
buildings,urban scale,navigating through the city,neutral,202103_113.9020511833267_22.718847328837704.png
railway,sense of connectivity,using public transport,positive,202103_113.9020511833267_22.718847328837704.png
road,sense of openness,exploring different areas,positive,202103_113.9024152_22.7378774.png
buildings,sense of openness,exploring different areas,positive,202103_113.9024152_22.7378774.png
greenery,sense of openness,exploring different areas,positive,202103_113.9024152_22.7378774.png
vehicle,sense of continuation,perceiving the environment,positive,202103_113.9024152_22.7378774.png
road,sense of spatial breadth,exploration,positive,202103_113.9021045_22.559116599999996.png
buildings,impression of a large city,urban engagement,positive,202103_113.9021045_22.559116599999996.png
urban development,limited feeling of unbounded exploration,restricted movement,negative,202103_113.9021045_22.559116599999996.png
street,moderate sense of scope,limited exploration,negative,202103_113.90253243626074_22.731529658514113.png
road,constrained visual perspective,restricted movement,negative,202103_113.90253243626074_22.731529658514113.png
buildings,imposed boundaries,lack of spatial freedom,negative,202103_113.90253243626074_22.731529658514113.png
intersection,sense of expansiveness,possibility of exploration,positive,202103_113.90380937988313_22.791965967926878.png
roads,feeling of a large area,freedom of movement,positive,202103_113.90380937988313_22.791965967926878.png
sky,unconfined area,encouragement to explore,positive,202103_113.90380937988313_22.791965967926878.png
buildings,sense of openness,invitation to wander,positive,202103_113.90380937988313_22.791965967926878.png
road,sense of openness,exploration,positive,202103_113.9070024_22.779004599999993.png
buildings,visual expanse,movement,positive,202103_113.9070024_22.779004599999993.png
horizon,broader urban landscape,observation,positive,202103_113.9070024_22.779004599999993.png
roads,decent capacity for movement,exploration,positive,202103_113.9066137_22.789513899999996.png
sidewalks,decent capacity for movement,exploration,positive,202103_113.9066137_22.789513899999996.png
pathways,decent capacity for movement,exploration,positive,202103_113.9066137_22.789513899999996.png
buildings,implies opportunities to venture,exploration,positive,202103_113.9066137_22.789513899999996.png
green areas,implies opportunities to venture,exploration,positive,202103_113.9066137_22.789513899999996.png
road,constrained view,limited exploration,negative,202103_113.9066137_22.789513899999996.png
sidewalk,constrained view,limited exploration,negative,202103_113.9066137_22.789513899999996.png
roads,sense of exploration,encouraged movement,positive,202103_113.9068788_22.564466399999997.png
buildings,urban density,perceived boundaries,negative,202103_113.9068788_22.564466399999997.png
cityscape,openness to possibilities,navigating various directions,positive,202103_113.9068788_22.564466399999997.png
intersection,sense of openness,exploration,positive,202103_113.9089658_22.4956331.png
buildings,urban context awareness,movement,positive,202103_113.9089658_22.4956331.png
roads,potential for navigation,traveling,positive,202103_113.9089658_22.4956331.png
sidewalks,defined boundaries,walking,neutral,202103_113.9089658_22.4956331.png
road,sense of openness,exploration,positive,202103_113.9143308_22.5359747.png
trees,sense of openness,exploration,positive,202103_113.9143308_22.5359747.png
barriers,limited exploration,restricted movement,negative,202103_113.9143308_22.5359747.png
traffic,constrained possibilities,restricted movement,negative,202103_113.9143308_22.5359747.png
infrastructure,constrained possibilities,restricted movement,negative,202103_113.9143308_22.5359747.png
street,limited sense of exploration,reduced movement,negative,202103_113.9159635_22.4858451.png
buildings,defined pathways,restricted navigation,negative,202103_113.9159635_22.4858451.png
sidewalks,enclosed nature,decreased exploration,negative,202103_113.9159635_22.4858451.png
residential areas,limited possibilities,lack of curiosity,negative,202103_113.9159635_22.4858451.png
view,sense of openness,exploration,positive,202103_113.9173027_22.521099399999997.png
roads,possibility of movement,navigation,positive,202103_113.9173027_22.521099399999997.png
traffic,feeling of restriction,caution in movement,negative,202103_113.9173027_22.521099399999997.png
buildings,urban density,avoidance of congestion,negative,202103_113.9173027_22.521099399999997.png
road,sense of exploration,encourages movement,positive,202103_113.9184169_22.553542899999993.png
trees,sense of direction,promotes navigation,positive,202103_113.9184169_22.553542899999993.png
buildings,feeling of linearity,induces curiosity,positive,202103_113.9184169_22.553542899999993.png
street,limited exploration,hesitant movement,negative,202103_113.9143614_22.489441899999996.png
sidewalks,moderate accessibility,walking,neutral,202103_113.9143614_22.489441899999996.png
buildings,urban familiarity,navigating,neutral,202103_113.9143614_22.489441899999996.png
greenery,inviting nature,exploring,positive,202103_113.9143614_22.489441899999996.png
intersection,constrained options,stopping,negative,202103_113.9143614_22.489441899999996.png
road,sense of scope,exploration,positive,202103_113.9199618_22.496713399999997.png
buildings,possibilities for movement,venturing out,positive,202103_113.9199618_22.496713399999997.png
traffic,sense of activity,engagement with environment,positive,202103_113.9199618_22.496713399999997.png
walkways,freedom of movement,walking,positive,202103_113.9199618_22.496713399999997.png
buildings,sense of scale,further discovery,positive,202103_113.9210713_22.513636199999997.png
roads,ample space,movement and exploration,positive,202103_113.9210713_22.513636199999997.png
sidewalks,sense of openness,encouragement to walk,positive,202103_113.9210713_22.513636199999997.png
overpasses,safety and accessibility,crossing streets easily,positive,202103_113.9210713_22.513636199999997.png
street,sense of exploration,encourages exploration,positive,202103_113.92463050000002_22.500260399999995.png
entrance,perceived boundaries,limits exploration,negative,202103_113.92463050000002_22.500260399999995.png
railings,sense of restriction,discourages movement,negative,202103_113.92463050000002_22.500260399999995.png
hedges,sense of enclosure,limits visibility,negative,202103_113.92463050000002_22.500260399999995.png
street,potential for movement and exploration,exploration,positive,202103_113.9228765_22.525948399999997.png
buildings,feeling of enclosure,limited exploration,negative,202103_113.9228765_22.525948399999997.png
infrastructure,feeling of enclosure,limited exploration,negative,202103_113.9228765_22.525948399999997.png
road,lack of exploration,restricted movement,negative,202103_113.9253774_22.496439900000002.png
sidewalks,constrained experience,limited discovery,negative,202103_113.9253774_22.496439900000002.png
buildings,sense of enclosure,avoidance of exploration,negative,202103_113.9253774_22.496439900000002.png
shops,commercial focus,transactional engagement,neutral,202103_113.9253774_22.496439900000002.png
streetscape,sense of openness,freedom to move,positive,202103_113.92717140000002_22.5002718.png
pathways,degree of freedom,encourages exploration,positive,202103_113.92717140000002_22.5002718.png
buildings,imposed boundaries,limited exploration,negative,202103_113.92717140000002_22.5002718.png
vehicles,restricted movement,hesitation to explore,negative,202103_113.92717140000002_22.5002718.png
urban fabric,limited scope for exploration,avoidance of exploration,negative,202103_113.92717140000002_22.5002718.png
road,sense of openness,movement and exploration,positive,202103_113.928851_22.557925799999996.png
greenery,sense of tranquility,relaxation and enjoyment,positive,202103_113.928851_22.557925799999996.png
infrastructure,sense of connectivity,navigation and commuting,positive,202103_113.928851_22.557925799999996.png
road,structured environment,limited exploration,negative,202103_113.9279679314043_22.503264673633566.png
trees,sense of order,encouraged walking,positive,202103_113.9279679314043_22.503264673633566.png
buildings,defined boundaries,restricted movement,negative,202103_113.9279679314043_22.503264673633566.png
sidewalks,safe navigation,increased foot traffic,positive,202103_113.9279679314043_22.503264673633566.png
traffic,constrained freedom,hesitation to explore,negative,202103_113.9279679314043_22.503264673633566.png
roads,sense of scale,movement and exploration,positive,202103_113.92869280000001_22.5503963.png
buildings,sense of breadth,varied experiences,positive,202103_113.92869280000001_22.5503963.png
landscape,feeling of expanse,exploration,positive,202103_113.92869280000001_22.5503963.png
intersection,sense of freedom,navigate,positive,202103_113.9300789_22.4932089.png
roads,ample space,exploration,positive,202103_113.9300789_22.4932089.png
buildings,urban landscape,movement,positive,202103_113.9300789_22.4932089.png
pathways,open nature,navigate,positive,202103_113.9300789_22.4932089.png
street,sense of spaciousness,freedom to move,positive,202103_113.9291089_22.578710199999996.png
buildings,feeling of exploration,traversing paths,positive,202103_113.9291089_22.578710199999996.png
greenery,calming effect,engaging with nature,positive,202103_113.9291089_22.578710199999996.png
road,sense of openness,exploration,positive,202103_113.9323061_22.5492064.png
cityscape,feeling of scope,moving in various directions,positive,202103_113.9323061_22.5492064.png
pathways,connected urban network,navigating the city,positive,202103_113.9323061_22.5492064.png
road,sense of openness,exploration,positive,202103_113.9319545_22.571548400000005.png
buildings,sense of security,movement,positive,202103_113.9319545_22.571548400000005.png
greenery,calmness,relaxation,positive,202103_113.9319545_22.571548400000005.png
overpass,connectedness,navigation,positive,202103_113.9319545_22.571548400000005.png
street,sense of openness,exploration,positive,202103_113.93536795937055_22.561162273779612.png
sidewalks,sense of safety,walking,positive,202103_113.93536795937055_22.561162273779612.png
buildings,feeling of confinement,hesitation to explore,negative,202103_113.93536795937055_22.561162273779612.png
road,invitation to move,traveling,positive,202103_113.93536795937055_22.561162273779612.png
intersection,limited exploration,move along street,negative,202103_113.93672068874504_22.570695090848403.png
barricades,frustration,avoid certain areas,negative,202103_113.93672068874504_22.570695090848403.png
environment,constrained movement,stay on sidewalks,negative,202103_113.93672068874504_22.570695090848403.png
street,sense of space,opportunities for movement,positive,202103_113.9317217_22.5611119.png
crosswalks,sense of safety,encouragement to cross,positive,202103_113.9317217_22.5611119.png
greenery,relaxation,desire to explore,positive,202103_113.9317217_22.5611119.png
buildings,urban presence,navigation through space,neutral,202103_113.9317217_22.5611119.png
pathways,invitation to explore,movement towards destinations,positive,202103_113.9317217_22.5611119.png
roads,sense of openness,move about,positive,202103_113.9368625_22.5154676.png
flyover,sense of freedom,explore,positive,202103_113.9368625_22.5154676.png
landscape,considerable scale,explore,positive,202103_113.9368625_22.5154676.png
street,sense of connection,exploration,positive,202103_113.9384321_22.532317300000003.png
sidewalks,openness,movement,positive,202103_113.9384321_22.532317300000003.png
architecture,boundedness,hesitation,negative,202103_113.9384321_22.532317300000003.png
intersection,sense of urban expanse,limited exploration,negative,202103_113.9391431_22.5892292.png
sidewalks,lack of freedom,restricted movement,negative,202103_113.9391431_22.5892292.png
buildings,sense of boundaries,hesitation to explore,negative,202103_113.9391431_22.5892292.png
roads,sense of exploration,encourages movement,positive,202103_113.9384793_22.5211772.png
buildings,feeling of confinement,restricts free movement,negative,202103_113.9384793_22.5211772.png
traffic,stress and distraction,causes avoidance,negative,202103_113.9384793_22.5211772.png
walkways,structured navigation,promotes orderly movement,neutral,202103_113.9384793_22.5211772.png
barriers,sense of separation,limits interaction,negative,202103_113.9384793_22.5211772.png
street,sense of exploration,explore urban area,positive,202103_113.93864308334373_22.563376091861887.png
sidewalks,clear paths for movement,navigate easily,positive,202103_113.93864308334373_22.563376091861887.png
buildings,sense of possibilities,choose navigation routes,positive,202103_113.93864308334373_22.563376091861887.png
intersections,openness for movement,move freely,positive,202103_113.93864308334373_22.563376091861887.png
street,limited exploration,hesitant movement,negative,202103_113.9404968_22.5573683.png
construction,disruption,avoidance,negative,202103_113.9404968_22.5573683.png
traffic,stress,cautious navigation,negative,202103_113.9404968_22.5573683.png
road,sense of scale,movement along pathways,positive,202103_113.94040978379569_22.55313554517031.png
buildings,feeling of constraint,limited exploration,negative,202103_113.94040978379569_22.55313554517031.png
fences,sense of enclosure,restricted movement,negative,202103_113.94040978379569_22.55313554517031.png
environment,urban confinement,staying on defined paths,negative,202103_113.94040978379569_22.55313554517031.png
areas,lack of openness,avoidance of exploration,negative,202103_113.94040978379569_22.55313554517031.png
intersection,sense of scale,feeling of freedom,positive,202103_113.94053270000002_22.5461772.png
infrastructure,imposed limitations,restricted movement,negative,202103_113.94053270000002_22.5461772.png
cityscape,potential for exploration,encouragement to explore,positive,202103_113.94053270000002_22.5461772.png
intersection,degree of spatial openness,exploration,positive,202103_113.94171391966839_22.505405827948014.png
buildings,imposed boundaries,limited movement,negative,202103_113.94171391966839_22.505405827948014.png
trees,sense of greenery,encourages walking,positive,202103_113.9405859_22.56340030000001.png
buildings,feeling of confinement,limits exploration,negative,202103_113.9405859_22.56340030000001.png
traffic,sense of busyness,promotes caution,neutral,202103_113.9405859_22.56340030000001.png
sidewalk,sense of safety,encourages walking,positive,202103_113.9405859_22.56340030000001.png
roads,defined boundaries,limits movement,negative,202103_113.9405859_22.56340030000001.png
roads,feeling of openness,exploration,positive,202103_113.941758_22.503601700000004.png
paths,sense of discovery,movement,positive,202103_113.941758_22.503601700000004.png
buildings,urban development,further exploration,positive,202103_113.941758_22.503601700000004.png
street,expanse,wandering,positive,202103_113.941758_22.503601700000004.png
roads,potential for exploration,encourages movement,positive,202103_113.9443552_22.542899200000004.png
sidewalks,sense of openness,invites walking,positive,202103_113.9443552_22.542899200000004.png
buildings,urban density,creates a bustling environment,neutral,202103_113.9443552_22.542899200000004.png
barriers,limitations on movement,restricts exploration,negative,202103_113.9443552_22.542899200000004.png
traffic,emphasis on vehicular movement,discourages pedestrian activity,negative,202103_113.9443552_22.542899200000004.png
buildings,sense of vastness,encourages exploration,positive,202103_113.9429747_22.532584499999995.png
intersection,feeling of limitation,restricts immediate exploration,negative,202103_113.9429747_22.532584499999995.png
pathways,opportunity for movement,promotes wandering,positive,202103_113.9429747_22.532584499999995.png
road,sense of openness,exploration,positive,202103_113.9449013_22.519074.png
buildings,urban density,navigating,neutral,202103_113.9449013_22.519074.png
overpass,implied boundaries,restricted movement,negative,202103_113.9449013_22.519074.png
traffic,focus on vehicles,avoidance of pedestrians,negative,202103_113.9449013_22.519074.png
highway,restricted exploration,limited movement,negative,202103_113.9539736_22.5413711.png
barriers,feeling confined,avoidance of exploration,negative,202103_113.9539736_22.5413711.png
buildings,sense of enclosure,hesitation to venture out,negative,202103_113.9539736_22.5413711.png
road,sense of exploration,movement and discovery,positive,202103_113.9572307259974_22.543175451827373.png
sidewalks,sense of exploration,movement and discovery,positive,202103_113.9572307259974_22.543175451827373.png
park,sense of exploration,movement and discovery,positive,202103_113.9572307259974_22.543175451827373.png
cityscapes,sense of exploration,movement and discovery,positive,202103_113.9572307259974_22.543175451827373.png
street,sense of exploration limited,confined movement,negative,202103_113.951248_22.5434546.png
buildings,sense of urban density,navigating urban area,neutral,202103_113.951248_22.5434546.png
sidewalks,sense of safety,walking,positive,202103_113.951248_22.5434546.png
street,sense of exploration,encourages walking,positive,202103_113.9459981745746_22.551043820407106.png
sidewalks,sense of safety,promotes movement,positive,202103_113.9459981745746_22.551043820407106.png
greenery,sense of openness,invites relaxation,positive,202103_113.9459981745746_22.551043820407106.png
community area,sense of community,encourages social interaction,positive,202103_113.9459981745746_22.551043820407106.png
road,sense of confinement,limited exploration,negative,202103_113.96428759537906_22.525885213125715.png
sidewalks,sense of confinement,limited exploration,negative,202103_113.96428759537906_22.525885213125715.png
barrier,sense of confinement,restricted movement,negative,202103_113.96428759537906_22.525885213125715.png
buildings,sense of confinement,restricted movement,negative,202103_113.96428759537906_22.525885213125715.png
spaces,lack of openness,limited exploration,negative,202103_113.96428759537906_22.525885213125715.png
paths,lack of variety,limited exploration,negative,202103_113.96428759537906_22.525885213125715.png
buildings,limited exploration,avoidance of exploration,negative,202103_113.9617964_22.538243099999995.png
roads,constrained movement,hesitation to explore,negative,202103_113.9617964_22.538243099999995.png
sidewalks,restricted view,reduced engagement,negative,202103_113.9617964_22.538243099999995.png
road,limited exploration,restricted movement,negative,202103_113.9651074_22.569433700000005.png
trees,sense of greenery,encouraged relaxation,positive,202103_113.9651074_22.569433700000005.png
road,limited exploration,restricted movement,negative,202103_113.96578048081966_22.529220440839204.png
buildings,visual appeal,attraction to space,positive,202103_113.96578048081966_22.529220440839204.png
pathways,functional accessibility,ease of navigation,positive,202103_113.96578048081966_22.529220440839204.png
vehicles,functional area,utilization of space,positive,202103_113.96578048081966_22.529220440839204.png
road,potential for movement,exploration,positive,202103_113.9713224_22.539261799999995.png
buildings,sense of scale,navigation,neutral,202103_113.9713224_22.539261799999995.png
street,feeling of limitation,hesitation,negative,202103_113.9713224_22.539261799999995.png
sidewalks,safety in movement,walking,positive,202103_113.9713224_22.539261799999995.png
traffic,stress and congestion,avoidance,negative,202103_113.9713224_22.539261799999995.png
road,sense of openness,encouragement to explore,positive,202103_113.9722949_22.5515444.png
greenery,feeling of boundaries,caution in movement,negative,202103_113.9722949_22.5515444.png
pathways,invitation to wander,increased exploration,positive,202103_113.9722949_22.5515444.png
intersection,sense of exploration,move about,positive,202103_113.9735247_22.5295713.png
sidewalks,safety and accessibility,walk freely,positive,202103_113.9735247_22.5295713.png
traffic,imposed limitations,caution in movement,negative,202103_113.9735247_22.5295713.png
roads,openness,explore surroundings,positive,202103_113.9735247_22.5295713.png
built-up environment,confinement,restrict movement,negative,202103_113.9735247_22.5295713.png
road,sense of openness,movement and exploration,positive,202103_113.975326_22.563885.png
trees,feeling of nature,encouragement to explore,positive,202103_113.975326_22.563885.png
traffic,sense of limitation,hesitation to explore,negative,202103_113.975326_22.563885.png
buildings,urban confinement,restricted movement,negative,202103_113.975326_22.563885.png
buildings,constrained exploration,limited wandering,negative,202103_113.9772284_22.566765299999997.png
pathways,functional use,direct movement,neutral,202103_113.9772284_22.566765299999997.png
road,restricted space,cautious navigation,negative,202103_113.9772284_22.566765299999997.png
road,contained feeling,limited exploration,negative,202103_113.9843801_22.529331499999998.png
sidewalk,some openness,walking,neutral,202103_113.9843801_22.529331499999998.png
greenery,slight comfort,lingering,positive,202103_113.9843801_22.529331499999998.png
building,restrictive atmosphere,passing through,negative,202103_113.9843801_22.529331499999998.png
traffic,stressful environment,hurrying,negative,202103_113.9843801_22.529331499999998.png
roads,sense of exploration,encourages movement,positive,202103_113.9790737_22.539599999999997.png
sidewalks,comfort in navigation,promotes walking,positive,202103_113.9790737_22.539599999999997.png
green spaces,calming effect,invites relaxation,positive,202103_113.9790737_22.539599999999997.png
buildings,sense of scale,stimulates curiosity,positive,202103_113.9790737_22.539599999999997.png
urban layout,feeling of openness,encourages exploration,positive,202103_113.9790737_22.539599999999997.png
intersection,possibility for movement,exploration,positive,202103_113.9795025_22.564937199999996.png
buildings,limitations to exploration,restricted movement,negative,202103_113.9795025_22.564937199999996.png
roads,defined pathways,navigating space,neutral,202103_113.9795025_22.564937199999996.png
traffic barriers,confinement,hesitation to explore,negative,202103_113.9795025_22.564937199999996.png
road,limited exploration,restricted movement,negative,202103_114.0028434_22.5361266.png
intersection,urban congestion,hesitation to navigate,negative,202103_114.0028434_22.5361266.png
buildings,overwhelmed by urbanity,avoidance of area,negative,202103_114.0028434_22.5361266.png
highway,sense of scale,potential for movement,positive,202103_114.01706236172443_22.538244643103535.png
barriers,limited exploration,restrictive movement,negative,202103_114.01706236172443_22.538244643103535.png
buildings,sense of scale,potential for movement,positive,202103_114.01706236172443_22.538244643103535.png
traffic,restricted feeling,limited exploration,negative,202103_114.01706236172443_22.538244643103535.png
road,sense of confinement,limited exploration,negative,202103_114.0119804_22.533219699999997.png
sidewalks,feeling of safety,walking,positive,202103_114.0119804_22.533219699999997.png
greenery,calming effect,lingering,positive,202103_114.0119804_22.533219699999997.png
bridge,sense of connectivity,crossing,positive,202103_114.0119804_22.533219699999997.png
buildings,feeling of enclosure,hesitation to explore,negative,202103_114.0119804_22.533219699999997.png
infrastructure,sense of restriction,avoidance of movement,negative,202103_114.0119804_22.533219699999997.png
street,visual exploration,explore surroundings,positive,202103_114.01995693415503_22.656406058340153.png
buildings,limited exploration,stay on main thoroughfare,negative,202103_114.01995693415503_22.656406058340153.png
traffic,focus on movement,navigate vehicular space,neutral,202103_114.01995693415503_22.656406058340153.png
structures,restricted movement,avoid exploration,negative,202103_114.01995693415503_22.656406058340153.png
buildings,sense of confinement,limited exploration,negative,202103_114.0075415_22.5619641.png
roads,sense of linearity,direct movement,neutral,202103_114.0075415_22.5619641.png
sidewalks,sense of safety,walking,positive,202103_114.0075415_22.5619641.png
traffic,sense of urgency,cautious navigation,negative,202103_114.0075415_22.5619641.png
fences,sense of restriction,avoidance of certain areas,negative,202103_114.0075415_22.5619641.png
street,good sense of scope,exploration,positive,202103_114.0039809_22.5516573.png
bridge,feeling of possibility,movement,positive,202103_114.0039809_22.5516573.png
buildings,ample room,traverse,positive,202103_114.0039809_22.5516573.png
highway,sense of potential for movement,encourages travel,positive,202103_114.0241822_22.697551699999998.png
buildings,feeling of enclosure,limits exploration,negative,202103_114.0241822_22.697551699999998.png
infrastructure,suggests moderate scope,restricts diverse directions,neutral,202103_114.0241822_22.697551699999998.png
buildings,sense of progression,exploration along the street,positive,202103_114.02131640000002_22.728074.png
road,clear path,movement towards destination,positive,202103_114.02131640000002_22.728074.png
construction barriers,limitation of exploration,hesitation to explore off main thoroughfare,negative,202103_114.02131640000002_22.728074.png
urban setting,restricted openness,avoidance of free exploration,negative,202103_114.02131640000002_22.728074.png
street,limited exploration,restricted movement,negative,202103_114.0214167_22.529604399999997.png
buildings,urban confinement,hesitation to explore,negative,202103_114.0214167_22.529604399999997.png
natural,lack of openness,avoidance of exploration,negative,202103_114.0214167_22.529604399999997.png
buildings,sense of enclosure,navigating through space,positive,202103_114.02429930515254_22.677948447961324.png
roads,defined urban space,exploring limited options,neutral,202103_114.02429930515254_22.677948447961324.png
traffic,feeling of congestion,avoiding busy areas,negative,202103_114.02429930515254_22.677948447961324.png
pedestrian activity,sense of community,engaging with others,positive,202103_114.02429930515254_22.677948447961324.png
intersection,sense of potential,movement and exploration,positive,202103_114.025194_22.64832.png
buildings,imposing presence,navigating urban space,neutral,202103_114.025194_22.64832.png
roads,openness to exploration,traveling through the city,positive,202103_114.025194_22.64832.png
sidewalks,invitation to walk,walking and interacting,positive,202103_114.025194_22.64832.png
street,limited exploration,restricted movement,negative,202103_114.02564157799715_22.660567813604136.png
sidewalks,sense of confinement,hesitation to explore,negative,202103_114.02564157799715_22.660567813604136.png
buildings,feeling of density,avoidance of open spaces,negative,202103_114.02564157799715_22.660567813604136.png
overpasses,obstructed view,lack of curiosity,negative,202103_114.02564157799715_22.660567813604136.png
road,impression of broadness,opportunities for movement,positive,202103_114.02614161348475_22.65384702810131.png
buildings,sense of scale,exploration of area,positive,202103_114.02614161348475_22.65384702810131.png
trees,enhanced urban landscape,encouragement to explore,positive,202103_114.02614161348475_22.65384702810131.png
road,constrained exploration,limited exploration,negative,202103_114.0261129_22.6995447.png
greenery,somewhat open,encouraged exploration,positive,202103_114.0261129_22.6995447.png
traffic,restricted movement,avoidance of exploration,negative,202103_114.0261129_22.6995447.png
barriers,feeling of confinement,discouraged exploration,negative,202103_114.0261129_22.6995447.png
road,limited perceived scope for exploration,restricted movement,negative,202103_114.0258997_22.6934115.png
buildings,feeling of boundaries,limited exploration,negative,202103_114.0258997_22.6934115.png
traffic,sense of congestion,avoidance of the area,negative,202103_114.0258997_22.6934115.png
guardrails,sense of confinement,hesitation to explore,negative,202103_114.0258997_22.6934115.png
buildings,sense of vastness,exploration,positive,202103_114.0252407_22.540012299999997.png
roads,openness,movement,positive,202103_114.0252407_22.540012299999997.png
barriers,restriction,hesitation,negative,202103_114.0252407_22.540012299999997.png
roads,sense of exploration,movement,positive,202103_114.0303417_22.7521348.png
landscape,feeling of openness,exploration,positive,202103_114.0303417_22.7521348.png
environment,feeling of limitation,restricted movement,negative,202103_114.0303417_22.7521348.png
traffic,sense of danger,hesitation to explore,negative,202103_114.0303417_22.7521348.png
road,sense of openness,encourages movement,positive,202103_114.0333119_22.6772935.png
sidewalks,feeling of safety,promotes walking,positive,202103_114.0333119_22.6772935.png
buildings,urban density,invites exploration,neutral,202103_114.0333119_22.6772935.png
traffic,sense of congestion,causes hesitation,negative,202103_114.0333119_22.6772935.png
view,sense of openness,potential exploration,positive,202103_114.0336152_22.727613100000003.png
roads,impression of vastness,encouragement to explore,positive,202103_114.0336152_22.727613100000003.png
buildings,feeling of scale,increased curiosity,positive,202103_114.0336152_22.727613100000003.png
railway,sense of connectivity,desire to navigate,positive,202103_114.0336152_22.727613100000003.png
pathways,limited exploration,restricted movement,negative,202103_114.0295192_22.6753357.png
streets,defined boundaries,functional transit,negative,202103_114.0295192_22.6753357.png
gated,sense of confinement,avoidance of exploration,negative,202103_114.0295192_22.6753357.png
environment,lack of possibilities,daily activities focus,negative,202103_114.0295192_22.6753357.png
intersection,sense of expanse,movement and exploration,positive,202103_114.0343637_22.714637800000002.png
buildings,urban density,navigating through space,neutral,202103_114.0343637_22.714637800000002.png
barriers,feeling of restriction,hesitation to move,negative,202103_114.0343637_22.714637800000002.png
roads,limitations for exploration,restricted movement,negative,202103_114.0348349_22.7048846.png
sidewalks,limitations for exploration,restricted movement,negative,202103_114.0348349_22.7048846.png
buildings,boundaries felt,limited exploration,negative,202103_114.0348349_22.7048846.png
traffic,boundaries felt,limited exploration,negative,202103_114.0348349_22.7048846.png
construction,boundaries felt,limited exploration,negative,202103_114.0348349_22.7048846.png
roads,limited exploration,transit focus,negative,202103_114.03556500000002_22.543814300000005.png
sidewalks,restricted movement,passing through,negative,202103_114.03556500000002_22.543814300000005.png
buildings,sense of confinement,avoidance of exploration,negative,202103_114.03556500000002_22.543814300000005.png
barriers,feeling of obstruction,limited engagement,negative,202103_114.03556500000002_22.543814300000005.png
layout,lack of opportunity,minimal discovery,negative,202103_114.03556500000002_22.543814300000005.png
road,sense of openness,freedom to roam,positive,202103_114.0382608_22.661168499999995.png
walkway,possibilities for movement,exploration,positive,202103_114.0382608_22.661168499999995.png
green,relaxation,enjoy nature,positive,202103_114.0382608_22.661168499999995.png
road,sense of possibility,broader exploration,positive,202103_114.0403131_22.522091.png
buildings,feeling of expansiveness,movement,positive,202103_114.0403131_22.522091.png
greenery,sense of connection,exploration,positive,202103_114.0403131_22.522091.png
buildings,limited exploration,hesitant movement,negative,202103_114.03540604528543_22.659681375774273.png
roads,moderate openness,directional movement,neutral,202103_114.03540604528543_22.659681375774273.png
sidewalks,potential for movement,walking,positive,202103_114.03540604528543_22.659681375774273.png
street,limited exploration,cautious navigation,negative,202103_114.0419238_22.517752200000004.png
buildings,moderately defined area,restricted movement,negative,202103_114.0419238_22.517752200000004.png
roads,constrained freedom,careful crossing,negative,202103_114.0419238_22.517752200000004.png
traffic,anxiety about safety,vigilant observation,negative,202103_114.0419238_22.517752200000004.png
buildings,limited exploration,confined movement,negative,202103_114.04193138324224_22.64859052597776.png
traffic,functional space,traversing,negative,202103_114.04193138324224_22.64859052597776.png
sidewalks,defined boundaries,walking,neutral,202103_114.04193138324224_22.64859052597776.png
infrastructure,lack of openness,limited exploration,negative,202103_114.04193138324224_22.64859052597776.png
road,sense of openness,potential exploration,positive,202103_114.0433253_22.542509600000002.png
greenery,calming effect,encourages walking,positive,202103_114.0433253_22.542509600000002.png
buildings,urban connectivity,navigating the city,positive,202103_114.0433253_22.542509600000002.png
street,suggests potential for movement,encourages exploration,positive,202103_114.04470779205663_22.75313704940826.png
canal,hints at possibilities for exploration,invites discovery,positive,202103_114.04470779205663_22.75313704940826.png
fences,creates perceived boundaries,limits exploration,negative,202103_114.04470779205663_22.75313704940826.png
industrial zones,imposes restrictions,discourages movement,negative,202103_114.04470779205663_22.75313704940826.png
urban structures,moderates exploration,restricts variety of activities,neutral,202103_114.04470779205663_22.75313704940826.png
intersection,potential for exploration,navigating the area,positive,202103_114.0456365_22.508059699999997.png
sidewalks,sense of accessibility,walking or commuting,positive,202103_114.0456365_22.508059699999997.png
traffic,limitations on freedom,hesitation to cross,negative,202103_114.0456365_22.508059699999997.png
fence,restricted movement,avoiding certain areas,negative,202103_114.0456365_22.508059699999997.png
road,sense of openness,exploration,positive,202103_114.046224_22.646990999999996.png
cityscape,curiosity,movement,positive,202103_114.046224_22.646990999999996.png
street,limited exploration,restricted movement,negative,202103_114.0453315_22.6931832.png
fences,defined boundaries,cautious navigation,negative,202103_114.0453315_22.6931832.png
buildings,urban confinement,urban engagement,negative,202103_114.0453315_22.6931832.png
overpasses,movement possibilities,crossing pathways,positive,202103_114.0453315_22.6931832.png
trees,limited exploration,confined movement,negative,202103_114.0460623_22.7341312.png
road,sense of direction,walking,positive,202103_114.0460623_22.7341312.png
buildings,restricted view,hesitation to explore,negative,202103_114.0460623_22.7341312.png
sidewalks,safety,walking,positive,202103_114.0460623_22.7341312.png
intersection,sense of spaciousness,exploration,positive,202103_114.04664158073072_22.54721208820835.png
road,feeling of expansive scope,movement,positive,202103_114.04664158073072_22.54721208820835.png
landscape,potential for exploration,navigating,positive,202103_114.04664158073072_22.54721208820835.png
road,sense of expanse,movement,positive,202103_114.0536618_22.675706499999997.png
buildings,limits on exploration,restricted movement,negative,202103_114.0536618_22.675706499999997.png
intersection,open urban area,navigation,positive,202103_114.0536618_22.675706499999997.png
intersection,sense of openness,exploration,positive,202103_114.0533205_22.5395383.png
buildings,feeling of vastness,movement,positive,202103_114.0533205_22.5395383.png
roads,freedom of choice,navigating,positive,202103_114.0533205_22.5395383.png
road,limited exploration,restricted movement,negative,202103_114.0512453_22.503682.png
buildings,defined boundaries,lack of discovery,negative,202103_114.0512453_22.503682.png
vehicles,constrained environment,hesitation to explore,negative,202103_114.0512453_22.503682.png
infrastructure,lack of openness,avoidance of free movement,negative,202103_114.0512453_22.503682.png
buildings,restricted exploration,limited movement,negative,202103_114.0523905_22.507256900000005.png
roads,constrained pathways,minimal exploration,negative,202103_114.0523905_22.507256900000005.png
sidewalks,narrow options,reduced activity,negative,202103_114.0523905_22.507256900000005.png
buildings,sense of linearity and progression,move along the road,positive,202103_114.0492532_22.503914999999996.png
fences,limitations on free movement,restrict exploration,negative,202103_114.0492532_22.503914999999996.png
gated,restricted feeling of exploration,avoid moving freely,negative,202103_114.0492532_22.503914999999996.png
road,sense of direction,travel towards the distance,neutral,202103_114.0492532_22.503914999999996.png
area,utilitarian purpose,limit exploration,negative,202103_114.0492532_22.503914999999996.png
road,limited view,restricted exploration,negative,202103_114.05568005891669_22.668509965401316.png
buildings,sense of confinement,avoidance of openness,negative,202103_114.05568005891669_22.668509965401316.png
trees,lack of vastness,hesitation to explore,negative,202103_114.05568005891669_22.668509965401316.png
streets,sense of scale,exploration,positive,202103_114.0582303_22.5335094.png
buildings,potential for discovery,movement,positive,202103_114.0582303_22.5335094.png
sightlines,clarity,navigation,positive,202103_114.0582303_22.5335094.png
design,structured environment,exploration,positive,202103_114.0582303_22.5335094.png
intersection,sense of exploration,exploring surroundings,positive,202103_114.0552365_22.5092541.png
roads,implied boundaries,hesitation to move,negative,202103_114.0552365_22.5092541.png
buildings,urban confinement,limited movement,negative,202103_114.0552365_22.5092541.png
street,sense of openness,exploration,positive,202103_114.0625077_22.564344.png
buildings,urban density,movement,neutral,202103_114.0625077_22.564344.png
fences,sense of limitation,caution,negative,202103_114.0625077_22.564344.png
road,navigation challenge,planning routes,neutral,202103_114.0625077_22.564344.png
intersection,sense of connectivity,exploration,positive,202103_114.06255733613432_22.553281931357972.png
buildings,urban familiarity,movement,positive,202103_114.06255733613432_22.553281931357972.png
roads,openness to possibilities,discovery,positive,202103_114.06255733613432_22.553281931357972.png
sidewalks,safety in navigation,walking,positive,202103_114.06255733613432_22.553281931357972.png
roads,sense of openness,exploration,positive,202103_114.05843317568561_22.67630894737166.png
buildings,feeling of vastness,engagement with the environment,positive,202103_114.05843317568561_22.67630894737166.png
fences,limited freedom,hesitation to explore,negative,202103_114.05843317568561_22.67630894737166.png
sidewalks,defined boundaries,structured movement,neutral,202103_114.05843317568561_22.67630894737166.png
buildings,sense of breadth,exploration,positive,202103_114.0727822_22.654202299999998.png
construction,feeling of constraint,limited movement,negative,202103_114.0727822_22.654202299999998.png
barriers,sense of disruption,hindered exploration,negative,202103_114.0727822_22.654202299999998.png
traffic,feeling of confinement,restricted movement,negative,202103_114.0727822_22.654202299999998.png
urban landscape,potential for movement,exploration,positive,202103_114.0727822_22.654202299999998.png
street,sense of expansive possibilities,movement and exploration,positive,202103_114.0671931_22.531809499999998.png
cars,busy urban environment,navigating through the city,neutral,202103_114.0671931_22.531809499999998.png
buildings,sense of vastness,exploring the area,positive,202103_114.0671931_22.531809499999998.png
highway,sense of vastness,exploration,positive,202103_114.0769743_22.6950555.png
greenery,feeling of openness,movement,positive,202103_114.0769743_22.6950555.png
buildings,connected environment,travel,positive,202103_114.0769743_22.6950555.png
power lines,sense of distance,navigation,neutral,202103_114.0769743_22.6950555.png
street,sense of exploration,encourages movement,positive,202103_114.07638637601512_22.731645207801105.png
sidewalks,feeling of safety,promotes walking,positive,202103_114.07638637601512_22.731645207801105.png
buildings,urban familiarity,invites discovery,positive,202103_114.07638637601512_22.731645207801105.png
roads,sense of connectivity,facilitates navigation,positive,202103_114.07638637601512_22.731645207801105.png
roads,sense of openness,movement and exploration,positive,202103_114.0776478_22.6572467.png
cityscapes,feeling of connection,exploration,positive,202103_114.0776478_22.6572467.png
infrastructure,directional freedom,navigation,positive,202103_114.0776478_22.6572467.png
street,degree of exploration possible,exploration,positive,202103_114.08177436810324_22.71047882066633.png
lanes,functional urban area,navigate,positive,202103_114.08177436810324_22.71047882066633.png
buildings,restricted view,hesitation,negative,202103_114.08177436810324_22.71047882066633.png
trees,restricted view,hesitation,negative,202103_114.08177436810324_22.71047882066633.png
road,sense of openness,exploration,positive,202103_114.08429278885752_22.558251223708968.png
buildings,possibilities for exploration,curiosity,positive,202103_114.08429278885752_22.558251223708968.png
fences,visible boundaries,caution,negative,202103_114.08429278885752_22.558251223708968.png
construction,urban landscape,anticipation,neutral,202103_114.08429278885752_22.558251223708968.png
sky,sense of openness,relaxation,positive,202103_114.08429278885752_22.558251223708968.png
highway,sense of openness,exploration,positive,202103_114.07891630000002_22.555023900000002.png
buildings,urban density,movement,neutral,202103_114.07891630000002_22.555023900000002.png
overpass,connectivity,navigation,positive,202103_114.07891630000002_22.555023900000002.png
intersection,sense of openness,exploration,positive,202103_114.0905174_22.742056099999996.png
lanes,feeling of breadth,movement,positive,202103_114.0905174_22.742056099999996.png
roads,sense of possibility,exploration,positive,202103_114.0905174_22.742056099999996.png
greenery,integration with nature,relaxation,positive,202103_114.0905174_22.742056099999996.png
street,sense of openness,exploration,positive,202103_114.0931461_22.554121899999995.png
buildings,urban density,movement towards destinations,neutral,202103_114.0931461_22.554121899999995.png
crosswalks,safety awareness,crossing the street,positive,202103_114.0931461_22.554121899999995.png
pathways,directional clarity,navigating the area,positive,202103_114.0931461_22.554121899999995.png
street,limited exploration,restricted movement,negative,202103_114.0913439186539_22.699804612375523.png
buildings,urban confinement,minimal discovery,negative,202103_114.0913439186539_22.699804612375523.png
overpass,potential connectivity,encouraged crossing,positive,202103_114.0913439186539_22.699804612375523.png
thoroughfare,transit focus,traffic navigation,neutral,202103_114.0913439186539_22.699804612375523.png
buildings,moderate sense of scope,restricted exploration,negative,202103_114.0892795_22.7489908.png
vegetation,moderate sense of scope,restricted exploration,negative,202103_114.0892795_22.7489908.png
buildings,limited exploration,restricted movement,negative,202103_114.09518_22.543358.png
roads,sense of scale,navigating space,neutral,202103_114.09518_22.543358.png
barriers,feeling of confinement,hesitation to explore,negative,202103_114.09518_22.543358.png
infrastructure,urban density,adaptation to environment,neutral,202103_114.09518_22.543358.png
street,sense of movement,exploration,positive,202103_114.0965628_22.577913999999996.png
buildings,constrained environment,limited exploration,negative,202103_114.0965628_22.577913999999996.png
shops,feeling of limitation,restricted movement,negative,202103_114.0965628_22.577913999999996.png
vehicles,sense of congestion,hesitance to explore,negative,202103_114.0965628_22.577913999999996.png
spaces,lack of openness,avoidance of exploration,negative,202103_114.0965628_22.577913999999996.png
pathways,unclear direction,reduced exploration,negative,202103_114.0965628_22.577913999999996.png
intersection,sense of openness,exploration,positive,202103_114.0968224_22.6314363.png
greenery,hint at possibilities,exploration,positive,202103_114.0968224_22.6314363.png
roads,implied boundaries,restricted movement,negative,202103_114.0968224_22.6314363.png
railings,implied boundaries,restricted movement,negative,202103_114.0968224_22.6314363.png
road,limited exploration,drive along the road,negative,202103_114.0970567909583_22.7181553287723.png
construction,reduced accessibility,avoid pedestrian access,negative,202103_114.0970567909583_22.7181553287723.png
urban,contextual limitation,navigate through development,neutral,202103_114.0970567909583_22.7181553287723.png
road,limited exploration,movement along the road,negative,202103_114.097324_22.7009943.png
overpass,urban scale,navigating the environment,neutral,202103_114.097324_22.7009943.png
buildings,constrained perspective,staying within boundaries,negative,202103_114.097324_22.7009943.png
fencing,restricted movement,avoiding exploration,negative,202103_114.097324_22.7009943.png
street,possibility for exploration,move along the street,positive,202103_114.0974749_22.5565291.png
buildings,feeling of constrained exploration,limited exploration,negative,202103_114.0974749_22.5565291.png
fences,feeling of constrained exploration,limited exploration,negative,202103_114.0974749_22.5565291.png
traffic,feeling of constrained exploration,limited exploration,negative,202103_114.0974749_22.5565291.png
road,sense of potential exploration,encourages movement,positive,202103_114.097968_22.712889199999996.png
overpass,feeling of boundaries,restricts movement,negative,202103_114.097968_22.712889199999996.png
barriers,sense of limitation,discourages exploration,negative,202103_114.097968_22.712889199999996.png
landscape,visual appeal,invites exploration,positive,202103_114.097968_22.712889199999996.png
street,sense of expansiveness,encouragement to explore,positive,202103_114.0993904_22.720913200000002.png
roads,feeling of connectivity,potential for movement,positive,202103_114.0993904_22.720913200000002.png
pathways,curiosity about surroundings,desire to investigate,positive,202103_114.0993904_22.720913200000002.png
view,impression of openness,inspiration to navigate,positive,202103_114.0993904_22.720913200000002.png
intersection,busy transit area,limited exploration,negative,202103_114.10049030000002_22.551953199999996.png
overpass,sense of separation,avoidance of area,negative,202103_114.10049030000002_22.551953199999996.png
sidewalks,defined boundaries,restricted movement,negative,202103_114.10049030000002_22.551953199999996.png
buildings,confinement,discouragement of exploration,negative,202103_114.10049030000002_22.551953199999996.png
intersection,sense of scale,exploration,positive,202103_114.0993432_22.561568599999998.png
traffic,sense of confinement,restricted movement,negative,202103_114.0993432_22.561568599999998.png
roads,regulated movement,limited exploration,negative,202103_114.0993432_22.561568599999998.png
buildings,structured environment,conformity to structure,neutral,202103_114.0993432_22.561568599999998.png
road,sense of scale,movement potential,positive,202103_114.0988453_22.704682299999998.png
overpass,sense of connection,exploration desire,positive,202103_114.0988453_22.704682299999998.png
infrastructure,limited exploration,restricted movement,negative,202103_114.0988453_22.704682299999998.png
traffic,busy environment,hesitation to explore,negative,202103_114.0988453_22.704682299999998.png
sidewalks,limited exploration,restricted movement,negative,202103_114.1017348_22.5586412.png
road,suggested movement,traveling,neutral,202103_114.1017348_22.5586412.png
visibility,sense of confinement,hesitation to explore,negative,202103_114.1017348_22.5586412.png
pathways,lack of freedom,avoidance of exploration,negative,202103_114.1017348_22.5586412.png
road,limited exploration,avoidance of traffic,negative,202103_114.1102391_22.621661899999992.png
infrastructure,constrained movement,stay on path,negative,202103_114.1102391_22.621661899999992.png
roads,restricted movement,avoid exploration,negative,202103_114.1039115_22.5822323.png
traffic,anxiety,hesitate to move,negative,202103_114.1039115_22.5822323.png
construction,frustration,limit exploration,negative,202103_114.1039115_22.5822323.png
barriers,feeling confined,avoid certain areas,negative,202103_114.1039115_22.5822323.png
fencing,sense of restriction,stay within boundaries,negative,202103_114.1039115_22.5822323.png
road,sense of vastness,exploration,positive,202103_114.1124009_22.5851513.png
sidewalks,sense of safety,movement,positive,202103_114.1124009_22.5851513.png
city,potential for movement,navigation,positive,202103_114.1124009_22.5851513.png
boundaries,freedom of space,exploration,positive,202103_114.1124009_22.5851513.png
road,sense of openness,potential for movement,positive,202103_114.1169143_22.600235199999997.png
buildings,limited exploration,restricted movement,negative,202103_114.1169143_22.600235199999997.png
barriers,feeling of confinement,hesitation to explore,negative,202103_114.1169143_22.600235199999997.png
street,sense of exploration,restricted movement,negative,202103_114.1113791_22.6142769.png
buildings,feeling of limited boundaries,restricted exploration,negative,202103_114.1113791_22.6142769.png
traffic,sense of confinement,limited exploration,negative,202103_114.1113791_22.6142769.png
vegetation,sense of confinement,limited exploration,negative,202103_114.11892340000001_22.630858799999995.png
construction,feeling of restriction,avoidance of movement,negative,202103_114.11892340000001_22.630858799999995.png
terrain,sense of difficulty,hesitation to navigate,negative,202103_114.11892340000001_22.630858799999995.png
fencing,imposed boundaries,discouragement from exploration,negative,202103_114.11892340000001_22.630858799999995.png
roads,sense of openness,exploration,positive,202103_114.1198452_22.5910835.png
buildings,potential for movement,navigation,positive,202103_114.1198452_22.5910835.png
construction,dynamic environment,engagement,positive,202103_114.1198452_22.5910835.png
traffic,sense of limitation,caution,negative,202103_114.1198452_22.5910835.png
streetscape,sense of openness,engagement,positive,202103_114.1205663_22.568866200000002.png
roads,sense of exploration,movement,positive,202103_114.1205663_22.568866200000002.png
sidewalks,sense of exploration,movement,positive,202103_114.1205663_22.568866200000002.png
buildings,sense of exploration,engagement,neutral,202103_114.1205663_22.568866200000002.png
infrastructure,sense of exploration,engagement,neutral,202103_114.1205663_22.568866200000002.png
roads,sense of vastness,exploration and movement,positive,202103_114.1218828_22.596607.png
sidewalks,sense of vastness,exploration and movement,positive,202103_114.1218828_22.596607.png
buildings,sense of vastness,exploration and movement,positive,202103_114.1218828_22.596607.png
road,sense of breadth,movement and exploration,positive,202103_114.1217117_22.6624626.png
buildings,expansive feeling,encouragement to explore,positive,202103_114.1217117_22.6624626.png
greenery,calming effect,relaxation and enjoyment,positive,202103_114.1217117_22.6624626.png
overpass,sense of scale,navigating space,positive,202103_114.1217117_22.6624626.png
trees,sense of exploration,encourages walking,positive,202103_114.12190805793112_22.627928023917203.png
buildings,urban familiarity,promotes navigation,positive,202103_114.12190805793112_22.627928023917203.png
road,defined pathway,limits exploration,negative,202103_114.12190805793112_22.627928023917203.png
sidewalks,safe movement,encourages walking,positive,202103_114.12190805793112_22.627928023917203.png
fences,sense of enclosure,restricts movement,negative,202103_114.12190805793112_22.627928023917203.png
street,sense of freedom,exploration,positive,202103_114.12194611798485_22.565742371359875.png
sidewalks,opportunity for movement,traverse,positive,202103_114.12194611798485_22.565742371359875.png
pathways,ample opportunity,exploration,positive,202103_114.12194611798485_22.565742371359875.png
buildings,diverse urban landscape,movement,positive,202103_114.12194611798485_22.565742371359875.png
intersection,sense of openness,exploration,positive,202103_114.1224915_22.7001825.png
traffic,feeling of activity,movement,positive,202103_114.1224915_22.7001825.png
buildings,awareness of space,navigation,positive,202103_114.1224915_22.7001825.png
paths,freedom of choice,exploration,positive,202103_114.1224915_22.7001825.png
sidewalks,comfort in movement,walking,positive,202103_114.1224915_22.7001825.png
crosswalks,safety awareness,crossing streets,positive,202103_114.1224915_22.7001825.png
pathways,limited exploration,restricted movement,negative,202103_114.1227501_22.5559666.png
buildings,sense of confinement,hesitation to explore,negative,202103_114.1227501_22.5559666.png
walls,feeling of enclosure,avoidance of open areas,negative,202103_114.1227501_22.5559666.png
area,perceived limitation,lack of direction,negative,202103_114.1227501_22.5559666.png
intersection,limited sense of exploration,restricted movement,negative,202103_114.1244425_22.603198499999994.png
vehicles,constrained view,hesitation to wander,negative,202103_114.1244425_22.603198499999994.png
buildings,urban confinement,avoidance of exploration,negative,202103_114.1244425_22.603198499999994.png
hillside,desire for nature,seeking expansive areas,positive,202103_114.1244425_22.603198499999994.png
road,sense of boundaries,limited exploration,negative,202103_114.1248786_22.577026099999998.png
buildings,constrained environment,restricted movement,negative,202103_114.1248786_22.577026099999998.png
traffic,feeling of congestion,avoidance of areas,negative,202103_114.1248786_22.577026099999998.png
buildings,constrained exploration,limited movement,negative,202103_114.1284662_22.625145700000004.png
road,restricted pathways,hesitant navigation,negative,202103_114.1284662_22.625145700000004.png
walkways,somewhat accessible,walking,neutral,202103_114.1284662_22.625145700000004.png
roads,sense of exploration,encourages movement,positive,202103_114.1264201_22.6351297.png
buildings,feeling of openness,invites exploration,positive,202103_114.1264201_22.6351297.png
traffic,sense of limitation,restricts movement,negative,202103_114.1264201_22.6351297.png
infrastructure,implied boundaries,discourages exploration,negative,202103_114.1264201_22.6351297.png
street,reasonable sense of scope,movement and exploration,positive,202103_114.1329303_22.616122899999997.png
roads,sense of openness,navigating freely,positive,202103_114.1329303_22.616122899999997.png
walkways,inviting atmosphere,walking and socializing,positive,202103_114.1329303_22.616122899999997.png
buildings,urban context awareness,exploring surroundings,positive,202103_114.1329303_22.616122899999997.png
greenery,enhanced comfort,relaxing and enjoying nature,positive,202103_114.1329303_22.616122899999997.png
street,functional urban space,limited exploration,negative,202103_114.1331601_22.550479200000005.png
buildings,defined urban environment,restricted movement,negative,202103_114.1331601_22.550479200000005.png
roads,implied limits,constrained pathways,negative,202103_114.1331601_22.550479200000005.png
intersection,sense of congestion,avoidance of exploration,negative,202103_114.13746860000002_22.716279900000004.png
buildings,feeling of enclosure,limited movement,negative,202103_114.13746860000002_22.716279900000004.png
sky,sense of openness,encouragement to explore,positive,202103_114.13746860000002_22.716279900000004.png
street,constrained movement,limited exploration,negative,202103_114.13607955712085_22.56019460406232.png
buildings,sense of enclosure,hesitation to proceed,negative,202103_114.13607955712085_22.56019460406232.png
trees,partial openness,encouraged to explore,neutral,202103_114.13607955712085_22.56019460406232.png
street,sense of openness,exploring the thoroughfare,positive,202103_114.1367157_22.698665399999992.png
buildings,perceived freedom of movement,navigating the area,positive,202103_114.1367157_22.698665399999992.png
greenery,enhanced visual appeal,engaging with nature,positive,202103_114.1367157_22.698665399999992.png
road,sense of enclosure,limited exploration,negative,202103_114.1378067_22.6029624.png
underpass,confined feeling,restricted movement,negative,202103_114.1378067_22.6029624.png
walls,sense of limitation,avoidance of exploration,negative,202103_114.1378067_22.6029624.png
structures,lack of vastness,minimal engagement,negative,202103_114.1378067_22.6029624.png
buildings,sense of urban expanse,exploration,positive,202103_114.1462658_22.620422699999995.png
road,constrained environment,limited movement,negative,202103_114.1462658_22.620422699999995.png
sidewalks,constrained environment,limited movement,negative,202103_114.1462658_22.620422699999995.png
construction barriers,confined experience,restricted exploration,negative,202103_114.1462658_22.620422699999995.png
buildings,restricted exploration,limited wandering,negative,202103_114.2034661_22.7108026.png
walkways,defined area,structured movement,neutral,202103_114.2034661_22.7108026.png
grid,bounded feeling,constrained navigation,negative,202103_114.2034661_22.7108026.png
road,suggests movement,travel along path,neutral,202103_114.150446_22.640353499999996.png
vegetation,limited exploration,minimal interaction,negative,202103_114.150446_22.640353499999996.png
overpass,defined boundaries,restricted movement,negative,202103_114.150446_22.640353499999996.png
vehicles,busy environment,avoidance of space,negative,202103_114.150446_22.640353499999996.png
street,sense of openness,potential for movement,positive,202103_114.2052193_22.662703799999996.png
barriers,feeling of boundaries,limited exploration,negative,202103_114.2052193_22.662703799999996.png
buildings,sense of confinement,restricted movement,negative,202103_114.2052193_22.662703799999996.png
tunnel,limited exploration,curtailed movement,negative,202103_114.21034396837918_22.675777386849283.png
roadway,restricted movement,singular direction travel,negative,202103_114.21034396837918_22.675777386849283.png
walls,sense of confinement,discouraged venturing,negative,202103_114.21034396837918_22.675777386849283.png
barriers,lack of options,limited exploration,negative,202103_114.21034396837918_22.675777386849283.png
roads,sense of exploration,encourages movement,positive,202103_114.2110935_22.721982699999998.png
pathways,sense of possibility,invites discovery,positive,202103_114.2110935_22.721982699999998.png
greenery,feeling of openness,promotes wandering,positive,202103_114.2110935_22.721982699999998.png
boundaries,lack of restriction,facilitates exploration,positive,202103_114.2110935_22.721982699999998.png
road,hint of exploration,encouraged to explore,positive,202103_114.2151047_22.555198599999997.png
fences,feeling restricted,hesitation to move,negative,202103_114.2151047_22.555198599999997.png
hillside,sense of containment,limited movement,neutral,202103_114.2151047_22.555198599999997.png
infrastructure,urban confinement,reduced exploration,negative,202103_114.2151047_22.555198599999997.png
road,sense of scale,exploration,positive,202103_114.2173882_22.6723256.png
trees,feeling of enclosure,limited exploration,negative,202103_114.2173882_22.6723256.png
buildings,urban development awareness,curiosity,positive,202103_114.2173882_22.6723256.png
sidewalks,safety perception,walking,positive,202103_114.2173882_22.6723256.png
vehicle,constrained viewpoint,passive observation,negative,202103_114.2173882_22.6723256.png
road,sense of direction,navigate the area,positive,202103_114.21793862646713_22.67803233370238.png
buildings,urban confinement,limit exploration,negative,202103_114.21793862646713_22.67803233370238.png
green,calming effect,encourage relaxation,positive,202103_114.21793862646713_22.67803233370238.png
infrastructure,sense of restriction,reduce movement,negative,202103_114.21793862646713_22.67803233370238.png
road,sense of movement,exploration,positive,202103_114.2190778_22.674972899999997.png
buildings,feeling of confinement,restricted exploration,negative,202103_114.2190778_22.674972899999997.png
trees,sense of nature,enhanced relaxation,positive,202103_114.2190778_22.674972899999997.png
sidewalks,structured environment,guided movement,neutral,202103_114.2190778_22.674972899999997.png
traffic barriers,sense of limitation,cautious navigation,negative,202103_114.2190778_22.674972899999997.png
buildings,sense of movement,exploration,positive,202103_114.2242245_22.5554874.png
roads,lack of vastness,limited exploration,negative,202103_114.2242245_22.5554874.png
intersection,functional urban space,navigate through roads,neutral,202103_114.2214132_22.722237199999995.png
buildings,sense of confinement,limit exploration,negative,202103_114.2214132_22.722237199999995.png
trees,slight comfort,encourage walking,positive,202103_114.2214132_22.722237199999995.png
sidewalks,defined pathways,promote pedestrian activity,positive,202103_114.2214132_22.722237199999995.png
highways,sense of spaciousness,exploration,positive,202103_114.2240115_22.690695.png
roads,feeling of movement,navigating,positive,202103_114.2240115_22.690695.png
buildings,visual extent,observation,positive,202103_114.2240115_22.690695.png
buildings,limited sense of exploration,hesitation to explore,negative,202103_114.2203088_22.750533599999997.png
traffic,feeling of congestion,avoidance of the area,negative,202103_114.2203088_22.750533599999997.png
sidewalks,sense of urban life,engagement with surroundings,positive,202103_114.2203088_22.750533599999997.png
construction,physical impediment,restriction of movement,negative,202103_114.2203088_22.750533599999997.png
landscape,feeling of freedom,exploration,positive,202103_114.22602540000001_22.734684800000004.png
roads,possibilities for movement,discovery,positive,202103_114.22602540000001_22.734684800000004.png
buildings,sense of expansiveness,movement in multiple directions,positive,202103_114.22602540000001_22.734684800000004.png
buildings,limited exploration,restricted movement,negative,202103_114.2271675_22.554679599999993.png
traffic,sense of congestion,hesitation to navigate,negative,202103_114.2271675_22.554679599999993.png
pathways,organized structure,following routes,neutral,202103_114.2271675_22.554679599999993.png
infrastructure,lack of vastness,limited exploration,negative,202103_114.2271675_22.554679599999993.png
road,sense of movement,explore the area,positive,202103_114.2296563_22.5597124.png
buildings,sense of space,navigate through the environment,positive,202103_114.2296563_22.5597124.png
boundaries,limited exploration,stay within limits,negative,202103_114.2296563_22.5597124.png
road,limited exploration,restricted movement,negative,202103_114.23182215334009_22.704274352362827.png
buildings,corridor-like feeling,narrow focus,negative,202103_114.23182215334009_22.704274352362827.png
greenery,lack of openness,hesitation to explore,negative,202103_114.23182215334009_22.704274352362827.png
canal,sense of exploration,encourages movement,positive,202103_114.23225276413545_22.67973649026038.png
buildings,feeling of openness,promotes discovery,positive,202103_114.23225276413545_22.67973649026038.png
greenery,sense of freedom,invites wandering,positive,202103_114.23225276413545_22.67973649026038.png
roads,opportunity for movement,facilitates exploration,positive,202103_114.23225276413545_22.67973649026038.png
intersection,sense of exploration,moving about,positive,202103_114.2358123_22.728261600000003.png
sidewalks,feeling of accessibility,discovering different areas,positive,202103_114.2358123_22.728261600000003.png
roads,openness to possibilities,exploring multiple directions,positive,202103_114.2358123_22.728261600000003.png
businesses,interest in local commerce,visiting shops,positive,202103_114.2358123_22.728261600000003.png
street,sense of movement,exploration,positive,202103_114.24886032892263_22.70519218145229.png
roads,sense of space,walking,positive,202103_114.24886032892263_22.70519218145229.png
buildings,feeling of boundaries,restricted movement,negative,202103_114.24886032892263_22.70519218145229.png
intersection,sense of scale,exploration,positive,202103_114.2422502421771_22.56227045019431.png
skyscrapers,feeling of expansiveness,exploration,positive,202103_114.2422502421771_22.56227045019431.png
road,openness,movement,positive,202103_114.2422502421771_22.56227045019431.png
intersection,sense of scale,potential for exploration,positive,202103_114.2406577_22.724981399999997.png
roads,constrained feeling,limited freedom of movement,negative,202103_114.2406577_22.724981399999997.png
road,limited exploration,avoidance of movement,negative,202103_114.25011483600086_22.740615131287942.png
greenery,some comfort,brief engagement,positive,202103_114.25011483600086_22.740615131287942.png
traffic,stress and anxiety,hesitation to traverse,negative,202103_114.25011483600086_22.740615131287942.png
built environment,constrained options,reduced exploration,negative,202103_114.25011483600086_22.740615131287942.png
road,sense of openness,exploration,positive,202103_114.2520585_22.746504299999998.png
lanes,feeling of freedom,movement,positive,202103_114.2520585_22.746504299999998.png
landscape,vastness,curiosity,positive,202103_114.2520585_22.746504299999998.png
road,moderate sense of spaciousness,exploring surroundings,positive,202103_114.2549302_22.743100399999996.png
traffic,imposed limitations,hesitation to explore,negative,202103_114.2549302_22.743100399999996.png
vehicles,imposed limitations,hesitation to explore,negative,202103_114.2549302_22.743100399999996.png
fencing,imposed boundaries,restricted movement,negative,202103_114.2549302_22.743100399999996.png
road,suggests openness,exploration,positive,202103_114.2580832_22.585963900000003.png
fencing,feels confined,avoidance,negative,202103_114.2580832_22.585963900000003.png
buildings,limits exploration,hesitation,negative,202103_114.2580832_22.585963900000003.png
construction,impression of activity,curiosity,neutral,202103_114.2580832_22.585963900000003.png
roads,sense of freedom,exploring the area,positive,202103_114.2578653_22.7203272.png
buildings,awe and curiosity,investigating surroundings,positive,202103_114.2578653_22.7203272.png
greenery,calmness and relaxation,spending time outdoors,positive,202103_114.2578653_22.7203272.png
intersection,openness,navigating through space,positive,202103_114.2578653_22.7203272.png
streets,exploratory mindset,moving freely,positive,202103_114.2578653_22.7203272.png
streets,potential for exploration,encourages wandering,positive,202103_114.26684914823393_22.71538867852579.png
buildings,expansive urban feel,invites social interaction,positive,202103_114.26684914823393_22.71538867852579.png
horizon,broad landscape,promotes relaxation,positive,202103_114.26684914823393_22.71538867852579.png
sidewalks,clear boundaries,provides structure,neutral,202103_114.26684914823393_22.71538867852579.png
road,developed area,facilitates movement,positive,202103_114.26684914823393_22.71538867852579.png
road,limited exploration,restricted movement,negative,202103_114.2781623_22.7481021.png
buildings,constrained space,hesitation to explore,negative,202103_114.2781623_22.7481021.png
traffic,anxiety,avoidance of movement,negative,202103_114.2781623_22.7481021.png
buildings,confined environment,limited exploration,negative,202103_114.2679897_22.7206134.png
traffic,stressful atmosphere,navigation,negative,202103_114.2679897_22.7206134.png
greenery,slight relief,appreciation,positive,202103_114.2679897_22.7206134.png
roads,restricted movement,walking,negative,202103_114.2679897_22.7206134.png
sidewalks,moderate freedom,exploration,neutral,202103_114.2679897_22.7206134.png
street,sense of enclosure,walking along the street,negative,202103_114.2694299_22.7328135.png
sidewalks,limited exploration,walking along the street,negative,202103_114.2694299_22.7328135.png
buildings,sense of enclosure,walking along the street,negative,202103_114.2694299_22.7328135.png
traffic,sense of enclosure,walking along the street,negative,202103_114.2694299_22.7328135.png
road,limited exploration,restricted movement,negative,202103_114.2739153_22.588342099999995.png
buildings,constrained space,discouraged exploration,negative,202103_114.2739153_22.588342099999995.png
fences,sense of confinement,avoidance of area,negative,202103_114.2739153_22.588342099999995.png
traffic,stressful environment,hesitation to explore,negative,202103_114.2739153_22.588342099999995.png
port,hint of vastness,curiosity about larger area,neutral,202103_114.2739153_22.588342099999995.png
roads,limited exploration,avoidance of surroundings,negative,202103_114.28479693246106_22.742720822742406.png
buildings,constrained environment,restricted movement,negative,202103_114.28479693246106_22.742720822742406.png
fences,feeling trapped,lack of engagement,negative,202103_114.28479693246106_22.742720822742406.png
walls,sense of confinement,withdrawal from space,negative,202103_114.28479693246106_22.742720822742406.png
road,sense of direction,navigating forward,neutral,202103_114.2818492_22.7280577.png
buildings,feeling of confinement,hesitation to explore,negative,202103_114.2818492_22.7280577.png
barriers,limitations on freedom,avoidance of exploration,negative,202103_114.2818492_22.7280577.png
infrastructure,lack of vastness,restricted movement,negative,202103_114.2818492_22.7280577.png
road,sense of exploration,encourages movement,positive,202103_114.2850759_22.7272031.png
buildings,urban excitement,promotes discovery,positive,202103_114.2850759_22.7272031.png
traffic,busy environment,instigates caution,neutral,202103_114.2850759_22.7272031.png
road,sense of direction,exploration along its path,positive,202103_114.29001_22.6113186.png
foliage,limited exploration,restricting off-road movement,negative,202103_114.29001_22.6113186.png
landscape,defined route,following the road,neutral,202103_114.29001_22.6113186.png
road,limited exploration,hesitant movement,negative,202103_114.2927359_22.730804699999997.png
buildings,confinement,restricted navigation,negative,202103_114.2927359_22.730804699999997.png
grounds,some exploration,curiosity,neutral,202103_114.2927359_22.730804699999997.png
street,limited exploration,restricted movement,negative,202108_114.21894076622645_22.63182816908474.png
buildings,sense of confinement,avoidance of exploration,negative,202108_114.21894076622645_22.63182816908474.png
street,limited exploration,restricted movement,negative,202103_114.29401012603901_22.73801630608966.png
buildings,constrained environment,hesitant walking,negative,202103_114.29401012603901_22.73801630608966.png
cars,busy atmosphere,cautious navigation,negative,202103_114.29401012603901_22.73801630608966.png
road,sense of openness,exploration,positive,202103_114.30650090000002_22.600766799999995.png
buildings,expansive environment,movement,positive,202103_114.30650090000002_22.600766799999995.png
sky,freedom,navigation,positive,202103_114.30650090000002_22.600766799999995.png
highway,sense of openness,travel along the road,positive,202111_113.8737497_22.832217000000004.png
trees,feeling of confinement,limited exploration,negative,202111_113.8737497_22.832217000000004.png
barriers,sense of restriction,avoidance of certain areas,negative,202111_113.8737497_22.832217000000004.png
vegetation,limited possibilities,lack of discovery,negative,202111_113.8737497_22.832217000000004.png
road,sense of openness,exploration,positive,202201_114.2731717_22.634134700000004.png
pathways,inviting atmosphere,movement,positive,202201_114.2731717_22.634134700000004.png
park,relaxation,leisure activities,positive,202201_114.2731717_22.634134700000004.png
archway,curiosity,exploration,positive,202201_114.2731717_22.634134700000004.png
destination,anticipation,visiting,positive,202201_114.2731717_22.634134700000004.png
street,sense of direction,movement along the street,positive,202112_114.34117390815733_22.7026478475379.png
sidewalks,sense of limitation,restricted exploration,negative,202112_114.34117390815733_22.7026478475379.png
buildings,lack of vastness,limited wandering,negative,202112_114.34117390815733_22.7026478475379.png
infrastructure,organized environment,constrained movement,neutral,202112_114.34117390815733_22.7026478475379.png
street,sense of enclosure,restricted exploration,negative,202201_114.2807160931571_22.746562319789387.png
cars,limited openness,discouraged movement,negative,202201_114.2807160931571_22.746562319789387.png
buildings,feeling of confinement,reduced exploration,negative,202201_114.2807160931571_22.746562319789387.png
pathways,lack of invitation,minimal movement,negative,202201_114.2807160931571_22.746562319789387.png
street,limited exploration,avoidance of exploration,negative,202202_113.8003438_22.765188499999997.png
buildings,sense of confinement,reduced engagement,negative,202202_113.8003438_22.765188499999997.png
traffic,stress and distraction,increased caution,negative,202202_113.8003438_22.765188499999997.png
sidewalks,somewhat inviting,walking,neutral,202202_113.8003438_22.765188499999997.png
roads,moderate sense of space,possibility for exploration,positive,202202_113.8507515_22.815353899999995.png
fences,imposed limitations,restricted exploration,negative,202202_113.8507515_22.815353899999995.png
buildings,imposed limitations,restricted exploration,negative,202202_113.8507515_22.815353899999995.png
terrain,undeveloped nature,restricted exploration,negative,202202_113.8507515_22.815353899999995.png
trees,limited sense of freedom,walking along the sidewalk,negative,202202_113.87826978307895_22.812386755821436.png
buildings,constrained exploration,moving in few directions,negative,202202_113.87826978307895_22.812386755821436.png
road,lack of openness,restricted movement,negative,202202_113.87826978307895_22.812386755821436.png
roads,openness to exploration,movement in multiple directions,positive,202202_113.96642646682037_22.611635078505937.png
buildings,sense of enclosure,navigating urban space,neutral,202202_113.96642646682037_22.611635078505937.png
trees,natural comfort,seeking shade and relaxation,positive,202202_113.96642646682037_22.611635078505937.png
pathways,accessibility,exploring the area,positive,202202_113.96642646682037_22.611635078505937.png
street,limited exploration,walking along the street,negative,202202_113.90250819161481_22.798201494461292.png
shops,curiosity,exploring the shops,positive,202202_113.90250819161481_22.798201494461292.png
buildings,confinement,crossing to the other side,negative,202202_113.90250819161481_22.798201494461292.png
spaces,lack of openness,limited movement,negative,202202_113.90250819161481_22.798201494461292.png
pathways,lack of diversity,minimal exploration,negative,202202_113.90250819161481_22.798201494461292.png
road,sense of openness,potential for movement,positive,202202_113.92040679807957_22.523559341736707.png
fences,restricted exploration,limited access,negative,202202_113.92040679807957_22.523559341736707.png
vehicles,constrained openness,hesitation to explore,negative,202202_113.92040679807957_22.523559341736707.png
buildings,moderate scale,awareness of surroundings,neutral,202202_113.92040679807957_22.523559341736707.png
intersection,sense of expansiveness,exploration and movement,positive,202203_113.8021443_22.735354999999995.png
buildings,urban density,navigating through space,neutral,202203_113.8021443_22.735354999999995.png
roads,freedom of movement,traveling in multiple directions,positive,202203_113.8021443_22.735354999999995.png
traffic,busy environment,waiting or adjusting pace,negative,202203_113.8021443_22.735354999999995.png
street,limited exploration,walking along,negative,202203_113.8044636404817_22.67523148030025.png
sidewalks,constrained movement,navigating space,negative,202203_113.8044636404817_22.67523148030025.png
roads,defined boundaries,following paths,negative,202203_113.8044636404817_22.67523148030025.png
buildings,restricted view,observing surroundings,negative,202203_113.8044636404817_22.67523148030025.png
fenced,sense of enclosure,staying within limits,negative,202203_113.8044636404817_22.67523148030025.png
buildings,sense of urban network,exploration within defined routes,neutral,202203_113.8828955708783_22.57293924034783.png
pathways,limited exploration,restricted movement,negative,202203_113.8828955708783_22.57293924034783.png
sidewalks,moderate scope,navigating urban space,neutral,202203_113.8828955708783_22.57293924034783.png
road,sense of space,movement and exploration,positive,202203_113.90067206584965_22.5678543452375.png
buildings,sense of progression,discovery,positive,202203_113.90067206584965_22.5678543452375.png
trees,sense of nature,enjoyment of surroundings,positive,202203_113.90067206584965_22.5678543452375.png
intersection,sense of openness,exploration,positive,202207_113.7899513_22.7557094.png
overpass,feeling of confinement,hesitation,negative,202207_113.7899513_22.7557094.png
roads,opportunity for movement,navigation,positive,202207_113.7899513_22.7557094.png
roads,sense of openness,movement and exploration,positive,202203_113.91176155987927_22.577002831060557.png
pathways,sense of safety,navigating easily,positive,202203_113.91176155987927_22.577002831060557.png
streetscape,visual appeal,engaging with the environment,positive,202203_113.91176155987927_22.577002831060557.png
intersection,sense of exploration,movement and connections,positive,202207_114.0390344_22.565740199999993.png
infrastructure,perceived boundaries,restricted movement,negative,202207_114.0390344_22.565740199999993.png
traffic,imposed limitations,hesitation to explore,negative,202207_114.0390344_22.565740199999993.png
street,sense of enclosure,restricted movement,negative,202211_113.77505982771899_22.723719831714774.png
buildings,feeling of confinement,limited exploration,negative,202211_113.77505982771899_22.723719831714774.png
cars,sense of blockage,avoidance of pathways,negative,202211_113.77505982771899_22.723719831714774.png
pathways,lack of openness,hesitation to walk,negative,202211_113.77505982771899_22.723719831714774.png
buildings,sense of potential reach,exploration,positive,202207_114.0415258_22.5271703.png
roads,broad urban panorama,movement,positive,202207_114.0415258_22.5271703.png
sidewalks,possibilities for movement,walking,positive,202207_114.0415258_22.5271703.png
lanes,sense of openness,navigation,positive,202207_114.0415258_22.5271703.png
streets,explorable area,travel,positive,202207_114.0415258_22.5271703.png
road,sense of confinement,limited exploration,negative,202207_114.0711204_22.525914400000005.png
buildings,feeling of restriction,hesitation to move,negative,202207_114.0711204_22.525914400000005.png
traffic,frustration,avoidance of congestion,negative,202207_114.0711204_22.525914400000005.png
infrastructure,sense of connectivity,utilization of transit,positive,202207_114.0711204_22.525914400000005.png
construction,disruption,altered routes,negative,202207_114.0711204_22.525914400000005.png
street,sense of movement,exploration,positive,202211_113.77730378065276_22.73701757854313.png
median,sense of safety,traversing,positive,202211_113.77730378065276_22.73701757854313.png
sidewalks,comfort in walking,walking,positive,202211_113.77730378065276_22.73701757854313.png
urban landscape,curiosity,exploring further,positive,202211_113.77730378065276_22.73701757854313.png
road,restricted access,caution in movement,negative,202211_113.77730378065276_22.73701757854313.png
buildings,restricted sense of exploration,limited movement,negative,202211_113.77998670000001_22.727497899999996.png
barriers,feeling of confinement,avoidance of space,negative,202211_113.77998670000001_22.727497899999996.png
traffic,lack of freedom,hesitation to explore,negative,202211_113.77998670000001_22.727497899999996.png
road,sense of transit,movement through space,neutral,202211_113.77998670000001_22.727497899999996.png
intersection,sense of scale,exploration,positive,202211_113.7794258_22.7216817.png
roads,opportunities for movement,movement,positive,202211_113.7794258_22.7216817.png
buildings,potential pathways,discovery,positive,202211_113.7794258_22.7216817.png
street,possibilities for movement,exploration,positive,202211_113.78170653341552_22.710430335930678.png
sidewalks,sense of accessibility,walking,positive,202211_113.78170653341552_22.710430335930678.png
trees,larger environment,exploration,positive,202211_113.78170653341552_22.710430335930678.png
buildings,sense of boundary,restriction of movement,negative,202211_113.78170653341552_22.710430335930678.png
barriers,limitation of exploration,hesitation to explore,negative,202211_113.78170653341552_22.710430335930678.png
urban development,crowdedness,avoidance of space,negative,202211_113.78170653341552_22.710430335930678.png
roadway,sense of openness,exploration,positive,202211_113.78291956179339_22.7216500714381.png
trees,potential for exploration,movement,positive,202211_113.78291956179339_22.7216500714381.png
green spaces,varied experiences,engagement,positive,202211_113.78291956179339_22.7216500714381.png
roads,sense of openness,exploration,positive,202211_113.7865158_22.714390699999996.png
overpass,feeling of vastness,movement,positive,202211_113.7865158_22.714390699999996.png
intersection,sense of possibility,decision-making,positive,202211_113.7865158_22.714390699999996.png
buildings,constrained view,limited exploration,negative,202211_113.78304058960535_22.737725950145425.png
road,confined environment,defined pathways,negative,202211_113.78304058960535_22.737725950145425.png
sidewalks,restricted movement,staying close,negative,202211_113.78304058960535_22.737725950145425.png
intersection,sense of possibility,exploration,positive,202211_113.78370155342758_22.7074816970686.png
buildings,urban density,movement,neutral,202211_113.78370155342758_22.7074816970686.png
street,openness,navigation,positive,202211_113.78370155342758_22.7074816970686.png
street,sense of space,movement along the road,positive,202211_113.78558075179616_22.734401360164554.png
buildings,limited perception of scope,restricted exploration,negative,202211_113.78558075179616_22.734401360164554.png
areas,lack of vastness,minimal discovery,negative,202211_113.78558075179616_22.734401360164554.png
pathways,absence of clarity,reduced movement,negative,202211_113.78558075179616_22.734401360164554.png
road,sense of exploration,movement and navigation,positive,202211_113.78739203139185_22.72511476737532.png
greenery,calming environment,engagement with nature,positive,202211_113.78739203139185_22.72511476737532.png
highway,urban scale awareness,broad navigation,positive,202211_113.78739203139185_22.72511476737532.png
boundaries,freedom of movement,exploring directions,positive,202211_113.78739203139185_22.72511476737532.png
intersection,sense of connection,exploration,positive,202211_113.7870944_22.721516699999995.png
buildings,feeling of limitation,hesitation to explore,negative,202211_113.7870944_22.721516699999995.png
highway,vastness of urban expanse,curiosity,neutral,202211_113.7870944_22.721516699999995.png
infrastructure,confinement,avoidance of exploration,negative,202211_113.7870944_22.721516699999995.png
road,sense of openness,exploration,positive,202211_113.7875024254806_22.752434936078743.png
buildings,limited freedom,restricted movement,negative,202211_113.7875024254806_22.752434936078743.png
power lines,constrained environment,hesitation to explore,negative,202211_113.7875024254806_22.752434936078743.png
construction,uncertainty,avoidance,negative,202211_113.7875024254806_22.752434936078743.png
traffic,awareness of limitations,cautious navigation,neutral,202211_113.7875024254806_22.752434936078743.png
road,limited exploration,hesitation to explore,negative,202211_113.7878427500912_22.730293811501266.png
railings,suggested boundaries,caution in movement,negative,202211_113.7878427500912_22.730293811501266.png
highway,sense of distance,forward movement,positive,202211_113.7878427500912_22.730293811501266.png
environment,urban confinement,restricted exploration,negative,202211_113.7878427500912_22.730293811501266.png
buildings,limited exploration,avoidance of exploration,negative,202211_113.78807238764684_22.679775888856494.png
trees,sense of enclosure,restricted movement,negative,202211_113.78807238764684_22.679775888856494.png
street,moderate openness,cautious engagement,neutral,202211_113.78807238764684_22.679775888856494.png
barriers,feeling of confinement,hesitation to explore,negative,202211_113.78807238764684_22.679775888856494.png
road,constrained perspective,limited exploration,negative,202211_113.7880901_22.6966198.png
buildings,sense of urban density,restricted movement,negative,202211_113.7880901_22.6966198.png
traffic,overwhelming presence,hesitation to engage,negative,202211_113.7880901_22.6966198.png
buildings,sense of vastness,exploration,positive,202211_113.788117_22.677831.png
traffic,feeling of busyness,navigating,neutral,202211_113.788117_22.677831.png
road,sense of direction,movement,positive,202211_113.788117_22.677831.png
view,sense of openness,exploration,positive,202211_113.7887506388353_22.740704310661634.png
landscape,awe and curiosity,movement,positive,202211_113.7887506388353_22.740704310661634.png
roads,freedom of movement,travel,positive,202211_113.7887506388353_22.740704310661634.png
green spaces,calmness,relaxation,positive,202211_113.7887506388353_22.740704310661634.png
buildings,urban connectivity,social interaction,positive,202211_113.7887506388353_22.740704310661634.png
roads,sense of openness,movement and exploration,positive,202211_113.78918557199142_22.749255381384106.png
highway,sense of openness,movement and exploration,positive,202211_113.78918557199142_22.749255381384106.png
buildings,feeling of constraint,limited exploration,negative,202211_113.7885606_22.738446.png
intersection,sense of vastness,opportunity for exploration,positive,202211_113.7885606_22.738446.png
railway,transit area feeling,inhibited movement,negative,202211_113.7885606_22.738446.png
road,sense of openness,exploration,positive,202211_113.78890354714758_22.74601816597424.png
overpass,limited possibilities,hesitation to explore,negative,202211_113.78890354714758_22.74601816597424.png
infrastructure,defined boundaries,restricted movement,negative,202211_113.78890354714758_22.74601816597424.png
road,limited exploration,restricted movement,negative,202211_113.79004667585805_22.70128916361529.png
sidewalk,limited exploration,restricted movement,negative,202211_113.79004667585805_22.70128916361529.png
construction,sense of confinement,avoidance of area,negative,202211_113.79004667585805_22.70128916361529.png
development,sense of confinement,avoidance of area,negative,202211_113.79004667585805_22.70128916361529.png
highway,sense of vastness,exploration of routes,positive,202211_113.7894217_22.752072800000004.png
infrastructure,impression of scale,movement within the area,positive,202211_113.7894217_22.752072800000004.png
pathways,feeling of connectivity,navigating through the system,positive,202211_113.7894217_22.752072800000004.png
road,sense of direction,movement along the path,positive,202211_113.789865366151_22.685985015913158.png
buildings,sense of confinement,limited exploration,negative,202211_113.789865366151_22.685985015913158.png
fences,feeling of restriction,avoidance of discovery,negative,202211_113.789865366151_22.685985015913158.png
barriers,limited possibilities,hesitation to explore,negative,202211_113.789865366151_22.685985015913158.png
environment,feeling of broad scope limitation,lack of movement,negative,202211_113.789865366151_22.685985015913158.png
road,sense of openness,encourages exploration,positive,202211_113.79055882943925_22.672146498544933.png
river,calming effect,promotes relaxation,positive,202211_113.79055882943925_22.672146498544933.png
greenery,connection to nature,invites outdoor activities,positive,202211_113.79055882943925_22.672146498544933.png
barriers,feeling of freedom,increases movement,positive,202211_113.79055882943925_22.672146498544933.png
street,sense of exploration,encourages movement,positive,202211_113.7912695_22.7661087.png
overpass,feeling of openness,promotes discovery,positive,202211_113.7912695_22.7661087.png
buildings,urban density,invites navigation,positive,202211_113.7912695_22.7661087.png
cars,sense of limitation,restricts movement,negative,202211_113.7912695_22.7661087.png
streets,sense of openness,movement in multiple directions,positive,202211_113.794634_22.7212886.png
buildings,feeling of potential exploration,exploration of area,positive,202211_113.794634_22.7212886.png
roads,sense of openness,movement in multiple directions,positive,202211_113.794634_22.7212886.png
cityscape,sense of openness,potential exploration,positive,202211_113.794634_22.7212886.png
urban nature,imposed boundaries,limited exploration,negative,202211_113.794634_22.7212886.png
street,sense of openness,encourages exploration,positive,202211_113.79437007537138_22.682460288185617.png
sidewalks,feeling of safety,promotes walking,positive,202211_113.79437007537138_22.682460288185617.png
buildings,urban familiarity,invites interaction,positive,202211_113.79437007537138_22.682460288185617.png
road,sense of movement,exploration,positive,202211_113.79429692960518_22.764511153722612.png
buildings,sense of containment,limited exploration,negative,202211_113.79429692960518_22.764511153722612.png
infrastructure,feeling of restriction,hesitation to explore,negative,202211_113.79429692960518_22.764511153722612.png
streetscape,sense of scale,exploration,positive,202211_113.79350177668738_22.737989125852156.png
trees,invitation to explore,walking along sidewalks,positive,202211_113.79350177668738_22.737989125852156.png
traffic,sense of constraint,hesitation to explore,negative,202211_113.79350177668738_22.737989125852156.png
buildings,feeling of enclosure,limited movement,negative,202211_113.79350177668738_22.737989125852156.png
sidewalks,pathway for movement,walking,neutral,202211_113.79350177668738_22.737989125852156.png
intersection,sense of exploration,encourages movement,positive,202211_113.7948451_22.7100912.png
roads,feeling of connectivity,promotes navigation,positive,202211_113.7948451_22.7100912.png
buildings,urban confinement,limits exploration,negative,202211_113.7948451_22.7100912.png
crosswalks,sense of safety,facilitates crossing,positive,202211_113.7948451_22.7100912.png
street,sense of exploration,encourages movement,positive,202211_113.794994_22.703955800000003.png
buildings,feeling of discovery,inspires curiosity,positive,202211_113.794994_22.703955800000003.png
road,openness,promotes wandering,positive,202211_113.794994_22.703955800000003.png
vehicles,restricted exploration,transit focus,negative,202211_113.79193981834086_22.71943767205122.png
fences,constrained feeling,limited movement,negative,202211_113.79193981834086_22.71943767205122.png
buildings,bounded space,lack of openness,negative,202211_113.79193981834086_22.71943767205122.png
road,sense of openness,exploration,positive,202211_113.79229048303672_22.6689154022437.png
waterway,potential for discovery,engagement with nature,positive,202211_113.79229048303672_22.6689154022437.png
greenery,calming effect,relaxation,positive,202211_113.79229048303672_22.6689154022437.png
vehicles,sense of activity,movement,neutral,202211_113.79229048303672_22.6689154022437.png
buildings,structured environment,navigation,neutral,202211_113.79229048303672_22.6689154022437.png
street,limited exploration,restricted movement,negative,202211_113.79518530836098_22.76959929386346.png
buildings,sense of confinement,avoidance of space,negative,202211_113.79518530836098_22.76959929386346.png
sidewalks,narrow passage,transitory behavior,neutral,202211_113.79518530836098_22.76959929386346.png
traffic,chaotic environment,cautious navigation,negative,202211_113.79518530836098_22.76959929386346.png
fences,restricted exploration,avoid venturing,negative,202211_113.79544105251205_22.737848127648423.png
buildings,limited openness,hesitate to explore,negative,202211_113.79544105251205_22.737848127648423.png
road,focused direction,follow path,neutral,202211_113.79544105251205_22.737848127648423.png
intersection,moderate sense of scope,potential exploration,neutral,202211_113.7957707_22.7341786.png
buildings,limited perceived freedom,restricted movement,negative,202211_113.7957707_22.7341786.png
traffic,constrained exploration,cautious navigation,negative,202211_113.7957707_22.7341786.png
environment,urban setting,adaptation to surroundings,neutral,202211_113.7957707_22.7341786.png
road,limitations on exploration,defined pathways,negative,202211_113.7972678_22.751497699999998.png
traffic,constrained movement,restricted exploration,negative,202211_113.7972678_22.751497699999998.png
infrastructure,urban confinement,limited navigation,negative,202211_113.7972678_22.751497699999998.png
buildings,sense of boundaries,limited exploration,negative,202211_113.79678975316196_22.71011567786458.png
roads,constrained movement,restricted navigation,negative,202211_113.79678975316196_22.71011567786458.png
sidewalks,defined pathways,directed travel,neutral,202211_113.79678975316196_22.71011567786458.png
street,constrained sense of freedom,limited exploration,negative,202211_113.79873311776561_22.754680687830483.png
traffic,stressful environment,avoidance of movement,negative,202211_113.79873311776561_22.754680687830483.png
fences,restricted access,hesitation to engage,negative,202211_113.79873311776561_22.754680687830483.png
buildings,overwhelming presence,withdrawal from space,negative,202211_113.79873311776561_22.754680687830483.png
commercial,busy atmosphere,increased activity,neutral,202211_113.79873311776561_22.754680687830483.png
road,sense of expanse,exploration,positive,202211_113.7991550936337_22.686108842505572.png
buildings,sense of enclosure,restriction,negative,202211_113.7991550936337_22.686108842505572.png
buildings,feeling of confinement,limited exploration,negative,202211_113.80012963169145_22.73168592170157.png
sidewalks,functional transit,movement along the street,neutral,202211_113.80012963169145_22.73168592170157.png
traffic,sense of urgency,hurry to destination,negative,202211_113.80012963169145_22.73168592170157.png
roads,sense of exploration,encourages movement,positive,202211_113.79916404413021_22.68246341157333.png
buildings,feeling of vastness,invites discovery,positive,202211_113.79916404413021_22.68246341157333.png
sidewalks,comfort in navigation,promotes walking,positive,202211_113.79916404413021_22.68246341157333.png
street,sense of potential exploration,encourages exploration,positive,202211_113.80026575345416_22.723921665747103.png
barriers,feeling of limitation,restricts movement,negative,202211_113.80026575345416_22.723921665747103.png
sidewalks,sense of safety,promotes walking,positive,202211_113.80026575345416_22.723921665747103.png
intersection,sense of openness,encourages exploration,positive,202211_113.7997937_22.707590499999995.png
sidewalks,possibilities for movement,promotes walking,positive,202211_113.7997937_22.707590499999995.png
buildings,imposed limitations,restricts exploration,negative,202211_113.7997937_22.707590499999995.png
traffic,feeling of constraint,discourages movement,negative,202211_113.7997937_22.707590499999995.png
street,feeling of confinement,limited exploration,negative,202211_113.7995817_22.704094600000005.png
sidewalks,feeling of confinement,limited exploration,negative,202211_113.7995817_22.704094600000005.png
traffic,feeling of confinement,limited exploration,negative,202211_113.7995817_22.704094600000005.png
buildings,feeling of confinement,limited exploration,negative,202211_113.7995817_22.704094600000005.png
road,limited exploration,walking along the path,negative,202211_113.80061823030748_22.772759728708166.png
buildings,restricted freedom,avoiding certain areas,negative,202211_113.80061823030748_22.772759728708166.png
infrastructure,bounded environment,navigating within limits,negative,202211_113.80061823030748_22.772759728708166.png
open,implied movement,exploring possibilities,positive,202211_113.80061823030748_22.772759728708166.png
road,degree of openness,movement,positive,202211_113.8021243_22.703507899999998.png
vehicles,limited freedom for exploration,avoidance of exploration,negative,202211_113.8021243_22.703507899999998.png
infrastructure,focus on transit and commerce,engagement in commerce,neutral,202211_113.8021243_22.703507899999998.png
street,sense of openness,exploration,positive,202211_113.8017865_22.6838826.png
buildings,varied structures,discovering areas,positive,202211_113.8017865_22.6838826.png
overpass,potential for exploration,moving through the city,positive,202211_113.8017865_22.6838826.png
roads,sense of openness,exploration,positive,202211_113.80055113151711_22.67389485421088.png
lanes,freedom of movement,navigation,positive,202211_113.80055113151711_22.67389485421088.png
landscape,awe and curiosity,engagement with surroundings,positive,202211_113.80055113151711_22.67389485421088.png
street,sense of exploration,encourages movement,positive,202211_113.802514016974_22.733077252307645.png
sidewalks,feeling of safety,promotes walking,positive,202211_113.802514016974_22.733077252307645.png
road,openness to discovery,invites exploration,positive,202211_113.802514016974_22.733077252307645.png
roads,sense of scale,exploration,positive,202211_113.8041477_22.688541199999996.png
buildings,sense of scale,exploration,positive,202211_113.8041477_22.688541199999996.png
urban,limited exploration,restricted movement,negative,202211_113.8041477_22.688541199999996.png
traffic,limited exploration,restricted movement,negative,202211_113.8041477_22.688541199999996.png
construction,limited exploration,restricted movement,negative,202211_113.8041477_22.688541199999996.png
intersection,degree of openness,exploration,positive,202211_113.8006675_22.7256871.png
buildings,limited exploration,navigation,negative,202211_113.8006675_22.7256871.png
traffic,urban infrastructure dominance,avoidance,negative,202211_113.8006675_22.7256871.png
street,limited freedom of exploration,discouraged movement,negative,202211_113.8025674_22.754007199999997.png
buildings,constrained environment,reduced exploration,negative,202211_113.8025674_22.754007199999997.png
traffic,sense of restriction,hesitant navigation,negative,202211_113.8025674_22.754007199999997.png
road,sense of openness,exploration,positive,202211_113.80511405552055_22.76084920992534.png
traffic,feeling of constraint,limited movement,negative,202211_113.80511405552055_22.76084920992534.png
sidewalks,visible boundaries,restricted navigation,negative,202211_113.80511405552055_22.76084920992534.png
urban layout,constrained freedom,directional limitation,negative,202211_113.80511405552055_22.76084920992534.png
road,sense of breadth,potential for travel,positive,202211_113.8041727_22.7795268.png
sidewalks,hint of exploration,encourages walking,positive,202211_113.8041727_22.7795268.png
greenery,inviting environment,promotes relaxation,positive,202211_113.8041727_22.7795268.png
vehicle,limited exploration,restricts movement,negative,202211_113.8041727_22.7795268.png
roads,sense of openness,exploration,positive,202211_113.8057355_22.673866700000005.png
buildings,limited exploration,avoidance,negative,202211_113.8057355_22.673866700000005.png
traffic,sense of boundaries,restriction,negative,202211_113.8057355_22.673866700000005.png
street,limited exploration,constrained movement,negative,202211_113.80678275140282_22.722272628429288.png
buildings,defined areas,restricted navigation,negative,202211_113.80678275140282_22.722272628429288.png
infrastructure,clear boundaries,limited freedom,negative,202211_113.80678275140282_22.722272628429288.png
traffic,constrained potential,hesitant movement,negative,202211_113.80678275140282_22.722272628429288.png
road,scope for exploration,movement and discovery,positive,202211_113.80678930000002_22.665553.png
areas,sense of openness,encouraging exploration,positive,202211_113.80678930000002_22.665553.png
buildings,visual cues,navigation,positive,202211_113.80678930000002_22.665553.png
infrastructure,imposed boundaries,restricted movement,negative,202211_113.80678930000002_22.665553.png
street,sense of openness,exploration,positive,202211_113.80604_22.7185322.png
lanes,possibilities for movement,movement,positive,202211_113.80604_22.7185322.png
buildings,imposed boundaries,restricted exploration,negative,202211_113.80604_22.7185322.png
structure,limitations on exploration,cautious movement,negative,202211_113.80604_22.7185322.png
intersection,limited spaciousness,restricted exploration,negative,202211_113.8079517_22.735531800000004.png
roads,sense of movement,navigating traffic,neutral,202211_113.8079517_22.735531800000004.png
buildings,constrained freedom,hesitant movement,negative,202211_113.8079517_22.735531800000004.png
intersection,sense of exploration,movement through space,positive,202211_113.8067898_22.7047194.png
buildings,large urban setting,navigating pathways,neutral,202211_113.8067898_22.7047194.png
roadways,limited exploration,following defined paths,negative,202211_113.8067898_22.7047194.png
roads,sense of openness,movement and exploration,positive,202211_113.8077616_22.622286599999995.png
sky,sense of openness,movement and exploration,positive,202211_113.8077616_22.622286599999995.png
infrastructure,implied larger context,exploration,neutral,202211_113.8077616_22.622286599999995.png
barriers,limited possibilities,restricted exploration,negative,202211_113.8077616_22.622286599999995.png
sidewalk,restricted freedom,limited exploration,negative,202211_113.80912177043206_22.61110371298426.png
road,constrained movement,avoidance of busy areas,negative,202211_113.80912177043206_22.61110371298426.png
fencing,feeling of enclosure,hesitation to explore,negative,202211_113.80912177043206_22.61110371298426.png
traffic,anxiety about safety,staying close to paths,negative,202211_113.80912177043206_22.61110371298426.png
buildings,structured environment,limited curiosity,negative,202211_113.80912177043206_22.61110371298426.png
buildings,limited exploration,restricted movement,negative,202211_113.8092688_22.7242032.png
traffic,stressful environment,hesitation to explore,negative,202211_113.8092688_22.7242032.png
fences,sense of confinement,avoidance of certain areas,negative,202211_113.8092688_22.7242032.png
sidewalks,some accessibility,limited movement,neutral,202211_113.8092688_22.7242032.png
roads,busy atmosphere,caution in movement,negative,202211_113.8092688_22.7242032.png
buildings,constrained exploration,limited movement,negative,202211_113.8082633_22.674981199999994.png
traffic,busy environment,hesitation to engage,negative,202211_113.8082633_22.674981199999994.png
construction,sense of change,curiosity about future,neutral,202211_113.8082633_22.674981199999994.png
intersection,lack of vastness,avoidance of exploration,negative,202211_113.8082633_22.674981199999994.png
street,potential for exploration,exploring the area,positive,202211_113.8100430382602_22.746583540331518.png
buildings,sense of confinement,limited movement,negative,202211_113.8100430382602_22.746583540331518.png
traffic,busy environment,hesitation to navigate,negative,202211_113.8100430382602_22.746583540331518.png
sidewalks,structured pathways,walking cautiously,neutral,202211_113.8100430382602_22.746583540331518.png
intersection,sense of openness,movement and exploration,positive,202211_113.8102875_22.713581799999996.png
roads,sense of openness,movement and exploration,positive,202211_113.8102875_22.713581799999996.png
structures,sense of openness,movement and exploration,positive,202211_113.8102875_22.713581799999996.png
road,sense of openness,exploration,positive,202211_113.8104048_22.698300300000003.png
greenery,calming effect,relaxation,positive,202211_113.8104048_22.698300300000003.png
buildings,impression of scale,movement,positive,202211_113.8104048_22.698300300000003.png
markings,clarity and order,navigation,positive,202211_113.8104048_22.698300300000003.png
structure,enhanced perspective,exploration,positive,202211_113.8104048_22.698300300000003.png
fencing,restricted sense of open space,limited exploration,negative,202211_113.8109161_22.7844666.png
buildings,sense of confinement,avoidance of movement,negative,202211_113.8109161_22.7844666.png
construction,feeling of barriers,reduced exploration,negative,202211_113.8109161_22.7844666.png
road,sense of continuation,opportunities for movement,positive,202211_113.81151710000002_22.7109241.png
sidewalks,openness,exploration,positive,202211_113.81151710000002_22.7109241.png
infrastructure,urban connectivity,engagement with environment,positive,202211_113.81151710000002_22.7109241.png
highway,sense of openness,exploration,positive,202211_113.8118071_22.6277088.png
buildings,urban familiarity,movement,positive,202211_113.8118071_22.6277088.png
road,constrained freedom,caution in navigation,negative,202211_113.8118071_22.6277088.png
intersection,sense of confinement,limited exploration,negative,202211_113.8125125_22.7035565.png
sidewalks,restricted movement,hesitant walking,negative,202211_113.8125125_22.7035565.png
traffic,overwhelming presence,avoidance of crossing,negative,202211_113.8125125_22.7035565.png
buildings,visual expanse,curiosity,neutral,202211_113.8125125_22.7035565.png
sidewalks,limited exploration,hesitant movement,negative,202211_113.8128071_22.708036599999993.png
barriers,restricted freedom,avoidance of areas,negative,202211_113.8128071_22.708036599999993.png
bridges,sense of connection,exploration of surroundings,positive,202211_113.8128071_22.708036599999993.png
structures,broader context,increased movement,positive,202211_113.8128071_22.708036599999993.png
street,sense of openness,exploration,positive,202211_113.81289118247106_22.69315953144936.png
buildings,feeling of connectivity,navigating through the area,positive,202211_113.81289118247106_22.69315953144936.png
overpass,complexity of environment,engaging with urban infrastructure,positive,202211_113.81289118247106_22.69315953144936.png
highway,sense of openness,movement in many directions,positive,202211_113.8129691_22.612454500000002.png
lanes,clear visibility,enhanced exploration,positive,202211_113.8129691_22.612454500000002.png
obstructions,broad scope,increased freedom,positive,202211_113.8129691_22.612454500000002.png
road,sense of openness,exploration,positive,202211_113.8131533_22.734941999999997.png
buildings,urban network implication,movement,neutral,202211_113.8131533_22.734941999999997.png
barriers,limited exploration,hesitation,negative,202211_113.8131533_22.734941999999997.png
street,sense of spaciousness,movement and exploration,positive,202211_113.81342750000002_22.609136699999993.png
buildings,opportunities for exploration,exploration,positive,202211_113.81342750000002_22.609136699999993.png
roadway,sense of openness,movement in various directions,positive,202211_113.813906_22.723575499999992.png
landscape,implied spaciousness,exploration of the area,positive,202211_113.813906_22.723575499999992.png
buildings,presence of structure,navigation through urban space,neutral,202211_113.813906_22.723575499999992.png
infrastructure,supportive environment,utilization of urban facilities,neutral,202211_113.813906_22.723575499999992.png
intersection,limited movement possibilities,cautious navigation,negative,202211_113.8155625_22.6925975.png
buildings,sense of confinement,restricted exploration,negative,202211_113.8155625_22.6925975.png
traffic,awareness of regulations,compliance with rules,neutral,202211_113.8155625_22.6925975.png
road,some directionality,decision-making on routes,positive,202211_113.8155625_22.6925975.png
fencing,limited exploration,restricted movement,negative,202211_113.8148696_22.791219799999997.png
buildings,constrained freedom,hesitant wandering,negative,202211_113.8148696_22.791219799999997.png
construction,lack of openness,avoidance of areas,negative,202211_113.8148696_22.791219799999997.png
street,moderate exploration,movement and discovery,positive,202211_113.81445444997044_22.71011397201815.png
pathways,sense of direction,exploration,positive,202211_113.81445444997044_22.71011397201815.png
vehicles,implied boundaries,restricted movement,negative,202211_113.81445444997044_22.71011397201815.png
shops,limited openness,cautious exploration,negative,202211_113.81445444997044_22.71011397201815.png
street,sense of distance,exploration,positive,202211_113.81788238289876_22.73720803948338.png
buildings,connected urban environment,movement,positive,202211_113.81788238289876_22.73720803948338.png
greenery,larger urban landscape,exploration,positive,202211_113.81788238289876_22.73720803948338.png
traffic,physical boundaries,caution,negative,202211_113.81788238289876_22.73720803948338.png
road,sense of scale,exploration,neutral,202211_113.8169133_22.7276972.png
buildings,feeling of confinement,hesitation to explore,negative,202211_113.8169133_22.7276972.png
barriers,restriction of movement,avoidance of certain areas,negative,202211_113.8169133_22.7276972.png
infrastructure,overwhelming presence,limited exploration,negative,202211_113.8169133_22.7276972.png
urban setting,sense of boundaries,reduced movement,negative,202211_113.8169133_22.7276972.png
roads,sense of openness,encourages movement,positive,202211_113.81906263455099_22.645171396168205.png
infrastructure,urban familiarity,promotes exploration,positive,202211_113.81906263455099_22.645171396168205.png
view,awe and curiosity,stimulates exploration,positive,202211_113.81906263455099_22.645171396168205.png
traffic,dynamic environment,encourages activity,positive,202211_113.81906263455099_22.645171396168205.png
sidewalks,safety and accessibility,facilitates walking,positive,202211_113.81906263455099_22.645171396168205.png
intersection,connectivity,invites interaction,positive,202211_113.81906263455099_22.645171396168205.png
development,sense of growth,encourages exploration,positive,202211_113.81906263455099_22.645171396168205.png
street,sense of movement,exploration,positive,202211_113.8166272_22.739275599999992.png
lanes,sense of breadth,navigation,positive,202211_113.8166272_22.739275599999992.png
walkways,sense of connectivity,interaction,positive,202211_113.8166272_22.739275599999992.png
vehicles,sense of activity,engagement,positive,202211_113.8166272_22.739275599999992.png
pedestrians,sense of community,socializing,positive,202211_113.8166272_22.739275599999992.png
urban fabric,sense of discovery,exploration,positive,202211_113.8166272_22.739275599999992.png
road,sense of enclosure,limited exploration,negative,202211_113.819258_22.731765400000004.png
buildings,large urban expanse,encouraged movement,positive,202211_113.819258_22.731765400000004.png
infrastructure,imposing presence,restricted navigation,negative,202211_113.819258_22.731765400000004.png
road,sense of openness,exploration,positive,202211_113.8195161_22.77372370000001.png
buildings,curiosity,discovery,positive,202211_113.8195161_22.77372370000001.png
sightlines,clarity,movement,positive,202211_113.8195161_22.77372370000001.png
street,limited freedom of movement,avoid exploration,negative,202211_113.81947015099487_22.662134225639655.png
traffic,stress and anxiety,hesitate to navigate,negative,202211_113.81947015099487_22.662134225639655.png
barriers,feeling of confinement,restrict movement,negative,202211_113.81947015099487_22.662134225639655.png
construction,disruption of flow,avoidance of the area,negative,202211_113.81947015099487_22.662134225639655.png
buildings,sense of enclosure,limit exploration,negative,202211_113.81947015099487_22.662134225639655.png
road,sense of confinement,limited exploration,negative,202211_113.82000803448553_22.737425312514915.png
highways,sense of confinement,limited exploration,negative,202211_113.82000803448553_22.737425312514915.png
buildings,sense of confinement,limited exploration,negative,202211_113.82000803448553_22.737425312514915.png
intersection,sense of openness,exploration,positive,202211_113.8199394_22.793124199999998.png
road,constrained freedom,limited movement,negative,202211_113.8199394_22.793124199999998.png
greenery,calming effect,enjoyment of nature,positive,202211_113.8199394_22.793124199999998.png
urban,sense of confinement,hesitation to explore,negative,202211_113.8199394_22.793124199999998.png
intersection,sense of openness,exploration,positive,202211_113.8205107_22.7671101.png
road,confined experience,hesitation to move,negative,202211_113.8205107_22.7671101.png
structures,feeling of limitation,reduced exploration,negative,202211_113.8205107_22.7671101.png
traffic,stress or anxiety,avoidance of movement,negative,202211_113.8205107_22.7671101.png
intersection,sense of openness,exploration,positive,202211_113.820637_22.746738299999997.png
buildings,urban density,engagement with city life,positive,202211_113.820637_22.746738299999997.png
sky,freedom,movement,positive,202211_113.820637_22.746738299999997.png
road,journey potential,travel,positive,202211_113.820637_22.746738299999997.png
road,sense of movement,navigate through space,positive,202211_113.81980788593135_22.735630519639678.png
buildings,feeling of confinement,limit exploration,negative,202211_113.81980788593135_22.735630519639678.png
highways,structured environment,follow predefined routes,negative,202211_113.81980788593135_22.735630519639678.png
traffic,overwhelming scale,hesitate to explore,negative,202211_113.81980788593135_22.735630519639678.png
street,limited exploration,restricted movement,negative,202211_113.82056086631368_22.770003645758248.png
buildings,sense of boundaries,discouraged exploration,negative,202211_113.82056086631368_22.770003645758248.png
vehicles,constrained options,hesitant navigation,negative,202211_113.82056086631368_22.770003645758248.png
road,transit corridor impression,limited exploration,negative,202211_113.8215298_22.7856815.png
sidewalks,defined pathways,restricted movement,negative,202211_113.8215298_22.7856815.png
fencing,constrained exploration,discouraged discovery,negative,202211_113.8215298_22.7856815.png
signage,guidance provided,navigational assistance,neutral,202211_113.8215298_22.7856815.png
bridge,connectivity,movement across,positive,202211_113.8215298_22.7856815.png
landscape,sense of openness,exploration,positive,202211_113.8222678_22.6425994.png
traffic,feeling of discomfort,avoidance,negative,202211_113.8222678_22.6425994.png
buildings,urban density,navigation,neutral,202211_113.8222678_22.6425994.png
walkway,sense of safety,movement,positive,202211_113.8222678_22.6425994.png
intersection,sense of openness,exploration,positive,202211_113.8224325_22.781893600000004.png
lanes,freedom of movement,movement,positive,202211_113.8224325_22.781893600000004.png
cityscape,curiosity,exploration,positive,202211_113.8224325_22.781893600000004.png
vehicles,congestion,hesitation,negative,202211_113.8224325_22.781893600000004.png
roads,sense of openness,exploration and movement,positive,202211_113.8238756_22.7243285.png
lanes,sense of openness,exploration and movement,positive,202211_113.8238756_22.7243285.png
intersection,sense of openness,exploration and movement,positive,202211_113.8238756_22.7243285.png
cityscape,sense of openness,exploration and movement,positive,202211_113.8238756_22.7243285.png
street,sense of openness,exploration,positive,202211_113.82408051311815_22.728240040511928.png
sidewalks,sense of safety,walking,positive,202211_113.82408051311815_22.728240040511928.png
green areas,relaxation,leisure activities,positive,202211_113.82408051311815_22.728240040511928.png
traffic,feeling restricted,hesitation to move,negative,202211_113.82408051311815_22.728240040511928.png
intersection,sense of openness,potential for movement,positive,202211_113.8243632337177_22.64904179448346.png
greenery,sense of breadth,encouragement to explore,positive,202211_113.8243632337177_22.64904179448346.png
urban structures,limited perception,restricted exploration,negative,202211_113.8243632337177_22.64904179448346.png
buildings,sense of exploration,desire to explore,positive,202211_113.82538028408688_22.719057105167444.png
road,feeling of transit,limited exploration,negative,202211_113.82538028408688_22.719057105167444.png
road,limited exploration,restricted movement,negative,202211_113.8262261_22.649557699999992.png
embankments,sense of boundaries,avoidance of pathways,negative,202211_113.8262261_22.649557699999992.png
pathways,lack of opportunities,minimal exploration,negative,202211_113.8262261_22.649557699999992.png
roads,freedom to move,explore different directions,positive,202211_113.8262488_22.767480499999998.png
intersection,sense of exploration,navigate the road network,positive,202211_113.8262488_22.767480499999998.png
urban development,implied boundaries,navigate within limits,negative,202211_113.8262488_22.767480499999998.png
road,sense of spaciousness,movement in multiple directions,positive,202211_113.82573916010743_22.61515316408649.png
greenery,sense of openness,exploration,positive,202211_113.82573916010743_22.61515316408649.png
traffic,limitations to exploration,restricted movement,negative,202211_113.82573916010743_22.61515316408649.png
road,sense of openness,exploration,positive,202211_113.8240045_22.6143394.png
sky,sense of openness,exploration,positive,202211_113.8240045_22.6143394.png
median,defined route,navigation,neutral,202211_113.8240045_22.6143394.png
trees,sense of breadth,exploration,positive,202211_113.8240045_22.6143394.png
vehicle,limited perspective,passive observation,negative,202211_113.8240045_22.6143394.png
sidewalks,restricted freedom,limited exploration,negative,202211_113.8267783_22.775719399999996.png
roads,restricted freedom,limited exploration,negative,202211_113.8267783_22.775719399999996.png
barriers,restricted freedom,limited exploration,negative,202211_113.8267783_22.775719399999996.png
construction,restricted freedom,limited exploration,negative,202211_113.8267783_22.775719399999996.png
intersection,restricted freedom,limited exploration,negative,202211_113.8267783_22.775719399999996.png
road,sense of openness,moving in different directions,positive,202211_113.82747384253616_22.615966911644556.png
trees,sense of openness,moving in different directions,positive,202211_113.82747384253616_22.615966911644556.png
traffic,subtle limitations on exploration,restricted exploration,negative,202211_113.82747384253616_22.615966911644556.png
urban setting,subtle limitations on exploration,restricted exploration,negative,202211_113.82747384253616_22.615966911644556.png
street,limited exploration,restricted movement,negative,202211_113.8287431434808_22.765775781659993.png
sidewalks,sense of openness,encouraged walking,positive,202211_113.8287431434808_22.765775781659993.png
buildings,constrained freedom,hesitation to explore,negative,202211_113.8287431434808_22.765775781659993.png
railway,feeling of confinement,avoidance of certain areas,negative,202211_113.8287431434808_22.765775781659993.png
road,limited exploration,restricted movement,negative,202211_113.8289369_22.620437200000005.png
sidewalks,constrained pathways,direct travel,negative,202211_113.8289369_22.620437200000005.png
fences,bounded space,avoidance of exploration,negative,202211_113.8289369_22.620437200000005.png
road,limited exploration,transit use,negative,202211_113.8290642_22.6334903.png
landscape,highly developed,restricted movement,negative,202211_113.8290642_22.6334903.png
areas,lack of discovery,minimal engagement,negative,202211_113.8290642_22.6334903.png
road,limited exploration,restricted movement,negative,202211_113.8291359_22.6271889.png
barriers,sense of confinement,avoidance of new directions,negative,202211_113.8291359_22.6271889.png
infrastructure,feeling of restriction,lack of discovery,negative,202211_113.8291359_22.6271889.png
road,sense of scale,movement through space,positive,202211_113.82909389190422_22.798728128163745.png
vehicles,overwhelmed by traffic,avoidance of congestion,negative,202211_113.82909389190422_22.798728128163745.png
building,curiosity about surroundings,exploration of area,positive,202211_113.82909389190422_22.798728128163745.png
hills,connection to nature,desire for outdoor activities,positive,202211_113.82909389190422_22.798728128163745.png
road,sense of openness,exploration,positive,202211_113.82926420000001_22.616800299999994.png
buildings,feeling of confinement,hesitation to explore,negative,202211_113.82926420000001_22.616800299999994.png
overpasses,curiosity,seeking new routes,positive,202211_113.82926420000001_22.616800299999994.png
buildings,limited freedom of movement,cautious navigation,negative,202211_113.8305193_22.6370608.png
barriers,sense of confinement,hesitant crossing,negative,202211_113.8305193_22.6370608.png
sidewalks,moderate safety,walking,positive,202211_113.8305193_22.6370608.png
roads,active traffic awareness,careful observation,neutral,202211_113.8305193_22.6370608.png
road,limited possibilities,exploration avoidance,negative,202211_113.8300241_22.720450199999995.png
buildings,constrained environment,lack of engagement,negative,202211_113.8300241_22.720450199999995.png
street,limited exploration,avoidance of interaction,negative,202211_113.8310197_22.774946600000003.png
buildings,constrained environment,hesitation to explore,negative,202211_113.8310197_22.774946600000003.png
traffic,stressful navigation,cautious movement,negative,202211_113.8310197_22.774946600000003.png
road,sense of openness,possible exploration,positive,202211_113.831238_22.6301727.png
structures,broad urban landscape,movement within the city,positive,202211_113.831238_22.6301727.png
boundaries,feeling of confinement,hesitation to explore,negative,202211_113.831238_22.6301727.png
road,confined feeling,limited exploration,negative,202211_113.83197309305298_22.704721128144403.png
barriers,restricted view,hesitation to explore,negative,202211_113.83197309305298_22.704721128144403.png
urban,overwhelmed sensation,avoidance of exploration,negative,202211_113.83197309305298_22.704721128144403.png
highway,restricted freedom of movement,limited exploration,negative,202211_113.8319583_22.794324499999995.png
traffic,frustration,avoidance of congestion,negative,202211_113.8319583_22.794324499999995.png
buildings,urban density,navigating through city,neutral,202211_113.8319583_22.794324499999995.png
trees,lack of greenery,desire for nature,negative,202211_113.8319583_22.794324499999995.png
street,sense of openness,moving in a direction,positive,202211_113.83265292629095_22.7449197751454.png
buildings,feeling of boundaries,limited exploration,negative,202211_113.83265292629095_22.7449197751454.png
traffic,sense of confinement,restricted movement,negative,202211_113.83265292629095_22.7449197751454.png
road,linear path,traveling along,neutral,202211_113.83265292629095_22.7449197751454.png
landscapes,sense of vastness,infinite exploration,positive,202211_113.83265292629095_22.7449197751454.png
intersection,defined urban zone,limited exploration,negative,202211_113.8329816_22.758148399999996.png
buildings,considerable urban area,engagement with surroundings,positive,202211_113.8329816_22.758148399999996.png
roads,structured environment,navigating paths,neutral,202211_113.8329816_22.758148399999996.png
paths,defined movement,walking through space,neutral,202211_113.8329816_22.758148399999996.png
roads,sense of openness,opportunity for exploration,positive,202211_113.8345495_22.6195349.png
sky,sense of openness,opportunity for exploration,positive,202211_113.8345495_22.6195349.png
lanes,limited exploration,vehicular travel,negative,202211_113.8345495_22.6195349.png
routes,implied exploration,vehicular travel,neutral,202211_113.8345495_22.6195349.png
street,sense of openness,explore the area,positive,202211_113.8340601_22.743501199999997.png
buildings,urban familiarity,navigate through the city,positive,202211_113.8340601_22.743501199999997.png
greenery,calming effect,engage with nature,positive,202211_113.8340601_22.743501199999997.png
overpass,sense of connectivity,move across the road,positive,202211_113.8340601_22.743501199999997.png
road,sense of openness,exploration,positive,202211_113.834144_22.8052877.png
buildings,urban expanse,navigation,positive,202211_113.834144_22.8052877.png
trees,enhanced environment,relaxation,positive,202211_113.834144_22.8052877.png
cars,limited exploration,restricted movement,negative,202211_113.8337082_22.6138481.png
buildings,sense of enclosure,lack of discovery,negative,202211_113.8337082_22.6138481.png
infrastructure,defined boundaries,constrained exploration,negative,202211_113.8337082_22.6138481.png
road,sense of openness,movement along its length,positive,202211_113.8347799_22.784325.png
buildings,imposed boundaries,limited exploration,negative,202211_113.8347799_22.784325.png
cityscape,sense of progression,navigating the space,neutral,202211_113.8347799_22.784325.png
street,limited exploration,restricted movement,negative,202211_113.83491565605196_22.752468916215623.png
sidewalks,defined pathway,constrained navigation,negative,202211_113.83491565605196_22.752468916215623.png
traffic,feeling of danger,avoidance of the area,negative,202211_113.83491565605196_22.752468916215623.png
fences,lack of openness,hesitation to explore,negative,202211_113.83491565605196_22.752468916215623.png
environment,constrained freedom,limited engagement,negative,202211_113.83491565605196_22.752468916215623.png
roads,sense of openness,movement and discovery,positive,202211_113.83508787706933_22.72382364074707.png
areas,sense of exploration,exploration,positive,202211_113.83508787706933_22.72382364074707.png
landscape,sense of possibility,discovery,positive,202211_113.83508787706933_22.72382364074707.png
roads,limited exploration,restricted movement,negative,202211_113.8352178_22.782021699999998.png
buildings,sense of confinement,avoidance of open spaces,negative,202211_113.8352178_22.782021699999998.png
traffic,overwhelmed feeling,hesitation to navigate,negative,202211_113.8352178_22.782021699999998.png
pedestrian pathways,sense of direction,utilization of available routes,positive,202211_113.8352178_22.782021699999998.png
urban infrastructure,restricted openness,constrained exploration,negative,202211_113.8352178_22.782021699999998.png
view,limited perspective,reduced engagement with surroundings,negative,202211_113.8352178_22.782021699999998.png
road,confined feeling,limited exploration,negative,202211_113.83526404667593_22.611700474525044.png
buildings,restricted vastness,decreased freedom,negative,202211_113.83526404667593_22.611700474525044.png
boundaries,sense of limitation,avoidance of exploration,negative,202211_113.83526404667593_22.611700474525044.png
street,limited exploration,hesitation to explore,negative,202211_113.83579296108479_22.754490174676274.png
buildings,confinement,restricted movement,negative,202211_113.83579296108479_22.754490174676274.png
sidewalks,some space for movement,walking,positive,202211_113.83579296108479_22.754490174676274.png
roadways,structured environment,navigating through space,neutral,202211_113.83579296108479_22.754490174676274.png
construction,dense surroundings,avoidance of exploration,negative,202211_113.83579296108479_22.754490174676274.png
street,limited exploration,avoidance of movement,negative,202211_113.83586272797584_22.70472169611849.png
sidewalks,contained feeling,restricted wandering,negative,202211_113.83586272797584_22.70472169611849.png
entrance,lack of openness,hesitation to enter,negative,202211_113.83586272797584_22.70472169611849.png
boundaries,constrained movement,limited exploration,negative,202211_113.83586272797584_22.70472169611849.png
compound,urban containment,reduced curiosity,negative,202211_113.83586272797584_22.70472169611849.png
road,sense of freedom,encouraging exploration,positive,202211_113.83656867620411_22.582477907037116.png
landscape,feeling of openness,promoting movement,positive,202211_113.83656867620411_22.582477907037116.png
trees,implied vastness,encouraging exploration,positive,202211_113.83656867620411_22.582477907037116.png
road,sense of scope,movement and exploration,positive,202211_113.836346_22.638564300000002.png
buildings,feeling of expansiveness,exploration,positive,202211_113.836346_22.638564300000002.png
trees,feeling of expansiveness,exploration,positive,202211_113.836346_22.638564300000002.png
sky,sense of openness,movement,positive,202211_113.836346_22.638564300000002.png
street,sense of openness,explore in multiple directions,positive,202211_113.8358525903324_22.742800056357705.png
walkway,sense of movement,opportunities for discovery,positive,202211_113.8358525903324_22.742800056357705.png
buildings,visible expanse,encouragement to explore,positive,202211_113.8358525903324_22.742800056357705.png
trees,enhanced openness,invitation to explore,positive,202211_113.8358525903324_22.742800056357705.png
landscaped areas,sense of tranquility,promote exploration,positive,202211_113.8358525903324_22.742800056357705.png
road,sense of forward movement,encourages exploration,positive,202211_113.83756681273348_22.74720177336638.png
buildings,feeling of confinement,restricts movement,negative,202211_113.83756681273348_22.74720177336638.png
fences,limitations on freedom,discourages exploration,negative,202211_113.83756681273348_22.74720177336638.png
greenery,sense of openness,invites relaxation,positive,202211_113.83756681273348_22.74720177336638.png
intersection,sense of exploration,exploring surroundings,positive,202211_113.8376261_22.770963599999998.png
buildings,sense of spaciousness,moving freely,positive,202211_113.8376261_22.770963599999998.png
sky,feeling of openness,engaging with the environment,positive,202211_113.8376261_22.770963599999998.png
traffic,sense of caution,navigating carefully,negative,202211_113.8376261_22.770963599999998.png
road,contained area,limited exploration,negative,202211_113.83750776127192_22.58089821058533.png
vegetation,defined boundaries,restricted movement,negative,202211_113.83750776127192_22.58089821058533.png
fences,clear limits,discouraged wandering,negative,202211_113.83750776127192_22.58089821058533.png
road,sense of openness,movement exploration,positive,202211_113.8377868_22.6123292.png
urban,limitations on exploration,restricted movement,negative,202211_113.8377868_22.6123292.png
road,sense of openness,continuing movement,positive,202211_113.83840317386104_22.70831987854843.png
barricades,controlled environment,limitations on exploration,negative,202211_113.83840317386104_22.70831987854843.png
buildings,visible progression,encouragement to explore,neutral,202211_113.83840317386104_22.70831987854843.png
trees,sense of openness,continuing movement,positive,202211_113.83840317386104_22.70831987854843.png
road,limited exploration,avoidance of movement,negative,202211_113.8379821_22.8048093.png
infrastructure,constrained possibilities,hesitation to engage,negative,202211_113.8379821_22.8048093.png
greenery,lack of openness,reduced curiosity,negative,202211_113.8379821_22.8048093.png
sidewalks,marginal comfort,limited walking,negative,202211_113.8379821_22.8048093.png
bridge,sense of separation,disengagement from surroundings,negative,202211_113.8379821_22.8048093.png
road,sense of exploration,encourages exploration,positive,202211_113.84048360000001_22.7472003.png
structures,feeling of vastness,invites curiosity,positive,202211_113.84048360000001_22.7472003.png
traffic,sense of confinement,restricts movement,negative,202211_113.84048360000001_22.7472003.png
development,urban density,creates boundaries,negative,202211_113.84048360000001_22.7472003.png
street,sense of scale,exploration,positive,202211_113.8388462_22.767234999999992.png
buildings,feeling of larger environment,engagement with surroundings,positive,202211_113.8388462_22.767234999999992.png
street,potential for exploration,exploration,positive,202211_113.8436113_22.612272900000004.png
traffic,limited feeling of movement,restriction of exploration,negative,202211_113.8436113_22.612272900000004.png
buildings,defined environment,conformity to urban setting,neutral,202211_113.8436113_22.612272900000004.png
sidewalks,constrained movement,hesitation to explore,negative,202211_113.8436113_22.612272900000004.png
intersection,sense of openness,exploration,positive,202211_113.8384272_22.814971900000003.png
sidewalks,opportunities to move,discover different aspects,positive,202211_113.8384272_22.814971900000003.png
buildings,visual depth,navigate the area,positive,202211_113.8384272_22.814971900000003.png
trees,avoid feeling of confinement,explore freely,positive,202211_113.8384272_22.814971900000003.png
roads,limited exploration,restricted movement,negative,202211_113.8416652_22.818914499999998.png
buildings,defined boundaries,constrained activity,negative,202211_113.8416652_22.818914499999998.png
construction,lack of freedom,hesitant exploration,negative,202211_113.8416652_22.818914499999998.png
pathway,somewhat accessible,limited navigation,neutral,202211_113.8416652_22.818914499999998.png
road,feeling of expansiveness,exploration,positive,202211_113.8441418_22.7605333.png
structure,perceived boundaries,limited exploration,negative,202211_113.8441418_22.7605333.png
landscape,sense of openness,engagement with space,positive,202211_113.8441418_22.7605333.png
street,sense of potential exploration,exploring the city,positive,202211_113.8409071441885_22.61114609385476.png
buildings,moderate sense of scope,navigating through urban space,neutral,202211_113.8409071441885_22.61114609385476.png
sidewalks,sense of safety,walking comfortably,positive,202211_113.8409071441885_22.61114609385476.png
traffic,sense of congestion,avoiding busy areas,negative,202211_113.8409071441885_22.61114609385476.png
roads,restricted view,avoid exploration,negative,202211_113.8445352_22.568312200000005.png
construction,sense of confinement,limit movement,negative,202211_113.8445352_22.568312200000005.png
infrastructure,lack of openness,discourage interaction,negative,202211_113.8445352_22.568312200000005.png
intersection,sense of openness,potential for exploration,positive,202211_113.8435965_22.806817799999997.png
roads,implicit boundaries,constrained movement,negative,202211_113.8435965_22.806817799999997.png
sidewalks,sense of openness,movement,positive,202211_113.8435965_22.806817799999997.png
buildings,dense urban development,limited exploration,negative,202211_113.8435965_22.806817799999997.png
roads,limited sense of vastness,restricted exploration,negative,202211_113.8450785_22.766312099999997.png
buildings,urban congestion,navigating through space,negative,202211_113.8450785_22.766312099999997.png
traffic,moderate sense of scope,cautious movement,neutral,202211_113.8450785_22.766312099999997.png
street,sense of direction,navigate through space,positive,202211_113.8452123_22.763892499999994.png
traffic,feeling of congestion,avoid delays,negative,202211_113.8452123_22.763892499999994.png
buildings,urban environment,engage with surroundings,neutral,202211_113.8452123_22.763892499999994.png
road,sense of openness,potential for travel,positive,202211_113.84544116937627_22.622180490002133.png
traffic,busy environment,increased movement,neutral,202211_113.84544116937627_22.622180490002133.png
petrol station,accessibility,stopping for fuel,positive,202211_113.84544116937627_22.622180490002133.png
roads,connectedness,exploration of broader area,positive,202211_113.84544116937627_22.622180490002133.png
road,sense of exploration,exploring surroundings,positive,202211_113.84613757974533_22.56585661525154.png
greenery,feeling of openness,engaging with nature,positive,202211_113.84613757974533_22.56585661525154.png
infrastructure,moderate sense of scope,navigating through spaces,neutral,202211_113.84613757974533_22.56585661525154.png
vehicles,sense of congestion,waiting or moving cautiously,negative,202211_113.84613757974533_22.56585661525154.png
road,potential for movement,exploration,positive,202211_113.84689619117535_22.61361905618809.png
buildings,defined boundaries,limited freedom,negative,202211_113.84689619117535_22.61361905618809.png
traffic barriers,implicit restrictions,constrained movement,negative,202211_113.84689619117535_22.61361905618809.png
road,defined urban path,limited exploration,negative,202211_113.8464365_22.8117333.png
trees,bordered greenery,restricted movement,negative,202211_113.8464365_22.8117333.png
sidewalks,sense of direction,navigating space,neutral,202211_113.8464365_22.8117333.png
intersection,sense of movement,exploration,positive,202211_113.8474883_22.564213200000005.png
fencing,limited exploration,hesitation to explore,negative,202211_113.8474883_22.564213200000005.png
buildings,constrained view,avoidance of exploration,negative,202211_113.8474883_22.564213200000005.png
road,pathway to movement,movement along the road,neutral,202211_113.8474883_22.564213200000005.png
activity,industrial presence,disinterest in exploration,negative,202211_113.8474883_22.564213200000005.png
road,sense of openness,exploring further,positive,202211_113.84852700762849_22.610222404648848.png
greenery,sense of scale,movement,positive,202211_113.84852700762849_22.610222404648848.png
buildings,sense of exploration,engaging with surroundings,positive,202211_113.84852700762849_22.610222404648848.png
road,sense of openness,exploration,positive,202211_113.8463772_22.792220699999998.png
hills,potential for exploration,exploring multiple directions,positive,202211_113.8463772_22.792220699999998.png
greenery,implies exploration,seeking new areas,positive,202211_113.8463772_22.792220699999998.png
infrastructure,hints at connectivity,moving about,positive,202211_113.8463772_22.792220699999998.png
pedestrian bridge,facilitates movement,crossing spaces,positive,202211_113.8463772_22.792220699999998.png
intersection,potential for exploration,encourages exploration,positive,202211_113.8491307_22.735909299999996.png
greenery,hints at discovery,invites further exploration,positive,202211_113.8491307_22.735909299999996.png
urban setting,defined space,allows movement,neutral,202211_113.8491307_22.735909299999996.png
road,constrained visual field,limited exploration,negative,202211_113.8492719_22.793544899999997.png
buildings,limited sense of vastness,restricted movement,negative,202211_113.8492719_22.793544899999997.png
traffic,potential for movement,encouraged mobility,positive,202211_113.8492719_22.793544899999997.png
fences,feeling of boundaries,restricted exploration,negative,202211_113.8492719_22.793544899999997.png
roads,limited exploration,confined movement,negative,202211_113.849368_22.779738199999997.png
sidewalks,restricted freedom,designated pathways,negative,202211_113.849368_22.779738199999997.png
buildings,lack of discovery,minimal exploration,negative,202211_113.849368_22.779738199999997.png
traffic,stressful environment,hesitant movement,negative,202211_113.849368_22.779738199999997.png
road,somewhat limited exploration,restricted movement,negative,202211_113.8501178_22.796285799999996.png
barriers,constrained surroundings,avoidance of exploration,negative,202211_113.8501178_22.796285799999996.png
buildings,distant and isolating,lack of engagement,negative,202211_113.8501178_22.796285799999996.png
roads,sense of openness,movement and exploration,positive,202211_113.8507415_22.7159106.png
intersections,clarity and safety,navigating space,positive,202211_113.8507415_22.7159106.png
pathways,ease of access,walking and exploring,positive,202211_113.8507415_22.7159106.png
buildings,spatial awareness,engaging with surroundings,positive,202211_113.8507415_22.7159106.png
sky,sense of freedom,enjoying outdoor spaces,positive,202211_113.8507415_22.7159106.png
road,sense of possibility,exploration,positive,202211_113.8508916_22.813327999999995.png
buildings,feeling of confinement,hesitation to explore,negative,202211_113.8508916_22.813327999999995.png
vegetation,moderate openness,limited exploration,neutral,202211_113.8508916_22.813327999999995.png
road,sense of expanse,move about,positive,202211_113.8523632_22.618814899999997.png
buildings,sense of expanse,explore different parts,positive,202211_113.8523632_22.618814899999997.png
park,feeling of spaciousness,explore different parts,positive,202211_113.8523632_22.618814899999997.png
trees,feeling of spaciousness,move about,positive,202211_113.8523632_22.618814899999997.png
grass,feeling of spaciousness,move about,positive,202211_113.8523632_22.618814899999997.png
street,constrained exploration,limited exploration,negative,202211_113.85112164037977_22.720627309694084.png
buildings,sense of enclosure,hesitation to explore,negative,202211_113.85112164037977_22.720627309694084.png
barriers,restricted view,avoidance of exploration,negative,202211_113.85112164037977_22.720627309694084.png
road,suggestion of distance,desire to explore,neutral,202211_113.85112164037977_22.720627309694084.png
street,sense of connectivity,exploration,positive,202211_113.85216690715575_22.747787628110483.png
sidewalks,safety and comfort,walking,positive,202211_113.85216690715575_22.747787628110483.png
greenery,pleasantness,lingering,positive,202211_113.85216690715575_22.747787628110483.png
road,implicit boundaries,hesitation to explore,negative,202211_113.85216690715575_22.747787628110483.png
road,limited exploration,reduced movement,negative,202211_113.8534078_22.777853299999993.png
bridge,sense of connection,encouraged crossing,neutral,202211_113.8534078_22.777853299999993.png
fences,restricted freedom,hesitation to explore,negative,202211_113.8534078_22.777853299999993.png
streets,constrained environment,limited engagement,negative,202211_113.8534078_22.777853299999993.png
road,sense of openness,exploration,positive,202211_113.85353622471642_22.792182942651333.png
cityscape,sense of scale,directional movement,positive,202211_113.85353622471642_22.792182942651333.png
intersection,potential for movement,exploration,positive,202211_113.8544726_22.604321299999995.png
buildings,confined scope,limited movement,negative,202211_113.8544726_22.604321299999995.png
vehicles,confined scope,limited movement,negative,202211_113.8544726_22.604321299999995.png
construction,confined scope,limited movement,negative,202211_113.8544726_22.604321299999995.png
street,sense of openness,exploration,positive,202211_113.8545909_22.612307399999995.png
sidewalks,comfort in movement,walking,positive,202211_113.8545909_22.612307399999995.png
greenery,calmness,relaxation,positive,202211_113.8545909_22.612307399999995.png
intersection,freedom of choice,navigating,positive,202211_113.8545909_22.612307399999995.png
pathways,invitation to explore,discovering,positive,202211_113.8545909_22.612307399999995.png
cityscape,awe,observing,positive,202211_113.8545909_22.612307399999995.png
intersection,sense of openness,exploration and movement,positive,202211_113.8551173_22.768481100000006.png
roads,feeling of connectivity,navigating the urban space,positive,202211_113.8551173_22.768481100000006.png
sidewalks,safety and accessibility,walking and commuting,positive,202211_113.8551173_22.768481100000006.png
buildings,urban density,engaging with the environment,neutral,202211_113.8551173_22.768481100000006.png
intersection,sense of openness,exploration and movement,positive,202211_113.8551969_22.763327199999996.png
roads,feeling of freedom,navigating the area,positive,202211_113.8551969_22.763327199999996.png
lanes,vastness,engaging with space,positive,202211_113.8551969_22.763327199999996.png
roads,sense of exploration,move in various directions,positive,202211_113.8553345_22.800462200000002.png
crosswalks,feeling of safety,cross the street,positive,202211_113.8553345_22.800462200000002.png
buildings,sense of space,explore surroundings,positive,202211_113.8553345_22.800462200000002.png
intersection,expansive feeling,discover new areas,positive,202211_113.8553345_22.800462200000002.png
roads,feeling of movement,exploration,positive,202211_113.8575257_22.717668000000003.png
buildings,sense of boundaries,limited exploration,negative,202211_113.8575257_22.717668000000003.png
parking,availability of space,utilization of area,neutral,202211_113.8575257_22.717668000000003.png
street,limited exploration,discouraged movement,negative,202211_113.85825947310444_22.797703343849943.png
cars,constrained environment,restricted movement,negative,202211_113.85825947310444_22.797703343849943.png
buildings,lack of expansiveness,reduced exploration,negative,202211_113.85825947310444_22.797703343849943.png
road,sense of movement,exploration,positive,202211_113.85560042621323_22.806993254660956.png
sidewalks,openness to possibilities,walking,positive,202211_113.85560042621323_22.806993254660956.png
buildings,feeling of confinement,hesitation to explore,negative,202211_113.85560042621323_22.806993254660956.png
fences,restricted view,avoidance of exploration,negative,202211_113.85560042621323_22.806993254660956.png
street,sense of openness,movement and discovery,positive,202211_113.85819613679381_22.725170089436336.png
barriers,limited exploration,hesitation to explore,negative,202211_113.85819613679381_22.725170089436336.png
commercial areas,potential for exploration,encouragement to explore,positive,202211_113.85819613679381_22.725170089436336.png
urban development,subtle limitation,restricted movement,negative,202211_113.85819613679381_22.725170089436336.png
road,restricted exploration,limited movement,negative,202211_113.85615404954251_22.626227870133516.png
buildings,constrained environment,hesitant exploration,negative,202211_113.85615404954251_22.626227870133516.png
road,potential for exploration,encourages movement,positive,202211_113.8574057_22.545159999999996.png
buildings,sense of openness,invites curiosity,positive,202211_113.8574057_22.545159999999996.png
construction,restricted access,limits exploration,negative,202211_113.8574057_22.545159999999996.png
fences,sense of confinement,discourages movement,negative,202211_113.8574057_22.545159999999996.png
buildings,limited exploration,focus on traversal,negative,202211_113.8584858_22.612618199999996.png
roads,constrained possibility,restricted movement,negative,202211_113.8584858_22.612618199999996.png
sidewalks,urban confinement,navigating pathways,negative,202211_113.8584858_22.612618199999996.png
intersection,limited exploration,restricted movement,negative,202211_113.8558568_22.722151499999992.png
sidewalks,contained environment,cautious navigation,neutral,202211_113.8558568_22.722151499999992.png
buildings,sense of confinement,avoidance of openness,negative,202211_113.8558568_22.722151499999992.png
street,sense of openness,navigating through space,positive,202211_113.8590358_22.729269499999997.png
buildings,functional circulation,moving efficiently,neutral,202211_113.8590358_22.729269499999997.png
infrastructure,lack of exploration,limited discovery,negative,202211_113.8590358_22.729269499999997.png
street,freedom of movement,exploration,positive,202211_113.8582945936846_22.61049962520455.png
buildings,sense of navigation,movement,positive,202211_113.8582945936846_22.61049962520455.png
fencing,limited exploration,hesitation,negative,202211_113.8582945936846_22.61049962520455.png
cars,imposed boundaries,restriction,negative,202211_113.8582945936846_22.61049962520455.png
infrastructure,lack of vastness,confinement,negative,202211_113.8582945936846_22.61049962520455.png
road,feelings of openness,movement and exploration,positive,202211_113.8593708_22.63093.png
greenery,sense of tranquility,engagement with nature,positive,202211_113.8593708_22.63093.png
buildings,sense of security,social interaction,positive,202211_113.8593708_22.63093.png
streets,sense of direction,following a path,positive,202211_113.8596726_22.652348399999997.png
buildings,feeling of confinement,limited exploration,negative,202211_113.8596726_22.652348399999997.png
roads,bounded space,restricted movement,negative,202211_113.8596726_22.652348399999997.png
intersection,sense of openness,movement and exploration,positive,202211_113.8590416_22.6640496.png
buildings,perceived boundaries,restricted movement,negative,202211_113.8590416_22.6640496.png
crosswalks,interconnected spaces,navigating pathways,positive,202211_113.8590416_22.6640496.png
vehicles,limited visibility,discouraged exploration,negative,202211_113.8602927_22.553017099999998.png
fences,constrained movement,restricted exploration,negative,202211_113.8602927_22.553017099999998.png
construction,lack of openness,avoidance of areas,negative,202211_113.8602927_22.553017099999998.png
buildings,sense of enclosure,limited exploration,negative,202211_113.86074745378154_22.627523570188313.png
vehicles,restricted view,lack of venturing,negative,202211_113.86074745378154_22.627523570188313.png
street,lack of vastness,minimal exploration,negative,202211_113.86074745378154_22.627523570188313.png
intersection,feeling of exploration,encourages movement,positive,202211_113.861656_22.609471699999997.png
buildings,sense of openness,promotes engagement,positive,202211_113.861656_22.609471699999997.png
road,broad environment,facilitates navigation,positive,202211_113.861656_22.609471699999997.png
road,limited exploration,avoid venturing,negative,202211_113.8627652_22.818618999999998.png
buildings,constrained movement,remain stationary,negative,202211_113.8627652_22.818618999999998.png
vehicles,restricted access,hesitate to explore,negative,202211_113.8627652_22.818618999999998.png
walls,sense of confinement,limit movement,negative,202211_113.8627652_22.818618999999998.png
fences,barrier to freedom,discourage exploration,negative,202211_113.8627652_22.818618999999998.png
roads,sense of spaciousness,visual exploration,positive,202211_113.8620948_22.728321099999995.png
bridges,potential for movement,exploration,positive,202211_113.8620948_22.728321099999995.png
intersection,sense of openness,movement,positive,202211_113.8620948_22.728321099999995.png
urban expanse,freedom of movement,exploration,positive,202211_113.8620948_22.728321099999995.png
street,potential for exploration,encouragement to explore,positive,202211_113.86285746284707_22.779830557045134.png
cars,visual boundaries,restriction of movement,negative,202211_113.86285746284707_22.779830557045134.png
buildings,limited sense of scope,discouragement from exploring,negative,202211_113.86285746284707_22.779830557045134.png
fences,barrier to movement,inhibition of exploration,negative,202211_113.86285746284707_22.779830557045134.png
road,spatial openness,potential for movement,positive,202211_113.86309133403947_22.787612110341776.png
buildings,limiting perception,reduced exploration,negative,202211_113.86309133403947_22.787612110341776.png
sidewalks,sense of movement,encouragement to walk,positive,202211_113.86309133403947_22.787612110341776.png
street design,lack of variety,discouragement from exploring,negative,202211_113.86309133403947_22.787612110341776.png
roads,limited exploration,restricted movement,negative,202211_113.8662235_22.822643900000003.png
sidewalks,limited exploration,restricted movement,negative,202211_113.8662235_22.822643900000003.png
buildings,restricted scope,limited exploration,negative,202211_113.8662235_22.822643900000003.png
intersection,possibilities for exploration,movement in various directions,positive,202211_113.8641105_22.65899359999999.png
sidewalks,sense of safety,encouragement to walk,positive,202211_113.8641105_22.65899359999999.png
traffic,feeling of boundaries,hesitation to explore,negative,202211_113.8641105_22.65899359999999.png
construction,imposed limitations,avoidance of certain areas,negative,202211_113.8641105_22.65899359999999.png
density,overwhelmed by surroundings,reduced willingness to explore,negative,202211_113.8641105_22.65899359999999.png
buildings,sense of confinement,limited exploration,negative,202211_113.8635362_22.560423499999995.png
roads,defined boundaries,restricted movement,negative,202211_113.8635362_22.560423499999995.png
sidewalks,moderate openness,some exploration,neutral,202211_113.8635362_22.560423499999995.png
traffic,sense of danger,hesitation to explore,negative,202211_113.8635362_22.560423499999995.png
intersection,sense of potential,moving about and discovering,positive,202211_113.8660106_22.562435099999995.png
buildings,large scale,exploration,positive,202211_113.8660106_22.562435099999995.png
roads,ample space,movement,positive,202211_113.8660106_22.562435099999995.png
crosswalks,open nature,navigating,positive,202211_113.8660106_22.562435099999995.png
road,potential for movement and exploration,exploration along the route,positive,202211_113.86772208369885_22.594224140244894.png
traffic,implied limitations,hesitation to explore,negative,202211_113.86772208369885_22.594224140244894.png
trees,sense of nature,encouragement to explore,positive,202211_113.86772208369885_22.594224140244894.png
urban infrastructure,sense of confinement,reduced exploration,negative,202211_113.86772208369885_22.594224140244894.png
view,curiosity about the broader environment,desire to explore further,neutral,202211_113.86772208369885_22.594224140244894.png
road,limited exploration,restricted movement,negative,202211_113.8704657_22.589568399999997.png
cityscape,sense of vastness,curiosity to explore,positive,202211_113.8704657_22.589568399999997.png
structures,defined boundaries,constrained navigation,negative,202211_113.8704657_22.589568399999997.png
intersection,feeling of openness,movement and exploration,positive,202211_113.8705711_22.5535704.png
buildings,implying large area,moving about,positive,202211_113.8705711_22.5535704.png
sky,sense of freedom,exploring possibilities,positive,202211_113.8705711_22.5535704.png
buildings,limited exploration,restricted movement,negative,202211_113.8704171_22.562697100000005.png
streets,sense of organization,navigating traffic,neutral,202211_113.8704171_22.562697100000005.png
sidewalks,feeling of safety,walking,positive,202211_113.8704171_22.562697100000005.png
bridge,opportunity for movement,exploring,positive,202211_113.8704171_22.562697100000005.png
road,sense of openness,exploration,positive,202211_113.8713453310081_22.724809115067085.png
hills,possibility of exploration,exploration,positive,202211_113.8713453310081_22.724809115067085.png
vegetation,boundaries to exploration,restricted movement,negative,202211_113.8713453310081_22.724809115067085.png
urban elements,boundaries to exploration,restricted movement,negative,202211_113.8713453310081_22.724809115067085.png
intersection,sense of openness,exploration,positive,202211_113.8685909_22.584936799999998.png
roads,freedom of movement,navigating paths,positive,202211_113.8685909_22.584936799999998.png
sidewalks,safety in movement,walking,positive,202211_113.8685909_22.584936799999998.png
buildings,urban engagement,exploring surroundings,positive,202211_113.8685909_22.584936799999998.png
road,limited sense of exploration,reduced movement,negative,202211_113.87191125363528_22.599155458008703.png
sidewalks,limited sense of exploration,reduced movement,negative,202211_113.87191125363528_22.599155458008703.png
buildings,limited sense of exploration,reduced movement,negative,202211_113.87191125363528_22.599155458008703.png
construction,restricted areas,reduced discovery,negative,202211_113.87191125363528_22.599155458008703.png
intersection,sense of openness,movement and exploration,positive,202211_113.8722763_22.551879099999997.png
landscape,large-scale environment,offering directions to travel,positive,202211_113.8722763_22.551879099999997.png
roads,implied freedom,exploration,positive,202211_113.8722763_22.551879099999997.png
buildings,sense of openness,movement,positive,202211_113.8722763_22.551879099999997.png
street,limited exploration,restricted movement,negative,202211_113.87349693118158_22.585965639453615.png
walkway,potential for movement,encouraged walking,positive,202211_113.87349693118158_22.585965639453615.png
urban,implied boundaries,planned navigation,negative,202211_113.87349693118158_22.585965639453615.png
intersection,sense of openness,exploration,positive,202211_113.8713587_22.8123886.png
roads,possibilities for movement,navigation,positive,202211_113.8713587_22.8123886.png
urban grid,perception of space,movement planning,neutral,202211_113.8713587_22.8123886.png
street,sense of vastness,exploration desire,positive,202211_113.8747501368284_22.5845865660805.png
greenery,calming effect,increased comfort,positive,202211_113.8747501368284_22.5845865660805.png
buildings,overwhelming scale,restricted movement,negative,202211_113.8747501368284_22.5845865660805.png
walkway,sense of safety,encouragement to walk,positive,202211_113.8747501368284_22.5845865660805.png
vehicle,limited freedom,passive observation,negative,202211_113.8747501368284_22.5845865660805.png
street,sense of passage,move forward,positive,202211_113.87563624374211_22.816066522327347.png
buildings,feeling of enclosure,restrict movement,negative,202211_113.87563624374211_22.816066522327347.png
cars,limited freedom,avoid exploration,negative,202211_113.87563624374211_22.816066522327347.png
fences,constrained environment,limit mobility,negative,202211_113.87563624374211_22.816066522327347.png
buildings,sense of largeness,exploration,positive,202211_113.8767886_22.5528646.png
roads,feeling of openness,freedom in movement,positive,202211_113.8767886_22.5528646.png
streets,visible distances,multiple directions to move,positive,202211_113.8767886_22.5528646.png
roads,limited exploration,transit movement,negative,202211_113.8772481_22.595554199999995.png
sidewalks,constrained view,walking,negative,202211_113.8772481_22.595554199999995.png
skyscrapers,implied vastness,gazing,neutral,202211_113.8772481_22.595554199999995.png
traffic,perceived boundaries,hesitation to cross,negative,202211_113.8772481_22.595554199999995.png
street,sense of movement,exploration,positive,202211_113.8773508_22.600538799999992.png
trees,sense of depth,engagement with surroundings,positive,202211_113.8773508_22.600538799999992.png
barriers,limited freedom,hesitation to explore,negative,202211_113.8773508_22.600538799999992.png
fences,restricted movement,avoidance of exploration,negative,202211_113.8773508_22.600538799999992.png
urban development,constrained environment,reduced exploration,negative,202211_113.8773508_22.600538799999992.png
roads,sense of openness,movement within the urban landscape,positive,202211_113.8774333_22.591904599999996.png
buildings,sense of potential,exploration,positive,202211_113.8774333_22.591904599999996.png
vehicle,dominance in foreground,limited pedestrian movement,negative,202211_113.8774333_22.591904599999996.png
street,busy atmosphere,restricted traversal,negative,202211_113.8774333_22.591904599999996.png
infrastructure,boundaries to movement,hesitation to explore,negative,202211_113.8774333_22.591904599999996.png
density,congestion,avoidance of exploration,negative,202211_113.8774333_22.591904599999996.png
road,sense of pathway,exploration,positive,202211_113.8795867_22.5997255.png
buildings,potential for exploration,curiosity,positive,202211_113.8795867_22.5997255.png
traffic,sense of limitation,hesitation,negative,202211_113.8795867_22.5997255.png
buildings,limited exploration,stay within boundaries,negative,202211_113.8801092_22.5758283.png
traffic,urban congestion,avoidance of busy areas,negative,202211_113.8801092_22.5758283.png
road,sense of distance,exploration of surroundings,neutral,202211_113.8801092_22.5758283.png
cars,restricted movement,avoid exploration,negative,202211_113.87991546962877_22.58326823724113.png
barriers,limited possibilities,hesitate to engage,negative,202211_113.87991546962877_22.58326823724113.png
buildings,defined boundaries,stay within limits,negative,202211_113.87991546962877_22.58326823724113.png
intersection,sense of openness,potential exploration,positive,202211_113.8801836_22.8211271.png
buildings,feeling of boundaries,limited exploration,negative,202211_113.8801836_22.8211271.png
landscape,sense of urbanity,engagement with surroundings,neutral,202211_113.8801836_22.8211271.png
intersection,sense of vastness,exploration,positive,202211_113.8805085_22.552745300000005.png
roads,feeling of movement,navigation,positive,202211_113.8805085_22.552745300000005.png
buildings,urban expanse,engagement with environment,positive,202211_113.8805085_22.552745300000005.png
sightlines,clear visibility,awareness of surroundings,positive,202211_113.8805085_22.552745300000005.png
street,sense of vastness,freedom of movement,positive,202211_113.88136_22.584475199999996.png
traffic,feeling of exploration,encouragement to explore,positive,202211_113.88136_22.584475199999996.png
sidewalks,sense of openness,invitation to walk,positive,202211_113.88136_22.584475199999996.png
buildings,urban context awareness,engagement with surroundings,positive,202211_113.88136_22.584475199999996.png
trees,connection to nature,desire to explore,positive,202211_113.88136_22.584475199999996.png
sky,sense of freedom,encouragement to move,positive,202211_113.88136_22.584475199999996.png
intersection,sense of considerable scale,broad exploration,positive,202211_113.880414_22.5504836.png
roads,possibility of navigation,navigating through various paths,positive,202211_113.880414_22.5504836.png
buildings,dominating skyline,exploration of urban landscape,positive,202211_113.880414_22.5504836.png
lanes,suggests movement,moving freely,positive,202211_113.880414_22.5504836.png
crosswalks,facilitates crossing,crossing safely,positive,202211_113.880414_22.5504836.png
view,expansive perspective,exploring surroundings,positive,202211_113.880414_22.5504836.png
road,constrained exploration,limited movement,negative,202211_113.8823335_22.5577071.png
sidewalks,restricted experience,cautious navigation,negative,202211_113.8823335_22.5577071.png
buildings,overwhelmed by infrastructure,hesitant interaction,negative,202211_113.8823335_22.5577071.png
intersection,potential for movement,exploration,positive,202211_113.8822775_22.5709209.png
streets,sense of connection,navigating,positive,202211_113.8822775_22.5709209.png
buildings,sense of vastness,engagement with urban space,positive,202211_113.8822775_22.5709209.png
traffic,sense of boundary,hesitation to cross,negative,202211_113.8822775_22.5709209.png
crossings,imposed limits,cautious movement,negative,202211_113.8822775_22.5709209.png
road,sense of expanse,exploration,neutral,202211_113.8829096_22.57660509999999.png
buildings,sense of urbanity,navigation,positive,202211_113.8829096_22.57660509999999.png
greenery,relaxation,recreation,positive,202211_113.8829096_22.57660509999999.png
traffic,stress,avoidance,negative,202211_113.8829096_22.57660509999999.png
street,confined environment,limited exploration,negative,202211_113.8865092_22.733605699999995.png
barriers,restricted freedom,avoidance of movement,negative,202211_113.8865092_22.733605699999995.png
traffic,sense of danger,hesitation to engage,negative,202211_113.8865092_22.733605699999995.png
construction,disruption of peace,withdrawal from area,negative,202211_113.8865092_22.733605699999995.png
road,moderate exploration,movement and exploration,neutral,202211_113.88349655044284_22.72249531366094.png
trees,broader context,encouraged exploration,positive,202211_113.88349655044284_22.72249531366094.png
sky,sense of openness,increased curiosity,positive,202211_113.88349655044284_22.72249531366094.png
boundaries,limited exploration,restricted movement,negative,202211_113.88349655044284_22.72249531366094.png
built environment,constrained freedom,hesitation to explore,negative,202211_113.88349655044284_22.72249531366094.png
street,sense of scale,exploration,positive,202211_113.88388774733852_22.581637683111726.png
traffic,feeling of confinement,limited exploration,negative,202211_113.88388774733852_22.581637683111726.png
cars,feeling of confinement,limited exploration,negative,202211_113.88388774733852_22.581637683111726.png
fences,feeling of confinement,limited exploration,negative,202211_113.88388774733852_22.581637683111726.png
buildings,feeling of confinement,limited exploration,negative,202211_113.88388774733852_22.581637683111726.png
road,sense of movement,exploration,positive,202211_113.8846382_22.7474346.png
median,visual depth,engagement with surroundings,positive,202211_113.8846382_22.7474346.png
trees,sense of enclosure,limited exploration,negative,202211_113.8846382_22.7474346.png
sidewalks,defined path,restricted movement,negative,202211_113.8846382_22.7474346.png
street,sense of exploration,encouraged movement,positive,202211_113.88679688991533_22.57914480276345.png
sidewalks,safety and accessibility,increased pedestrian activity,positive,202211_113.88679688991533_22.57914480276345.png
trees,aesthetic enjoyment,desire to explore,positive,202211_113.88679688991533_22.57914480276345.png
road,feeling of confinement,limited exploration,negative,202211_113.88693347520126_22.584208832517255.png
buildings,sense of boundaries,restricted movement,negative,202211_113.88693347520126_22.584208832517255.png
barriers,feeling of obstruction,avoidance of areas,negative,202211_113.88693347520126_22.584208832517255.png
urban fabric,sense of density,hesitation to explore,negative,202211_113.88693347520126_22.584208832517255.png
road,sense of openness,movement along the street,positive,202211_113.8878473_22.7457221.png
buildings,sense of boundaries,limited exploration,negative,202211_113.8878473_22.7457221.png
street,limited exploration,hesitation to explore,negative,202211_113.88817707007732_22.568747956014306.png
buildings,sense of enclosure,avoidance of open spaces,negative,202211_113.88817707007732_22.568747956014306.png
barriers,restricted movement,cautious navigation,negative,202211_113.88817707007732_22.568747956014306.png
urban,contextual awareness,exploration of surroundings,positive,202211_113.88817707007732_22.568747956014306.png
road,limited exploration,avoidance of movement,negative,202211_113.888147074404_22.725700933733467.png
buildings,constrained openness,hesitation to explore,negative,202211_113.888147074404_22.725700933733467.png
vehicles,restricted vastness,reduced engagement,negative,202211_113.888147074404_22.725700933733467.png
buildings,sense of urban scale,exploration of the area,positive,202211_113.88911447484408_22.72927073636687.png
streets,broad urban expanse,movement through the city,neutral,202211_113.88911447484408_22.72927073636687.png
rail,potential for connectivity,utilizing public transport,positive,202211_113.88911447484408_22.72927073636687.png
crosswalks,sense of safety,crossing the street,positive,202211_113.88911447484408_22.72927073636687.png
paths,invitation to walk,walking or jogging,positive,202211_113.88911447484408_22.72927073636687.png
shops,limited exploration,restricted movement,negative,202211_113.8936166_22.7324695.png
sidewalks,constrained feeling,hesitant navigation,negative,202211_113.8936166_22.7324695.png
density,lack of vastness,avoidance of exploration,negative,202211_113.8936166_22.7324695.png
highway,sense of vastness,exploration,positive,202211_113.8917553_22.565572700000004.png
cityscape,feeling of openness,engagement with surroundings,positive,202211_113.8917553_22.565572700000004.png
sky,sense of freedom,movement,positive,202211_113.8917553_22.565572700000004.png
buildings,limited exploration,restricted movement,negative,202211_113.8920878_22.7257467.png
traffic,constrained environment,hesitation to navigate,negative,202211_113.8920878_22.7257467.png
road,narrow focus,lack of engagement,negative,202211_113.8920878_22.7257467.png
cars,crowded space,avoidance of movement,negative,202211_113.8920878_22.7257467.png
road,sense of exploration,exploring urban area,positive,202211_113.89627595979832_22.575069943346904.png
skyscrapers,feeling of vastness,navigating through city,positive,202211_113.89627595979832_22.575069943346904.png
traffic,sense of confinement,avoiding road,negative,202211_113.89627595979832_22.575069943346904.png
safety railings,sense of security,crossing safely,positive,202211_113.89627595979832_22.575069943346904.png
street,limited exploration,discouraged venturing,negative,202211_113.89464611194347_22.724018202496094.png
sidewalks,contained environment,restricted movement,negative,202211_113.89464611194347_22.724018202496094.png
buildings,sense of boundaries,limited exploration,negative,202211_113.89464611194347_22.724018202496094.png
traffic,feeling of danger,avoidance of area,negative,202211_113.89464611194347_22.724018202496094.png
construction,discomfort,hesitation to explore,negative,202211_113.89464611194347_22.724018202496094.png
road,sense of linear movement,exploration,positive,202211_113.89760881344573_22.72424305959817.png
buildings,feeling of confinement,limited exploration,negative,202211_113.89760881344573_22.72424305959817.png
hills,sense of distance,curiosity,neutral,202211_113.89760881344573_22.72424305959817.png
sidewalks,safety,walking,positive,202211_113.89760881344573_22.72424305959817.png
bridge,connectivity,crossing,positive,202211_113.89760881344573_22.72424305959817.png
street,constrained exploration,limited movement,negative,202211_113.89438222471337_22.73412834603495.png
buildings,sense of enclosure,restricted exploration,negative,202211_113.89438222471337_22.73412834603495.png
traffic,busy environment,focus on transit,negative,202211_113.89438222471337_22.73412834603495.png
network,potential connectivity,exploration desire,neutral,202211_113.89438222471337_22.73412834603495.png
road,degree of openness,move along the street,positive,202211_113.9018775_22.757258799999995.png
buildings,sense of confinement,limited exploration,negative,202211_113.9018775_22.757258799999995.png
traffic,feeling of boundless space,exploration possibilities,negative,202211_113.9018775_22.757258799999995.png
buildings,sense of scale,exploration,positive,202211_113.8992378_22.5719486.png
streets,ample room,movement,positive,202211_113.8992378_22.5719486.png
intersection,visibility,discovery,positive,202211_113.8992378_22.5719486.png
road,sense of openness,movement in multiple directions,positive,202211_113.902409_22.7217534.png
buildings,feeling of spaciousness,exploration,positive,202211_113.902409_22.7217534.png
sky,sense of openness,movement in multiple directions,positive,202211_113.902409_22.7217534.png
mountains,feeling of spaciousness,exploration,positive,202211_113.902409_22.7217534.png
intersection,sense of vastness,opportunities for movement,positive,202211_113.9051576_22.7397657.png
lanes,sense of exploration,exploration in various directions,positive,202211_113.9051576_22.7397657.png
cityscape,expansive environment,potential to travel further,positive,202211_113.9051576_22.7397657.png
road,openness,movement towards new destinations,positive,202211_113.9051576_22.7397657.png
intersection,sense of exploration,exploring paths,positive,202211_113.90574290000002_22.577700399999998.png
buildings,urban density,navigating through space,neutral,202211_113.90574290000002_22.577700399999998.png
roads,freedom of movement,choosing directions,positive,202211_113.90574290000002_22.577700399999998.png
street,sense of openness,potential for movement,positive,202211_113.90342022600008_22.567752452204896.png
buildings,large urban area,exploration,positive,202211_113.90342022600008_22.567752452204896.png
sidewalks,inviting space,walking,positive,202211_113.90342022600008_22.567752452204896.png
road,sense of exploration,encourages movement,positive,202211_113.90742801865805_22.725712172937747.png
buildings,feeling of openness,invites exploration,positive,202211_113.90742801865805_22.725712172937747.png
greenery,calming effect,promotes relaxation,positive,202211_113.90742801865805_22.725712172937747.png
pathways,freedom of movement,facilitates navigation,positive,202211_113.90742801865805_22.725712172937747.png
road,sense of openness,travel,positive,202211_113.90697703046054_22.567940805295795.png
fences,limited exploration,restricted movement,negative,202211_113.90697703046054_22.567940805295795.png
barriers,limited freedom,restricted movement,negative,202211_113.90697703046054_22.567940805295795.png
street,sense of openness,exploration,positive,202211_113.90878697536927_22.671312602817387.png
buildings,limitations to exploration,restricted movement,negative,202211_113.90878697536927_22.671312602817387.png
fences,implied restrictions,hesitation to explore,negative,202211_113.90878697536927_22.671312602817387.png
street,sense of exploration,moving in various directions,positive,202211_113.9070775_22.675143499999997.png
trees,sense of expansiveness,exploring green spaces,positive,202211_113.9070775_22.675143499999997.png
traffic,feeling of constraint,limited exploration,negative,202211_113.9070775_22.675143499999997.png
infrastructure,moderate exploration,navigating urban spaces,neutral,202211_113.9070775_22.675143499999997.png
street,suggests depth,invites movement,positive,202211_113.90896476644085_22.56979410159586.png
vehicles,creates boundaries,limits exploration,negative,202211_113.90896476644085_22.56979410159586.png
sidewalks,defined urban context,restricts movement,negative,202211_113.90896476644085_22.56979410159586.png
buildings,conveys structure,provides orientation,neutral,202211_113.90896476644085_22.56979410159586.png
trees,adds greenery,enhances aesthetic,positive,202211_113.90896476644085_22.56979410159586.png
street,sense of breadth,movement potential,positive,202211_113.909003_22.737634599999996.png
barriers,limited exploration,restricted movement,negative,202211_113.909003_22.737634599999996.png
traffic,structured environment,cautious navigation,neutral,202211_113.909003_22.737634599999996.png
sidewalks,defined pathways,walking,positive,202211_113.909003_22.737634599999996.png
buildings,sense of enclosure,limited exploration,negative,202211_113.909003_22.737634599999996.png
intersection,sense of scale,opportunities for movement,positive,202211_113.909002_22.5679899.png
sidewalks,invitation to explore,encouragement to walk,positive,202211_113.909002_22.5679899.png
buildings,defined boundaries,navigation through space,neutral,202211_113.909002_22.5679899.png
roads,potential pathways,exploration of area,positive,202211_113.909002_22.5679899.png
trees,sense of depth,exploration,positive,202211_113.91070652772326_22.67302849408122.png
buildings,defined boundaries,limited exploration,negative,202211_113.91070652772326_22.67302849408122.png
road,confined path,restricted movement,negative,202211_113.91070652772326_22.67302849408122.png
street,linear path,navigating,neutral,202211_113.91070652772326_22.67302849408122.png
road,lack of vastness,limited exploration,negative,202211_113.91287063157836_22.729977328317002.png
median,defined boundaries,restricted movement,negative,202211_113.91287063157836_22.729977328317002.png
sidewalks,urban confinement,cautious navigation,negative,202211_113.91287063157836_22.729977328317002.png
buildings,sense of enclosure,avoidance of openness,negative,202211_113.91287063157836_22.729977328317002.png
road,limited exploration,restricted movement,negative,202211_113.90970177804846_22.721098932815558.png
buildings,constrained environment,lack of engagement,negative,202211_113.90970177804846_22.721098932815558.png
overpass,minimal extension,slight movement,neutral,202211_113.90970177804846_22.721098932815558.png
intersection,limited exploration,cautious movement,negative,202211_113.9117943_22.665487700000003.png
buildings,sense of possibility,exploration,positive,202211_113.9117943_22.665487700000003.png
trees,inviting environment,encouraged wandering,positive,202211_113.9117943_22.665487700000003.png
road,moderate openness,movement potential,neutral,202211_113.9117943_22.665487700000003.png
intersection,potential for exploration,encourages movement,positive,202211_113.9124974_22.668271199999992.png
buildings,sense of confinement,limits exploration,negative,202211_113.9124974_22.668271199999992.png
greenery,sense of calm,promotes relaxation,positive,202211_113.9124974_22.668271199999992.png
roads,lack of expansive possibilities,discourages discovery,negative,202211_113.9124974_22.668271199999992.png
street,sense of breadth,potential for exploration,positive,202211_113.9115938_22.720679999999994.png
buildings,confined nature,limits exploration,negative,202211_113.9115938_22.720679999999994.png
trees,visual depth,enhances environment,positive,202211_113.9115938_22.720679999999994.png
road,constrained view,limited exploration,negative,202211_113.9136635_22.675389800000005.png
greenery,sense of openness,encouraged movement,positive,202211_113.9136635_22.675389800000005.png
buildings,active urban setting,restricted movement,negative,202211_113.9136635_22.675389800000005.png
traffic,feeling of limitation,hesitation to explore,negative,202211_113.9136635_22.675389800000005.png
sidewalks,limited feeling of vastness,restricted exploration,negative,202211_113.9146583_22.678016.png
buildings,functional urban space,practical movement,neutral,202211_113.9146583_22.678016.png
fences,constrained environment,avoidance of exploration,negative,202211_113.9146583_22.678016.png
traffic,stressful atmosphere,hesitation to explore,negative,202211_113.9146583_22.678016.png
street,limited exploration,restricted movement,negative,202211_113.9159803_22.655209499999998.png
traffic,overwhelmed feeling,avoidance behavior,negative,202211_113.9159803_22.655209499999998.png
buildings,confinement,hesitation to explore,negative,202211_113.9159803_22.655209499999998.png
construction,disruption,avoidance of area,negative,202211_113.9159803_22.655209499999998.png
boundaries,restricted freedom,lack of discovery,negative,202211_113.9159803_22.655209499999998.png
road,limited exploration,restricted movement,negative,202211_113.91780780000002_22.647731699999998.png
overpass,different perspective,viewing surroundings,neutral,202211_113.91780780000002_22.647731699999998.png
fences,sense of boundaries,limited exploration,negative,202211_113.91780780000002_22.647731699999998.png
urban,constrained environment,hesitation to explore,negative,202211_113.91780780000002_22.647731699999998.png
roads,sense of exploration,encourages movement,positive,202211_113.921566914685_22.692212677311126.png
vistas,feeling of breadth,promotes wandering,positive,202211_113.921566914685_22.692212677311126.png
infrastructure,sense of constraint,limits movement,negative,202211_113.921566914685_22.692212677311126.png
road,sense of expanse,exploration,positive,202211_113.9204277_22.670825999999998.png
sidewalks,feeling of containment,limited exploration,negative,202211_113.9204277_22.670825999999998.png
buildings,sense of vastness,urban engagement,positive,202211_113.9204277_22.670825999999998.png
road,suggests breadth,invites exploration,positive,202211_113.9206367_22.7418.png
buildings,presents clear boundaries,limits exploration,negative,202211_113.9206367_22.7418.png
infrastructure,well-defined space,restricts movement,negative,202211_113.9206367_22.7418.png
intersection,sense of exploration,visual engagement,positive,202211_113.9221276_22.687319399999996.png
roads,feeling of limitation,cautious movement,negative,202211_113.9221276_22.687319399999996.png
buildings,broad perspective,increased awareness,positive,202211_113.9221276_22.687319399999996.png
roads,feeling of confinement,restricted movement,negative,202211_113.9216169_22.6482451.png
sidewalks,limited exploration,hesitant engagement,negative,202211_113.9216169_22.6482451.png
construction,sense of obstruction,avoidance of area,negative,202211_113.9216169_22.6482451.png
buildings,overwhelmed by urban density,withdrawal from space,negative,202211_113.9216169_22.6482451.png
road,limited sense of vastness,restricted exploration,negative,202211_113.92292441756912_22.689422567040562.png
buildings,constrained movement,limited navigation,negative,202211_113.92292441756912_22.689422567040562.png
fences,sense of enclosure,avoidance of open space,negative,202211_113.92292441756912_22.689422567040562.png
greenery,visual appeal,attraction to nature,positive,202211_113.92292441756912_22.689422567040562.png
buildings,limited exploration,restricted movement,negative,202211_113.9248291_22.688974099999996.png
vehicles,constrained view,hesitant navigation,negative,202211_113.9248291_22.688974099999996.png
streets,defined area,focused exploration,neutral,202211_113.9248291_22.688974099999996.png
sidewalks,urban infrastructure,structured movement,neutral,202211_113.9248291_22.688974099999996.png
road,limited sense of exploration,restricted movement,negative,202211_113.9227536_22.727050399999996.png
traffic,overwhelmed by busy surroundings,hesitation to explore,negative,202211_113.9227536_22.727050399999996.png
urban sprawl,sense of vastness,curiosity about the area,positive,202211_113.9227536_22.727050399999996.png
road,sense of openness,exploration,positive,202211_113.92448041422081_22.693147527486474.png
buildings,sense of confinement,hesitation to explore,negative,202211_113.92448041422081_22.693147527486474.png
greenery,invitation to explore,curiosity,positive,202211_113.92448041422081_22.693147527486474.png
infrastructure,limited possibilities,caution in movement,negative,202211_113.92448041422081_22.693147527486474.png
tunnel,limited exploration,moving through,negative,202211_113.92484152239916_22.7051726408131.png
path,functional purpose,transit,neutral,202211_113.92484152239916_22.7051726408131.png
road,sense of openness,potential for exploration,positive,202211_113.9253078_22.7618506.png
greenery,sense of openness,potential for exploration,positive,202211_113.9253078_22.7618506.png
road,sense of forward progression,movement and exploration,positive,202211_113.9265475_22.693543899999998.png
greenery,sense of spaciousness,encouragement to explore,positive,202211_113.9265475_22.693543899999998.png
sidewalks,sense of safety,walking and interacting,positive,202211_113.9265475_22.693543899999998.png
urban context,imposed boundaries,restricted movement,negative,202211_113.9265475_22.693543899999998.png
road,expansive environment,movement and exploration,positive,202211_113.92520629582631_22.697558592741856.png
buildings,sense of possibility,exploration,positive,202211_113.92520629582631_22.697558592741856.png
trees,natural presence,relaxation,positive,202211_113.92520629582631_22.697558592741856.png
urban context,imposed boundaries,hesitation to explore,negative,202211_113.92520629582631_22.697558592741856.png
road,sense of movement,exploration,positive,202211_113.9259899_22.7421768.png
buildings,limited exploration,hesitation to explore,negative,202211_113.9259899_22.7421768.png
cars,restricted exploration,limited movement,negative,202211_113.9263628_22.5912654.png
fences,constrained feeling,hesitation to explore,negative,202211_113.9263628_22.5912654.png
path,defined route,following a direction,neutral,202211_113.9263628_22.5912654.png
area,lack of vastness,avoidance of exploration,negative,202211_113.9263628_22.5912654.png
green,slight openness,encouraged to linger,positive,202211_113.9263628_22.5912654.png
street,limited exploration,restricted movement,negative,202211_113.9267793_22.679833899999995.png
buildings,defined urban corridor,constrained discovery,negative,202211_113.9267793_22.679833899999995.png
traffic,imposed boundaries,hesitant navigation,negative,202211_113.9267793_22.679833899999995.png
overpasses,sense of confinement,limited exploration,negative,202211_113.9267793_22.679833899999995.png
road,clear boundaries,restricted exploration,negative,202211_113.9267793_22.679833899999995.png
street,sense of openness,exploration,positive,202211_113.92725478501447_22.736770270252634.png
lanes,possibilities for movement,movement,positive,202211_113.92725478501447_22.736770270252634.png
buildings,feeling of boundaries,restriction of exploration,negative,202211_113.92725478501447_22.736770270252634.png
infrastructure,limiting openness,hesitation to explore,negative,202211_113.92725478501447_22.736770270252634.png
buildings,restricted sense of vastness,limited exploration,negative,202211_113.92732766201836_22.67553680968978.png
traffic,feeling of confinement,reduced freedom of movement,negative,202211_113.92732766201836_22.67553680968978.png
infrastructure,sense of boundaries,limited exploration,negative,202211_113.92732766201836_22.67553680968978.png
road,sense of spaciousness,visual exploration,positive,202211_113.92887058598346_22.75854674049593.png
sky,sense of spaciousness,visual exploration,positive,202211_113.92887058598346_22.75854674049593.png
greenery,hint of potential exploration,encouragement to explore,positive,202211_113.92887058598346_22.75854674049593.png
infrastructure,implied limitations,restricted movement,negative,202211_113.92887058598346_22.75854674049593.png
road,sense of openness,exploration,positive,202211_113.92888130000001_22.691593299999997.png
buildings,suggests possibilities,movement,positive,202211_113.92888130000001_22.691593299999997.png
greenery,visual depth,discovery,positive,202211_113.92888130000001_22.691593299999997.png
road,impression of largeness,exploration,positive,202211_113.92993471694594_22.75313338146949.png
landscape,sense of possibility,exploration,positive,202211_113.92993471694594_22.75313338146949.png
infrastructure,sense of limitation,hesitation,negative,202211_113.92993471694594_22.75313338146949.png
road,sense of openness,exploration,positive,202211_113.9336117_22.629924599999995.png
greenery,calming effect,movement,positive,202211_113.9336117_22.629924599999995.png
buildings,sense of scale,navigation,positive,202211_113.9336117_22.629924599999995.png
road,limited exploration,restricted movement,negative,202211_113.9368539_22.690225699999996.png
urban,potential for exploration,encouraged travel,positive,202211_113.9368539_22.690225699999996.png
road,sense of openness,exploration,positive,202211_113.9360468_22.758895699999997.png
sidewalks,sense of openness,exploration,positive,202211_113.9360468_22.758895699999997.png
greenery,hint at further areas to explore,exploration,positive,202211_113.9360468_22.758895699999997.png
fences,limited feeling of exploration,restricted movement,negative,202211_113.9360468_22.758895699999997.png
buildings,limited feeling of exploration,restricted movement,negative,202211_113.9360468_22.758895699999997.png
paths,defined scope for movement,navigation,neutral,202211_113.9360468_22.758895699999997.png
buildings,limited exploration,defined movement,negative,202211_113.9328649640436_22.697613307792725.png
traffic,sense of boundaries,restricted navigation,negative,202211_113.9328649640436_22.697613307792725.png
street,lack of vastness,cautious movement,negative,202211_113.9328649640436_22.697613307792725.png
buildings,limited exploration,avoidance of movement,negative,202211_113.9321752_22.675359599999997.png
roads,restricted freedom,hesitation to explore,negative,202211_113.9321752_22.675359599999997.png
pavements,constrained environment,reduced curiosity,negative,202211_113.9321752_22.675359599999997.png
traffic,sense of danger,cautious behavior,negative,202211_113.9321752_22.675359599999997.png
intersection,sense of exploration,movement in various directions,positive,202211_113.9373523_22.6753916.png
roads,managed environment,navigation,neutral,202211_113.9373523_22.6753916.png
landscape,feeling of spaciousness,exploration,positive,202211_113.9373523_22.6753916.png
intersection,sense of spatial breadth,movement and exploration,positive,202211_113.94225220000001_22.753719199999995.png
roads,sense of connectivity,navigating through the urban context,positive,202211_113.94225220000001_22.753719199999995.png
crosswalks,sense of safety,crossing the street,positive,202211_113.94225220000001_22.753719199999995.png
roads,limited exploration,restricted movement,negative,202211_113.9414209_22.683555099999996.png
buildings,overwhelmed by urban setting,hesitation to explore,negative,202211_113.9414209_22.683555099999996.png
infrastructure,sense of confinement,avoidance of discovery,negative,202211_113.9414209_22.683555099999996.png
street,constrained view,limited exploration,negative,202211_113.94254643727618_22.59207327166163.png
buildings,sense of confinement,restricted movement,negative,202211_113.94254643727618_22.59207327166163.png
trees,feeling of enclosure,avoidance of open space,negative,202211_113.94254643727618_22.59207327166163.png
barriers,lack of safety,hesitation to explore,negative,202211_113.94254643727618_22.59207327166163.png
vehicle,sense of control,navigating defined paths,neutral,202211_113.94254643727618_22.59207327166163.png
street,sense of spaciousness,exploration in multiple directions,positive,202211_113.9432455_22.587066.png
buildings,larger context,discovering new areas,positive,202211_113.9432455_22.587066.png
landscape,potential for new experiences,exploration,positive,202211_113.9432455_22.587066.png
roads,defined boundaries,navigation,neutral,202211_113.9432455_22.587066.png
development,urban context,engagement with the city,positive,202211_113.9432455_22.587066.png
road,limited exploration,restricted movement,negative,202211_113.94342557009044_22.595511079528276.png
sidewalks,defined space,functional use,neutral,202211_113.94342557009044_22.595511079528276.png
barriers,sense of confinement,avoidance of exploration,negative,202211_113.94342557009044_22.595511079528276.png
infrastructure,visual limitation,constrained discovery,negative,202211_113.94342557009044_22.595511079528276.png
roads,sense of openness,exploration,positive,202211_113.94713426497022_22.58369575357855.png
vegetation,feeling of breadth,travel in multiple directions,positive,202211_113.94713426497022_22.58369575357855.png
landscape,implied potential,exploration,positive,202211_113.94713426497022_22.58369575357855.png
buildings,sense of vastness,exploration,positive,202211_113.9561873_22.686525999999997.png
roads,directionality,navigation,positive,202211_113.9561873_22.686525999999997.png
overpasses,urban complexity,curiosity,positive,202211_113.9561873_22.686525999999997.png
cityscape,defined boundaries,limited exploration,negative,202211_113.9561873_22.686525999999997.png
road,sense of potential for exploration,exploring pathways,positive,202211_113.9517394_22.7620258.png
signs,indication of choices,deciding direction,positive,202211_113.9517394_22.7620258.png
spaces,invitation to venture,entering green areas,positive,202211_113.9517394_22.7620258.png
sky,sense of openness,gaining perspective,positive,202211_113.9517394_22.7620258.png
landscape,hints of a larger environment,exploring beyond the frame,positive,202211_113.9517394_22.7620258.png
buildings,bounded environment,limited exploration,negative,202211_113.9444364_22.7636997.png
roads,defined pathway,navigating space,neutral,202211_113.9444364_22.7636997.png
sidewalks,sense of order,walking,positive,202211_113.9444364_22.7636997.png
street,limited exploration,reduced movement,negative,202211_113.9506242_22.6892578.png
sidewalks,functional urban environment,navigating through space,neutral,202211_113.9506242_22.6892578.png
buildings,constrained visibility,lack of discovery,negative,202211_113.9506242_22.6892578.png
plaza,unclear potential,hesitation to explore,negative,202211_113.9506242_22.6892578.png
street,limited exploration,restricted movement,negative,202211_113.95836790652298_22.69236529229209.png
buildings,defined path,minimal discovery,negative,202211_113.95836790652298_22.69236529229209.png
sidewalks,bounded space,constrained navigation,negative,202211_113.95836790652298_22.69236529229209.png
buildings,sense of enclosure,walking along the sidewalk,negative,202211_113.9570976_22.583883199999995.png
road,limited exploration,crossing the street,negative,202211_113.9570976_22.583883199999995.png
roads,sense of exploration,navigate through the city,positive,202211_113.9594759_22.6869193.png
overpass,interconnectedness,move across different areas,positive,202211_113.9594759_22.6869193.png
buildings,urban density,explore diverse environments,positive,202211_113.9594759_22.6869193.png
street,openness,navigate freely,positive,202211_113.9594759_22.6869193.png
road network,sense of freedom,move within a larger area,positive,202211_113.9594759_22.6869193.png
street,sense of movement,exploration,positive,202211_113.96124870000001_22.693383099999995.png
buildings,feeling of confinement,limited exploration,negative,202211_113.96124870000001_22.693383099999995.png
cityscape,sense of vastness,curiosity,neutral,202211_113.96124870000001_22.693383099999995.png
sidewalks,invitation to walk,movement,positive,202211_113.96124870000001_22.693383099999995.png
street,limited exploration,walking,negative,202211_113.96500278761941_22.7057305940868.png
buildings,defined boundaries,navigation,neutral,202211_113.96500278761941_22.7057305940868.png
infrastructure,constrained movement,limited engagement,negative,202211_113.96500278761941_22.7057305940868.png
buildings,sense of enclosure,limited exploration,negative,202211_113.9662081_22.695615500000002.png
street,sense of urban expanse,encourages movement,positive,202211_113.9662081_22.695615500000002.png
traffic,feeling of congestion,hesitation to cross,negative,202211_113.9662081_22.695615500000002.png
barriers,sense of restriction,avoidance of certain areas,negative,202211_113.9662081_22.695615500000002.png
roads,sense of exploration,movement in various directions,positive,202211_113.9707677_22.696726400000003.png
buildings,urban connectivity,engagement with the environment,positive,202211_113.9707677_22.696726400000003.png
infrastructure,feeling of expansiveness,navigating the urban landscape,positive,202211_113.9707677_22.696726400000003.png
road,sense of scope,exploration,positive,202211_113.9736811_22.681122699999992.png
buildings,urban connectivity,travel,positive,202211_113.9736811_22.681122699999992.png
greenery,aesthetic appeal,relaxation,positive,202211_113.9736811_22.681122699999992.png
vehicles,movement potential,discovery,positive,202211_113.9736811_22.681122699999992.png
intersection,limited exploration,restricted movement,negative,202211_113.9724363_22.693400699999998.png
buildings,defined boundaries,constrained navigation,negative,202211_113.9724363_22.693400699999998.png
green hill,sense of openness,encouraged exploration,positive,202211_113.9724363_22.693400699999998.png
road,sense of openness,potential for movement,positive,202211_113.97663050000001_22.677637000000004.png
greenery,natural expanses,possibilities for exploration,positive,202211_113.97663050000001_22.677637000000004.png
sidewalks,limited exploration,restricted movement,negative,202211_113.9770576_22.680456799999998.png
buildings,constrained view,lack of engagement,negative,202211_113.9770576_22.680456799999998.png
trees,minimal greenery,decreased relaxation,negative,202211_113.9770576_22.680456799999998.png
roads,urban infrastructure,limited exploration,negative,202211_113.9770576_22.680456799999998.png
intersection,sense of exploration,encourages movement,positive,202211_113.9790278_22.699194899999995.png
buildings,feeling of connection,promotes discovery,positive,202211_113.9790278_22.699194899999995.png
roads,openness,facilitates navigation,positive,202211_113.9790278_22.699194899999995.png
walkways,accessibility,invites exploration,positive,202211_113.9790278_22.699194899999995.png
intersection,sense of scale,potential for movement,positive,202211_113.97920184951224_22.69279470795537.png
road,sense of transportation,pedestrian flow,positive,202211_113.97920184951224_22.69279470795537.png
sidewalks,sense of accessibility,encouragement to walk,positive,202211_113.97920184951224_22.69279470795537.png
buildings,sense of urbanity,exploration,neutral,202211_113.97920184951224_22.69279470795537.png
intersection,sense of openness,move along the roads,positive,202211_113.9854985_22.685279299999994.png
buildings,limited exploration,stay within boundaries,negative,202211_113.9854985_22.685279299999994.png
roads,defined boundaries,navigate the urban environment,neutral,202211_113.9854985_22.685279299999994.png
buildings,limited openness,restricted exploration,negative,202211_113.987769_22.6774694.png
sidewalks,sense of length,encouraged movement,positive,202211_113.987769_22.6774694.png
road,sense of space,exploration,positive,202211_113.9858528_22.704467899999997.png
greenery,hints of exploration,further exploration,positive,202211_113.9858528_22.704467899999997.png
intersection,expansive urban landscape,movement,positive,202211_113.9858528_22.704467899999997.png
road,constrained exploration,limited movement,negative,202211_113.98367039433224_22.672815120621834.png
bridge,restricted view,hesitation to explore,negative,202211_113.98367039433224_22.672815120621834.png
barriers,sense of confinement,avoidance of exploration,negative,202211_113.98367039433224_22.672815120621834.png
railings,lack of openness,staying on path,negative,202211_113.98367039433224_22.672815120621834.png
buildings,sense of urbanity,exploration,positive,202211_113.9890723_22.693102999999994.png
greenery,calming effect,movement,positive,202211_113.9890723_22.693102999999994.png
pathways,invitation to roam,walking,positive,202211_113.9890723_22.693102999999994.png
lanes,sense of space,navigation,positive,202211_113.9890723_22.693102999999994.png
roads,sense of movement,exploration,positive,202211_113.9905027_22.681737499999997.png
buildings,sense of confinement,limited exploration,negative,202211_113.9905027_22.681737499999997.png
traffic,feeling of restriction,hesitation to explore,negative,202211_113.9905027_22.681737499999997.png
urban,awareness of boundaries,cautious movement,negative,202211_113.9905027_22.681737499999997.png
open,sense of freedom,willingness to explore,positive,202211_113.9905027_22.681737499999997.png
buildings,restricted freedom,limited exploration,negative,202211_113.9879906_22.665906999999997.png
path,lack of vastness,minimal movement,negative,202211_113.9879906_22.665906999999997.png
natural elements,constrained openness,hesitant navigation,negative,202211_113.9879906_22.665906999999997.png
intersection,limited exploration,avoidance of area,negative,202211_113.991308_22.668160299999993.png
buildings,constrained scale,hesitation to engage,negative,202211_113.991308_22.668160299999993.png
expressway,restricted openness,reduced movement,negative,202211_113.991308_22.668160299999993.png
street,moderate sense of scope,limited exploration,negative,202211_113.9901884_22.6640908.png
buildings,feeling of restriction,hesitation to move,negative,202211_113.9901884_22.6640908.png
traffic,urban environment awareness,cautious navigation,neutral,202211_113.9901884_22.6640908.png
road,implied scale,exploration,neutral,202211_113.9939903_22.673004600000002.png
fencing,limited exploration,hesitation to explore,negative,202211_113.9939903_22.673004600000002.png
buildings,urban setting,curiosity,positive,202211_113.9939903_22.673004600000002.png
trees,natural presence,desire for interaction,positive,202211_113.9939903_22.673004600000002.png
road,sense of possibility,exploration,positive,202211_113.996054_22.668308199999995.png
buildings,sense of exploration,movement and observation,positive,202211_113.996054_22.668308199999995.png
cityscape,implied continuation,varied directions,positive,202211_113.996054_22.668308199999995.png
street,limited exploration,hesitant movement,negative,202211_113.9923096_22.666352000000003.png
cars,constrained space,restricted movement,negative,202211_113.9923096_22.666352000000003.png
buildings,bounded environment,lack of discovery,negative,202211_113.9923096_22.666352000000003.png
glimpses,curiosity,exploratory intent,neutral,202211_113.9923096_22.666352000000003.png
road,sense of scope,exploration,positive,202211_113.9984381_22.681373299999997.png
buildings,visible distance,movement,positive,202211_113.9984381_22.681373299999997.png
lanes,areas for movement,navigation,positive,202211_113.9984381_22.681373299999997.png
sidewalks,encouragement to walk,walking,positive,202211_113.9984381_22.681373299999997.png
environment,some boundaries,limited exploration,negative,202211_113.9984381_22.681373299999997.png
roads,sense of exploration,exploring the environment,positive,202211_113.9978556_22.662229899999996.png
buildings,feeling of vastness,navigating through space,positive,202211_113.9978556_22.662229899999996.png
infrastructure,openness,observing surroundings,positive,202211_113.9978556_22.662229899999996.png
overpass,broad scope,moving freely,positive,202211_113.9978556_22.662229899999996.png
street,moderate exploration potential,walking and exploring,neutral,202211_113.9964751_22.657575699999995.png
buildings,sense of boundaries,limited exploration,negative,202211_113.9964751_22.657575699999995.png
traffic,organized nature,restricted movement,negative,202211_113.9964751_22.657575699999995.png
sidewalks,encouragement to walk,walking along the street,positive,202211_113.9964751_22.657575699999995.png
paths,limited exploration,hesitation to explore,negative,202211_114.0001142_22.672967399999997.png
streets,restricted openness,avoidance of movement,negative,202211_114.0001142_22.672967399999997.png
guardrails,constrained freedom,reduced discovery,negative,202211_114.0001142_22.672967399999997.png
infrastructure,bounded environment,limited engagement,negative,202211_114.0001142_22.672967399999997.png
urban structures,less expansive feel,discouraged exploration,negative,202211_114.0001142_22.672967399999997.png
road,sense of openness,exploration,positive,202211_114.0016995_22.664829299999997.png
buildings,defined boundaries,movement,neutral,202211_114.0016995_22.664829299999997.png
street,scope for exploration,traversing area,positive,202211_114.0016995_22.664829299999997.png
buildings,bounded environment,limited exploration,negative,202211_114.001936_22.656943199999997.png
roads,defined urban area,restricted movement,negative,202211_114.001936_22.656943199999997.png
sidewalks,constrained space,hesitant navigation,negative,202211_114.001936_22.656943199999997.png
overpass,crossing opportunity,movement facilitation,neutral,202211_114.001936_22.656943199999997.png
street,constrained exploration,hesitation to explore,negative,202211_114.0032822_22.681515600000004.png
buildings,limited visibility,reduced curiosity,negative,202211_114.0032822_22.681515600000004.png
barriers,feeling restricted,avoidance of movement,negative,202211_114.0032822_22.681515600000004.png
buildings,feeling of boundedness,limited exploration,negative,202211_114.0032842_22.655026699999997.png
roads,feeling of boundedness,limited exploration,negative,202211_114.0032842_22.655026699999997.png
sidewalks,feeling of boundedness,limited exploration,negative,202211_114.0032842_22.655026699999997.png
traffic,feeling of congestion,avoidance of movement,negative,202211_114.0032842_22.655026699999997.png
elevated road,feeling of confinement,restricted navigation,negative,202211_114.0032842_22.655026699999997.png
intersection,possibility for exploration,encourages movement,positive,202211_114.00752030000001_22.644621500000003.png
buildings,sense of openness,invites exploration,positive,202211_114.00752030000001_22.644621500000003.png
roads,freedom of movement,promotes navigation,positive,202211_114.00752030000001_22.644621500000003.png
street,limited freedom for exploration,restrict exploration,negative,202211_114.0051723768474_22.681067740455443.png
buildings,restricted feeling of vastness,limit movement,negative,202211_114.0051723768474_22.681067740455443.png
obstacles,restricted feeling of vastness,limit movement,negative,202211_114.0051723768474_22.681067740455443.png
urban environment,limited freedom for exploration,restrict exploration,negative,202211_114.0051723768474_22.681067740455443.png
street,sense of ongoing urban development,possibilities for movement and exploration,positive,202211_114.00540480242616_22.65630467035494.png
traffic barriers,limited feeling of exploration,restriction of movement,negative,202211_114.00540480242616_22.65630467035494.png
sidewalks,reasonable sense of scope,encouragement of pedestrian activity,positive,202211_114.00540480242616_22.65630467035494.png
intersection,limited exploration,avoidance of space,negative,202211_114.0078292_22.639066599999996.png
tracks,constrained movement,hesitation to traverse,negative,202211_114.0078292_22.639066599999996.png
buildings,sense of confinement,reduced engagement,negative,202211_114.0078292_22.639066599999996.png
buildings,constrained exploration,limited movement,negative,202211_114.00808370000001_22.647836700000003.png
street,lack of vastness,restricted exploration,negative,202211_114.00808370000001_22.647836700000003.png
walkways,defined boundaries,preventing exploration,negative,202211_114.00808370000001_22.647836700000003.png
traffic,sense of danger,hesitation to explore,negative,202211_114.00808370000001_22.647836700000003.png
street,sense of space,moving about,positive,202211_114.0067388_22.657706199999996.png
buildings,exploration potential,discovering areas,positive,202211_114.0067388_22.657706199999996.png
urban layout,urban familiarity,navigating pathways,neutral,202211_114.0067388_22.657706199999996.png
roads,limited exploration,restricted movement,negative,202211_114.01052248887245_22.649428427414882.png
buildings,constrained freedom,hesitant navigation,negative,202211_114.01052248887245_22.649428427414882.png
highways,imposed boundaries,avoidance of areas,negative,202211_114.01052248887245_22.649428427414882.png
urban design,lack of vastness,limited exploration,negative,202211_114.01052248887245_22.649428427414882.png
street,limited exploration,restricted movement,negative,202211_114.0083_22.6611993.png
buildings,constrained environment,avoidance of exploration,negative,202211_114.0083_22.6611993.png
traffic,sense of danger,hesitation to engage,negative,202211_114.0083_22.6611993.png
sidewalks,defined pathways,guided movement,neutral,202211_114.0083_22.6611993.png
intersection,reasonable area for movement,navigate through space,positive,202211_114.00958_22.6768807.png
buildings,perceived boundaries,limit exploration,negative,202211_114.00958_22.6768807.png
traffic,ongoing congestion,hesitate to cross,negative,202211_114.00958_22.6768807.png
environment,planned setting,follow designated paths,neutral,202211_114.00958_22.6768807.png
buildings,functional urban area,movement within the area,neutral,202211_114.0114565_22.7516805.png
roads,limited exploration,restricted movement,negative,202211_114.0114565_22.7516805.png
pathways,sense of movement,exploration,positive,202211_114.0114565_22.7516805.png
intersection,opportunity for navigation,decision-making,positive,202211_114.0114565_22.7516805.png
buildings,confined view,limited exploration,negative,202211_114.01226702670839_22.65062289331344.png
traffic,restricted movement,hesitation to explore,negative,202211_114.01226702670839_22.65062289331344.png
green spaces,lack of expansiveness,minimal engagement,negative,202211_114.01226702670839_22.65062289331344.png
road,sense of congestion,avoidance of exploration,negative,202211_114.0120856_22.6380701.png
buildings,feeling of confinement,limited movement,negative,202211_114.0120856_22.6380701.png
traffic,stress and distraction,hesitation to engage,negative,202211_114.0120856_22.6380701.png
crossings,awareness of danger,caution in navigation,negative,202211_114.0120856_22.6380701.png
fences,limited exploration,avoidance of area,negative,202211_114.0132668_22.726755799999992.png
road,functional transit,movement towards destination,neutral,202211_114.0132668_22.726755799999992.png
construction,restricted access,hesitation to explore,negative,202211_114.0132668_22.726755799999992.png
urban development,distant perception,lack of engagement,negative,202211_114.0132668_22.726755799999992.png
buildings,limited exploration,restricted movement,negative,202211_114.01360720000001_22.6653999.png
sidewalks,moderate possibility,cautious navigation,neutral,202211_114.01360720000001_22.6653999.png
fences,implicit boundaries,hesitant exploration,negative,202211_114.01360720000001_22.6653999.png
traffic,urban congestion,careful crossing,negative,202211_114.01360720000001_22.6653999.png
street,sense of breadth,movement and exploration,positive,202211_114.0143483_22.629982700000003.png
sidewalks,sense of breadth,movement and exploration,positive,202211_114.0143483_22.629982700000003.png
roads,sense of breadth,movement and exploration,positive,202211_114.0143483_22.629982700000003.png
infrastructure,sense of breadth,movement and exploration,positive,202211_114.0143483_22.629982700000003.png
street,sense of openness,exploration,positive,202211_114.01383709611049_22.67024418987094.png
traffic,sense of activity,movement,positive,202211_114.01383709611049_22.67024418987094.png
sidewalks,sense of safety,walking,positive,202211_114.01383709611049_22.67024418987094.png
buildings,sense of enclosure,observation,neutral,202211_114.01383709611049_22.67024418987094.png
street,reasonable area for exploration,invites movement,positive,202211_114.0122966_22.6592225.png
sidewalks,sense of local area,encourages walking,positive,202211_114.0122966_22.6592225.png
buildings,imposed boundaries,restricts movement,negative,202211_114.0122966_22.6592225.png
road,defined urban block,limits exploration,negative,202211_114.0122966_22.6592225.png
road,sense of journey,traveling,positive,202211_114.01569978609133_22.728512338937833.png
sky,feeling of openness,exploration,positive,202211_114.01569978609133_22.728512338937833.png
barriers,sense of limitation,restricted movement,negative,202211_114.01569978609133_22.728512338937833.png
buildings,sense of confinement,staying on route,negative,202211_114.01569978609133_22.728512338937833.png
roads,sense of exploration,encourages exploration,positive,202211_114.01481627634406_22.65261985076098.png
buildings,feeling of vastness,promotes wandering,positive,202211_114.01481627634406_22.65261985076098.png
city,awareness of space,stimulates curiosity,positive,202211_114.01481627634406_22.65261985076098.png
roads,sense of openness,exploration,positive,202211_114.0163689_22.653706200000002.png
intersections,increased possibilities,movement,positive,202211_114.0163689_22.653706200000002.png
buildings,broad environment,navigation,positive,202211_114.0163689_22.653706200000002.png
infrastructure,sense of space,exploration,positive,202211_114.0163689_22.653706200000002.png
road,moderate exploration,movement and exploration,neutral,202211_114.01617567742461_22.720944442198924.png
greenery,connectedness,exploration,positive,202211_114.01617567742461_22.720944442198924.png
barriers,limited exploration,hesitation to move,negative,202211_114.01617567742461_22.720944442198924.png
traffic,restricted movement,avoidance of crossing,negative,202211_114.01617567742461_22.720944442198924.png
buildings,limited exploration,hesitation to explore,negative,202211_114.0177091_22.748998399999998.png
traffic,constrained movement,avoidance of crossing,negative,202211_114.0177091_22.748998399999998.png
intersection,sense of connectivity,exploration,positive,202211_114.0191639_22.662296299999998.png
metro,urban vibrancy,movement,positive,202211_114.0191639_22.662296299999998.png
traffic,dynamic environment,engagement,positive,202211_114.0191639_22.662296299999998.png
pathways,accessibility,navigation,positive,202211_114.0191639_22.662296299999998.png
traffic,limited exploration,restricted movement,negative,202211_114.0181294_22.6263421.png
sidewalks,limited exploration,restricted movement,negative,202211_114.0181294_22.6263421.png
construction,limited exploration,restricted movement,negative,202211_114.0181294_22.6263421.png
road,sense of vastness,exploration,positive,202211_114.01958120000002_22.706928199999997.png
vehicles,limited exploration,hesitation,negative,202211_114.01958120000002_22.706928199999997.png
greenery,calmness,relaxation,positive,202211_114.01958120000002_22.706928199999997.png
overpass,urban confinement,restriction,negative,202211_114.01958120000002_22.706928199999997.png
intersection,moderate perception of scope,exploration of urban environment,neutral,202211_114.0190127_22.633466399999996.png
roads,sense of connectivity,pedestrian movement,positive,202211_114.0190127_22.633466399999996.png
buildings,urban density,engagement with surroundings,positive,202211_114.0190127_22.633466399999996.png
crosswalks,safety for pedestrians,crossing streets,positive,202211_114.0190127_22.633466399999996.png
sidewalks,encouragement to walk,movement within the area,positive,202211_114.0190127_22.633466399999996.png
construction,limitations to exploration,hesitation to navigate,negative,202211_114.0190127_22.633466399999996.png
buildings,sense of boundary,limited exploration,negative,202211_114.0187342_22.630308.png
street,moderate sense of scope,movement along the street,neutral,202211_114.0187342_22.630308.png
road,constrained possibilities,restricted exploration,negative,202211_114.0187342_22.630308.png
street,limited exploration,restricted movement,negative,202211_114.02076763342716_22.6417675560083.png
buildings,defined boundaries,constrained navigation,negative,202211_114.02076763342716_22.6417675560083.png
traffic,stressful environment,hesitant movement,negative,202211_114.02076763342716_22.6417675560083.png
sidewalks,functional pathway,direct movement,neutral,202211_114.02076763342716_22.6417675560083.png
buildings,constrained exploration,limited movement,negative,202211_114.0203987_22.653373900000002.png
traffic,sense of activity,increased observation,positive,202211_114.0203987_22.653373900000002.png
sidewalks,defined pathways,directed movement,neutral,202211_114.0203987_22.653373900000002.png
fences,feeling of boundaries,restricted exploration,negative,202211_114.0203987_22.653373900000002.png
facades,limited openness,hesitation to explore,negative,202211_114.0203987_22.653373900000002.png
street,suggested path,focused navigation,neutral,202211_114.0203987_22.653373900000002.png
highway,constrained exploration,limited movement,negative,202211_114.0209513_22.704005600000002.png
surroundings,urban confinement,restricted exploration,negative,202211_114.0209513_22.704005600000002.png
space,potential for movement,encouraged exploration,positive,202211_114.0209513_22.704005600000002.png
roads,sense of expansiveness,exploration,positive,202211_114.0210043_22.668622000000003.png
buildings,degree of freedom,exploration,positive,202211_114.0210043_22.668622000000003.png
intersection,visual horizon,exploration,positive,202211_114.0210043_22.668622000000003.png
road,sense of exploration,encourages movement,positive,202211_114.0211632_22.610719899999992.png
lanes,structured environment,limits movement,negative,202211_114.0211632_22.610719899999992.png
barriers,feeling of restriction,discourages free exploration,negative,202211_114.0211632_22.610719899999992.png
intersection,sense of scope,exploration,positive,202211_114.0217305_22.724620699999992.png
landscape,possibilities for exploration,discovering areas,positive,202211_114.0217305_22.724620699999992.png
buildings,extended view,traveling directions,positive,202211_114.0217305_22.724620699999992.png
road,implied directions,exploring paths,positive,202211_114.0217305_22.724620699999992.png
street,sense of exploration,exploring the area,positive,202211_114.02214683204099_22.66441188077592.png
barriers,sense of confinement,hesitating to move,negative,202211_114.02214683204099_22.66441188077592.png
buildings,limited free movement,staying within boundaries,negative,202211_114.02214683204099_22.66441188077592.png
vehicles,sense of restriction,avoiding the street,negative,202211_114.02214683204099_22.66441188077592.png
intersection,sense of openness,exploration,positive,202211_114.0226689_22.6581417.png
overpass,feeling of safety,crossing roads,positive,202211_114.0226689_22.6581417.png
sky,awe and freedom,gazing upwards,positive,202211_114.0226689_22.6581417.png
buildings,confinement,hesitation to explore,negative,202211_114.0226689_22.6581417.png
roads,busy environment,cautious movement,neutral,202211_114.0226689_22.6581417.png
intersection,sense of openness,exploration,positive,202211_114.02458397103088_22.636186228414157.png
buildings,feeling of freedom,movement,positive,202211_114.02458397103088_22.636186228414157.png
road,potential for exploration,traveling,positive,202211_114.02458397103088_22.636186228414157.png
roads,limited exploration,hesitation to explore,negative,202211_114.024513_22.7198635.png
buildings,defined boundaries,restricted movement,negative,202211_114.024513_22.7198635.png
traffic,constrained environment,avoidance of movement,negative,202211_114.024513_22.7198635.png
barriers,sense of structure,limited exploration,negative,202211_114.024513_22.7198635.png
infrastructure,organized space,predictable navigation,neutral,202211_114.024513_22.7198635.png
intersection,sense of openness,exploration,positive,202211_114.02504000000002_22.655338899999997.png
buildings,sense of enclosure,limited movement,negative,202211_114.02504000000002_22.655338899999997.png
traffic,limited possibilities,restricted exploration,negative,202211_114.02504000000002_22.655338899999997.png
street,sense of openness,exploration,positive,202211_114.02556840000001_22.630214099999996.png
buildings,urban density,movement through space,neutral,202211_114.02556840000001_22.630214099999996.png
sidewalks,safety and accessibility,walking,positive,202211_114.02556840000001_22.630214099999996.png
traffic,busy environment,caution in navigation,negative,202211_114.02556840000001_22.630214099999996.png
roadway,sense of space for movement,exploration,positive,202211_114.02623188381102_22.719018468589184.png
barriers,limited possibilities for exploration,hesitation to explore,negative,202211_114.02623188381102_22.719018468589184.png
streets,sense of scope,opportunities for exploration,positive,202211_114.02588041586304_22.667103762999158.png
pathways,feeling of expansiveness,freedom to navigate,positive,202211_114.02588041586304_22.667103762999158.png
buildings,impression of spaciousness,broad area to experience,positive,202211_114.02588041586304_22.667103762999158.png
cityscape,sense of exploration,moving in multiple directions,positive,202211_114.02588041586304_22.667103762999158.png
intersection,sense of exploration,encourages movement,positive,202211_114.026409_22.61672.png
landscape,feeling of openness,promotes exploration,positive,202211_114.026409_22.61672.png
pathways,sense of limitation,restricts leisurely movement,negative,202211_114.026409_22.61672.png
roads,sense of connectivity,facilitates movement,positive,202211_114.026409_22.61672.png
sidewalks,sense of safety,encourages walking,positive,202211_114.026409_22.61672.png
street,potential for movement,exploration,positive,202211_114.02685327941492_22.65665801526316.png
sidewalks,potential for movement,exploration,positive,202211_114.02685327941492_22.65665801526316.png
shops,range of services,utilization of services,positive,202211_114.02685327941492_22.65665801526316.png
buildings,limited sense of open space,restriction of movement,negative,202211_114.02685327941492_22.65665801526316.png
traffic,limited sense of open space,restriction of movement,negative,202211_114.02685327941492_22.65665801526316.png
infrastructure,confined scope,lack of exploration,negative,202211_114.02685327941492_22.65665801526316.png
intersection,limited exploration,avoidance of the area,negative,202211_114.0271165_22.5685268.png
traffic,stressful environment,hurry through,negative,202211_114.0271165_22.5685268.png
vehicles,constrained movement,stay indoors,negative,202211_114.0271165_22.5685268.png
road,sense of space,movement and exploration,positive,202211_114.0270607_22.728646699999995.png
buildings,perceived boundaries,limited exploration,negative,202211_114.0270607_22.728646699999995.png
urban development,sense of opportunity,exploration,positive,202211_114.0270607_22.728646699999995.png
intersection,sense of scope,movement and exploration,positive,202211_114.02749850000001_22.661723400000003.png
buildings,extensive view,navigating surroundings,positive,202211_114.02749850000001_22.661723400000003.png
roads,variety of pathways,choosing directions,positive,202211_114.02749850000001_22.661723400000003.png
crosswalks,safety in movement,crossing streets,positive,202211_114.02749850000001_22.661723400000003.png
pedestrian areas,encouragement to walk,exploring space,positive,202211_114.02749850000001_22.661723400000003.png
buildings,limited exploration,restrictive movement,negative,202211_114.026955_22.724973.png
vehicles,sense of boundaries,hesitation to explore,negative,202211_114.026955_22.724973.png
fences,constrained freedom,avoidance of certain areas,negative,202211_114.026955_22.724973.png
road,suggested distance,potential exploration,neutral,202211_114.026955_22.724973.png
road,sense of openness,movement and exploration,positive,202211_114.02779052763432_22.67313863258654.png
sky,sense of openness,movement and exploration,positive,202211_114.02779052763432_22.67313863258654.png
buildings,sense of openness,movement and exploration,positive,202211_114.02779052763432_22.67313863258654.png
boulevard,sense of openness,movement and exploration,positive,202211_114.02779052763432_22.67313863258654.png
greenery,sense of openness,movement and exploration,positive,202211_114.02779052763432_22.67313863258654.png
road,sense of exploration,travel in multiple directions,positive,202211_114.02830793021995_22.63514802817295.png
buildings,urban expanse,navigate through the city,positive,202211_114.02830793021995_22.63514802817295.png
roads,sense of openness,exploration,positive,202211_114.0283491_22.604311499999998.png
sidewalks,safety and accessibility,walking,positive,202211_114.0283491_22.604311499999998.png
buildings,urban familiarity,engagement,positive,202211_114.0283491_22.604311499999998.png
greenery,calmness,relaxation,positive,202211_114.0283491_22.604311499999998.png
lanes,movement potential,exploration,positive,202211_114.0283491_22.604311499999998.png
boundaries,restriction,hesitation,negative,202211_114.0283491_22.604311499999998.png
roads,sense of exploration,exploring the area,positive,202211_114.0284235_22.621682199999995.png
buildings,feeling of discovery,traveling in different directions,positive,202211_114.0284235_22.621682199999995.png
roads,sense of confinement,limited exploration,negative,202211_114.0294217_22.556639199999996.png
buildings,sense of confinement,limited exploration,negative,202211_114.0294217_22.556639199999996.png
infrastructure,sense of confinement,limited exploration,negative,202211_114.0294217_22.556639199999996.png
road,confined feeling,limited exploration,negative,202211_114.0296143_22.644204099999996.png
buildings,sense of enclosure,reduced movement,negative,202211_114.0296143_22.644204099999996.png
sidewalks,moderate comfort,walking,positive,202211_114.0296143_22.644204099999996.png
high-rises,distant view,gazing,neutral,202211_114.0296143_22.644204099999996.png
road,sense of movement,encourages walking,positive,202211_114.03131508752195_22.741494572876128.png
sidewalks,safety and accessibility,promotes pedestrian activity,positive,202211_114.03131508752195_22.741494572876128.png
trees,connection to nature,invites exploration,positive,202211_114.03131508752195_22.741494572876128.png
urban,sense of confinement,limits exploration,negative,202211_114.03131508752195_22.741494572876128.png
landscape,limited exploration,avoidance of transit areas,negative,202211_114.0297621_22.617970299999996.png
buildings,sense of breadth,engagement with surroundings,positive,202211_114.0297621_22.617970299999996.png
traffic,constrained movement,hesitation to explore,negative,202211_114.0297621_22.617970299999996.png
walkways,navigational clarity,increased foot traffic,positive,202211_114.0297621_22.617970299999996.png
barriers,sense of obstruction,reduced exploration,negative,202211_114.0297621_22.617970299999996.png
street,sense of movement,exploring the area,positive,202211_114.02983454916154_22.679820432382865.png
buildings,feeling confined,limited exploration,negative,202211_114.02983454916154_22.679820432382865.png
fences,restricted possibilities,hesitation to move,negative,202211_114.02983454916154_22.679820432382865.png
sidewalks,potential for movement,walking,positive,202211_114.02983454916154_22.679820432382865.png
buildings,sense of exploration,exploring surroundings,positive,202211_114.0297753_22.638127799999996.png
street,perceived boundaries,hesitation to explore,negative,202211_114.0297753_22.638127799999996.png
structures,urban expanse,curiosity about larger area,positive,202211_114.0297753_22.638127799999996.png
road,sense of movement,navigate through space,positive,202211_114.0314997_22.736269000000007.png
sidewalks,feeling of safety,walk comfortably,positive,202211_114.0314997_22.736269000000007.png
traffic,sense of constraint,hesitate to explore,negative,202211_114.0314997_22.736269000000007.png
barriers,feeling of confinement,avoid certain areas,negative,202211_114.0314997_22.736269000000007.png
buildings,sense of structure,navigate urban landscape,neutral,202211_114.0314997_22.736269000000007.png
construction,sense of disruption,avoid construction zones,negative,202211_114.0314997_22.736269000000007.png
sidewalks,limited exploration,pedestrian movement,negative,202211_114.0318018_22.674518099999997.png
buildings,constrained environment,restricted exploration,negative,202211_114.0318018_22.674518099999997.png
traffic,stressful atmosphere,avoidance behavior,negative,202211_114.0318018_22.674518099999997.png
spaces,lack of openness,minimal exploration,negative,202211_114.0318018_22.674518099999997.png
intersection,sense of openness,exploration and movement,positive,202211_114.032242_22.6575483.png
roads,freedom of movement,navigating pathways,positive,202211_114.032242_22.6575483.png
buildings,urban density,engaging with surroundings,neutral,202211_114.032242_22.6575483.png
crossings,safety in navigation,crossing streets,positive,202211_114.032242_22.6575483.png
commercial areas,opportunity for interaction,visiting shops,positive,202211_114.032242_22.6575483.png
street,sense of spaciousness,potential for exploration,positive,202211_114.033416_22.553516.png
buildings,imposed boundaries,limited movement,negative,202211_114.033416_22.553516.png
pathways,clear pathways,reasonable scope for movement,positive,202211_114.033416_22.553516.png
roads,limited personal exploration,movement along prescribed paths,negative,202211_114.0323309_22.668993499999996.png
traffic,constrained exploration,following structured routes,negative,202211_114.0323309_22.668993499999996.png
sidewalks,sense of structure,navigating within boundaries,neutral,202211_114.0323309_22.668993499999996.png
buildings,feeling of confinement,restricted movement,negative,202211_114.0323309_22.668993499999996.png
roads,sense of exploration,exploring pathways,positive,202211_114.0321921_22.630447800000002.png
traffic,sense of confinement,limiting exploration,negative,202211_114.0321921_22.630447800000002.png
development,feeling of confinement,restricting movement,negative,202211_114.0321921_22.630447800000002.png
roads,sense of freedom,exploration,positive,202211_114.0340117_22.761769300000005.png
pathways,openness,movement,positive,202211_114.0340117_22.761769300000005.png
greenery,calmness,relaxation,positive,202211_114.0340117_22.761769300000005.png
landscape,awareness of surroundings,navigation,positive,202211_114.0340117_22.761769300000005.png
buildings,sense of enclosure,confined exploration,negative,202211_114.0336272_22.661090499999997.png
roads,limited scope,defined movement,negative,202211_114.0336272_22.661090499999997.png
sidewalks,sense of directionality,guided navigation,neutral,202211_114.0336272_22.661090499999997.png
road,sense of openness,encourages exploration,positive,202211_114.0337351_22.567145599999996.png
bridge,feeling of connection,facilitates movement,positive,202211_114.0337351_22.567145599999996.png
buildings,urban density,promotes navigation,neutral,202211_114.0337351_22.567145599999996.png
lanes,sense of organization,supports traffic flow,positive,202211_114.0337351_22.567145599999996.png
road,sense of openness,movement and exploration,positive,202211_114.03539635041923_22.72043432710625.png
trees,implied possibility,exploration,positive,202211_114.03539635041923_22.72043432710625.png
landscaping,hints at larger areas,curiosity,positive,202211_114.03539635041923_22.72043432710625.png
greenery,sense of openness,exploration,positive,202211_114.03539635041923_22.72043432710625.png
intersection,limited exploration,restricted movement,negative,202211_114.034455_22.602106200000005.png
road,busy environment,avoidance of exploration,negative,202211_114.034455_22.602106200000005.png
fences,sense of boundaries,constrained movement,negative,202211_114.034455_22.602106200000005.png
intersection,sense of openness,potential for movement,positive,202211_114.0356317_22.694531300000005.png
buildings,imposed boundaries,limited exploration,negative,202211_114.0356317_22.694531300000005.png
road,possibilities for exploration,encouraged movement,positive,202211_114.0356317_22.694531300000005.png
traffic,restricted freedom,hesitation to explore,negative,202211_114.0356317_22.694531300000005.png
pathways,inviting exploration,encouraged walking,positive,202211_114.0356317_22.694531300000005.png
roadway,sense of openness,exploration,positive,202211_114.03583020000002_22.633432100000004.png
structures,restricted perception,limited movement,negative,202211_114.03583020000002_22.633432100000004.png
fences,sense of confinement,avoidance of exploration,negative,202211_114.03583020000002_22.633432100000004.png
vehicle,limited view,reduced exploration,negative,202211_114.03583020000002_22.633432100000004.png
fencing,limited sense of openness,reduced exploration,negative,202211_114.0367861_22.750203300000003.png
roads,constrained movement,restricted navigation,negative,202211_114.0367861_22.750203300000003.png
sidewalks,sense of confinement,hesitation to explore,negative,202211_114.0367861_22.750203300000003.png
construction,disruption of space,avoidance of area,negative,202211_114.0367861_22.750203300000003.png
urban,overwhelming environment,limited engagement,negative,202211_114.0367861_22.750203300000003.png
street,feeling of spaciousness,opportunities for exploration,positive,202211_114.03708640000002_22.7299134.png
overpass,sense of scale,encouragement to explore,positive,202211_114.03708640000002_22.7299134.png
lanes,expansive area,movement through space,positive,202211_114.03708640000002_22.7299134.png
views,openness,engagement with surroundings,positive,202211_114.03708640000002_22.7299134.png
road,sense of spaciousness,exploration,positive,202211_114.0357926_22.662275299999997.png
buildings,urban vibrancy,navigation,positive,202211_114.0357926_22.662275299999997.png
sidewalks,safety,walking,positive,202211_114.0357926_22.662275299999997.png
roads,sense of congestion,avoidance of exploration,negative,202211_114.0370413_22.667363200000004.png
buildings,feeling of confinement,limited movement,negative,202211_114.0370413_22.667363200000004.png
highway,overwhelming presence,hesitation to engage,negative,202211_114.0370413_22.667363200000004.png
sidewalks,perceived safety,walking,positive,202211_114.0370413_22.667363200000004.png
roads,feeling of broad scope,opportunities for exploration,positive,202211_114.0358766_22.6473671.png
intersections,feeling of broad scope,opportunities for movement,positive,202211_114.0358766_22.6473671.png
buildings,feeling of broad scope,opportunities for exploration,positive,202211_114.0358766_22.6473671.png
streets,sense of openness,movement and exploration,positive,202211_114.0370963_22.6127813.png
buildings,modern backdrop,exploration within boundaries,positive,202211_114.0370963_22.6127813.png
pedestrian areas,possibility of movement,exploration,positive,202211_114.0370963_22.6127813.png
landscape,moderate scope,defined exploration,neutral,202211_114.0370963_22.6127813.png
street,sense of openness,movement,positive,202211_114.0372554_22.607285599999997.png
buildings,limited exploration,restricted movement,negative,202211_114.0372554_22.607285599999997.png
cars,restricted freedom,limited exploration,negative,202211_114.0372554_22.607285599999997.png
fences,restricted perception,limited movement,negative,202211_114.0372554_22.607285599999997.png
roads,sense of openness,exploration,positive,202211_114.0373116_22.658199100000004.png
lanes,feeling of connectivity,movement,positive,202211_114.0373116_22.658199100000004.png
skyline,vastness,curiosity,positive,202211_114.0373116_22.658199100000004.png
distance,potential for exploration,decision-making,positive,202211_114.0373116_22.658199100000004.png
boundaries,freedom,adventuring,positive,202211_114.0373116_22.658199100000004.png
buildings,limited freedom of movement,restricted exploration,negative,202211_114.03749670000002_22.7061488.png
roads,constrained visual scope,hesitation to move,negative,202211_114.03749670000002_22.7061488.png
traffic,anxiety about safety,avoidance of streets,negative,202211_114.03749670000002_22.7061488.png
sidewalks,perceived boundaries,limited movement,negative,202211_114.03749670000002_22.7061488.png
intersection,limited sense of exploration,avoidance of traffic,negative,202211_114.0383343_22.670064099999998.png
buildings,defined boundaries,navigation through urban space,neutral,202211_114.0383343_22.670064099999998.png
roads,constrained movement,cautious crossing,negative,202211_114.0383343_22.670064099999998.png
intersection,sense of openness,exploration,positive,202211_114.0384587_22.6523063.png
roads,opportunity for movement,moving about,positive,202211_114.0384587_22.6523063.png
roads,limited exploration,avoidance of the area,negative,202211_114.03979010000002_22.544423999999996.png
greenery,minimal openness,lack of engagement,negative,202211_114.03979010000002_22.544423999999996.png
intersection,busy environment,hesitation to explore,negative,202211_114.03979010000002_22.544423999999996.png
intersection,sense of exploration,encourages movement,positive,202211_114.0400041_22.7100435.png
buildings,feeling of enclosure,promotes discovery,neutral,202211_114.0400041_22.7100435.png
green,calming effect,invites relaxation,positive,202211_114.0400041_22.7100435.png
roads,sense of direction,facilitates navigation,positive,202211_114.0400041_22.7100435.png
sidewalks,safety and accessibility,encourages walking,positive,202211_114.0400041_22.7100435.png
intersection,limited exploration,hesitation to move,negative,202211_114.0392108_22.633060299999997.png
buildings,constrained movement,avoidance of navigation,negative,202211_114.0392108_22.633060299999997.png
roads,suggested movement,encouragement to travel,positive,202211_114.0392108_22.633060299999997.png
power lines,urban confinement,reduced exploration,negative,202211_114.0392108_22.633060299999997.png
street,sense of exploration,encourages movement,positive,202211_114.03978245388089_22.60607904267013.png
sidewalks,feeling of accessibility,promotes walking,positive,202211_114.03978245388089_22.60607904267013.png
traffic,awareness of activity,increases alertness,neutral,202211_114.03978245388089_22.60607904267013.png
infrastructure,sense of connectivity,facilitates navigation,positive,202211_114.03978245388089_22.60607904267013.png
entrance,sense of welcome,exploration,positive,202211_114.040342_22.699437499999995.png
sidewalks,freedom of movement,walking,positive,202211_114.040342_22.699437499999995.png
building,modernity,admiration,positive,202211_114.040342_22.699437499999995.png
greenery,calmness,relaxation,positive,202211_114.040342_22.699437499999995.png
crossing,safety,crossing the road,positive,202211_114.040342_22.699437499999995.png
road,accessibility,movement,positive,202211_114.040342_22.699437499999995.png
sidewalks,sense of movement,walking or exploring,positive,202211_114.0418664_22.615342299999995.png
streets,feeling of constraint,driving or navigating,negative,202211_114.0418664_22.615342299999995.png
buildings,lack of freedom,limited exploration,negative,202211_114.0418664_22.615342299999995.png
traffic,sense of danger,hesitation to move,negative,202211_114.0418664_22.615342299999995.png
private properties,feeling of boundaries,avoidance of certain areas,negative,202211_114.0418664_22.615342299999995.png
road,sense of expansiveness,exploration and movement,positive,202211_114.0433479_22.733619999999995.png
landscape,feeling of considerable extent,encouragement to explore,positive,202211_114.0433479_22.733619999999995.png
features,visual cues of variety,increased curiosity,positive,202211_114.0433479_22.733619999999995.png
barriers,restricted freedom,limited exploration,negative,202211_114.0420587_22.570514200000005.png
fences,constrained space,avoidance of exploration,negative,202211_114.0420587_22.570514200000005.png
sidewalks,thoroughfare feeling,transit rather than exploration,negative,202211_114.0420587_22.570514200000005.png
urban development,lack of vastness,discouragement of exploration,negative,202211_114.0420587_22.570514200000005.png
road,sense of openness,exploration,positive,202211_114.0411497_22.561641499999997.png
greenery,calming effect,movement,positive,202211_114.0411497_22.561641499999997.png
buildings,urban density,navigation,neutral,202211_114.0411497_22.561641499999997.png
street,moderately expansive,exploration,positive,202211_114.0436549_22.566394400000004.png
buildings,sense of confinement,hesitation to explore,negative,202211_114.0436549_22.566394400000004.png
traffic,limited movement,avoidance of exploration,negative,202211_114.0436549_22.566394400000004.png
sidewalks,potential for movement,walking,positive,202211_114.0436549_22.566394400000004.png
roads,sense of freedom,exploration,positive,202211_114.0438439_22.556771700000002.png
intersections,openness to movement,navigating,positive,202211_114.0438439_22.556771700000002.png
structures,balanced boundaries,movement,neutral,202211_114.0438439_22.556771700000002.png
streets,visibility,exploring,positive,202211_114.0438439_22.556771700000002.png
road,sense of openness,exploration,positive,202211_114.0445019_22.545124799999996.png
greenery,freedom to move,movement,positive,202211_114.0445019_22.545124799999996.png
backdrop,not confined,exploration,positive,202211_114.0445019_22.545124799999996.png
road,limited sense of freedom,restricted exploration,negative,202211_114.0444805_22.532850000000003.png
view,sense of vastness,desire for exploration,positive,202211_114.0444805_22.532850000000003.png
road,degree of openness,opportunities for movement,positive,202211_114.0442153_22.7004492.png
greenery,sense of freedom,exploration,positive,202211_114.0442153_22.7004492.png
buildings,limitations on exploration,restricted movement,negative,202211_114.0442153_22.7004492.png
traffic,feeling of confinement,hesitation to explore,negative,202211_114.0442153_22.7004492.png
road,sense of openness,encourages movement,positive,202211_114.0445563_22.536196300000004.png
bridge,feeling of connectivity,promotes exploration,positive,202211_114.0445563_22.536196300000004.png
trees,sense of enclosure,limits exploration,negative,202211_114.0445563_22.536196300000004.png
buildings,feeling of confinement,restricts movement,negative,202211_114.0445563_22.536196300000004.png
cityscape,sense of vastness,exploration,positive,202211_114.0447215_22.6747501.png
roadways,feeling of constraint,hesitation to explore,negative,202211_114.0447215_22.6747501.png
buildings,impression of urban density,curiosity,neutral,202211_114.0447215_22.6747501.png
intersection,sense of openness,exploration,positive,202211_114.044294_22.550718700000004.png
buildings,feeling of confinement,avoidance,negative,202211_114.044294_22.550718700000004.png
roads,sense of freedom,movement,positive,202211_114.044294_22.550718700000004.png
sky,awe and inspiration,venturing out,positive,202211_114.044294_22.550718700000004.png
roads,sense of exploration,move about,positive,202211_114.0458089_22.749670200000004.png
buildings,impression of a large city,discover different sections,positive,202211_114.0458089_22.749670200000004.png
infrastructure,limited visual exploration,restricted movement,negative,202211_114.0458089_22.749670200000004.png
road,sense of openness,potential for movement,positive,202211_114.04783120000002_22.750205699999995.png
overpass,sense of openness,potential for movement,positive,202211_114.04783120000002_22.750205699999995.png
sky,sense of openness,potential for movement,positive,202211_114.04783120000002_22.750205699999995.png
buildings,larger urban environment,exploration,positive,202211_114.04783120000002_22.750205699999995.png
landscaping,larger urban environment,exploration,positive,202211_114.04783120000002_22.750205699999995.png
intersection,sense of openness,exploration,positive,202211_114.049461_22.743669.png
buildings,feeling of confinement,limited exploration,negative,202211_114.049461_22.743669.png
vehicles,sense of boundaries,restricted movement,negative,202211_114.049461_22.743669.png
streets,providing directions,navigation,neutral,202211_114.049461_22.743669.png
sidewalks,sense of order,walking,neutral,202211_114.049461_22.743669.png
road,constrained exploration,limited discovery,negative,202211_114.04826360000001_22.572488899999996.png
fences,restricted access,avoidance of entry,negative,202211_114.04826360000001_22.572488899999996.png
crossing,functional purpose,transit focus,neutral,202211_114.04826360000001_22.572488899999996.png
entrance,access point,entry intent,neutral,202211_114.04826360000001_22.572488899999996.png
intersection,sense of exploration,exploring surroundings,positive,202211_114.05071875681584_22.635629412882473.png
buildings,sense of enclosure,limited movement,negative,202211_114.05071875681584_22.635629412882473.png
vehicles,sense of congestion,hesitation to move,negative,202211_114.05071875681584_22.635629412882473.png
sidewalks,feeling of structure,walking along paths,neutral,202211_114.05071875681584_22.635629412882473.png
construction,sense of disruption,avoiding areas,negative,202211_114.05071875681584_22.635629412882473.png
landscape,feeling of vastness,exploring freely,positive,202211_114.05071875681584_22.635629412882473.png
intersection,sense of openness,potential for exploration,positive,202211_114.0506629_22.622426099999995.png
trees,sense of tranquility,encouragement to linger,positive,202211_114.0506629_22.622426099999995.png
buildings,sense of security,movement towards shelter,positive,202211_114.0506629_22.622426099999995.png
roads,sense of connectivity,pathways for movement,positive,202211_114.0506629_22.622426099999995.png
sidewalks,sense of accessibility,encouragement to walk,positive,202211_114.0506629_22.622426099999995.png
landscape,sense of vastness,exploration of surroundings,positive,202211_114.0506629_22.622426099999995.png
sidewalks,limited exploration,hesitation to explore,negative,202211_114.0510165_22.551339899999995.png
greenery,sense of calm,encouragement to relax,positive,202211_114.0510165_22.551339899999995.png
buildings,sense of confinement,reduced movement,negative,202211_114.0510165_22.551339899999995.png
roads,restricted possibilities,avoidance of exploration,negative,202211_114.0510165_22.551339899999995.png
fences,barrier to discovery,discouragement from wandering,negative,202211_114.0510165_22.551339899999995.png
intersection,sense of openness,exploration,positive,202211_114.0508553_22.5182639.png
buildings,larger environment,movement,positive,202211_114.0508553_22.5182639.png
roads,possibility of movement,connection,positive,202211_114.0508553_22.5182639.png
lanes,perceived boundaries,exploration,neutral,202211_114.0508553_22.5182639.png
crossings,designed for movement,connection,positive,202211_114.0508553_22.5182639.png
street,sense of movement,exploration,positive,202211_114.0511516749918_22.520491450643974.png
buildings,broader urban environment,navigating,positive,202211_114.0511516749918_22.520491450643974.png
road,visual extent,possibilities for exploration,positive,202211_114.0511516749918_22.520491450643974.png
street,sense of limitation,hesitation to explore,negative,202211_114.0510343_22.567276599999996.png
buildings,feeling of confinement,avoidance of movement,negative,202211_114.0510343_22.567276599999996.png
traffic,stress and distraction,reduced engagement,negative,202211_114.0510343_22.567276599999996.png
network,connectedness,navigation through space,neutral,202211_114.0510343_22.567276599999996.png
roads,accommodates movement,exploration,positive,202211_114.0513555_22.6373346.png
buildings,implies large area,varied pathways,positive,202211_114.0513555_22.6373346.png
traffic,limits immediate exploration,hesitation to explore,negative,202211_114.0513555_22.6373346.png
cityscape,suggests potential experiences,encourages exploration,positive,202211_114.0513555_22.6373346.png
roads,sense of openness,explore in multiple directions,positive,202211_114.0514137_22.533238599999994.png
buildings,sense of boundaries,navigate within limits,negative,202211_114.0514137_22.533238599999994.png
pathways,potential for movement,move freely,positive,202211_114.0514137_22.533238599999994.png
barriers,sense of confinement,restricted movement,negative,202211_114.0519255_22.7122363.png
road,limited exploration potential,hesitation to explore,negative,202211_114.0519255_22.7122363.png
construction,sense of confinement,avoidance of area,negative,202211_114.0519255_22.7122363.png
buildings,limited exploration,avoidance of exploration,negative,202211_114.052132_22.579492399999996.png
roads,sense of openness,engagement with surroundings,positive,202211_114.052132_22.579492399999996.png
vehicles,constrained movement,hesitation to explore,negative,202211_114.052132_22.579492399999996.png
intersection,sense of exploration,exploring various directions,positive,202211_114.0532611389115_22.537487752685507.png
buildings,broader environment,movement without boundaries,positive,202211_114.0532611389115_22.537487752685507.png
sky,expansiveness,increased perception,positive,202211_114.0532611389115_22.537487752685507.png
vegetation,limited perception of vastness,restricted exploration,negative,202211_114.0534887_22.648944400000005.png
guardrails,moderate sense of scope,cautious movement,neutral,202211_114.0534887_22.648944400000005.png
pathways,visible routes,navigation,positive,202211_114.0534887_22.648944400000005.png
street,sense of openness,potential for movement,positive,202211_114.0527317_22.6539903.png
buildings,feeling of exploration,exploring the area,positive,202211_114.0527317_22.6539903.png
road,expanse of space,navigating through the urban setting,positive,202211_114.0527317_22.6539903.png
view,sense of openness,exploration,positive,202211_114.0540545_22.6082435.png
sky,feeling of expanse,appreciation of space,positive,202211_114.0540545_22.6082435.png
road,sense of potential,movement,positive,202211_114.0540545_22.6082435.png
road,sense of exploration,movement,positive,202211_114.0535786_22.679672700000005.png
sidewalks,sense of freedom,walking,positive,202211_114.0535786_22.679672700000005.png
pathways,sense of openness,navigating,positive,202211_114.0535786_22.679672700000005.png
urban setting,implied boundaries,awareness of limits,neutral,202211_114.0535786_22.679672700000005.png
buildings,limited exploration,avoidance of private spaces,negative,202211_114.053605_22.718885899999997.png
traffic,constrained movement,hesitation to navigate,negative,202211_114.053605_22.718885899999997.png
sidewalks,restricted openness,reduced willingness to explore,negative,202211_114.053605_22.718885899999997.png
intersection,sense of scale,exploration,positive,202211_114.0544058_22.6444327.png
roads,possibilities for movement,navigation,positive,202211_114.0544058_22.6444327.png
buildings,urban connectivity,engagement,positive,202211_114.0544058_22.6444327.png
greenery,inviting atmosphere,relaxation,positive,202211_114.0544058_22.6444327.png
road,sense of openness,movement within environment,positive,202211_114.0551483_22.6402828.png
sidewalks,feeling of space,exploration,positive,202211_114.0551483_22.6402828.png
buildings,sense of distance,navigation,neutral,202211_114.0551483_22.6402828.png
context,imposed boundaries,restricted exploration,negative,202211_114.0551483_22.6402828.png
street,sense of scope,movement and exploration,positive,202211_114.0558493_22.615251100000002.png
sidewalks,sense of safety,walking,positive,202211_114.0558493_22.615251100000002.png
overpasses,sense of connectivity,crossing streets,positive,202211_114.0558493_22.615251100000002.png
road,sense of openness,exploration,positive,202211_114.0556394_22.6776329.png
barriers,feeling of restriction,hesitation to explore,negative,202211_114.0556394_22.6776329.png
trees,calming effect,lingering in space,positive,202211_114.0556394_22.6776329.png
buildings,sense of confinement,avoidance of movement,negative,202211_114.0556394_22.6776329.png
roads,sense of freedom,exploration,positive,202211_114.0553629_22.5431187.png
setting,openness,movement,positive,202211_114.0553629_22.5431187.png
pathways,possibility thinking,consideration of options,positive,202211_114.0553629_22.5431187.png
road,degree of freedom,move freely,positive,202211_114.056985622683_22.646688059603026.png
tree,potential pathways,explore areas,positive,202211_114.056985622683_22.646688059603026.png
urban context,limited exploration,restrict movement,negative,202211_114.056985622683_22.646688059603026.png
road,possibilities for movement,exploration,positive,202211_114.0571543_22.663891599999996.png
buildings,perceived boundaries,limited exploration,negative,202211_114.0571543_22.663891599999996.png
streets,urban structure,navigation,neutral,202211_114.0571543_22.663891599999996.png
sidewalk,limited exploration,restricted movement,negative,202211_114.0576238_22.740609200000005.png
traffic,sense of danger,avoidance of area,negative,202211_114.0576238_22.740609200000005.png
buildings,feeling of confinement,hesitation to explore,negative,202211_114.0576238_22.740609200000005.png
river,curiosity about surroundings,desire to explore further,neutral,202211_114.0576238_22.740609200000005.png
intersection,sense of scope,movement and exploration,positive,202211_114.0572344_22.644393399999995.png
roads,feeling of openness,further movement and discovery,positive,202211_114.0572344_22.644393399999995.png
greenery,hint of larger areas,exploration beyond view,positive,202211_114.0572344_22.644393399999995.png
pathways,organized layout,navigation without boundaries,positive,202211_114.0572344_22.644393399999995.png
roads,feeling of movement,exploration,positive,202211_114.0571795_22.670173699999996.png
buildings,visible boundaries,awareness of limits,neutral,202211_114.0571795_22.670173699999996.png
cityscape,sense of expanse,discovery,positive,202211_114.0571795_22.670173699999996.png
hills,sense of larger territory,exploration,positive,202211_114.0571795_22.670173699999996.png
highway,sense of openness,exploration beyond roadside,positive,202211_114.0578282_22.578562.png
hillside,potential for movement,encouragement to travel,positive,202211_114.0578282_22.578562.png
road,sense of openness,exploration,positive,202211_114.0578369_22.551453299999995.png
bridge,feeling of connectivity,movement,positive,202211_114.0578369_22.551453299999995.png
landscape,awe and curiosity,discovery,positive,202211_114.0578369_22.551453299999995.png
sky,freedom,exploration,positive,202211_114.0578369_22.551453299999995.png
infrastructure,sense of order,navigation,positive,202211_114.0578369_22.551453299999995.png
sidewalks,restricted exploration,hesitant movement,negative,202211_114.05853155717254_22.724492512449242.png
streets,constrained freedom,limited navigation,negative,202211_114.05853155717254_22.724492512449242.png
buildings,feeling of confinement,avoidance of diverse directions,negative,202211_114.05853155717254_22.724492512449242.png
traffic,stressful environment,cautious movement,negative,202211_114.05853155717254_22.724492512449242.png
street,sense of scope for exploration,opportunities to move about,positive,202211_114.0589736_22.646539200000003.png
roads,feeling of expansive possibilities,encouragement to explore,positive,202211_114.0589736_22.646539200000003.png
buildings,visible expanse,invitation to navigate,positive,202211_114.0589736_22.646539200000003.png
trees,sense of openness,enhanced movement,positive,202211_114.0589736_22.646539200000003.png
intersection,potential for exploration,movement and discovery,positive,202211_114.0597178_22.624512499999994.png
environment,sense of openness,exploration,positive,202211_114.0597178_22.624512499999994.png
buildings,boundedness,cautious movement,negative,202211_114.0597178_22.624512499999994.png
roads,navigation potential,discovery,positive,202211_114.0597178_22.624512499999994.png
roads,sense of potential exploration,encourages exploration,positive,202211_114.0590525_22.653881399999996.png
buildings,feeling of urban expanse,promotes urban engagement,positive,202211_114.0590525_22.653881399999996.png
intersection,sense of limitation,restricts movement,negative,202211_114.0590525_22.653881399999996.png
skyline,awe and inspiration,invites admiration,positive,202211_114.0590525_22.653881399999996.png
intersection,sense of exploration,encouraged to explore,positive,202211_114.059173_22.6942178.png
roads,sense of openness,freedom to move,positive,202211_114.059173_22.6942178.png
buildings,urban connectivity,navigate through space,positive,202211_114.059173_22.6942178.png
sidewalks,safety and accessibility,walking and commuting,positive,202211_114.059173_22.6942178.png
bike lanes,encouragement of cycling,biking as a mode of transport,positive,202211_114.059173_22.6942178.png
intersection,sense of openness,exploration,neutral,202211_114.0604666_22.576447899999998.png
road,confined perspective,limited exploration,negative,202211_114.0604666_22.576447899999998.png
barriers,restricted movement,hesitation to explore,negative,202211_114.0604666_22.576447899999998.png
infrastructure,sense of limitation,cautious navigation,negative,202211_114.0604666_22.576447899999998.png
road,sense of openness,exploration,positive,202211_114.060862_22.691273400000004.png
buildings,feeling of scope,movement,positive,202211_114.060862_22.691273400000004.png
trees,connectedness,navigation,positive,202211_114.060862_22.691273400000004.png
buildings,sense of scale,exploration,positive,202211_114.0580773408319_22.685469298315436.png
roads,limited exploration,restricted movement,negative,202211_114.0580773408319_22.685469298315436.png
sidewalks,constrained freedom,hesitation to move,negative,202211_114.0580773408319_22.685469298315436.png
sky,broad landscape,curiosity,neutral,202211_114.0580773408319_22.685469298315436.png
intersection,sense of scale,movement along sidewalks,neutral,202211_114.06041650000002_22.541971899999997.png
buildings,implied boundaries,limited exploration,negative,202211_114.06041650000002_22.541971899999997.png
roads,potential for movement,navigate urban context,positive,202211_114.06041650000002_22.541971899999997.png
intersection,sense of openness,potential for exploration,positive,202211_114.0615053_22.722665999999997.png
roads,sense of openness,potential for exploration,positive,202211_114.0615053_22.722665999999997.png
buildings,larger urban environment,further exploration,positive,202211_114.0615053_22.722665999999997.png
greenery,larger urban environment,further exploration,positive,202211_114.0615053_22.722665999999997.png
traffic,defined area,limited exploration,negative,202211_114.0615053_22.722665999999997.png
pathways,defined area,limited exploration,negative,202211_114.0615053_22.722665999999997.png
road,sense of openness,exploring the area,positive,202211_114.06232570000002_22.5495498.png
sidewalk,comfort in walking,engaging in outdoor activities,positive,202211_114.06232570000002_22.5495498.png
buildings,feeling of confinement,hesitation to venture further,negative,202211_114.06232570000002_22.5495498.png
trees,sense of tranquility,seeking relaxation,positive,202211_114.06232570000002_22.5495498.png
urban barriers,frustration,avoiding certain paths,negative,202211_114.06232570000002_22.5495498.png
road,limited exploration,hesitation to explore,negative,202211_114.0624934_22.556890700000004.png
landscape,sense of openness,encouragement to explore,positive,202211_114.0624934_22.556890700000004.png
boundaries,implied restrictions,reduced engagement,negative,202211_114.0624934_22.556890700000004.png
road,limited exploration,restricted movement,negative,202211_114.0627656_22.5229418.png
buildings,sense of enclosure,discouraged exploration,negative,202211_114.0627656_22.5229418.png
sidewalks,defined pathways,guided movement,neutral,202211_114.0627656_22.5229418.png
skyscrapers,sense of openness,potential for exploration,positive,202211_114.0624975_22.5355538.png
roads,structured environment,navigation,neutral,202211_114.0624975_22.5355538.png
traffic,overwhelmed feeling,avoidance,negative,202211_114.0624975_22.5355538.png
buildings,sense of enclosure,restricted exploration,negative,202211_114.0628273_22.5474701.png
roads,suggestion of movement,encouraged navigation,neutral,202211_114.0628273_22.5474701.png
sidewalks,defined pathways,limited spontaneity,negative,202211_114.0628273_22.5474701.png
road,sense of openness,potential for exploration,positive,202211_114.06349_22.686220400000003.png
buildings,sense of depth,encouragement to explore,positive,202211_114.06349_22.686220400000003.png
greenery,visual depth,enhanced observation,positive,202211_114.06349_22.686220400000003.png
street,feeling of enclosure,limited exploration,negative,202211_114.0641599_22.626087899999998.png
buildings,feeling of enclosure,limited exploration,negative,202211_114.0641599_22.626087899999998.png
traffic,feeling of enclosure,limited exploration,negative,202211_114.0641599_22.626087899999998.png
bridge,suggests pathways,exploration,neutral,202211_114.0641599_22.626087899999998.png
sidewalks,suggests pathways,exploration,neutral,202211_114.0641599_22.626087899999998.png
street,sense of openness,exploration,positive,202211_114.06481200000002_22.657803599999998.png
buildings,feeling of vastness,movement,positive,202211_114.06481200000002_22.657803599999998.png
sidewalks,safety and accessibility,walking,positive,202211_114.06481200000002_22.657803599999998.png
traffic,dynamic environment,navigation,neutral,202211_114.06481200000002_22.657803599999998.png
road,freedom of movement,travel,positive,202211_114.06481200000002_22.657803599999998.png
intersection,sense of openness,movement and exploration,positive,202211_114.06487710000002_22.633098699999998.png
sidewalks,sense of safety,walking,positive,202211_114.06487710000002_22.633098699999998.png
pedestrian crossings,sense of accessibility,crossing roads,positive,202211_114.06487710000002_22.633098699999998.png
urban landscape,sense of variety,exploration,positive,202211_114.06487710000002_22.633098699999998.png
intersection,limited exploration,navigate pathways,negative,202211_114.0650669_22.682274200000002.png
buildings,sense of confinement,stay within boundaries,negative,202211_114.0650669_22.682274200000002.png
roadways,moderate openness,explore routes,neutral,202211_114.0650669_22.682274200000002.png
trees,sense of walkability,encourages walking,positive,202211_114.0665036_22.627860199999997.png
road,sense of openness,promotes exploration,positive,202211_114.0665036_22.627860199999997.png
greenery,feeling of tranquility,invites relaxation,positive,202211_114.0665036_22.627860199999997.png
view,sense of scale,inspires curiosity,positive,202211_114.0665036_22.627860199999997.png
roads,sense of openness,movement within the landscape,positive,202211_114.0672245_22.619196.png
fences,sense of confinement,limited exploration,negative,202211_114.0672245_22.619196.png
buildings,sense of confinement,limited exploration,negative,202211_114.0672245_22.619196.png
traffic,sense of confinement,limited exploration,negative,202211_114.0672245_22.619196.png
infrastructure,limited scope,restricted movement,negative,202211_114.0672245_22.619196.png
road,constrained exploration,limited movement,negative,202211_114.06520580000002_22.644341599999997.png
traffic,stressful environment,avoidance of area,negative,202211_114.06520580000002_22.644341599999997.png
buildings,sense of enclosure,restricted exploration,negative,202211_114.06520580000002_22.644341599999997.png
pathways,guided movement,following designated routes,neutral,202211_114.06520580000002_22.644341599999997.png
road,constrained view,limited exploration,negative,202211_114.0665292_22.716657700000003.png
buildings,functional urban corridor,restricted movement,negative,202211_114.0665292_22.716657700000003.png
construction,imposed limitations,hindered movement,negative,202211_114.0665292_22.716657700000003.png
crosswalks,sense of safety,use of pedestrian pathways,positive,202211_114.0674914_22.7259638.png
roads,feeling of congestion,avoidance of traffic areas,negative,202211_114.0674914_22.7259638.png
buildings,urban density,limited exploration,negative,202211_114.0674914_22.7259638.png
trees,aesthetic appeal,seeking green spaces,positive,202211_114.0674914_22.7259638.png
construction,disruption,avoidance of construction zones,negative,202211_114.0674914_22.7259638.png
street,sense of openness,exploration,positive,202211_114.0671695_22.622888399999994.png
roads,feeling of broad scope,movement,positive,202211_114.0671695_22.622888399999994.png
overpasses,interconnectedness,navigating,positive,202211_114.0671695_22.622888399999994.png
views,expansive perception,awareness,positive,202211_114.0671695_22.622888399999994.png
infrastructure,scale of the city,exploration,positive,202211_114.0671695_22.622888399999994.png
road,sense of scale,exploration,neutral,202211_114.0679141_22.563537199999995.png
bridge,hint of exploration,curiosity,positive,202211_114.0679141_22.563537199999995.png
trees,larger urban area,exploration,positive,202211_114.0679141_22.563537199999995.png
road,sense of openness,encourages movement,positive,202211_114.068191_22.536007499999997.png
sidewalks,safety and accessibility,promotes exploration,positive,202211_114.068191_22.536007499999997.png
green,calming effect,invites relaxation,positive,202211_114.068191_22.536007499999997.png
buildings,sense of scale,stimulates curiosity,positive,202211_114.068191_22.536007499999997.png
intersection,sense of openness,exploring different directions,positive,202211_114.0683281_22.644526199999998.png
sidewalks,implied movement,moving about,positive,202211_114.0683281_22.644526199999998.png
infrastructure,limited freedom,restricted exploration,negative,202211_114.0683281_22.644526199999998.png
traffic,constrained environment,hesitation to explore,negative,202211_114.0683281_22.644526199999998.png
landscape,freedom of exploration,engaging with nature,positive,202211_114.0683281_22.644526199999998.png
road,sense of expansiveness,exploration,positive,202211_114.06762820000002_22.541651099999996.png
greenery,inviting atmosphere,movement,positive,202211_114.06762820000002_22.541651099999996.png
buildings,sense of connection,navigation,positive,202211_114.06762820000002_22.541651099999996.png
street,sense of openness,exploration,positive,202211_114.0695717_22.630429799999995.png
buildings,urban familiarity,navigation,positive,202211_114.0695717_22.630429799999995.png
bridge,connectivity,crossing,positive,202211_114.0695717_22.630429799999995.png
infrastructure,freedom of movement,travel,positive,202211_114.0695717_22.630429799999995.png
street,restricted exploration,limited movement,negative,202211_114.0696888_22.642016399999996.png
barriers,constrained freedom,discouraged discovery,negative,202211_114.0696888_22.642016399999996.png
structures,lack of depth,minimal engagement,negative,202211_114.0696888_22.642016399999996.png
road,sense of broadness,exploration of space,positive,202211_114.0714429_22.5480405.png
sidewalks,sense of safety,walking or commuting,positive,202211_114.0714429_22.5480405.png
buildings,impression of scale,engagement with urban environment,positive,202211_114.0714429_22.5480405.png
roads,limited exploration,avoidance of movement,negative,202211_114.07173230000001_22.629936.png
buildings,structured environment,restricted movement,negative,202211_114.07173230000001_22.629936.png
sidewalks,clear boundaries,cautious navigation,negative,202211_114.07173230000001_22.629936.png
greenery,potential for exploration,encouragement to explore,positive,202211_114.07173230000001_22.629936.png
park,sense of possibility,increased movement,positive,202211_114.07173230000001_22.629936.png
road,feeling of exploration,movement and observation,positive,202211_114.0726525_22.687373499999996.png
buildings,sense of confinement,limited exploration,negative,202211_114.0726525_22.687373499999996.png
traffic barriers,restricted freedom,hesitation to explore,negative,202211_114.0726525_22.687373499999996.png
cityscape,impression of vastness,encouragement to observe,positive,202211_114.0726525_22.687373499999996.png
sidewalks,constrained exploration,limited wandering,negative,202211_114.0721434_22.531278799999995.png
roads,restricted movement,focus on transportation,negative,202211_114.0721434_22.531278799999995.png
bridge,different perspective,encouraged viewing,positive,202211_114.0721434_22.531278799999995.png
buildings,visible boundaries,discouraged exploration,negative,202211_114.0721434_22.531278799999995.png
traffic,urban congestion,hastened movement,negative,202211_114.0721434_22.531278799999995.png
street,sense of openness,exploration,positive,202211_114.0745257_22.683408699999998.png
roads,potential for movement,travel in various directions,positive,202211_114.0745257_22.683408699999998.png
sidewalks,continuity,walking,positive,202211_114.0745257_22.683408699999998.png
urban development,limitations,restricted exploration,negative,202211_114.0745257_22.683408699999998.png
road,constrained view,limited exploration,negative,202211_114.07432253296145_22.638316220884164.png
buildings,sense of confinement,restricted movement,negative,202211_114.07432253296145_22.638316220884164.png
greenery,slight openness,encouraged interaction,positive,202211_114.07432253296145_22.638316220884164.png
buildings,limited exploration,theoretical walking,negative,202211_114.0728802_22.656325199999998.png
road,constrained movement,navigating the street,negative,202211_114.0728802_22.656325199999998.png
landscapes,lack of vastness,minimal exploration,negative,202211_114.0728802_22.656325199999998.png
intersection,strong sense of scope,exploration in various directions,positive,202211_114.0746631_22.6338718.png
traffic,feeling of freedom,move and observe,positive,202211_114.0746631_22.6338718.png
buildings,sense of openness,navigate through space,positive,202211_114.0746631_22.6338718.png
road,potential for movement and exploration,exploration,positive,202211_114.07514405889465_22.670319898873846.png
hillside,broader visual expanse,appreciation of scenery,positive,202211_114.07514405889465_22.670319898873846.png
roadway,limited perceived scope,restricted exploration,negative,202211_114.07514405889465_22.670319898873846.png
park,open-ended exploration,free movement,positive,202211_114.07514405889465_22.670319898873846.png
urban,expansive setting,broad exploration,positive,202211_114.07514405889465_22.670319898873846.png
intersection,potential for exploration,encourages exploration,positive,202211_114.0757488_22.663631199999998.png
greenery,sense of openness,invites movement,positive,202211_114.0757488_22.663631199999998.png
road,imposed boundaries,restricts movement,negative,202211_114.0757488_22.663631199999998.png
skyline,larger environment,stimulates curiosity,positive,202211_114.0757488_22.663631199999998.png
traffic,sense of danger,discourages exploration,negative,202211_114.0757488_22.663631199999998.png
buildings,restricted exploration,limited movement,negative,202211_114.074749_22.6295701.png
sidewalks,constrained navigation,focused transportation,negative,202211_114.074749_22.6295701.png
roadways,defined boundaries,direct travel,neutral,202211_114.074749_22.6295701.png
traffic,overwhelming presence,avoidance behavior,negative,202211_114.074749_22.6295701.png
road,sense of journey,follow the path,positive,202211_114.07806492913375_22.579018427051174.png
crossing,sense of accessibility,move safely,positive,202211_114.07806492913375_22.579018427051174.png
sidewalks,feeling of safety,encourage walking,positive,202211_114.07806492913375_22.579018427051174.png
layout,sense of progression,explore surroundings,positive,202211_114.07806492913375_22.579018427051174.png
street,limited exploration,avoidance of pathways,negative,202211_114.07913570000001_22.7079778.png
buildings,confinement,restricted movement,negative,202211_114.07913570000001_22.7079778.png
barriers,frustration,hesitation to explore,negative,202211_114.07913570000001_22.7079778.png
highway,sense of expansiveness,exploring in different directions,positive,202211_114.08191756826112_22.63148896198925.png
buildings,large scale impression,navigating urban grid,positive,202211_114.08191756826112_22.63148896198925.png
fences,limited exploration,hesitation to explore,negative,202211_114.08191756826112_22.63148896198925.png
urban environment,subtle limitation of unboundedness,restricted movement,negative,202211_114.08191756826112_22.63148896198925.png
buildings,sense of enclosure,limited exploration,negative,202211_114.0877995_22.564690599999995.png
highways,feeling of confinement,restricted movement,negative,202211_114.0877995_22.564690599999995.png
landscape,vastness,desire for exploration,neutral,202211_114.0877995_22.564690599999995.png
road,sense of distance,exploration,positive,202211_114.09092050000001_22.701566099999997.png
hills,feeling of breadth,exploration,positive,202211_114.09092050000001_22.701566099999997.png
infrastructure,limited possibilities,hesitation,negative,202211_114.09092050000001_22.701566099999997.png
vehicles,restricted movement,avoidance,negative,202211_114.09092050000001_22.701566099999997.png
buildings,confinement,caution,negative,202211_114.09092050000001_22.701566099999997.png
street,limited freedom of movement,hesitation to explore,negative,202211_114.0874612_22.571961899999998.png
fences,constrained environment,reduced exploration,negative,202211_114.0874612_22.571961899999998.png
vehicles,structured surroundings,avoidance of open spaces,negative,202211_114.0874612_22.571961899999998.png
buildings,confined scope,limited movement,negative,202211_114.0874612_22.571961899999998.png
pathways,defined routes,following set paths,neutral,202211_114.0874612_22.571961899999998.png
traffic,busy environment,cautious navigation,negative,202211_114.0874612_22.571961899999998.png
commercial,crowded space,avoidance of congestion,negative,202211_114.0874612_22.571961899999998.png
streets,sense of openness,exploration,positive,202211_114.0909805_22.5517268.png
buildings,feeling of boundaries,limited exploration,negative,202211_114.0909805_22.5517268.png
roads,sense of movement,navigation,positive,202211_114.0909805_22.5517268.png
intersection,sense of exploration,encourages movement,positive,202211_114.091143_22.541469199999998.png
roads,openness,invites navigation,positive,202211_114.091143_22.541469199999998.png
buildings,urban density,promotes interaction,positive,202211_114.091143_22.541469199999998.png
sidewalks,safety,facilitates walking,positive,202211_114.091143_22.541469199999998.png
street,limited exploration,avoidance of movement,negative,202211_114.092021_22.716234699999998.png
buildings,constrained environment,reduced engagement,negative,202211_114.092021_22.716234699999998.png
construction,disruption of space,hesitation to explore,negative,202211_114.092021_22.716234699999998.png
cars,crowdedness,limited interaction,negative,202211_114.092021_22.716234699999998.png
road,constrained environment,limited exploration,negative,202211_114.09283016380192_22.701909368974583.png
barriers,enclosed feeling,restricted movement,negative,202211_114.09283016380192_22.701909368974583.png
infrastructure,limited possibilities,hesitation to explore,negative,202211_114.09283016380192_22.701909368974583.png
traffic,stressful atmosphere,avoidance of areas,negative,202211_114.09283016380192_22.701909368974583.png
construction,disruption of space,reduced movement,negative,202211_114.09283016380192_22.701909368974583.png
road,limited exploration,restricted movement,negative,202211_114.0916635_22.747129500000003.png
barriers,constrained freedom,hesitation to explore,negative,202211_114.0916635_22.747129500000003.png
construction,utilitarian feel,functional use,neutral,202211_114.0916635_22.747129500000003.png
space,not inviting,avoidance of movement,negative,202211_114.0916635_22.747129500000003.png
road,sense of spaciousness,potential exploration,positive,202211_114.09309454919806_22.731257073279288.png
sky,feeling of expanse,room to move,positive,202211_114.09309454919806_22.731257073279288.png
landscaped areas,feeling of openness,room to move,positive,202211_114.09309454919806_22.731257073279288.png
buildings,sense of spaciousness,exploration,positive,202211_114.0951316_22.546393199999994.png
roads,potential for movement,traveling,positive,202211_114.0951316_22.546393199999994.png
green areas,invitation to explore,wandering,positive,202211_114.0951316_22.546393199999994.png
road,restricted exploration,limited walking,negative,202211_114.0932195_22.5702165.png
sidewalks,constrained movement,walking along,negative,202211_114.0932195_22.5702165.png
buildings,defined urban edge,feeling of confinement,negative,202211_114.0932195_22.5702165.png
buildings,limited exploration,restricted movement,negative,202211_114.0963676_22.572977699999996.png
roads,constrained freedom,hesitant exploration,negative,202211_114.0963676_22.572977699999996.png
traffic,stressful environment,avoidance of areas,negative,202211_114.0963676_22.572977699999996.png
entrances,clear boundaries,limited engagement,negative,202211_114.0963676_22.572977699999996.png
sidewalks,lack of vastness,minimal exploration,negative,202211_114.0963676_22.572977699999996.png
street,sense of exploration,move around,positive,202211_114.0961111_22.615301999999993.png
sidewalks,sense of safety,walk freely,positive,202211_114.0961111_22.615301999999993.png
infrastructure,sense of accessibility,explore the area,positive,202211_114.0961111_22.615301999999993.png
overpass,sense of connectivity,observe surroundings,positive,202211_114.0961111_22.615301999999993.png
buildings,sense of confinement,limited exploration,negative,202211_114.1005657_22.731975799999997.png
roads,feeling of restriction,hesitation to venture out,negative,202211_114.1005657_22.731975799999997.png
infrastructure,urban overwhelm,avoidance of the area,negative,202211_114.1005657_22.731975799999997.png
road,limited exploration,restricted movement,negative,202211_114.1035643_22.6872075.png
buildings,confined urban setting,discouraged exploration,negative,202211_114.1035643_22.6872075.png
walkway,sense of confinement,hesitant movement,negative,202211_114.1035643_22.6872075.png
intersection,sense of potential exploration,encourages movement and discovery,positive,202211_114.1030966_22.689401099999998.png
buildings,areas for exploration,invites exploration,positive,202211_114.1030966_22.689401099999998.png
greenery,enhanced urban experience,promotes outdoor activities,positive,202211_114.1030966_22.689401099999998.png
street,limited exploration,restricted movement,negative,202211_114.1011581_22.699633800000004.png
vehicles,sense of confinement,avoidance of wandering,negative,202211_114.1011581_22.699633800000004.png
buildings,feeling of boundaries,linear navigation,negative,202211_114.1011581_22.699633800000004.png
sidewalks,structured path,following designated routes,neutral,202211_114.1011581_22.699633800000004.png
roads,sense of spaciousness,opportunities for exploration,positive,202211_114.1042198_22.553105699999996.png
sidewalks,sense of movement,encouragement to travel,positive,202211_114.1042198_22.553105699999996.png
buildings,feeling of breadth,increased exploration,positive,202211_114.1042198_22.553105699999996.png
intersection,sense of breadth,explore urban fabric,positive,202211_114.10231030000001_22.624254699999998.png
roads,busy thoroughfare,navigate traffic,neutral,202211_114.10231030000001_22.624254699999998.png
sidewalks,sense of safety,walk comfortably,positive,202211_114.10231030000001_22.624254699999998.png
buildings,visual cues of development,engage with surroundings,positive,202211_114.10231030000001_22.624254699999998.png
buildings,constrained sense of space,limited exploration,negative,202211_114.1047764_22.6093842.png
road,implied boundaries,restricted movement,negative,202211_114.1047764_22.6093842.png
traffic,feeling of danger,avoidance of streets,negative,202211_114.1047764_22.6093842.png
sidewalks,sense of confinement,hesitation to explore,negative,202211_114.1047764_22.6093842.png
roads,limited exploration,navigate functionally,negative,202211_114.1060149_22.615623499999998.png
buildings,constrained movement,follow visible pathways,negative,202211_114.1060149_22.615623499999998.png
roads,limiting exploration,restricted movement,negative,202211_114.10521776143314_22.698746943293884.png
buildings,sense of vastness,encouraged exploration,positive,202211_114.10521776143314_22.698746943293884.png
landscapes,freedom of exploration,increased wandering,positive,202211_114.10521776143314_22.698746943293884.png
corridor,constrained environment,limited engagement,negative,202211_114.10521776143314_22.698746943293884.png
street,limited exploration,stay within boundaries,negative,202211_114.10629653022042_22.69430970272127.png
buildings,restricted vastness,avoid exploration,negative,202211_114.10629653022042_22.69430970272127.png
fences,defined accessibility,follow paths,neutral,202211_114.10629653022042_22.69430970272127.png
sidewalks,constrained movement,limit wandering,negative,202211_114.10629653022042_22.69430970272127.png
road,limited exploration,hesitation to explore,negative,202211_114.10983452552101_22.659198364377513.png
greenery,potential for exploration,encouragement to explore,positive,202211_114.10983452552101_22.659198364377513.png
buildings,constrained view,reduced curiosity,negative,202211_114.10983452552101_22.659198364377513.png
barriers,sense of limitation,avoidance of exploration,negative,202211_114.10983452552101_22.659198364377513.png
highway,sense of confinement,limited exploration,negative,202211_114.1103926_22.609482.png
buildings,sense of confinement,limited movement,negative,202211_114.1103926_22.609482.png
sidewalks,restricted possibilities,dictated movement,negative,202211_114.1103926_22.609482.png
street,feels constrained,limited exploration,negative,202211_114.1067933_22.562345200000003.png
buildings,visible but confining,restricted movement,negative,202211_114.1067933_22.562345200000003.png
traffic,overwhelming presence,hesitation to engage,negative,202211_114.1067933_22.562345200000003.png
crossings,sense of danger,caution in crossing,negative,202211_114.1067933_22.562345200000003.png
fencing,restrictive barrier,avoidance of area,negative,202211_114.1067933_22.562345200000003.png
intersection,limited exploration,confined movement,negative,202211_114.1109541_22.697445399999996.png
roads,clear boundaries,restricted access,negative,202211_114.1109541_22.697445399999996.png
buildings,sense of enclosure,hesitation to explore,negative,202211_114.1109541_22.697445399999996.png
infrastructure,lack of vastness,limited movement options,negative,202211_114.1109541_22.697445399999996.png
bridge,designated path,directed crossing,neutral,202211_114.1109541_22.697445399999996.png
landscape,sense of potential,movement and exploration,positive,202211_114.107342_22.5666593.png
vehicles,feeling of activity,engagement with the environment,positive,202211_114.107342_22.5666593.png
overpasses,sense of connectivity,navigating the area,positive,202211_114.107342_22.5666593.png
sky,sense of openness,exploring the surroundings,positive,202211_114.107342_22.5666593.png
buildings,urban familiarity,identifying locations,neutral,202211_114.107342_22.5666593.png
intersection,sense of openness,exploration,positive,202211_114.1079496_22.572552100000003.png
buildings,feeling of vastness limited,hesitation to explore,negative,202211_114.1079496_22.572552100000003.png
storefronts,perception of boundaries,restricted movement,negative,202211_114.1079496_22.572552100000003.png
highway,sense of scale and mobility,limited exploration,negative,202211_114.1129015_22.5992305.png
infrastructure,defined transportation corridor,restricted movement,negative,202211_114.1129015_22.5992305.png
overpasses,sense of confinement,avoidance of diverse directions,negative,202211_114.1129015_22.5992305.png
intersection,sense of breadth,exploration,positive,202211_114.112463_22.71322719999999.png
buildings,urban context,navigation,positive,202211_114.112463_22.71322719999999.png
barriers,temporary obstruction,hesitation,negative,202211_114.112463_22.71322719999999.png
street,limited exploration,discouraged exploration,negative,202211_114.1119794_22.656217199999997.png
buildings,sense of confinement,reduced movement,negative,202211_114.1119794_22.656217199999997.png
traffic,increased anxiety,avoidance of areas,negative,202211_114.1119794_22.656217199999997.png
road,lack of freedom,hesitation to explore,negative,202211_114.1119794_22.656217199999997.png
street,sense of openness,exploration,positive,202211_114.1158762_22.6470264.png
intersection,ample space,movement,positive,202211_114.1158762_22.6470264.png
walkways,clarity of direction,journeying,positive,202211_114.1158762_22.6470264.png
greenery,connection to nature,exploration,positive,202211_114.1158762_22.6470264.png
infrastructure,sense of community,engagement,positive,202211_114.1158762_22.6470264.png
street,lack of vastness,limited exploration,negative,202211_114.1170252_22.6245105.png
buildings,constrained environment,reduced movement,negative,202211_114.1170252_22.6245105.png
traffic,sense of danger,avoidance of areas,negative,202211_114.1170252_22.6245105.png
street,sense of openness,exploration,positive,202211_114.1182373_22.5657563.png
buildings,overwhelmed by scale,hesitation to enter,negative,202211_114.1182373_22.5657563.png
walkways,safety in movement,increased foot traffic,positive,202211_114.1182373_22.5657563.png
traffic,stress from congestion,avoidance of busy areas,negative,202211_114.1182373_22.5657563.png
streets,spacious environment,exploration,positive,202211_114.1178114_22.571050499999995.png
buildings,potential for exploration,movement,positive,202211_114.1178114_22.571050499999995.png
network,connectivity,movement opportunities,positive,202211_114.1178114_22.571050499999995.png
overpass,opportunities for movement,crossing streets,positive,202211_114.1178114_22.571050499999995.png
sidewalks,limited exploration,restricted movement,negative,202211_114.1177549_22.5965032.png
roads,suggested movement,navigating space,neutral,202211_114.1177549_22.5965032.png
buildings,implied boundaries,staying within limits,negative,202211_114.1177549_22.5965032.png
vehicle,restricted perspective,limited exploration,negative,202211_114.1177549_22.5965032.png
pathways,lack of direction,no exploration,negative,202211_114.1177549_22.5965032.png
street,sense of spaciousness,encouragement to explore,positive,202211_114.1219976_22.6565409.png
intersection,opportunity for movement,increased navigation,positive,202211_114.1219976_22.6565409.png
overpass,heightened perspective,enhanced exploration,positive,202211_114.1219976_22.6565409.png
road,degree of openness,movement possibilities,positive,202211_114.1197684_22.6355119.png
trees,hint of exploration,exploration,positive,202211_114.1197684_22.6355119.png
infrastructure,imposed boundaries,restricted movement,negative,202211_114.1197684_22.6355119.png
buildings,limited freedom,hesitation to explore,negative,202211_114.1197684_22.6355119.png
buildings,confinement,restricted movement,negative,202211_114.1188259_22.619971699999997.png
greenery,potential for exploration,encouraged wandering,positive,202211_114.1188259_22.619971699999997.png
roads,structure,navigating pathways,neutral,202211_114.1188259_22.619971699999997.png
sidewalks,safety,walking,positive,202211_114.1188259_22.619971699999997.png
streets,sense of potential exploration,move about and discover,positive,202211_114.1213079_22.6233272.png
sidewalks,sense of potential exploration,move about and discover,positive,202211_114.1213079_22.6233272.png
roads,sense of potential exploration,move about and discover,positive,202211_114.1213079_22.6233272.png
road,sense of forward movement,moving forward,positive,202211_114.1204075_22.6482116.png
construction,limited scope for exploration,restricted movement,negative,202211_114.1204075_22.6482116.png
trees,sense of enclosure,hesitation to explore,negative,202211_114.1204075_22.6482116.png
traffic,anxiety about safety,caution in movement,negative,202211_114.1204075_22.6482116.png
road,sense of openness,exploration,positive,202211_114.1202768_22.6900755.png
car,sense of limitation,restriction of movement,negative,202211_114.1202768_22.6900755.png
buildings,sense of distance,navigation,neutral,202211_114.1202768_22.6900755.png
barriers,feeling of confinement,hesitation to explore,negative,202211_114.1202768_22.6900755.png
road,sense of expansiveness,exploration,positive,202211_114.1230868_22.608538499999998.png
buildings,feeling of scale,movement,positive,202211_114.1230868_22.608538499999998.png
infrastructure,sense of connectivity,navigation,positive,202211_114.1230868_22.608538499999998.png
intersection,sense of expansive possibility,exploration,positive,202211_114.1252032_22.559106599999996.png
buildings,feeling of openness,movement,positive,202211_114.1252032_22.559106599999996.png
roads,freedom of choice,navigation,positive,202211_114.1252032_22.559106599999996.png
trees,sense of nature,encourages relaxation,positive,202211_114.12602319776069_22.61048710187174.png
sidewalks,sense of safety,promotes walking,positive,202211_114.12602319776069_22.61048710187174.png
vehicles,feeling of congestion,limits exploration,negative,202211_114.12602319776069_22.61048710187174.png
infrastructure,impression of development,facilitates movement,neutral,202211_114.12602319776069_22.61048710187174.png
roads,sense of urgency,encourages quick transit,neutral,202211_114.12602319776069_22.61048710187174.png
streetscape,sense of openness,exploration and movement,positive,202211_114.1265996_22.6505152.png
road,broad area impression,movement without boundaries,positive,202211_114.1265996_22.6505152.png
buildings,moderate impression of scope,navigation,neutral,202211_114.1265996_22.6505152.png
road,sense of movement,exploration,positive,202211_114.1278554_22.633320999999995.png
lanes,sense of spatial extent,travel in different directions,positive,202211_114.1278554_22.633320999999995.png
car,limited exploration,restricted view,negative,202211_114.1278554_22.633320999999995.png
road,constrained exploration,limited movement,negative,202211_114.1271246_22.659764699999993.png
barriers,restricted access,avoidance of exploration,negative,202211_114.1271246_22.659764699999993.png
urban,uniformity,lack of curiosity,negative,202211_114.1271246_22.659764699999993.png
infrastructure,immediate focus,staying within limits,neutral,202211_114.1271246_22.659764699999993.png
roads,defined urban space,limited exploration,negative,202211_114.13011830000002_22.620062400000002.png
sidewalks,defined urban space,limited exploration,negative,202211_114.13011830000002_22.620062400000002.png
buildings,defined urban space,limited exploration,negative,202211_114.13011830000002_22.620062400000002.png
traffic,defined urban space,limited exploration,negative,202211_114.13011830000002_22.620062400000002.png
pedestrian,defined urban space,limited exploration,negative,202211_114.13011830000002_22.620062400000002.png
road,potential for exploration,exploring different directions,positive,202211_114.127291_22.6774182.png
cars,constrained movement,limited exploration,negative,202211_114.127291_22.6774182.png
buildings,sense of enclosure,hesitation to explore,negative,202211_114.127291_22.6774182.png
space,openness to movement,moving freely,positive,202211_114.127291_22.6774182.png
street,sense of exploration,encourages movement,positive,202211_114.1297294_22.571899599999995.png
sidewalks,feeling of safety,promotes walking,positive,202211_114.1297294_22.571899599999995.png
buildings,sense of community,invites social interaction,positive,202211_114.1297294_22.571899599999995.png
road,awareness of space,facilitates navigation,positive,202211_114.1297294_22.571899599999995.png
road,limited exploration,restricted movement,negative,202211_114.1290905_22.6113102.png
bridge,opportunity for movement,crossing,positive,202211_114.1290905_22.6113102.png
greenery,sense of nature,enjoyment,positive,202211_114.1290905_22.6113102.png
street,limited exploration,walking along,negative,202211_114.1302464_22.554833399999993.png
buildings,sense of enclosure,restricted movement,negative,202211_114.1302464_22.554833399999993.png
vehicles,clear boundaries,focus on movement,negative,202211_114.1302464_22.554833399999993.png
road,limited exploration,avoidance of exploration,negative,202211_114.13115568027233_22.70972758510674.png
buildings,sense of confinement,restricted movement,negative,202211_114.13115568027233_22.70972758510674.png
street,moderate exploration,travel and exploration,neutral,202211_114.13195110000001_22.681132199999997.png
buildings,restricted exploration,limited movement,negative,202211_114.13195110000001_22.681132199999997.png
sidewalks,pathway accessibility,walking,positive,202211_114.13195110000001_22.681132199999997.png
roads,navigation options,driving,positive,202211_114.13195110000001_22.681132199999997.png
road,sense of openness,exploration,positive,202211_114.13244062094806_22.71108266161979.png
buildings,feeling of confinement,hesitation to explore,negative,202211_114.13244062094806_22.71108266161979.png
fenced areas,restricted movement,avoidance of certain areas,negative,202211_114.13244062094806_22.71108266161979.png
urban street,defined boundaries,limited exploration,negative,202211_114.13244062094806_22.71108266161979.png
intersection,sense of exploration,movement and discovery,positive,202211_114.1317136_22.6857221.png
roadway,sense of spaciousness,exploration,positive,202211_114.1317136_22.6857221.png
infrastructure,sense of possibility,discovery,positive,202211_114.1317136_22.6857221.png
street,higher perception of scope,movement and exploration,positive,202211_114.133277_22.62872249999999.png
sidewalks,higher perception of scope,movement and exploration,positive,202211_114.133277_22.62872249999999.png
cityscape,higher perception of scope,movement and exploration,positive,202211_114.133277_22.62872249999999.png
road,sense of openness,exploration,positive,202211_114.1335341_22.623544999999996.png
buildings,urban density,movement,neutral,202211_114.1335341_22.623544999999996.png
landscape,sense of openness,exploration,positive,202211_114.1318029_22.630163299999996.png
buildings,feeling of scale,movement,positive,202211_114.1318029_22.630163299999996.png
traffic,bounded feeling,hesitation to explore,negative,202211_114.1318029_22.630163299999996.png
pedestrian areas,somewhat confined,limited movement,negative,202211_114.1318029_22.630163299999996.png
roads,sense of openness,exploration,positive,202211_114.1348213_22.632774600000005.png
pathways,possibility of movement,movement,positive,202211_114.1348213_22.632774600000005.png
landscape,hint of exploration,exploration,positive,202211_114.1348213_22.632774600000005.png
structures,sense of openness,movement,positive,202211_114.1348213_22.632774600000005.png
greenery,sense of openness,exploration,positive,202211_114.1348213_22.632774600000005.png
barriers,lack of restriction,movement,positive,202211_114.1348213_22.632774600000005.png
intersection,possibilities for movement,exploration within the city,positive,202211_114.1347208_22.689938899999998.png
traffic,limited freedom,restricted movement,negative,202211_114.1347208_22.689938899999998.png
buildings,sense of confinement,hesitation to explore,negative,202211_114.1347208_22.689938899999998.png
pedestrian areas,clear boundaries,cautious navigation,neutral,202211_114.1347208_22.689938899999998.png
road,sense of potential exploration,encourages travel,positive,202211_114.13372558661142_22.712437730192388.png
sidewalks,feeling of safety in movement,promotes walking,positive,202211_114.13372558661142_22.712437730192388.png
buildings,sense of urban confinement,limits exploration,negative,202211_114.13372558661142_22.712437730192388.png
utility poles,awareness of infrastructure,acknowledges urban design,neutral,202211_114.13372558661142_22.712437730192388.png
roads,sense of openness,exploration,positive,202211_114.1349762_22.558610499999997.png
crosswalks,feeling of safety,movement,positive,202211_114.1349762_22.558610499999997.png
buildings,urban familiarity,navigation,positive,202211_114.1349762_22.558610499999997.png
cityscape,vastness,exploration,positive,202211_114.1349762_22.558610499999997.png
street,sense of openness,exploration,positive,202211_114.1355611_22.676161700000005.png
buildings,feeling of confinement,limited exploration,negative,202211_114.1355611_22.676161700000005.png
greenery,aesthetic appeal,attraction to nature,positive,202211_114.1355611_22.676161700000005.png
fences,sense of restriction,avoidance of certain areas,negative,202211_114.1355611_22.676161700000005.png
road,sense of openness,encourages movement,positive,202211_114.1362693_22.6242506.png
sidewalks,feeling of safety,promotes walking,positive,202211_114.1362693_22.6242506.png
trees,calming effect,invites exploration,positive,202211_114.1362693_22.6242506.png
buildings,urban density,encourages navigation,neutral,202211_114.1362693_22.6242506.png
traffic,sense of busyness,triggers caution,negative,202211_114.1362693_22.6242506.png
street,sense of openness,exploration,positive,202211_114.1369354_22.6212028.png
highway,implied scale,exploration in different directions,positive,202211_114.1369354_22.6212028.png
buildings,sense of scale,exploration,positive,202211_114.1369354_22.6212028.png
road,dominance in foreground,limited exploration,negative,202211_114.1369354_22.6212028.png
intersection,sense of openness,exploration,positive,202211_114.1377721_22.626094.png
buildings,urban context,movement,neutral,202211_114.1377721_22.626094.png
roads,pathways for movement,navigate,positive,202211_114.1377721_22.626094.png
sidewalks,accessibility,walking,positive,202211_114.1377721_22.626094.png
road,possibilities for movement,exploration,positive,202211_114.1406575_22.696127500000003.png
boundaries,limited perception of exploration,hesitation to explore,negative,202211_114.1406575_22.696127500000003.png
green areas,sense of openness,encouragement to walk,positive,202211_114.1406575_22.696127500000003.png
road,sense of expansiveness,perception of movement,positive,202211_114.14223940000001_22.685515900000002.png
trees,hint of exploration,encouragement to explore,positive,202211_114.14223940000001_22.685515900000002.png
barriers,limitations on movement,restriction of exploration,negative,202211_114.14223940000001_22.685515900000002.png
road,restricted exploration,limited movement,negative,202211_114.1413619_22.633429600000003.png
fences,sense of confinement,avoidance of exploration,negative,202211_114.1413619_22.633429600000003.png
buildings,sense of enclosure,hesitation to explore,negative,202211_114.1413619_22.633429600000003.png
traffic,danger and urgency,cautious navigation,negative,202211_114.1413619_22.633429600000003.png
intersection,sense of expansive scope,exploration,positive,202211_114.1389329_22.697220100000003.png
buildings,feeling of limitation,restricted movement,negative,202211_114.1389329_22.697220100000003.png
sky,broad environment,increased awareness,positive,202211_114.1389329_22.697220100000003.png
traffic,sense of chaos,caution in navigation,negative,202211_114.1389329_22.697220100000003.png
intersection,sense of movement,exploration,positive,202211_114.1424149_22.670925099999998.png
roads,sense of freedom,navigation,positive,202211_114.1424149_22.670925099999998.png
buildings,limited exploration,hesitation,negative,202211_114.1424149_22.670925099999998.png
railings,restricted movement,caution,negative,202211_114.1424149_22.670925099999998.png
road,limited exploration,stay on pathways,negative,202211_114.1442062_22.6431672.png
buildings,sense of confinement,avoid expansive movement,negative,202211_114.1442062_22.6431672.png
fences,restricted access,hesitate to explore,negative,202211_114.1442062_22.6431672.png
sidewalks,defined boundaries,follow set paths,neutral,202211_114.1442062_22.6431672.png
roads,sense of scale,exploration,positive,202211_114.1432958_22.6223257.png
highways,feeling of movement,traveling,positive,202211_114.1432958_22.6223257.png
cityscape,vastness,navigating,positive,202211_114.1432958_22.6223257.png
infrastructure,network connectivity,connecting,positive,202211_114.1432958_22.6223257.png
trees,visual depth,exploration,positive,202211_114.14458594103891_22.691730256908752.png
road,constrained movement,limited exploration,negative,202211_114.14458594103891_22.691730256908752.png
railings,restricted access,hesitation to explore,negative,202211_114.14458594103891_22.691730256908752.png
fences,barrier to movement,avoidance of exploration,negative,202211_114.14458594103891_22.691730256908752.png
road,sense of direction,exploration,positive,202211_114.14501728737399_22.680650006105953.png
buildings,feeling of confinement,hesitation to explore,negative,202211_114.14501728737399_22.680650006105953.png
fencing,sense of boundaries,restricted movement,negative,202211_114.14501728737399_22.680650006105953.png
traffic,sense of danger,avoidance,negative,202211_114.14501728737399_22.680650006105953.png
view,limited perspective,lack of exploration,negative,202211_114.14501728737399_22.680650006105953.png
streets,sense of openness,movement and exploration,positive,202211_114.1538046_22.6086347.png
buildings,implied possibilities,continuing travel,positive,202211_114.1538046_22.6086347.png
street,potential for movement and exploration,encourages exploration,positive,202211_114.151315_22.614566799999995.png
buildings,limited feeling of expansive possibilities,restricts movement,negative,202211_114.151315_22.614566799999995.png
traffic,defined urban corridor,discourages wandering,negative,202211_114.151315_22.614566799999995.png
roads,visible pathways,provides direction,neutral,202211_114.151315_22.614566799999995.png
sidewalks,defined walking space,facilitates movement,positive,202211_114.151315_22.614566799999995.png
street,sense of openness,exploration,positive,202211_114.1486314_22.6915968.png
trees,sense of tranquility,relaxation,positive,202211_114.1486314_22.6915968.png
buildings,feeling of confinement,hesitation to explore,negative,202211_114.1486314_22.6915968.png
horizon,sense of possibility,movement,positive,202211_114.1486314_22.6915968.png
roads,limited exploration,caution in navigation,negative,202211_114.1486314_22.6915968.png
intersection,sense of possibility,moving about,positive,202211_114.15089995076461_22.61058709992979.png
streets,sense of exploration,discovering parts of the city,positive,202211_114.15089995076461_22.61058709992979.png
buildings,urban context awareness,navigating the area,positive,202211_114.15089995076461_22.61058709992979.png
shops,commercial engagement,visiting stores,positive,202211_114.15089995076461_22.61058709992979.png
trees,potential for exploration,encourages movement,positive,202211_114.1528439_22.5965293.png
vehicles,limited view,restricts exploration,negative,202211_114.1528439_22.5965293.png
buildings,constrained freedom,discourages movement,negative,202211_114.1528439_22.5965293.png
road,lack of openness,limits exploration,negative,202211_114.1528439_22.5965293.png
road,sense of openness,potential for exploration,positive,202211_114.1538696_22.680154999999996.png
infrastructure,sense of spatial depth,possibilities for movement,positive,202211_114.1538696_22.680154999999996.png
greenery,hints at broader areas,encouragement to discover,positive,202211_114.1538696_22.680154999999996.png
roads,possibilities for exploration,exploring the area,positive,202211_114.1670239_22.571633.png
barriers,limited perceived freedom,hesitation to move,negative,202211_114.1670239_22.571633.png
buildings,sense of vastness,navigating through space,neutral,202211_114.1670239_22.571633.png
traffic,focus on flow,avoiding congestion,negative,202211_114.1670239_22.571633.png
road,sense of spaciousness,allow for exploration,positive,202211_114.1600517_22.632023799999995.png
landscape,visual extent,encourage movement,positive,202211_114.1600517_22.632023799999995.png
intersection,sense of exploration,explore the area,positive,202211_114.1655038_22.5668733.png
infrastructure,feeling of confinement,hesitate to move freely,negative,202211_114.1655038_22.5668733.png
cityscape,awe and curiosity,engage with surroundings,positive,202211_114.1655038_22.5668733.png
cars,limited exploration,restricted movement,negative,202211_114.1701521_22.563167000000007.png
fences,defined boundaries,cautious navigation,negative,202211_114.1701521_22.563167000000007.png
buildings,sense of enclosure,minimal exploration,negative,202211_114.1701521_22.563167000000007.png
sidewalks,pathway presence,directed movement,neutral,202211_114.1701521_22.563167000000007.png
streets,sense of openness,exploration,positive,202211_114.17582261611952_22.568911402923646.png
buildings,feeling of spaciousness,movement,positive,202211_114.17582261611952_22.568911402923646.png
cityscape,potential for exploration,exploration,positive,202211_114.17582261611952_22.568911402923646.png
traffic,sense of limitation,hesitation to explore,negative,202211_114.17582261611952_22.568911402923646.png
construction,sense of obstruction,avoidance of areas,negative,202211_114.17582261611952_22.568911402923646.png
street,sense of potential exploration,encourages exploration,positive,202211_114.1903821_22.654378699999995.png
buildings,imposed boundaries,limits movement,negative,202211_114.1903821_22.654378699999995.png
traffic,restricted freedom,discourages exploration,negative,202211_114.1903821_22.654378699999995.png
road,limited exploration,restricted movement,negative,202211_114.1790494_22.6381448.png
vehicles,congested environment,hesitation to explore,negative,202211_114.1790494_22.6381448.png
footbridge,moderate accessibility,attempt to cross,neutral,202211_114.1790494_22.6381448.png
expressways,vast urban network,navigating through city,positive,202211_114.1790494_22.6381448.png
intersection,sense of openness,exploration,positive,202211_114.1925591_22.6441486.png
roads,sense of openness,exploration,positive,202211_114.1925591_22.6441486.png
paths,sense of navigation,movement,positive,202211_114.1925591_22.6441486.png
network,sense of navigation,movement,positive,202211_114.1925591_22.6441486.png
context,sense of limitation,caution,negative,202211_114.1925591_22.6441486.png
street,confined exploration,limited movement,negative,202211_114.19179562381086_22.63432322223352.png
sidewalks,restricted openness,walking along,negative,202211_114.19179562381086_22.63432322223352.png
buildings,adjacent entry,entering spaces,neutral,202211_114.19179562381086_22.63432322223352.png
road,sense of potential,exploration,positive,202211_114.1929199_22.650131799999997.png
intersections,opportunity for movement,navigating pathways,positive,202211_114.1929199_22.650131799999997.png
city,larger context,discovery,positive,202211_114.1929199_22.650131799999997.png
street,perception of boundaries,limited exploration,negative,202211_114.20062780000002_22.6509532.png
buildings,sense of confinement,restricted movement,negative,202211_114.20062780000002_22.6509532.png
trees,feeling of limitation,discouraged discovery,negative,202211_114.20062780000002_22.6509532.png
roads,perception of barriers,hesitation to explore,negative,202211_114.20062780000002_22.6509532.png
buildings,feeling of confinement,limited exploration,negative,202211_114.2025910032097_22.705040919089097.png
road,sense of restriction,hesitation to engage,negative,202211_114.2025910032097_22.705040919089097.png
barriers,lack of openness,avoidance of the area,negative,202211_114.2025910032097_22.705040919089097.png
road,limited exploration,restricted movement,negative,202211_114.2009761_22.648597000000002.png
barriers,sense of confinement,avoidance of exploration,negative,202211_114.2009761_22.648597000000002.png
buildings,feeling of enclosure,hesitation to explore,negative,202211_114.2009761_22.648597000000002.png
traffic,focus on vehicles,preference for driving,negative,202211_114.2009761_22.648597000000002.png
road,sense of exploration,move about freely,positive,202211_114.200859_22.685211899999995.png
sidewalks,sense of safety,navigate easily,positive,202211_114.200859_22.685211899999995.png
buildings,feeling of openness,explore surroundings,positive,202211_114.200859_22.685211899999995.png
greenery,calming effect,engage with nature,positive,202211_114.200859_22.685211899999995.png
barriers,sense of restriction,hesitate to access,negative,202211_114.200859_22.685211899999995.png
intersection,limited exploration,restricted venturing,negative,202211_114.206255_22.6442666.png
buildings,sense of confinement,avoidance of exploration,negative,202211_114.206255_22.6442666.png
roads,multiple directions,potential exploration,neutral,202211_114.206255_22.6442666.png
traffic,overwhelming presence,hesitation to explore,negative,202211_114.206255_22.6442666.png
road,sense of expansiveness,movement and exploration,positive,202211_114.2070831_22.698659.png
landscapes,visual appeal,encouragement to traverse,positive,202211_114.2070831_22.698659.png
buildings,constrained exploration,limited movement,negative,202211_114.2071742_22.712280299999996.png
roads,functional urban thoroughfare,discouraged exploration,negative,202211_114.2071742_22.712280299999996.png
pedestrian,inviting space,encouraged movement,positive,202211_114.2071742_22.712280299999996.png
road,sense of spaciousness,exploration,positive,202211_114.209548_22.709836299999996.png
intersection,sense of spaciousness,movement in various directions,positive,202211_114.209548_22.709836299999996.png
buildings,imposed boundaries,limited exploration,negative,202211_114.209548_22.709836299999996.png
infrastructure,imposed boundaries,limited exploration,negative,202211_114.209548_22.709836299999996.png
street,sense of exploration,encourages movement,positive,202211_114.2083202_22.715130499999997.png
roads,openness to discovery,invites navigation,positive,202211_114.2083202_22.715130499999997.png
sidewalks,safety in movement,promotes walking,positive,202211_114.2083202_22.715130499999997.png
buildings,sense of enclosure,limits exploration,negative,202211_114.2083202_22.715130499999997.png
buildings,sense of confinement,limited exploration,negative,202211_114.2095628_22.656468500000003.png
fences,feeling of restriction,discouraged movement,negative,202211_114.2095628_22.656468500000003.png
traffic,lack of vastness,hesitation to explore,negative,202211_114.2095628_22.656468500000003.png
sidewalks,sense of order,structured movement,neutral,202211_114.2095628_22.656468500000003.png
road,functional thoroughfare,limited exploration,negative,202211_114.2111792_22.658679700000004.png
trees,moderate scope,encouraged presence,positive,202211_114.2111792_22.658679700000004.png
buildings,broad urban environment,navigational awareness,neutral,202211_114.2111792_22.658679700000004.png
lanes,crowdedness,cautious movement,negative,202211_114.2111792_22.658679700000004.png
pedestrian area,sense of safety,encouraged walking,positive,202211_114.2111792_22.658679700000004.png
road,sense of vastness,exploration,positive,202211_114.21056272753292_22.691179477761683.png
trees,feeling of openness,movement,positive,202211_114.21056272753292_22.691179477761683.png
sky,sense of freedom,journeying,positive,202211_114.21056272753292_22.691179477761683.png
buildings,limited freedom of movement,restricted exploration,negative,202211_114.2110069_22.724954699999998.png
roads,perceived scale,increased awareness of space,neutral,202211_114.2110069_22.724954699999998.png
traffic,structured environment,cautious navigation,negative,202211_114.2110069_22.724954699999998.png
barriers,sense of confinement,avoidance of exploration,negative,202211_114.2110069_22.724954699999998.png
highway,sense of forward movement,exploration,positive,202211_114.211648_22.6408939.png
greenery,suggestion of vastness,hinting at exploration,positive,202211_114.211648_22.6408939.png
vehicle,limited experience,restricted exploration,negative,202211_114.211648_22.6408939.png
road,confined experience,limited physical exploration,negative,202211_114.211648_22.6408939.png
highway,sense of openness,encourages exploration,positive,202211_114.2137225_22.704182899999996.png
overpass,feeling of connectivity,facilitates movement,positive,202211_114.2137225_22.704182899999996.png
roads,opportunity for travel,promotes navigation,positive,202211_114.2137225_22.704182899999996.png
streets,sense of expansiveness,movement and exploration,positive,202211_114.2136296_22.711242799999997.png
buildings,presence of boundaries,navigation within space,neutral,202211_114.2136296_22.711242799999997.png
infrastructure,defined limits,directional movement,neutral,202211_114.2136296_22.711242799999997.png
road,moderate sense of scope,possibilities for movement,positive,202211_114.21343850000001_22.661376999999995.png
lanes,implicit boundaries,limited exploration,negative,202211_114.21343850000001_22.661376999999995.png
buildings,larger area to explore,encourages exploration,positive,202211_114.21343850000001_22.661376999999995.png
structures,focus on vehicular transit,restricts pedestrian movement,negative,202211_114.21343850000001_22.661376999999995.png
road,sense of spaciousness,opportunities for exploration,positive,202211_114.21377545201952_22.709439044268187.png
buildings,large urban area,opportunities for exploration,positive,202211_114.21377545201952_22.709439044268187.png
lanes,clear pathways,movement through space,positive,202211_114.21377545201952_22.709439044268187.png
intersection,constrained freedom,limited exploration,negative,202211_114.2140182_22.699868299999995.png
vehicles,busy environment,increased caution,negative,202211_114.2140182_22.699868299999995.png
buildings,urban scope,navigating space,neutral,202211_114.2140182_22.699868299999995.png
road,broad area,movement,positive,202211_114.2140182_22.699868299999995.png
construction,imposed limitations,avoidance,negative,202211_114.2140182_22.699868299999995.png
roadway,limited exploration,restricted movement,negative,202211_114.2152767_22.6288732.png
fences,constrained freedom,hesitation to explore,negative,202211_114.2152767_22.6288732.png
construction,sense of confinement,avoidance of areas,negative,202211_114.2152767_22.6288732.png
intersection,good sense of scope,movement and exploration,positive,202211_114.216765_22.6974888.png
roads,ample space,navigating freely,positive,202211_114.216765_22.6974888.png
crosswalks,sense of safety,crossing streets,positive,202211_114.216765_22.6974888.png
sky,openness,exploring surroundings,positive,202211_114.216765_22.6974888.png
street,moderate sense of scope,exploration,positive,202211_114.2152921_22.6662057.png
buildings,large-scale urban setting,exploration,positive,202211_114.2152921_22.6662057.png
walkways,sense of openness,movement,positive,202211_114.2152921_22.6662057.png
greenery,hint of possibilities,curiosity,positive,202211_114.2152921_22.6662057.png
buildings,constrained exploration,limited movement,negative,202211_114.2165249_22.5598495.png
roads,sense of openness,encouraged navigation,positive,202211_114.2165249_22.5598495.png
sidewalks,restricted access,hesitant exploration,negative,202211_114.2165249_22.5598495.png
public spaces,limited vastness,discouraged wandering,negative,202211_114.2165249_22.5598495.png
urban layout,defined movement,planned navigation,neutral,202211_114.2165249_22.5598495.png
streets,sense of scope,movement and exploration,positive,202211_114.21841473396591_22.669481821462988.png
buildings,sense of scale,movement and exploration,positive,202211_114.21841473396591_22.669481821462988.png
overhead structures,sense of scale,movement and exploration,positive,202211_114.21841473396591_22.669481821462988.png
boundaries,connected urban network,movement and exploration,neutral,202211_114.21841473396591_22.669481821462988.png
road,sense of depth,exploration,positive,202211_114.218944_22.6850716.png
buildings,urban environment,movement,positive,202211_114.218944_22.6850716.png
pedestrian areas,potential for discovery,engagement,positive,202211_114.218944_22.6850716.png
roads,sense of freedom,exploration,positive,202211_114.2186295_22.689443500000003.png
cityscape,expansive view,movement,positive,202211_114.2186295_22.689443500000003.png
buildings,openness,navigating space,positive,202211_114.2186295_22.689443500000003.png
walkways,safety,walking,positive,202211_114.2186295_22.689443500000003.png
network,connectivity,exploring options,positive,202211_114.2186295_22.689443500000003.png
street,potential for exploration,encourages wandering,positive,202211_114.21723136608922_22.72370956084027.png
buildings,implicit boundaries,restricts movement,negative,202211_114.21723136608922_22.72370956084027.png
cars,urbanized area,limits exploration,negative,202211_114.21723136608922_22.72370956084027.png
road,sense of openness,exploration and movement,positive,202211_114.2186117_22.6258602.png
vistas,feeling of freedom,venturing further,positive,202211_114.2186117_22.6258602.png
landscape,possibilities for exploration,engaging with nature,positive,202211_114.2186117_22.6258602.png
road,sense of openness,exploration,positive,202211_114.2197791_22.7005555.png
lanes,potential for movement,moving in various directions,positive,202211_114.2197791_22.7005555.png
intersection,sense of exploration,encouragement to explore,positive,202211_114.219882_22.7063203.png
buildings,overwhelmed by infrastructure,hesitation to move freely,negative,202211_114.219882_22.7063203.png
roads,limited movement,sticking to designated paths,negative,202211_114.219882_22.7063203.png
road,sense of openness,exploration,positive,202211_114.22021710639932_22.69469510712122.png
buildings,potential for exploration,movement,positive,202211_114.22021710639932_22.69469510712122.png
greenery,sense of freedom,movement,positive,202211_114.22021710639932_22.69469510712122.png
road,sense of openness,exploration,positive,202211_114.2212838_22.7300893.png
buildings,urban environment,movement,neutral,202211_114.2212838_22.7300893.png
intersection,sense of exploration,encourages movement,positive,202211_114.2217688_22.679681299999995.png
buildings,feeling of urban density,promotes navigation,positive,202211_114.2217688_22.679681299999995.png
metro,sense of connectivity,facilitates travel,positive,202211_114.2217688_22.679681299999995.png
buildings,sense of spatial breadth,movement and exploration,positive,202211_114.22393428345467_22.558017270859764.png
streets,connected urban network,exploration,positive,202211_114.22393428345467_22.558017270859764.png
intersections,possibilities for movement,navigate through the city,positive,202211_114.22393428345467_22.558017270859764.png
sidewalks,sense of safety,walking,positive,202211_114.22393428345467_22.558017270859764.png
crossings,facilitated access,crossing streets,positive,202211_114.22393428345467_22.558017270859764.png
intersection,sense of scale,exploration,positive,202211_114.2240142_22.552070799999996.png
buildings,overwhelmed by size,hesitation to move,negative,202211_114.2240142_22.552070799999996.png
crosswalks,opportunity for movement,crossing streets,positive,202211_114.2240142_22.552070799999996.png
sidewalks,invitation to walk,walking,positive,202211_114.2240142_22.552070799999996.png
traffic,sense of danger,caution in movement,negative,202211_114.2240142_22.552070799999996.png
streets,sense of openness,exploration,positive,202211_114.2249337_22.701915199999995.png
buildings,limited feeling,restricted exploration,negative,202211_114.2249337_22.701915199999995.png
infrastructure,boundaries,limited movement,negative,202211_114.2249337_22.701915199999995.png
highway,sense of vastness,exploration,positive,202211_114.22559054555936_22.75456210097526.png
overpass,elevation perspective,observation,positive,202211_114.22559054555936_22.75456210097526.png
buildings,confinement,hesitation to explore,negative,202211_114.22559054555936_22.75456210097526.png
roads,restriction,limited movement,negative,202211_114.22559054555936_22.75456210097526.png
street,sense of constraint,limited exploration,negative,202211_114.22576155036519_22.705585978362734.png
traffic,feeling of congestion,avoidance of movement,negative,202211_114.22576155036519_22.705585978362734.png
crossings,sense of danger,hesitation to cross,negative,202211_114.22576155036519_22.705585978362734.png
barriers,feeling of restriction,staying within limits,negative,202211_114.22576155036519_22.705585978362734.png
environment,sense of structure,following paths,neutral,202211_114.22576155036519_22.705585978362734.png
street,typical urban feel,walking along sidewalks,neutral,202211_114.22552806929458_22.72382851725978.png
buildings,sense of confinement,limited exploration,negative,202211_114.22552806929458_22.72382851725978.png
sidewalk,clear boundaries,navigating pedestrian areas,neutral,202211_114.22552806929458_22.72382851725978.png
road,restricted exploration,avoidance of boundaries,negative,202211_114.2257622453882_22.66166275803583.png
sidewalks,limited movement,hesitation to explore,negative,202211_114.2257622453882_22.66166275803583.png
buildings,sense of confinement,staying within limits,negative,202211_114.2257622453882_22.66166275803583.png
greenery,partial comfort,seeking refuge,neutral,202211_114.2257622453882_22.66166275803583.png
road,sense of vastness,explore freely,positive,202211_114.22593259004171_22.659822980095043.png
sky,feeling of openness,move about freely,positive,202211_114.22593259004171_22.659822980095043.png
greenery,natural extension,connect with nature,positive,202211_114.22593259004171_22.659822980095043.png
street,limited exploration,restricted movement,negative,202211_114.22635561203406_22.703459565260093.png
buildings,confinement,hesitant navigation,negative,202211_114.22635561203406_22.703459565260093.png
trees,partial openness,curiosity,neutral,202211_114.22635561203406_22.703459565260093.png
street,limited exploration,restricted movement,negative,202211_114.2273256_22.557942800000003.png
buildings,bounded space,hesitant navigation,negative,202211_114.2273256_22.557942800000003.png
fences,sense of confinement,cautious behavior,negative,202211_114.2273256_22.557942800000003.png
pedestrian areas,defined limits,controlled movement,neutral,202211_114.2273256_22.557942800000003.png
street,sense of openness,exploration,positive,202211_114.22642830617639_22.700759857544092.png
greenery,sense of openness,exploration,positive,202211_114.22642830617639_22.700759857544092.png
fences,feeling of confinement,limited movement,negative,202211_114.22642830617639_22.700759857544092.png
built environment,feeling of confinement,limited movement,negative,202211_114.22642830617639_22.700759857544092.png
urban infrastructure,sense of restriction,limited exploration,negative,202211_114.22642830617639_22.700759857544092.png
streets,sense of scale,exploration,positive,202211_114.22747330000001_22.7238673.png
buildings,imposed boundaries,restriction of movement,negative,202211_114.22747330000001_22.7238673.png
infrastructure,lack of exploration,hesitation to explore,negative,202211_114.22747330000001_22.7238673.png
traffic,sense of congestion,avoidance of pathways,negative,202211_114.22747330000001_22.7238673.png
crossings,indication of pathways,navigation,positive,202211_114.22747330000001_22.7238673.png
road,sense of movement,exploration,positive,202211_114.22760830000001_22.662230599999997.png
hills,broader context,exploration,positive,202211_114.22760830000001_22.662230599999997.png
barriers,limited freedom,hesitation,negative,202211_114.22760830000001_22.662230599999997.png
roads,functional urban space,navigate efficiently,positive,202211_114.22753639470436_22.75459197828047.png
sidewalks,planned infrastructure,walk comfortably,positive,202211_114.22753639470436_22.75459197828047.png
buildings,limited exploration,stay within boundaries,negative,202211_114.22753639470436_22.75459197828047.png
green spaces,lack of diversity,avoid exploration,negative,202211_114.22753639470436_22.75459197828047.png
railings,implied limitations,restrict movement,negative,202211_114.22753639470436_22.75459197828047.png
urban streets,constrained freedom,limit exploration,negative,202211_114.22753639470436_22.75459197828047.png
intersection,explorable area,movement and discovery,positive,202211_114.2286373_22.699013700000002.png
buildings,moderate perception of scope,exploration,neutral,202211_114.2286373_22.699013700000002.png
street,sense of forward movement,walking,positive,202211_114.2285259_22.729094399999997.png
buildings,limited exploration,hesitation to explore,negative,202211_114.2285259_22.729094399999997.png
pathway,feeling of constraint,staying on path,negative,202211_114.2285259_22.729094399999997.png
sidewalks,sense of safety,walking freely,positive,202211_114.2285259_22.729094399999997.png
roads,limited exploration,restricted movement,negative,202211_114.2288073_22.7091804.png
buildings,defined boundaries,constrained exploration,negative,202211_114.2288073_22.7091804.png
urban layout,lack of openness,minimal exploration,negative,202211_114.2288073_22.7091804.png
barriers,restricted exploration,avoidance of area,negative,202211_114.2301294_22.737622900000005.png
fences,constrained movement,limited engagement,negative,202211_114.2301294_22.737622900000005.png
street,public accessibility,transit through space,neutral,202211_114.2301294_22.737622900000005.png
road,confinement,limited exploration,negative,202211_114.23009038256129_22.739427480281865.png
barriers,restriction,avoidance of movement,negative,202211_114.23009038256129_22.739427480281865.png
areas,unfinished,hesitation to engage,negative,202211_114.23009038256129_22.739427480281865.png
sites,boundedness,lack of exploration,negative,202211_114.23009038256129_22.739427480281865.png
highway,sense of forward movement,opportunities for exploration,positive,202211_114.23005136136408_22.7412320600931.png
cityscape,broad view,encourages exploration,positive,202211_114.23005136136408_22.7412320600931.png
boundaries,limited movement,restricts exploration,negative,202211_114.23005136136408_22.7412320600931.png
road,sense of openness,exploration,positive,202211_114.23029818539506_22.710536319149565.png
trees,feeling of tranquility,leisurely walking,positive,202211_114.23029818539506_22.710536319149565.png
buildings,sense of scale,further travel,positive,202211_114.23029818539506_22.710536319149565.png
road,sense of exploration,encourages walking,positive,202211_114.23214660795145_22.712494305055838.png
overpass,feeling of openness,promotes movement,positive,202211_114.23214660795145_22.712494305055838.png
buildings,urban density,invites exploration,positive,202211_114.23214660795145_22.712494305055838.png
signs,guidance,facilitates navigation,positive,202211_114.23214660795145_22.712494305055838.png
roads,limited access,discourages walking,negative,202211_114.23214660795145_22.712494305055838.png
intersection,sense of exploration,movement in various directions,positive,202211_114.2332424_22.736479599999996.png
buildings,sense of scope,engagement with the environment,positive,202211_114.2332424_22.736479599999996.png
roads,connectedness,navigation through space,positive,202211_114.2332424_22.736479599999996.png
landscape,sense of expansiveness,exploration of space,positive,202211_114.2334866_22.7224102.png
roads,freedom of movement,navigating through the area,positive,202211_114.2334866_22.7224102.png
buildings,broad urban expanse,engagement with surroundings,positive,202211_114.2334866_22.7224102.png
overpass,interconnected space,movement across levels,positive,202211_114.2334866_22.7224102.png
road,sense of direction,movement towards destination,positive,202211_114.23223641815308_22.74057723096635.png
pathway,sense of openness,exploration of surroundings,positive,202211_114.23223641815308_22.74057723096635.png
greenery,feeling of tranquility,engagement with nature,positive,202211_114.23223641815308_22.74057723096635.png
fences,sense of limitation,hesitation to explore further,negative,202211_114.23223641815308_22.74057723096635.png
urban layout,feeling of confinement,restricted exploration,negative,202211_114.23223641815308_22.74057723096635.png
roads,sense of movement,exploring the area,positive,202211_114.2327879_22.705841199999995.png
buildings,feeling of urbanity,navigating through the city,positive,202211_114.2327879_22.705841199999995.png
infrastructure,awareness of connectivity,engaging with the urban network,positive,202211_114.2327879_22.705841199999995.png
roads,sense of exploration,encourages movement,positive,202211_114.23443416997084_22.70443946701597.png
sidewalks,feeling of openness,promotes walking,positive,202211_114.23443416997084_22.70443946701597.png
pathways,opportunity for navigation,facilitates direction choice,positive,202211_114.23443416997084_22.70443946701597.png
high-rises,awareness of urban scale,invites exploration,positive,202211_114.23443416997084_22.70443946701597.png
streets,limited exploration,restricted movement,negative,202211_114.23812123202822_22.7300937988924.png
sidewalks,constrained possibilities,hesitant navigation,negative,202211_114.23812123202822_22.7300937988924.png
buildings,sense of enclosure,avoidance of exploration,negative,202211_114.23812123202822_22.7300937988924.png
traffic,increased anxiety,cautious behavior,negative,202211_114.23812123202822_22.7300937988924.png
intersection,limited exploration,cautious movement,negative,202211_114.2356123_22.7239809.png
sidewalks,sense of safety,walking,positive,202211_114.2356123_22.7239809.png
traffic barriers,restricted freedom,hesitation to explore,negative,202211_114.2356123_22.7239809.png
urban density,overwhelmed feeling,avoidance of crowded areas,negative,202211_114.2356123_22.7239809.png
intersection,sense of connectivity,exploration,positive,202211_114.23813391942721_22.704002782484192.png
roads,feeling of openness,movement,positive,202211_114.23813391942721_22.704002782484192.png
buildings,sense of confinement,hesitation,negative,202211_114.23813391942721_22.704002782484192.png
fences,restricted view,avoidance,negative,202211_114.23813391942721_22.704002782484192.png
sidewalks,safety,walking,positive,202211_114.23813391942721_22.704002782484192.png
intersection,confined environment,limited exploration,negative,202211_114.2361757_22.730064800000008.png
barricades,restricted movement,hesitation to explore,negative,202211_114.2361757_22.730064800000008.png
buildings,urban density,avoidance of area,negative,202211_114.2361757_22.730064800000008.png
roads,sense of distance,curiosity to explore further,neutral,202211_114.2361757_22.730064800000008.png
road,limited movement,pass through,negative,202211_114.23770541411518_22.717890583475636.png
barriers,constrained exploration,avoid exploration,negative,202211_114.23770541411518_22.717890583475636.png
sidewalks,defined boundaries,follow paths,negative,202211_114.23770541411518_22.717890583475636.png
buildings,restricted openness,stay within limits,negative,202211_114.23770541411518_22.717890583475636.png
pathways,defined urban area,limited exploration,negative,202211_114.238919_22.740653100000003.png
traffic,constrained movement,avoidance of congestion,negative,202211_114.238919_22.740653100000003.png
buildings,sense of enclosure,navigating within boundaries,negative,202211_114.238919_22.740653100000003.png
construction,disruption of flow,altered routes,negative,202211_114.238919_22.740653100000003.png
road,defined limits,following paths,neutral,202211_114.238919_22.740653100000003.png
traffic,restricted movement,cautious navigation,negative,202211_114.2383985_22.711510399999998.png
buildings,sense of confinement,limited exploration,negative,202211_114.2383985_22.711510399999998.png
roads,broad area,potential travel,neutral,202211_114.2383985_22.711510399999998.png
view,broad and expansive environment,exploration,positive,202211_114.2400699_22.699791799999993.png
architecture,considerable depth,exploration,positive,202211_114.2400699_22.699791799999993.png
track,urban context,navigation,neutral,202211_114.2400699_22.699791799999993.png
buildings,sense of enclosure,limited exploration,negative,202211_114.2404083_22.713298600000005.png
roadways,sense of distance,walking along paths,neutral,202211_114.2404083_22.713298600000005.png
walkways,confined possibilities,staying within boundaries,negative,202211_114.2404083_22.713298600000005.png
road,limited exploration,restricted movement,negative,202211_114.24092502102194_22.72834490326265.png
barriers,structured environment,hesitation to explore,negative,202211_114.24092502102194_22.72834490326265.png
fences,constrained freedom,avoidance of open spaces,negative,202211_114.24092502102194_22.72834490326265.png
road,sense of expansiveness,movement and exploration,positive,202211_114.24117857820256_22.736602871530195.png
buildings,feeling of possibility,exploration in multiple directions,positive,202211_114.24117857820256_22.736602871530195.png
trees,sense of openness,encouragement to explore,positive,202211_114.24117857820256_22.736602871530195.png
road,sense of openness,exploration,positive,202211_114.2425205_22.5659879.png
streets,confusion,hesitation to move,negative,202211_114.2425205_22.5659879.png
buildings,overwhelmed by scale,avoidance of certain areas,negative,202211_114.2425205_22.5659879.png
intersection,restricted movement,caution in crossing,negative,202211_114.2425205_22.5659879.png
intersection,limited exploration possibilities,avoidance of exploration,negative,202211_114.2473978_22.734376399999995.png
urban,sense of vastness,encouragement to explore,positive,202211_114.2473978_22.734376399999995.png
roads,barrier to movement,restriction of access,negative,202211_114.2473978_22.734376399999995.png
buildings,sense of confinement,hesitation to engage,negative,202211_114.2473978_22.734376399999995.png
street,sense of expanse,move along the road,positive,202211_114.2417927_22.721100999999997.png
barriers,limited exploration,hesitation to explore,negative,202211_114.2417927_22.721100999999997.png
buildings,confinement,stay within boundaries,negative,202211_114.2417927_22.721100999999997.png
roads,sense of exploration,move about freely,positive,202211_114.245535_22.724478399999995.png
landscape,feeling of openness,encourage exploration,positive,202211_114.245535_22.724478399999995.png
buildings,broad scope,navigate the area,positive,202211_114.245535_22.724478399999995.png
avenues,freedom of movement,explore surroundings,positive,202211_114.245535_22.724478399999995.png
streets,sense of openness,exploration,positive,202211_114.2450698_22.7366634.png
buildings,urban familiarity,movement,positive,202211_114.2450698_22.7366634.png
horizons,expansive view,curiosity,positive,202211_114.2450698_22.7366634.png
roads,navigational freedom,exploration,positive,202211_114.2450698_22.7366634.png
walkways,inviting atmosphere,walking,positive,202211_114.2450698_22.7366634.png
road,sense of scale,exploration,positive,202211_114.24312418731222_22.736633147589387.png
barriers,limitations on movement,reduced exploration,negative,202211_114.24312418731222_22.736633147589387.png
buildings,sense of scale,exploration,positive,202211_114.24312418731222_22.736633147589387.png
setting,reduced freedom,restricted movement,negative,202211_114.24312418731222_22.736633147589387.png
road,limited exploration,restricted movement,negative,202211_114.24131554309736_22.708746307157305.png
buildings,functional transit,transit-focused behavior,negative,202211_114.24131554309736_22.708746307157305.png
traffic barriers,feeling of confinement,avoidance of wandering,negative,202211_114.24131554309736_22.708746307157305.png
properties,sense of restriction,limited exploration,negative,202211_114.24131554309736_22.708746307157305.png
roads,sense of spaciousness,exploration,positive,202211_114.2481382_22.719207700000002.png
infrastructure,possibilities for movement,navigation,positive,202211_114.2481382_22.719207700000002.png
urban,vastness,engagement with environment,positive,202211_114.2481382_22.719207700000002.png
intersection,sense of openness,exploration,positive,202211_114.24781360000001_22.7408709.png
skyscrapers,sense of vastness,movement,positive,202211_114.24781360000001_22.7408709.png
trees,connection to nature,leisure activities,positive,202211_114.24781360000001_22.7408709.png
roads,freedom of movement,travel,positive,202211_114.24781360000001_22.7408709.png
roads,sense of enclosure,limited exploration,negative,202211_114.25240049211995_22.71598604493676.png
sidewalks,defined paths,restricted movement,negative,202211_114.25240049211995_22.71598604493676.png
buildings,urban confinement,hesitation to explore,negative,202211_114.25240049211995_22.71598604493676.png
traffic,increased anxiety,avoidance of streets,negative,202211_114.25240049211995_22.71598604493676.png
buildings,sense of enclosure,limited exploration,negative,202211_114.2553826_22.7219132.png
road,urban confinement,restricted movement,negative,202211_114.2553826_22.7219132.png
street,sense of exploration,encourages movement,positive,202211_114.25520290000001_22.7195498.png
buildings,feeling of openness,invites discovery,positive,202211_114.25520290000001_22.7195498.png
paths,freedom of choice,promotes navigation,positive,202211_114.25520290000001_22.7195498.png
shops,curiosity,stimulates exploration,positive,202211_114.25520290000001_22.7195498.png
traffic,dynamic environment,encourages engagement,positive,202211_114.25520290000001_22.7195498.png
street,sense of expansiveness,exploration,positive,202211_114.2582836_22.742992200000003.png
traffic,sense of limitation,avoidance,negative,202211_114.2582836_22.742992200000003.png
sidewalks,sense of movement,transit,neutral,202211_114.2582836_22.742992200000003.png
buildings,implied destinations,goal-oriented movement,neutral,202211_114.2582836_22.742992200000003.png
construction barriers,sense of obstruction,hesitation,negative,202211_114.2582836_22.742992200000003.png
road,limited exploration,restrict movement,negative,202211_114.25984672471368_22.724509384105325.png
buildings,urban dominance,reduce engagement,negative,202211_114.25984672471368_22.724509384105325.png
trees,minimal greenery,encourage exploration,neutral,202211_114.25984672471368_22.724509384105325.png
fences,implied boundaries,limit exploration,negative,202211_114.25984672471368_22.724509384105325.png
traffic,stressful environment,deter outdoor activities,negative,202211_114.25984672471368_22.724509384105325.png
roads,restricted exploration,hesitation to explore,negative,202211_114.2567779_22.732173299999996.png
buildings,sense of confinement,avoidance of movement,negative,202211_114.2567779_22.732173299999996.png
construction,frustration,reduced engagement,negative,202211_114.2567779_22.732173299999996.png
barriers,feeling of restriction,limited exploration,negative,202211_114.2567779_22.732173299999996.png
intersection,sense of scale,potential for exploration,positive,202211_114.2581402_22.735127600000002.png
traffic,imposed boundaries,moderated movement,negative,202211_114.2581402_22.735127600000002.png
infrastructure,implicit boundaries,restricted exploration,negative,202211_114.2581402_22.735127600000002.png
intersection,sense of openness,feeling of exploration,positive,202211_114.2597717_22.748227099999998.png
buildings,broader perspective,encouragement to explore,positive,202211_114.2597717_22.748227099999998.png
hills,connection to nature,inspiration to wander,positive,202211_114.2597717_22.748227099999998.png
intersection,sense of openness,exploration,positive,202211_114.2615314_22.725412499999997.png
buildings,urban density,movement,neutral,202211_114.2615314_22.725412499999997.png
sidewalks,safety,walking,positive,202211_114.2615314_22.725412499999997.png
road,activity,driving,neutral,202211_114.2615314_22.725412499999997.png
streets,limited exploration,navigate the streets,negative,202211_114.2615504_22.7339659.png
buildings,curtailed movement,navigate the streets,negative,202211_114.2615504_22.7339659.png
traffic,restricted possibility,avoid exploration,negative,202211_114.2615504_22.7339659.png
barriers,feeling of confinement,hesitate to explore,negative,202211_114.2615504_22.7339659.png
density,overwhelmed by surroundings,limit movement,negative,202211_114.2615504_22.7339659.png
intersection,sense of openness,potential for exploration,positive,202211_114.2654511_22.749518999999996.png
buildings,urban context awareness,engagement with surroundings,positive,202211_114.2654511_22.749518999999996.png
buildings,constrained view,limited exploration,negative,202211_114.2639582_22.746419699999997.png
cars,constrained view,limited exploration,negative,202211_114.2639582_22.746419699999997.png
road,constrained view,limited exploration,negative,202211_114.2639582_22.746419699999997.png
street,limited sense of space,restricted exploration,negative,202211_114.26398611778227_22.744614900122613.png
buildings,constrained environment,lack of movement,negative,202211_114.26398611778227_22.744614900122613.png
cars,feeling of confinement,avoidance of open areas,negative,202211_114.26398611778227_22.744614900122613.png
sidewalks,limited exploration potential,reduced movement,negative,202211_114.26567204911491_22.730635825414787.png
vehicles,constrained openness,hesitation to explore,negative,202211_114.26567204911491_22.730635825414787.png
street,lack of vastness,minimal engagement,negative,202211_114.26567204911491_22.730635825414787.png
street,limited sense of exploration,restricted movement,negative,202211_114.26545658124965_22.747714020246537.png
buildings,constrained freedom,avoidance of exploration,negative,202211_114.26545658124965_22.747714020246537.png
cars,perceived boundaries,hesitation to explore,negative,202211_114.26545658124965_22.747714020246537.png
road,moderate sense of scope,feeling of possibilities for movement,positive,202211_114.266167_22.759514999999997.png
infrastructure,sense of larger urban network,encouragement to explore,positive,202211_114.266167_22.759514999999997.png
greenery,constrained immediate view,limited exploration,negative,202211_114.266167_22.759514999999997.png
road,potential for movement,exploration,positive,202211_114.2690539_22.690821300000003.png
buildings,restrictive feeling,limited exploration,negative,202211_114.2690539_22.690821300000003.png
trees,sense of nature,encouragement to explore,positive,202211_114.2690539_22.690821300000003.png
petrol station,urban convenience,movement towards amenities,positive,202211_114.2690539_22.690821300000003.png
construction,feeling of confinement,hesitation to explore,negative,202211_114.2690539_22.690821300000003.png
road,limited exploration,move along,negative,202211_114.27234334478574_22.75042433588219.png
sidewalk,limited exploration,move along,negative,202211_114.27234334478574_22.75042433588219.png
traffic,safety concerns,hesitate to explore,negative,202211_114.27234334478574_22.75042433588219.png
green spaces,constrained freedom,limited movement,negative,202211_114.27234334478574_22.75042433588219.png
street,sense of expansive possibilities,movement and exploration,positive,202211_114.2723347_22.731047399999998.png
buildings,implied urban infrastructure,engagement with urban life,positive,202211_114.2723347_22.731047399999998.png
overpass,connectivity,crossing streets safely,positive,202211_114.2723347_22.731047399999998.png
sidewalks,freedom of movement,walking and socializing,positive,202211_114.2723347_22.731047399999998.png
road,sense of direction,navigating pathways,neutral,202211_114.2725162_22.696644900000003.png
buildings,feeling of confinement,restricting movement,negative,202211_114.2725162_22.696644900000003.png
sidewalks,opportunity for exploration,walking freely,positive,202211_114.2725162_22.696644900000003.png
infrastructure,sense of boundaries,following predetermined paths,negative,202211_114.2725162_22.696644900000003.png
street,sense of exploration,encourages movement,positive,202211_114.2760337_22.7631342.png
buildings,urban familiarity,promotes navigation,positive,202211_114.2760337_22.7631342.png
roads,openness to travel,facilitates commuting,positive,202211_114.2760337_22.7631342.png
road,constrained exploration,limited wandering,negative,202211_114.2726936_22.7415585.png
fences,defined boundaries,restricted movement,negative,202211_114.2726936_22.7415585.png
buildings,modest scope,lack of discovery,negative,202211_114.2726936_22.7415585.png
park,small area,limited exploration,negative,202211_114.2726936_22.7415585.png
road,feeling of constraint,limited exploration,negative,202211_114.2775438_22.731313999999994.png
trees,sense of nature,desire for tranquility,positive,202211_114.2775438_22.731313999999994.png
traffic,stress and anxiety,avoidance of the area,negative,202211_114.2775438_22.731313999999994.png
urban structures,overwhelmed by environment,reduced outdoor activity,negative,202211_114.2775438_22.731313999999994.png
elevated road,illusion of openness,temporary relief,neutral,202211_114.2775438_22.731313999999994.png
road,limited exploration,avoidance of exploration,negative,202211_114.27581599321013_22.69406434446471.png
buildings,defined boundaries,restricted movement,negative,202211_114.27581599321013_22.69406434446471.png
traffic,increased complexity,hesitation to explore,negative,202211_114.27581599321013_22.69406434446471.png
sidewalks,somewhat safe,walking,positive,202211_114.27581599321013_22.69406434446471.png
road,sense of openness,movement and exploration,positive,202211_114.27273476714161_22.77035872925934.png
sky,sense of openness,movement and exploration,positive,202211_114.27273476714161_22.77035872925934.png
buildings,degree of breadth,movement,neutral,202211_114.27273476714161_22.77035872925934.png
fences,degree of breadth,movement,neutral,202211_114.27273476714161_22.77035872925934.png
street,limited exploration,hesitation to explore,negative,202211_114.27821_22.724613199999997.png
buildings,sense of confinement,avoidance of movement,negative,202211_114.27821_22.724613199999997.png
sidewalks,sense of depth,encouragement to walk,positive,202211_114.27821_22.724613199999997.png
street,sense of openness,possibility of exploration,positive,202211_114.27997043805485_22.742280218958573.png
sidewalks,pathways for movement,encouragement to walk,positive,202211_114.27997043805485_22.742280218958573.png
roads,reasonable scope for movement,facilitation of travel,positive,202211_114.27997043805485_22.742280218958573.png
intersection,sense of potential exploration,exploration,positive,202211_114.27840400000001_22.694100599999995.png
streets,sense of potential exploration,exploration,positive,202211_114.27840400000001_22.694100599999995.png
buildings,sense of potential exploration,exploration,positive,202211_114.27840400000001_22.694100599999995.png
boundaries,restricted feeling,hesitation,negative,202211_114.27840400000001_22.694100599999995.png
traffic,restricted feeling,hesitation,negative,202211_114.27840400000001_22.694100599999995.png
street,sense of scale,exploration,positive,202211_114.28120859325674_22.723283424694912.png
buildings,sense of height,admiration,positive,202211_114.28120859325674_22.723283424694912.png
traffic,constrained movement,caution,negative,202211_114.28120859325674_22.723283424694912.png
cityscape,broad possibilities,exploration,positive,202211_114.28120859325674_22.723283424694912.png
highway,confining environment,limited exploration,negative,202211_114.2813912_22.756487600000003.png
overpass,detached feeling,avoidance of movement,negative,202211_114.2813912_22.756487600000003.png
concrete,sterile atmosphere,lack of engagement,negative,202211_114.2813912_22.756487600000003.png
sidewalks,functional space,minimal interaction,negative,202211_114.2813912_22.756487600000003.png
intersection,limited exploration,hesitation to explore,negative,202211_114.2819875_22.690948999999996.png
road,sense of direction,decision making,positive,202211_114.2819875_22.690948999999996.png
buildings,urban density,navigating through space,neutral,202211_114.2819875_22.690948999999996.png
traffic,stress or anxiety,caution in movement,negative,202211_114.2819875_22.690948999999996.png
street,sense of scale,exploration,positive,202211_114.28325520000001_22.7446148.png
buildings,urban context awareness,navigation,positive,202211_114.28325520000001_22.7446148.png
trees,constrained feeling,limited exploration,negative,202211_114.28544010000002_22.781407799999997.png
shops,urban congestion,restricted movement,negative,202211_114.28544010000002_22.781407799999997.png
buildings,overwhelmed sensation,hesitation to explore,negative,202211_114.28544010000002_22.781407799999997.png
roads,lack of openness,avoidance of movement,negative,202211_114.28544010000002_22.781407799999997.png
sidewalks,restricted pathways,limited navigation,negative,202211_114.28544010000002_22.781407799999997.png
greenery,slight relief,encouraged pause,positive,202211_114.28544010000002_22.781407799999997.png
skyscrapers,sense of vastness,exploration,positive,202211_114.2822374_22.742074400000003.png
road,sense of connectivity,movement,positive,202211_114.2822374_22.742074400000003.png
gated,feeling of restriction,hesitation,negative,202211_114.2822374_22.742074400000003.png
infrastructure,sense of limitation,conformity,negative,202211_114.2822374_22.742074400000003.png
intersection,sense of scale,allow for exploration,positive,202211_114.28546740000002_22.785401799999995.png
infrastructure,sense of movement,possibilities for movement,positive,202211_114.28546740000002_22.785401799999995.png
road,implied boundaries,navigation limitations,negative,202211_114.28546740000002_22.785401799999995.png
landscape,sense of openness,exploration in multiple directions,positive,202211_114.28546740000002_22.785401799999995.png
road,constrained exploration,avoidance of area,negative,202211_114.289187_22.702380399999996.png
cars,crowdedness,hesitation to engage,negative,202211_114.289187_22.702380399999996.png
construction,disruption,avoidance of construction site,negative,202211_114.289187_22.702380399999996.png
greenery,limited nature,minimal exploration,neutral,202211_114.289187_22.702380399999996.png
fencing,barrier,restricted movement,negative,202211_114.289187_22.702380399999996.png
sidewalks,limited exploration,hesitation to explore,negative,202211_114.28566222857216_22.665868047689063.png
buildings,restricted feeling,avoidance of venturing,negative,202211_114.28566222857216_22.665868047689063.png
cars,constrained space,lack of movement,negative,202211_114.28566222857216_22.665868047689063.png
road,defined boundaries,limited direction,negative,202211_114.28566222857216_22.665868047689063.png
roads,sense of scale,possibilities for exploration,positive,202211_114.2873667_22.697519499999995.png
buildings,sense of scale,possibilities for exploration,positive,202211_114.2873667_22.697519499999995.png
boundaries,limited freedom of movement,restricted exploration,negative,202211_114.2873667_22.697519499999995.png
construction,limited freedom of movement,restricted exploration,negative,202211_114.2873667_22.697519499999995.png
intersection,sense of openness,exploring further,positive,202211_114.2892879_22.691186399999996.png
roads,larger context,movement and exploration,positive,202211_114.2892879_22.691186399999996.png
development,potential for exploration,engaging with the urban environment,positive,202211_114.2892879_22.691186399999996.png
street,sense of enclosure,limited exploration,negative,202211_114.2888354_22.761052399999997.png
sidewalks,feeling of boundaries,restricted movement,negative,202211_114.2888354_22.761052399999997.png
buildings,sense of confinement,transit focus,negative,202211_114.2888354_22.761052399999997.png
traffic,stressful environment,avoidance of exploration,negative,202211_114.2888354_22.761052399999997.png
intersection,feeling of spaciousness,exploration,positive,202211_114.29010120000001_22.7889905.png
buildings,sense of depth,limited exploration,negative,202211_114.29010120000001_22.7889905.png
roads,constrained scope,hesitation to explore,negative,202211_114.29010120000001_22.7889905.png
street,sense of openness,exploration,positive,202211_114.2928763_22.697509499999995.png
landscape,broader context,movement in multiple directions,positive,202211_114.2928763_22.697509499999995.png
roads,potential for exploration,navigating space,positive,202211_114.2928763_22.697509499999995.png
sidewalks,sense of openness,walking,positive,202211_114.2928763_22.697509499999995.png
cityscape,visual interest,gazing,positive,202211_114.2928763_22.697509499999995.png
street,sense of exploration,encourages exploration,positive,202211_114.2956031_22.764479600000005.png
buildings,sense of confinement,limits movement,negative,202211_114.2956031_22.764479600000005.png
road,sense of boundaries,restricts exploration,negative,202211_114.2956031_22.764479600000005.png
sidewalks,sense of structure,guides movement,neutral,202211_114.2956031_22.764479600000005.png
waterway,limited exploration,restricted movement,negative,202211_114.28940234571579_22.732666954198482.png
fence,sense of boundaries,hesitation to explore,negative,202211_114.28940234571579_22.732666954198482.png
greenery,slight comfort,encouraged movement,positive,202211_114.28940234571579_22.732666954198482.png
infrastructure,constrained freedom,avoidance of exploration,negative,202211_114.28940234571579_22.732666954198482.png
street,linear pathway,direct movement,neutral,202211_114.28940234571579_22.732666954198482.png
roads,sense of movement,exploration,positive,202211_114.2984209_22.768718899999996.png
buildings,feeling of urbanity,engagement with surroundings,positive,202211_114.2984209_22.768718899999996.png
overpass,perspective of space,navigation,positive,202211_114.2984209_22.768718899999996.png
sky,sense of openness,relaxation,positive,202211_114.2984209_22.768718899999996.png
hills,connection to nature,exploration,positive,202211_114.2984209_22.768718899999996.png
highway,sense of exploration,movement in various directions,positive,202211_114.29145377862082_22.72440749735727.png
buildings,feeling of vastness,encouragement to explore,positive,202211_114.29145377862082_22.72440749735727.png
road,clear boundaries,navigation of vehicles,neutral,202211_114.29145377862082_22.72440749735727.png
streets,potential for movement,exploration of the city,positive,202211_114.29145377862082_22.72440749735727.png
roads,sense of scope,perceive movement,positive,202211_114.2954426_22.676837.png
buildings,contained urban space,limited exploration,negative,202211_114.2954426_22.676837.png
infrastructure,feeling of boundaries,restrict movement,negative,202211_114.2954426_22.676837.png
intersection,limited exploration,restricted movement,negative,202211_114.2970542_22.734420499999995.png
buildings,constrained feeling,hesitant navigation,negative,202211_114.2970542_22.734420499999995.png
roads,lack of openness,avoiding exploration,negative,202211_114.2970542_22.734420499999995.png
vehicle,limited perspective,passive observation,negative,202211_114.2970542_22.734420499999995.png
trees,sense of exploration,encourages walking,positive,202211_114.29967391060126_22.668395381640753.png
sidewalk,feeling of safety,promotes movement,positive,202211_114.29967391060126_22.668395381640753.png
road,openness to possibilities,invites further exploration,positive,202211_114.29967391060126_22.668395381640753.png
infrastructure,urban familiarity,supports navigation,neutral,202211_114.29967391060126_22.668395381640753.png
street,sense of urban area,limited exploration,negative,202211_114.3009074_22.770798799999998.png
buildings,defined boundaries,restricted movement,negative,202211_114.3009074_22.770798799999998.png
fencing,barrier to exploration,avoidance of area,negative,202211_114.3009074_22.770798799999998.png
sidewalks,constrained pathways,limited navigation,negative,202211_114.3009074_22.770798799999998.png
street,sense of space,movement in various directions,positive,202211_114.3011382_22.6976226.png
intersection,feeling of breadth,exploration,positive,202211_114.3011382_22.6976226.png
lanes,navigational constraints,limited exploration,negative,202211_114.3011382_22.6976226.png
barriers,sense of restriction,hesitation to explore,negative,202211_114.3011382_22.6976226.png
street,limited exploration,avoidance of new paths,negative,202211_114.3022634_22.676692100000004.png
buildings,confinement,stay within familiar areas,negative,202211_114.3022634_22.676692100000004.png
hills,distant opportunity,curiosity about exploration,neutral,202211_114.3022634_22.676692100000004.png
roads,restrictive environment,hesitation to explore,negative,202211_114.3022634_22.676692100000004.png
urban,overwhelming presence,seek escape,negative,202211_114.3022634_22.676692100000004.png
road,limitations to exploration,lower willingness to explore,negative,202211_114.30192942015853_22.69137286015424.png
fence,sense of confinement,reduced movement,negative,202211_114.30192942015853_22.69137286015424.png
building,lack of openness,hesitation to engage,negative,202211_114.30192942015853_22.69137286015424.png
roads,sense of space,exploration,positive,202211_114.3020113_22.788649799999995.png
sidewalks,sense of safety,walking,positive,202211_114.3020113_22.788649799999995.png
buildings,feeling of confinement,limited movement,negative,202211_114.3020113_22.788649799999995.png
infrastructure,urban density,navigation,neutral,202211_114.3020113_22.788649799999995.png
roads,sense of scope,movement and exploration,positive,202211_114.30635815636455_22.710292430258725.png
buildings,clear boundaries,navigation,neutral,202211_114.30635815636455_22.710292430258725.png
infrastructure,vast interconnectedness,exploration,positive,202211_114.30635815636455_22.710292430258725.png
street,sense of openness,exploration,positive,202211_114.30676170000001_22.6703835.png
trees,feeling of greenery,encouragement to explore,positive,202211_114.30676170000001_22.6703835.png
pathway,clarity of movement,walking,positive,202211_114.30676170000001_22.6703835.png
greenery,invitation to nature,engagement with surroundings,positive,202211_114.30676170000001_22.6703835.png
highway,impression of vastness,explore or move through,positive,202211_114.3070435_22.786400099999998.png
greenery,sense of openness,encourage exploration,positive,202211_114.3070435_22.786400099999998.png
sky,feeling of freedom,promote movement,positive,202211_114.3070435_22.786400099999998.png
space,ample room,facilitate navigation,positive,202211_114.3070435_22.786400099999998.png
intersection,moderate sense of scope,exploration,positive,202211_114.301909_22.7820227.png
lanes,sense of openness,movement,positive,202211_114.301909_22.7820227.png
barriers,limited exploration possibilities,hesitation,negative,202211_114.301909_22.7820227.png
buildings,defined urban structure,conformity,neutral,202211_114.301909_22.7820227.png
roads,sense of distance,exploration,neutral,202211_114.3072554_22.766458099999998.png
buildings,confinement,limited exploration,negative,202211_114.3072554_22.766458099999998.png
construction,disruption,avoidance,negative,202211_114.3072554_22.766458099999998.png
fencing,restriction,hesitation,negative,202211_114.3072554_22.766458099999998.png
infrastructure,functional focus,utilitarian engagement,neutral,202211_114.3072554_22.766458099999998.png
road,sense of openness,exploration,positive,202211_114.3079004_22.716158199999995.png
highways,feeling of confinement,hesitation to explore,negative,202211_114.3079004_22.716158199999995.png
buildings,urban density,limited movement,negative,202211_114.3079004_22.716158199999995.png
roads,sense of openness,exploration,positive,202211_114.30902102413474_22.671889266942024.png
buildings,feeling of connectivity,movement,positive,202211_114.30902102413474_22.671889266942024.png
bridge,heightened awareness,crossing,positive,202211_114.30902102413474_22.671889266942024.png
lanes,variety of choices,navigating,positive,202211_114.30902102413474_22.671889266942024.png
traffic,restricted freedom,limited exploration,negative,202211_114.3090179_22.7845181.png
barriers,sense of confinement,avoidance of movement,negative,202211_114.3090179_22.7845181.png
development,lack of openness,hesitation to explore,negative,202211_114.3090179_22.7845181.png
sidewalks,imposed boundaries,restricted navigation,negative,202211_114.3090179_22.7845181.png
road,constrained environment,cautious movement,negative,202211_114.3090179_22.7845181.png
highway,limited sense of exploration,restricted movement,negative,202211_114.31123978480922_22.78835509521841.png
barriers,feeling of confinement,avoidance of exploration,negative,202211_114.31123978480922_22.78835509521841.png
intersection,lack of exploration,restricted movement,negative,202211_114.3107973_22.668331399999996.png
hills,sense of openness,encouraged exploration,positive,202211_114.3107973_22.668331399999996.png
buildings,defined boundaries,limited engagement,negative,202211_114.3107973_22.668331399999996.png
traffic,urban congestion,hesitation to navigate,negative,202211_114.3107973_22.668331399999996.png
street,limited sense of scope,restricted exploration,negative,202211_114.3097075_22.6782036.png
buildings,constrained view,hesitation to move,negative,202211_114.3097075_22.6782036.png
vehicles,obstructed pathways,avoidance of movement,negative,202211_114.3097075_22.6782036.png
road,moderate potential for exploration,exploration,positive,202211_114.31003453056034_22.781030334116412.png
traffic,sense of boundaries,avoidance,negative,202211_114.31003453056034_22.781030334116412.png
sidewalks,sense of boundaries,avoidance,negative,202211_114.31003453056034_22.781030334116412.png
buildings,constrained space,limited exploration,negative,202211_114.31003453056034_22.781030334116412.png
trees,moderate potential for exploration,exploration,positive,202211_114.31003453056034_22.781030334116412.png
street,limited exploration,defined pathways,negative,202211_114.3106308_22.723215000000003.png
traffic,constrained movement,avoidance of crossing,negative,202211_114.3106308_22.723215000000003.png
buildings,sense of enclosure,restricted navigation,negative,202211_114.3106308_22.723215000000003.png
roads,sense of openness,exploration,positive,202211_114.3130786_22.778376100000003.png
buildings,hint of vastness,traverse area,positive,202211_114.3130786_22.778376100000003.png
cars,obstruction,limited movement,negative,202211_114.3130786_22.778376100000003.png
path,limited exploration,restricted movement,negative,202211_114.31334558589079_22.712692741138135.png
greenery,constrained nature,minimal interaction,negative,202211_114.31334558589079_22.712692741138135.png
sidewalks,limited exploration,restricted movement,negative,202211_114.31441280650962_22.67996343438464.png
community,moderate discovery,exploration,neutral,202211_114.31441280650962_22.67996343438464.png
street,structured environment,cautious navigation,negative,202211_114.31441280650962_22.67996343438464.png
roads,sense of possibilities,encourages movement,positive,202211_114.3162351_22.766853299999998.png
buildings,defined boundaries,limits exploration,negative,202211_114.3162351_22.766853299999998.png
sidewalks,sense of confinement,restricts movement,negative,202211_114.3162351_22.766853299999998.png
street,limited exploration,restricted movement,negative,202211_114.3157553_22.67778.png
buildings,defined pathways,guided navigation,neutral,202211_114.3157553_22.67778.png
roads,constrained freedom,avoidance of open spaces,negative,202211_114.3157553_22.67778.png
traffic,stressful environment,hesitation to explore,negative,202211_114.3157553_22.67778.png
street,sense of movement,exploration,positive,202211_114.3147431_22.707786899999995.png
sidewalks,sense of safety,walking,positive,202211_114.3147431_22.707786899999995.png
fencing,feeling of confinement,hesitation to explore,negative,202211_114.3147431_22.707786899999995.png
urban density,sense of limitation,restricted movement,negative,202211_114.3147431_22.707786899999995.png
intersection,sense of openness,exploration,positive,202211_114.3163896_22.7063872.png
pathways,lack of constraints,movement,positive,202211_114.3163896_22.7063872.png
landscape,expansive view,curiosity,positive,202211_114.3163896_22.7063872.png
sidewalks,limited exploration,avoidance of open spaces,negative,202211_114.31953956727372_22.788356333124437.png
buildings,constrained environment,restricted movement,negative,202211_114.31953956727372_22.788356333124437.png
roads,defined boundaries,hesitation to explore,negative,202211_114.31953956727372_22.788356333124437.png
road,sense of freedom,exploration,positive,202211_114.3173622_22.7265075.png
sidewalks,safety,walking,positive,202211_114.3173622_22.7265075.png
buildings,urban environment,engagement,neutral,202211_114.3173622_22.7265075.png
fences,sense of constraint,limited exploration,negative,202211_114.3165021_22.771690299999996.png
barriers,sense of constraint,limited exploration,negative,202211_114.3165021_22.771690299999996.png
construction,sense of constraint,limited exploration,negative,202211_114.3165021_22.771690299999996.png
urban,limitations on free movement,restricted exploration,negative,202211_114.3165021_22.771690299999996.png
intersection,sense of expansiveness,navigate through space,positive,202211_114.3164787_22.7790009.png
roads,potential for exploration,discover different parts,positive,202211_114.3164787_22.7790009.png
sky,open feeling,encourage movement,positive,202211_114.3164787_22.7790009.png
street,sense of exploration,movement in multiple directions,positive,202211_114.3216382_22.723274800000002.png
greenery,feeling of openness,encouragement to explore,positive,202211_114.3216382_22.723274800000002.png
buildings,spatial depth,potential exploration,positive,202211_114.3216382_22.723274800000002.png
fences,sense of limitation,hesitation to move freely,negative,202211_114.3216382_22.723274800000002.png
sky,feeling of openness,inspiration to explore,positive,202211_114.3216382_22.723274800000002.png
highway,sense of movement and progression,exploration,positive,202211_114.32350494257476_22.67201955728786.png
barriers,restricted view,limited exploration,negative,202211_114.32350494257476_22.67201955728786.png
road,path forward,journey,positive,202211_114.32350494257476_22.67201955728786.png
landscape,limited exploration,hesitation to explore,negative,202211_114.3268672_22.690378.png
infrastructure,urban confinement,avoidance of open spaces,negative,202211_114.3268672_22.690378.png
construction,disruption of tranquility,reduced outdoor activity,negative,202211_114.3268672_22.690378.png
development,crowded environment,increased stress,negative,202211_114.3268672_22.690378.png
road,sense of openness,exploration,positive,202211_114.3254350036764_22.68151625721614.png
buildings,urban density,engagement with surroundings,positive,202211_114.3254350036764_22.68151625721614.png
high-rises,impression of scale,curiosity,positive,202211_114.3254350036764_22.68151625721614.png
construction,anticipation of change,interest in development,positive,202211_114.3254350036764_22.68151625721614.png
highway,limited perception of vastness,restrict exploration,negative,202211_114.32387870000001_22.6783551.png
barriers,restricted sense of scope,limit exploration,negative,202211_114.32387870000001_22.6783551.png
urban,constrained openness,deter wandering,negative,202211_114.32387870000001_22.6783551.png
street,limited exploration,hesitation to venture out,negative,202211_114.3245814_22.770254999999995.png
buildings,restricted feeling,avoidance of exploration,negative,202211_114.3245814_22.770254999999995.png
sidewalks,moderate openness,cautious movement,neutral,202211_114.3245814_22.770254999999995.png
buildings,sense of urban expanse,exploration,positive,202211_114.33041262094612_22.699174530065097.png
road,feeling of boundaries,limited exploration,negative,202211_114.33041262094612_22.699174530065097.png
railings,sense of confinement,hesitation to explore,negative,202211_114.33041262094612_22.699174530065097.png
skyscrapers,feeling of vastness,inspiration,positive,202211_114.33041262094612_22.699174530065097.png
fences,limited exploration,avoidance of areas,negative,202211_114.3313859655242_22.768633985156832.png
roads,restricted movement,conform to boundaries,negative,202211_114.3313859655242_22.768633985156832.png
construction,disruption of space,hesitation to explore,negative,202211_114.3313859655242_22.768633985156832.png
environment,urban confinement,limited engagement,negative,202211_114.3313859655242_22.768633985156832.png
road,limited exploration,restricted travel,negative,202211_114.3321844029824_22.67161460111895.png
fences,feeling of confinement,discouraged exploration,negative,202211_114.3321844029824_22.67161460111895.png
buildings,sense of boundaries,hesitant movement,negative,202211_114.3321844029824_22.67161460111895.png
streets,sense of expansiveness,support exploration,positive,202211_114.3327813_22.6854391.png
buildings,large area,movement in multiple directions,positive,202211_114.3327813_22.6854391.png
road,sufficiently large,encourage exploration,positive,202211_114.3327813_22.6854391.png
intersection,sense of possibility,exploration,positive,202211_114.3351278_22.708945700000005.png
streets,freedom of movement,navigating routes,positive,202211_114.3351278_22.708945700000005.png
built environment,feeling of boundaries,staying within limits,negative,202211_114.3351278_22.708945700000005.png
road,open space,traveling,positive,202211_114.3351278_22.708945700000005.png
road,feels confined,limited exploration,negative,202211_114.3303307356525_22.671067726692538.png
structures,repetitive environment,discouraged movement,negative,202211_114.3303307356525_22.671067726692538.png
walkways,suggests potential for movement,invites walking,positive,202211_114.3303307356525_22.671067726692538.png
buildings,sense of confinement,limited exploration,negative,202211_114.3388551_22.6894784.png
roads,sense of possibility,encouraged exploration,positive,202211_114.3388551_22.6894784.png
traffic,feeling of restriction,hesitation to move,negative,202211_114.3388551_22.6894784.png
road,sense of movement,navigate through space,positive,202211_114.3357352_22.680754599999997.png
crosswalks,safety awareness,cross the street,positive,202211_114.3357352_22.680754599999997.png
traffic,constrained exploration,hesitate to explore,negative,202211_114.3357352_22.680754599999997.png
view,sense of openness,consider exploring further,positive,202211_114.3357352_22.680754599999997.png
street,perceived limitations to exploration,avoidance of exploration,negative,202211_114.3404670682303_22.697019432676996.png
buildings,defined urban grid,structured navigation,neutral,202211_114.3404670682303_22.697019432676996.png
construction,disruption of openness,hesitation to explore,negative,202211_114.3404670682303_22.697019432676996.png
road,constrained environment,limited exploration,negative,202211_114.3429147_22.701841800000004.png
buildings,suggests depth,perceived opportunity for movement,neutral,202211_114.3429147_22.701841800000004.png
traffic,overwhelmed feeling,avoidance of movement,negative,202211_114.3429147_22.701841800000004.png
barriers,restricted access,discouraged exploration,negative,202211_114.3429147_22.701841800000004.png
open space,desire for freedom,seeking expansive movement,positive,202211_114.3429147_22.701841800000004.png
street,sense of openness,exploration,positive,202211_114.34195740000001_22.706933000000003.png
lanes,freedom of movement,movement,positive,202211_114.34195740000001_22.706933000000003.png
overpass,expansive view,navigation,positive,202211_114.34195740000001_22.706933000000003.png
buildings,sense of scale,exploration,positive,202211_114.34195740000001_22.706933000000003.png
infrastructure,opportunities for activity,movement,positive,202211_114.34195740000001_22.706933000000003.png
road,moderate scope for exploration,encourages exploration,positive,202211_114.3459751_22.707297799999996.png
greenery,sense of openness,invites outdoor activities,positive,202211_114.3459751_22.707297799999996.png
barriers,feeling of confinement,limits exploration,negative,202211_114.3459751_22.707297799999996.png
skyline,larger context,stimulates curiosity,neutral,202211_114.3459751_22.707297799999996.png
environment,somewhat confined,restricts movement,negative,202211_114.3459751_22.707297799999996.png
roads,sense of openness,explore freely,positive,202211_114.34365240000001_22.687192099999997.png
buildings,potential for movement,navigate through space,positive,202211_114.34365240000001_22.687192099999997.png
walkways,freedom to explore,walk and discover,positive,202211_114.34365240000001_22.687192099999997.png
fences,imposed boundaries,restricted movement,negative,202211_114.34365240000001_22.687192099999997.png
traffic,limits on movement,hesitate to cross,negative,202211_114.34365240000001_22.687192099999997.png
streets,sense of exploration,moving in different directions,positive,202211_114.3437535_22.6918068.png
buildings,feeling of containment,limited exploration,negative,202211_114.3437535_22.6918068.png
roads,boundaries,restricted movement,negative,202211_114.3437535_22.6918068.png
intersection,sense of freedom,explore the area,positive,202211_114.33888767774044_22.709904250746963.png
buildings,feeling of broad scope,move and discover,positive,202211_114.33888767774044_22.709904250746963.png
pathways,openness to exploration,choose different directions,positive,202211_114.33888767774044_22.709904250746963.png
road,moderate sense of scope,suggests pathways for movement,positive,202211_114.3483821_22.701610899999995.png
buildings,implies areas to explore,encourages exploration,positive,202211_114.3483821_22.701610899999995.png
trees,implies areas to explore,encourages exploration,positive,202211_114.3483821_22.701610899999995.png
urban environment,limits perception of vastness,restricts exploration,negative,202211_114.3483821_22.701610899999995.png
infrastructure,defines clear boundaries,limits sense of possibility,negative,202211_114.3483821_22.701610899999995.png
road,sense of expansiveness,exploration,positive,202211_114.3504077_22.7119996.png
greenery,feeling of ample space,exploration,positive,202211_114.3504077_22.7119996.png
buildings,defined urban corridor,restricted exploration,negative,202211_114.35089203748632_22.683509370509395.png
barriers,sense of confinement,limited movement,negative,202211_114.35089203748632_22.683509370509395.png
sidewalks,structured environment,navigating pathways,neutral,202211_114.35089203748632_22.683509370509395.png
road,defined route,directed travel,neutral,202211_114.35089203748632_22.683509370509395.png
road,sense of exploration,exploring multiple directions,positive,202211_114.3510608_22.719964600000004.png
expressways,imposing boundaries,feeling of limitation,negative,202211_114.3510608_22.719964600000004.png
intersection,sense of spaciousness,exploration,positive,202211_114.3511078_22.681715400000005.png
sky,feeling of openness,movement,positive,202211_114.3511078_22.681715400000005.png
cityscape,feeling of breadth,opportunity for movement,positive,202211_114.3511078_22.681715400000005.png
intersection,sense of scale,exploration,positive,202211_114.353722337401_22.712501928980274.png
roads,openness,movement,positive,202211_114.353722337401_22.712501928980274.png
development,potential,exploration,positive,202211_114.353722337401_22.712501928980274.png
pathways,clarity,navigation,positive,202211_114.353722337401_22.712501928980274.png
roads,limited exploration,restricted movement,negative,202211_114.3528219_22.7287395.png
traffic,stressful environment,avoidance behavior,negative,202211_114.3528219_22.7287395.png
buildings,constrained space,hesitation to explore,negative,202211_114.3528219_22.7287395.png
barriers,feeling trapped,limited interaction,negative,202211_114.3528219_22.7287395.png
vehicles,sense of danger,cautious movement,negative,202211_114.3528219_22.7287395.png
road,sense of openness,venturing further,positive,202211_114.3512642_22.7251506.png
greenery,potential for exploration,movement,positive,202211_114.3512642_22.7251506.png
buildings,larger environment,exploration,positive,202211_114.3512642_22.7251506.png
intersection,sense of exploration,navigate urban space,positive,202211_114.3541891_22.6916494.png
transportation,feeling of connectivity,utilize transport options,positive,202211_114.3541891_22.6916494.png
roads,openness to discovery,explore different directions,positive,202211_114.3541891_22.6916494.png
street,limited sense of exploration,hesitation to explore,negative,202211_114.3546865_22.757565699999997.png
buildings,confinement,avoidance of new areas,negative,202211_114.3546865_22.757565699999997.png
vegetation,lack of openness,reduced curiosity,negative,202211_114.3546865_22.757565699999997.png
sidewalks,limited freedom,walking along,negative,202211_114.3569203_22.6889893.png
buildings,sense of boundaries,crossing the street,negative,202211_114.3569203_22.6889893.png
road,constrained environment,navigating within limits,negative,202211_114.3569203_22.6889893.png
sky,lack of exploration,observing surroundings,neutral,202211_114.3569203_22.6889893.png
street,sense of exploration,encourages movement,positive,202211_114.35772670303169_22.751752755502764.png
buildings,urban context awareness,navigating surroundings,neutral,202211_114.35772670303169_22.751752755502764.png
sidewalks,openness,promotes walking,positive,202211_114.35772670303169_22.751752755502764.png
traffic,sense of activity,increases alertness,neutral,202211_114.35772670303169_22.751752755502764.png
road,limited exploration,transit focus,negative,202211_114.3613663915453_22.716670605416358.png
planting,structured nature,movement allowance,neutral,202211_114.3613663915453_22.716670605416358.png
intersection,moderate scope for exploration,exploration,positive,202211_114.3624588_22.713162700000005.png
sidewalks,possibility for movement,pedestrian movement,positive,202211_114.3624588_22.713162700000005.png
buildings,perceived boundaries,constrained movement,negative,202211_114.3624588_22.713162700000005.png
traffic,constrained exploration,limited traversal,negative,202211_114.3624588_22.713162700000005.png
road,decent sense of scope,allows for movement,positive,202211_114.3626573_22.733189099999997.png
trees,suggests areas to explore,encourages exploration,positive,202211_114.3626573_22.733189099999997.png
sky,contributes to an open feeling,promotes relaxation,positive,202211_114.3626573_22.733189099999997.png
buildings,offers visual depth,invites curiosity,positive,202211_114.3626573_22.733189099999997.png
sidewalks,some freedom to move,exploration,positive,202211_114.36333728540241_22.70685412485956.png
trees,some freedom to move,exploration,positive,202211_114.36333728540241_22.70685412485956.png
fences,limited feeling of exploration,restricted movement,negative,202211_114.36333728540241_22.70685412485956.png
barriers,limited feeling of exploration,restricted movement,negative,202211_114.36333728540241_22.70685412485956.png
buildings,constrained exploration possibilities,hesitation to explore,negative,202211_114.36333728540241_22.70685412485956.png
buildings,sense of confinement,limited exploration,negative,202211_114.3649148_22.7565855.png
roads,sense of openness,encouraged movement,positive,202211_114.3649148_22.7565855.png
pathways,sense of accessibility,promoted navigation,positive,202211_114.3649148_22.7565855.png
road,possibility of exploration,encourages movement,positive,202211_114.364903_22.7308243.png
greenery,sense of openness,invites further exploration,positive,202211_114.364903_22.7308243.png
buildings,larger context awareness,promotes curiosity,positive,202211_114.364903_22.7308243.png
sky,feeling of freedom,inspires movement,positive,202211_114.364903_22.7308243.png
fencing,feeling of containment,restricted exploration,negative,202211_114.3635603334527_22.72234030001783.png
roads,suggestion of movement,potential for travel,neutral,202211_114.3635603334527_22.72234030001783.png
boundaries,feeling of restriction,limited movement,negative,202211_114.3635603334527_22.72234030001783.png
buildings,sense of scale,exploration,positive,202211_114.365416_22.707167199999997.png
roads,openness,traveling,positive,202211_114.365416_22.707167199999997.png
sidewalks,freedom of movement,walking,positive,202211_114.365416_22.707167199999997.png
sightlines,visibility,navigating,positive,202211_114.365416_22.707167199999997.png
network,sense of exploration,exploring pathways,positive,202211_114.3658786_22.743978499999994.png
roads,limited vastness,hesitating to venture,negative,202211_114.3658786_22.743978499999994.png
boundaries,constrained feeling,staying close,negative,202211_114.3658786_22.743978499999994.png
intersection,sense of breadth,exploration,positive,202211_114.36843760000001_22.6984556.png
roads,possibilities for movement,navigating routes,positive,202211_114.36843760000001_22.6984556.png
landscape,urban setting,engaging with environment,neutral,202211_114.36843760000001_22.6984556.png
road,sense of openness,exploration,positive,202211_114.368547_22.736087599999998.png
pathways,sense of openness,exploration,positive,202211_114.368547_22.736087599999998.png
buildings,larger urban area,exploration,positive,202211_114.368547_22.736087599999998.png
railings,imposed boundaries,restricted exploration,negative,202211_114.368547_22.736087599999998.png
barriers,imposed boundaries,restricted exploration,negative,202211_114.368547_22.736087599999998.png
setting,imposed boundaries,restricted exploration,negative,202211_114.368547_22.736087599999998.png
road,sense of expansiveness,exploration,positive,202211_114.3688344_22.7260431.png
greenery,feeling of openness,traversing,positive,202211_114.3688344_22.7260431.png
boundaries,sense of limitation,hesitation to explore,negative,202211_114.3688344_22.7260431.png
urban context,feeling of confinement,restricted movement,negative,202211_114.3688344_22.7260431.png
intersection,sense of openness,exploration,positive,202211_114.3705303_22.733745999999996.png
lanes,pathways for movement,navigating the city,positive,202211_114.3705303_22.733745999999996.png
buildings,visual expanse,exploration,positive,202211_114.3705303_22.733745999999996.png
roads,interconnectedness,navigating the city,positive,202211_114.3705303_22.733745999999996.png
buildings,sense of enclosure,limited exploration,negative,202211_114.3718744_22.74649859999999.png
roads,confined movement,restricted navigation,negative,202211_114.3718744_22.74649859999999.png
crosswalks,limited opportunities,hesitant crossing,negative,202211_114.3718744_22.74649859999999.png
road,degree of openness,structured movement,positive,202211_114.37216358443696_22.71620413078513.png
fences,limited exploration,restricted movement,negative,202211_114.37216358443696_22.71620413078513.png
traffic,sense of boundaries,cautious navigation,negative,202211_114.37216358443696_22.71620413078513.png
road,sense of spaciousness,movement and exploration,positive,202211_114.37215326558275_22.730109705730648.png
trees,sense of openness,encouragement to explore,positive,202211_114.37215326558275_22.730109705730648.png
greenery,visual depth,varied movement,positive,202211_114.37215326558275_22.730109705730648.png
road,sense of openness,exploration,positive,202211_114.3726385_22.7528864.png
buildings,feeling of limitation,hesitation,negative,202211_114.3726385_22.7528864.png
sidewalks,limited exploration,restricted movement,negative,202211_114.37290520601623_22.705520768332626.png
buildings,defined boundaries,constrained discovery,negative,202211_114.37290520601623_22.705520768332626.png
road,primary focus,directed movement,neutral,202211_114.37290520601623_22.705520768332626.png
infrastructure,lack of vastness,limited exploration,negative,202211_114.37290520601623_22.705520768332626.png
road,sense of scope,exploration,positive,202211_114.36447568930114_22.713789011610604.png
lanes,feeling of connectivity,navigation,positive,202211_114.36447568930114_22.713789011610604.png
greenery,feeling of openness,relaxation,positive,202211_114.36447568930114_22.713789011610604.png
sky,sense of freedom,inspiration,positive,202211_114.36447568930114_22.713789011610604.png
infrastructure,sense of confinement,hesitation,negative,202211_114.36447568930114_22.713789011610604.png
intersection,potential for exploration,encourages movement,positive,202211_114.3734899_22.7272945.png
roads,opportunities for movement,promotes navigation,positive,202211_114.3734899_22.7272945.png
buildings,implies boundaries,restricts movement,negative,202211_114.3734899_22.7272945.png
urban infrastructure,sense of openness,invites exploration,positive,202211_114.3734899_22.7272945.png
intersection,sense of breadth,exploration,positive,202211_114.37297580000002_22.6996042.png
streets,potential for discovery,movement,positive,202211_114.37297580000002_22.6996042.png
buildings,scale and presence,navigate,positive,202211_114.37297580000002_22.6996042.png
crosswalks,freedom to navigate,connectivity,positive,202211_114.37297580000002_22.6996042.png
infrastructure,system designed for movement,exploration,positive,202211_114.37297580000002_22.6996042.png
intersection,sense of exploration,navigate through space,positive,202211_114.3737531_22.6925205.png
buildings,feeling of scale,move in various directions,positive,202211_114.3737531_22.6925205.png
metro,awareness of infrastructure,utilize public transport,positive,202211_114.3737531_22.6925205.png
crosswalks,sense of safety,cross the street,positive,202211_114.3737531_22.6925205.png
traffic,feeling of busyness,wait for movement,neutral,202211_114.3737531_22.6925205.png
street,limited exploration,restricted movement,negative,202211_114.37411355873853_22.743729715556338.png
fences,sense of confinement,avoidance of discovery,negative,202211_114.37411355873853_22.743729715556338.png
buildings,feeling of enclosure,hesitation to explore,negative,202211_114.37411355873853_22.743729715556338.png
road,barrier to movement,limited exploration,negative,202211_114.37411355873853_22.743729715556338.png
hillside,potential for exploration,curiosity to explore,neutral,202211_114.37411355873853_22.743729715556338.png
trees,sense of nature,desire for connection,positive,202211_114.37411355873853_22.743729715556338.png
road,sense of scale,movement across space,positive,202211_114.37561489812998_22.690434165694633.png
buildings,large urban expanse,exploration,positive,202211_114.37561489812998_22.690434165694633.png
overpass,spatial freedom,crossing barriers,positive,202211_114.37561489812998_22.690434165694633.png
fences,limited exploration,hesitation to explore,negative,202211_114.37561489812998_22.690434165694633.png
traffic,boundaries,caution in movement,negative,202211_114.37561489812998_22.690434165694633.png
street,limited exploration,restricted movement,negative,202211_114.3754539_22.749961399999997.png
sidewalks,constrained freedom,hesitant navigation,negative,202211_114.3754539_22.749961399999997.png
buildings,bounded environment,avoidance of exploration,negative,202211_114.3754539_22.749961399999997.png
traffic,stressful atmosphere,cautious behavior,negative,202211_114.3754539_22.749961399999997.png
vistas,lack of possibilities,reduced engagement,negative,202211_114.3754539_22.749961399999997.png
spaces,absence of openness,limited exploration,negative,202211_114.3754539_22.749961399999997.png
intersection,feeling of expanse,possibilities for movement,positive,202211_114.37418_22.717451199999996.png
roads,sense of exploration,encouragement to wander,positive,202211_114.37418_22.717451199999996.png
greenery,calming effect,desire to engage with nature,positive,202211_114.37418_22.717451199999996.png
sky,feeling of openness,inspiration to explore,positive,202211_114.37418_22.717451199999996.png
buildings,limited exploration,restricted movement,negative,202211_114.37575931840017_22.714180260607723.png
vehicles,constrained environment,hesitant navigation,negative,202211_114.37575931840017_22.714180260607723.png
buildings,limited exploration,restricted movement,negative,202211_114.3760545_22.7438619.png
traffic,sense of confinement,avoidance of discovery,negative,202211_114.3760545_22.7438619.png
road,constrained exploration,limited movement,negative,202211_114.3769458_22.689101.png
trees,restricted view,decreased engagement,negative,202211_114.3769458_22.689101.png
terrain,lack of freedom,hesitant exploration,negative,202211_114.3769458_22.689101.png
street,sense of urban expanse,limited exploration,negative,202211_114.3780006_22.750091500000003.png
sidewalks,lack of boundaries,restricted movement,negative,202211_114.3780006_22.750091500000003.png
buildings,typical urban environment,familiarity with surroundings,neutral,202211_114.3780006_22.750091500000003.png
road,limited exploration,restricted movement,negative,202211_114.3770237285758_22.717493878785035.png
sidewalks,defined boundaries,constrained navigation,negative,202211_114.3770237285758_22.717493878785035.png
greenery,sense of nature,encouraged relaxation,positive,202211_114.3770237285758_22.717493878785035.png
buildings,urban density,curiosity about surroundings,neutral,202211_114.3770237285758_22.717493878785035.png
road,sense of openness,exploration,positive,202211_114.37926503467969_22.710328170153257.png
trees,enhanced perception of space,movement,positive,202211_114.37926503467969_22.710328170153257.png
greenery,broad and expansive feeling,exploration,positive,202211_114.37926503467969_22.710328170153257.png
roads,sense of openness,movement and exploration,positive,202211_114.3789689_22.7388526.png
buildings,impression of urban environment,traversing space,positive,202211_114.3789689_22.7388526.png
overpasses,imposed boundaries,limited exploration,negative,202211_114.3789689_22.7388526.png
pathways,restricted movement,hesitation to explore,negative,202211_114.3789689_22.7388526.png
intersection,sense of potential for exploration,encourages exploration,positive,202211_114.3801386_22.7251291.png
buildings,implied boundaries,restricts movement,negative,202211_114.3801386_22.7251291.png
lanes,defined space,guides navigation,neutral,202211_114.3801386_22.7251291.png
paths,invitation to move,promotes walking,positive,202211_114.3801386_22.7251291.png
road,sense of openness,movement and exploration,positive,202211_114.37933435809285_22.716357377642815.png
trees,sense of enclosure,comfort in navigation,positive,202211_114.37933435809285_22.716357377642815.png
buildings,structured environment,engagement with surroundings,positive,202211_114.37933435809285_22.716357377642815.png
buildings,confinement,limited exploration,negative,202211_114.38063190000001_22.6953099.png
roads,directional confusion,hesitation to navigate,negative,202211_114.38063190000001_22.6953099.png
construction,disruption,avoidance of area,negative,202211_114.38063190000001_22.6953099.png
road,limited freedom of exploration,restricted movement,negative,202211_114.38183270133445_22.712869299702188.png
barriers,sense of confinement,avoidance of exploration,negative,202211_114.38183270133445_22.712869299702188.png
traffic,increased stress,hesitation to navigate,negative,202211_114.38183270133445_22.712869299702188.png
structures,feeling of boundaries,constrained discovery,negative,202211_114.38183270133445_22.712869299702188.png
pathways,defined routes,following set paths,neutral,202211_114.38183270133445_22.712869299702188.png
roads,sense of openness,movement and exploration,positive,202211_114.38262218100118_22.741044855901382.png
greenery,sense of openness,movement and exploration,positive,202211_114.38262218100118_22.741044855901382.png
buildings,sense of openness,movement and exploration,positive,202211_114.38262218100118_22.741044855901382.png
lanes,sense of connectivity,exploration in various directions,positive,202211_114.38262218100118_22.741044855901382.png
road,sense of openness,navigate in various directions,positive,202211_114.3829262_22.711376199999997.png
sidewalks,opportunities for exploration,movement,positive,202211_114.3829262_22.711376199999997.png
paths,sense of freedom,explore,positive,202211_114.3829262_22.711376199999997.png
landscape,inviting atmosphere,engage with surroundings,positive,202211_114.3829262_22.711376199999997.png
buildings,constrained feeling,limited exploration,negative,202211_114.3836078_22.744371099999995.png
traffic,stressful environment,avoidance of movement,negative,202211_114.3836078_22.744371099999995.png
cars,restricted space,hesitation to engage,negative,202211_114.3836078_22.744371099999995.png
infrastructure,lack of freedom,limited interaction,negative,202211_114.3836078_22.744371099999995.png
roads,sense of openness,exploration,positive,202211_114.3958517_22.7037017.png
sidewalks,sense of openness,exploration,positive,202211_114.3958517_22.7037017.png
buildings,feeling of potential movement,discovery,positive,202211_114.3958517_22.7037017.png
greenery,sense of openness,exploration,positive,202211_114.3958517_22.7037017.png
fences,sense of boundaries,restricted movement,negative,202211_114.3958517_22.7037017.png
road,limited exploratory potential,restricted movement,negative,202211_114.3885396714301_22.72494845407528.png
cars,constrained space,hesitation to explore,negative,202211_114.3885396714301_22.72494845407528.png
buildings,sense of confinement,avoidance of exploration,negative,202211_114.3885396714301_22.72494845407528.png
barriers,feeling of restriction,lack of movement,negative,202211_114.3885396714301_22.72494845407528.png
urban,overwhelmed by density,withdrawal from exploration,negative,202211_114.3885396714301_22.72494845407528.png
road,feeling of spaciousness,movement and exploration,positive,202211_114.38859630000002_22.711395700000004.png
walkways,sense of accessibility,encouragement to walk,positive,202211_114.38859630000002_22.711395700000004.png
buildings,impression of urbanity,exploration of surroundings,positive,202211_114.38859630000002_22.711395700000004.png
road,degree of spatial openness,exploration,positive,202211_114.4006707_22.700936599999995.png
buildings,limited perceived possibility,restricted movement,negative,202211_114.4006707_22.700936599999995.png
road,limited exploration,avoidance of pathways,negative,202211_114.3960034_22.713549999999994.png
green,lack of vastness,minimal engagement,negative,202211_114.3960034_22.713549999999994.png
buildings,clear boundaries,restricted movement,negative,202211_114.3960034_22.713549999999994.png
traffic,constrained environment,cautious navigation,negative,202211_114.3960034_22.713549999999994.png
pathways,defined routes,following set paths,neutral,202211_114.3960034_22.713549999999994.png
road,limited exploration,hesitation to explore,negative,202211_114.39797537460862_22.69997712940125.png
land,restricted movement,avoidance of certain areas,negative,202211_114.39797537460862_22.69997712940125.png
fencing,sense of confinement,staying within boundaries,negative,202211_114.39797537460862_22.69997712940125.png
construction,state of development,cautious exploration,neutral,202211_114.39797537460862_22.69997712940125.png
urban,lack of vastness,limited movement,negative,202211_114.39797537460862_22.69997712940125.png
buildings,sense of enclosure,avoid exploration,negative,202211_114.40298750000001_22.696152799999997.png
greenery,invitation to explore,encourage exploration,positive,202211_114.40298750000001_22.696152799999997.png
sky,feeling of openness,promote wandering,positive,202211_114.40298750000001_22.696152799999997.png
roads,sense of direction,navigate the area,neutral,202211_114.40298750000001_22.696152799999997.png
road,moderate exploration,explore surroundings,neutral,202212_113.7760428_22.682739900000005.png
buildings,sense of boundaries,stay within limits,negative,202212_113.7760428_22.682739900000005.png
urban,interconnectedness,navigate pathways,positive,202212_113.7760428_22.682739900000005.png
intersection,sense of openness,exploration,positive,202212_113.7706539_22.6919045.png
roads,ample room for movement,movement,positive,202212_113.7706539_22.6919045.png
buildings,distant visibility,navigation,positive,202212_113.7706539_22.6919045.png
landscape,potential for exploration,exploration,positive,202212_113.7706539_22.6919045.png
buildings,limited exploration,walking along the street,negative,202212_113.77622511234814_22.685078715476987.png
road,constrained movement,navigating through the area,negative,202212_113.77622511234814_22.685078715476987.png
road,limited exploration,restricted movement,negative,202212_113.77643691902465_22.689496014406288.png
buildings,constrained environment,hesitation to explore,negative,202212_113.77643691902465_22.689496014406288.png
greenery,slight comfort,encouraged to linger,positive,202212_113.77643691902465_22.689496014406288.png
traffic,stressful atmosphere,avoidance of the area,negative,202212_113.77643691902465_22.689496014406288.png
road,limited sense of exploration,restricted movement,negative,202212_113.77664210000002_22.6918.png
buildings,feeling of confinement,hesitation to explore,negative,202212_113.77664210000002_22.6918.png
infrastructure,sense of boundaries,avoidance of movement,negative,202212_113.77664210000002_22.6918.png
street,sense of openness,movement along the road,positive,202212_113.77716570462783_22.697838758711498.png
buildings,limited freedom for exploration,hesitation to explore,negative,202212_113.77716570462783_22.697838758711498.png
sidewalks,sense of space,walking,positive,202212_113.77716570462783_22.697838758711498.png
road,sense of openness,movement in different directions,positive,202212_113.78080880458923_22.697984700257628.png
buildings,imposed boundaries,restricted exploration,negative,202212_113.78080880458923_22.697984700257628.png
streetscape,moderate exploration,limited movement,neutral,202212_113.78080880458923_22.697984700257628.png
intersection,sense of spaciousness,exploration,positive,202212_113.7770034_22.6960229.png
overpass,feeling of connectivity,movement in various directions,positive,202212_113.7770034_22.6960229.png
roads,broad scope,navigation,positive,202212_113.7770034_22.6960229.png
road,suggests a journey,exploration,positive,202212_113.77754406329456_22.702272195989906.png
buildings,sense of confinement,limited movement,negative,202212_113.77754406329456_22.702272195989906.png
traffic,stressful environment,avoidance,negative,202212_113.77754406329456_22.702272195989906.png
sidewalks,clear pathways,navigating,positive,202212_113.77754406329456_22.702272195989906.png
streets,visible boundaries,restricted exploration,negative,202212_113.77754406329456_22.702272195989906.png
intersection,sense of openness,exploration,positive,202212_113.7773688_22.700072399999996.png
roads,perception of expansive space,traversing in various directions,positive,202212_113.7773688_22.700072399999996.png
buildings,implies broad area,exploration,positive,202212_113.7773688_22.700072399999996.png
natural barriers,lack of density,perception of large space,positive,202212_113.7773688_22.700072399999996.png
road,limited exploration,focus on transit,negative,202212_113.78422759928661_22.677907193302335.png
barriers,defined boundaries,restricted movement,negative,202212_113.78422759928661_22.677907193302335.png
buildings,constrained possibilities,discouraged exploration,negative,202212_113.78422759928661_22.677907193302335.png
street,sense of scale,exploration,positive,202212_113.78390219620883_22.68438099114962.png
infrastructure,implied expanse,movement,positive,202212_113.78390219620883_22.68438099114962.png
buildings,limited area,navigation,negative,202212_113.78390219620883_22.68438099114962.png
intersection,sense of exploration,encourages movement,positive,202212_113.7919554_22.761629.png
buildings,feeling of expansiveness,invites navigation,positive,202212_113.7919554_22.761629.png
intersection,sense of exploration,navigate and discover,positive,202212_113.7893081_22.6995396.png
streets,openness to possibilities,explore surroundings,positive,202212_113.7893081_22.6995396.png
buildings,urban density,engage with environment,neutral,202212_113.7893081_22.6995396.png
overpass,heightened perspective,observe urban layout,positive,202212_113.7893081_22.6995396.png
street,sense of spaciousness,movement and exploration,positive,202212_113.7921612_22.6907336.png
horizon,sense of openness,exploration,positive,202212_113.7921612_22.6907336.png
buildings,feeling of boundaries,limited exploration,negative,202212_113.7921612_22.6907336.png
roads,sense of restriction,limited movement,negative,202212_113.7921612_22.6907336.png
sidewalks,sense of boundaries,restricted exploration,negative,202212_113.7921612_22.6907336.png
buildings,somewhat confined,limited exploration,negative,202212_113.79269734176862_22.699597675685844.png
road,moderate potential,encouraged exploration,positive,202212_113.79269734176862_22.699597675685844.png
sky,open and clear,increased comfort,positive,202212_113.79269734176862_22.699597675685844.png
road,sense of openness,defined areas for movement,positive,202212_113.7951026_22.699638300000004.png
buildings,limited perceived scope,restricted exploration,negative,202212_113.7951026_22.699638300000004.png
sidewalks,sense of openness,defined areas for movement,positive,202212_113.7951026_22.699638300000004.png
traffic,limited perceived scope,restricted exploration,negative,202212_113.7951026_22.699638300000004.png
walkways,sense of openness,defined areas for movement,positive,202212_113.7951026_22.699638300000004.png
road,sense of exploration,moving about,positive,202212_113.79425614705413_22.67808043412009.png
sidewalks,feeling of freedom,traversing space,positive,202212_113.79425614705413_22.67808043412009.png
buildings,sense of scale,navigating environment,positive,202212_113.79425614705413_22.67808043412009.png
intersection,sense of openness,exploration,positive,202212_113.7965581_22.6914605.png
buildings,urban density,navigation,neutral,202212_113.7965581_22.6914605.png
traffic,busy environment,caution,negative,202212_113.7965581_22.6914605.png
sidewalks,accessibility,movement,positive,202212_113.7965581_22.6914605.png
railway,transit options,commuting,positive,202212_113.7965581_22.6914605.png
road,constrained exploration,limited movement,negative,202212_113.79688929487973_22.680480331073678.png
buildings,restricted possibilities,lack of exploration,negative,202212_113.79688929487973_22.680480331073678.png
barriers,feeling of confinement,avoidance of movement,negative,202212_113.79688929487973_22.680480331073678.png
road,sense of freedom,exploration,positive,202212_113.79732490662863_22.699688611407787.png
buildings,urban context awareness,movement,positive,202212_113.79732490662863_22.699688611407787.png
greenery,calming effect,engagement with nature,positive,202212_113.79732490662863_22.699688611407787.png
sidewalks,invitation to walk,traversing the area,positive,202212_113.79732490662863_22.699688611407787.png
street,sense of urbanity,exploration,neutral,202212_113.7981085_22.7763653.png
buildings,feeling of confinement,hesitation to explore,negative,202212_113.7981085_22.7763653.png
vehicles,busy environment,caution in movement,negative,202212_113.7981085_22.7763653.png
construction,disruption of flow,avoidance of area,negative,202212_113.7981085_22.7763653.png
intersection,sense of exploration,encourages movement,positive,202212_113.8004834_22.692171200000004.png
buildings,feeling of openness,invites exploration,positive,202212_113.8004834_22.692171200000004.png
roads,sense of connectivity,promotes navigation,positive,202212_113.8004834_22.692171200000004.png
intersection,sense of exploration,movement in various directions,positive,202212_113.79954410330456_22.76311905878979.png
roads,freedom in navigation,navigating the urban layout,positive,202212_113.79954410330456_22.76311905878979.png
crossings,opportunities for movement,crossing streets,positive,202212_113.79954410330456_22.76311905878979.png
intersection,limited exploration,restricted movement,negative,202212_113.79978353701117_22.784181482720076.png
roads,potential for movement,increased travel,neutral,202212_113.79978353701117_22.784181482720076.png
barriers,feeling of confinement,hesitation to explore,negative,202212_113.79978353701117_22.784181482720076.png
infrastructure,urban dominance,navigational focus,neutral,202212_113.79978353701117_22.784181482720076.png
buildings,sense of confinement,avoid exploration,negative,202212_113.802167_22.6997762.png
traffic,stress and distraction,hesitation to engage,negative,202212_113.802167_22.6997762.png
sidewalks,limited movement,stay within boundaries,negative,202212_113.802167_22.6997762.png
urban,potential for exploration,curiosity to discover,positive,202212_113.802167_22.6997762.png
buildings,constrained environment,limited exploration,negative,202212_113.8052854_22.6785739.png
sidewalks,restricted movement,hesitation to engage,negative,202212_113.8052854_22.6785739.png
roads,lack of freedom,avoidance of the area,negative,202212_113.8052854_22.6785739.png
street,feels constrained,limited exploration,negative,202212_113.81152624040243_22.669452211760223.png
buildings,feels constrained,limited exploration,negative,202212_113.81152624040243_22.669452211760223.png
hills,sense of distance,desire for exploration,neutral,202212_113.81152624040243_22.669452211760223.png
fencing,feels restricted,avoidance of area,negative,202212_113.81152624040243_22.669452211760223.png
road,feels constrained,limited exploration,negative,202212_113.81152624040243_22.669452211760223.png
street,sense of exploration,move about,positive,202212_113.8063905_22.6961283.png
sidewalks,sense of safety,walk,positive,202212_113.8063905_22.6961283.png
buildings,feeling of boundedness,hesitate to explore,negative,202212_113.8063905_22.6961283.png
traffic,sense of danger,avoid crossing,negative,202212_113.8063905_22.6961283.png
water,limited exploration,hesitant movement,negative,202212_113.8016499_22.770999099999994.png
buildings,structured environment,restricted exploration,negative,202212_113.8016499_22.770999099999994.png
road,defined boundaries,cautious navigation,negative,202212_113.8016499_22.770999099999994.png
path,some openness,exploratory walking,positive,202212_113.8016499_22.770999099999994.png
open space,potential for freedom,encouraged movement,positive,202212_113.8016499_22.770999099999994.png
traffic,restricted freedom,avoid exploration,negative,202212_113.8082494_22.6673306.png
sidewalks,limited movement,hesitate to explore,negative,202212_113.8082494_22.6673306.png
buildings,sense of confinement,stay within boundaries,negative,202212_113.8082494_22.6673306.png
urban,overwhelmed,withdraw from activity,negative,202212_113.8082494_22.6673306.png
road,sense of openness,movement and exploration,positive,202212_113.8132765_22.670424.png
grassy area,potential for exploration,exploration,positive,202212_113.8132765_22.670424.png
overpass,reasonable space,movement in different directions,positive,202212_113.8132765_22.670424.png
infrastructure,boundaries,navigation,neutral,202212_113.8132765_22.670424.png
roads,sense of exploration,navigate the area,positive,202212_113.8190906_22.674250599999997.png
crosswalks,feeling of safety,cross the street,positive,202212_113.8190906_22.674250599999997.png
buildings,curiosity about surroundings,discover new places,positive,202212_113.8190906_22.674250599999997.png
infrastructure,sense of connectivity,explore multiple directions,positive,202212_113.8190906_22.674250599999997.png
intersection,sense of openness,movement and exploration,positive,202212_113.8150205_22.6618553.png
buildings,urban density,navigate through the area,neutral,202212_113.8150205_22.6618553.png
roads,impression of spaciousness,continue to travel,positive,202212_113.8150205_22.6618553.png
sidewalks,sense of safety,explore surroundings,positive,202212_113.8150205_22.6618553.png
sky,feeling of freedom,encouragement to wander,positive,202212_113.8150205_22.6618553.png
streets,limited exploration,restricted movement,negative,202212_113.81679555932082_22.672749584586846.png
sidewalks,constrained freedom,walking,negative,202212_113.81679555932082_22.672749584586846.png
buildings,bounded environment,navigating,negative,202212_113.81679555932082_22.672749584586846.png
traffic barriers,imposed limits,staying within boundaries,negative,202212_113.81679555932082_22.672749584586846.png
intersection,sense of breadth,exploration,positive,202212_113.8201269_22.6803143.png
traffic,feeling of congestion,avoidance,negative,202212_113.8201269_22.6803143.png
buildings,sense of enclosure,limited exploration,negative,202212_113.8201269_22.6803143.png
roads,restricted access,hesitation to navigate,negative,202212_113.8201269_22.6803143.png
road,sense of openness,exploration of areas,positive,202212_113.82278221359138_22.660946501906267.png
sidewalks,limited exploration,staying on the road,negative,202212_113.82278221359138_22.660946501906267.png
buildings,confinement,avoidance of off-road paths,negative,202212_113.82278221359138_22.660946501906267.png
buildings,moderate exploration,walking along sidewalks,neutral,202212_113.8228422307068_22.685889345283847.png
sidewalks,sense of safety,crossing streets,positive,202212_113.8228422307068_22.685889345283847.png
road,functional environment,limited exploration,negative,202212_113.8228422307068_22.685889345283847.png
roads,sense of exploration,encourages walking,positive,202212_113.822997_22.673369699999995.png
crossings,safety awareness,promotes crossing,positive,202212_113.822997_22.673369699999995.png
landscape,broad perspective,invites exploration,positive,202212_113.822997_22.673369699999995.png
streets,connectedness,facilitates navigation,positive,202212_113.822997_22.673369699999995.png
buildings,urban density,encourages interaction,positive,202212_113.822997_22.673369699999995.png
intersection,sense of exploration,encourages movement,positive,202212_113.82393590702738_22.688062888130222.png
pathways,feeling of safety,promotes walking,positive,202212_113.82393590702738_22.688062888130222.png
buildings,sense of organization,facilitates navigation,positive,202212_113.82393590702738_22.688062888130222.png
streets,openness,invites exploration,positive,202212_113.82393590702738_22.688062888130222.png
street,limited exploration,restricted movement,negative,202212_113.8280624_22.6933492.png
buildings,constrained feeling,lack of freedom,negative,202212_113.8280624_22.6933492.png
traffic,restricted perception,hesitation to explore,negative,202212_113.8280624_22.6933492.png
roads,sense of spaciousness,exploration,positive,202212_113.8289756_22.602438.png
buildings,defined boundary,limited exploration,negative,202212_113.8289756_22.602438.png
intersection,movement possibilities,navigation,positive,202212_113.8289756_22.602438.png
traffic,urban context,restricted freedom,negative,202212_113.8289756_22.602438.png
roads,confined feeling,limited exploration,negative,202212_113.8333147_22.5931892.png
vehicles,crowded environment,avoidance of movement,negative,202212_113.8333147_22.5931892.png
buildings,sense of density,hesitation to explore,negative,202212_113.8333147_22.5931892.png
infrastructure,lack of vastness,stagnation,negative,202212_113.8333147_22.5931892.png
road,sense of movement,exploration,positive,202212_113.8344402_22.6735336.png
buildings,sense of boundaries,restricted exploration,negative,202212_113.8344402_22.6735336.png
trees,feeling of nature,relaxation,positive,202212_113.8344402_22.6735336.png
vehicles,sense of congestion,avoidance,negative,202212_113.8344402_22.6735336.png
roads,sense of scale,opportunities for movement,positive,202212_113.83941768799392_22.687545072466857.png
buildings,feeling of confinement,limited exploration,negative,202212_113.83941768799392_22.687545072466857.png
barriers,implied limitations,restricted paths,negative,202212_113.83941768799392_22.687545072466857.png
density,implied boundaries,constrained movement,negative,202212_113.83941768799392_22.687545072466857.png
intersection,sense of openness,exploration,positive,202212_113.8403271_22.6070878.png
roads,feeling of connectivity,movement,positive,202212_113.8403271_22.6070878.png
buildings,urban density,navigation,neutral,202212_113.8403271_22.6070878.png
overpasses,safety,crossing,positive,202212_113.8403271_22.6070878.png
buildings,limited sense of vastness,restricted exploration,negative,202212_113.84548710000001_22.595948799999995.png
trees,limited sense of vastness,restricted exploration,negative,202212_113.84548710000001_22.595948799999995.png
roads,restricted feeling of open exploration,limited movement,negative,202212_113.84548710000001_22.595948799999995.png
buildings,sense of exploration,encourages exploration,positive,202212_113.840464_22.591003999999995.png
pathways,sense of openness,promotes movement,positive,202212_113.840464_22.591003999999995.png
roads,potential for discovery,invites navigation,positive,202212_113.840464_22.591003999999995.png
pathways,openness for exploration,movement along the road,positive,202212_113.8410661_22.588008799999997.png
streets,sense of distance,exploration,positive,202212_113.8410661_22.588008799999997.png
sidewalks,safety in movement,walking,positive,202212_113.8410661_22.588008799999997.png
lanes,structured navigation,driving,positive,202212_113.8410661_22.588008799999997.png
urban,imposed boundaries,limited exploration,negative,202212_113.8410661_22.588008799999997.png
street,sense of scale,exploration,positive,202212_113.8455067_22.571828900000003.png
buildings,broad environment,movement,positive,202212_113.8455067_22.571828900000003.png
overpass,possibilities for movement,exploration,positive,202212_113.8455067_22.571828900000003.png
street,sense of scope,exploration,positive,202212_113.846285_22.624865999999997.png
buildings,vastness,curiosity,positive,202212_113.846285_22.624865999999997.png
overpass,urban infrastructure,navigation,neutral,202212_113.846285_22.624865999999997.png
road,limited exploration,hesitation,negative,202212_113.846285_22.624865999999997.png
road,sense of openness,exploration,positive,202212_113.8478075_22.593366299999992.png
buildings,feeling of scale,navigation,positive,202212_113.8478075_22.593366299999992.png
traffic,dynamic environment,movement,positive,202212_113.8478075_22.593366299999992.png
road,sense of potential exploration,encourages exploration,positive,202212_113.8491118341458_22.573043267955963.png
buildings,sense of control,limits movement,negative,202212_113.8491118341458_22.573043267955963.png
barriers,feeling of restriction,discourages free movement,negative,202212_113.8491118341458_22.573043267955963.png
sidewalks,defined space,promotes structured movement,neutral,202212_113.8491118341458_22.573043267955963.png
traffic,sense of caution,encourages careful navigation,neutral,202212_113.8491118341458_22.573043267955963.png
street,sense of exploration,exploring the area,positive,202212_113.8489848_22.57978779999999.png
buildings,sense of enclosure,restricted movement,negative,202212_113.8489848_22.57978779999999.png
traffic,feeling of confinement,hesitation to move freely,negative,202212_113.8489848_22.57978779999999.png
roads,limited exploration,avoiding the area,negative,202212_113.8489848_22.57978779999999.png
sidewalks,sense of restriction,staying close to boundaries,negative,202212_113.8489848_22.57978779999999.png
vehicles,feeling of obstruction,navigating cautiously,negative,202212_113.8489848_22.57978779999999.png
street,sense of enclosure,limited exploration,negative,202212_113.85030766374354_22.59389652490922.png
buildings,sense of enclosure,limited exploration,negative,202212_113.85030766374354_22.59389652490922.png
buildings,sense of scale,exploration,positive,202212_113.85231545034476_22.592494737526415.png
roadways,feeling of expansiveness,movement,positive,202212_113.85231545034476_22.592494737526415.png
cityscape,implied possibilities,exploration in many directions,positive,202212_113.85231545034476_22.592494737526415.png
intersection,high exploration potential,encourages movement,positive,202212_113.8513437_22.57787529999999.png
buildings,sense of vastness,invites discovery,positive,202212_113.8513437_22.57787529999999.png
sidewalks,safety and accessibility,promotes walking,positive,202212_113.8513437_22.57787529999999.png
skyscrapers,impression of scale,inspires exploration,positive,202212_113.8513437_22.57787529999999.png
intersection,sense of exploration,movement within urban context,positive,202212_113.8545129_22.757254.png
roads,limited exploration,hesitation to explore,negative,202212_113.8545129_22.757254.png
sidewalks,boundaries perceived,restricted movement,negative,202212_113.8545129_22.757254.png
buildings,sense of direction,navigating the area,positive,202212_113.8545129_22.757254.png
roads,sense of exploration,navigating the urban landscape,positive,202212_113.8541558_22.575586900000005.png
buildings,feeling of space,encouraging movement,positive,202212_113.8541558_22.575586900000005.png
sidewalks,safety and accessibility,promoting walking,positive,202212_113.8541558_22.575586900000005.png
intersections,sense of connectivity,exploring different routes,positive,202212_113.8541558_22.575586900000005.png
trees,lack of open space,limited exploration,negative,202212_113.85654014549672_22.5764781366429.png
buildings,sense of boundaries,restricted movement,negative,202212_113.85654014549672_22.5764781366429.png
road,constrained visibility,hesitation to explore,negative,202212_113.85654014549672_22.5764781366429.png
cars,urban congestion,avoidance of movement,negative,202212_113.85654014549672_22.5764781366429.png
roads,sense of openness,exploration,positive,202212_113.8545892_22.5812425.png
buildings,feeling of boundaries,navigation,neutral,202212_113.8545892_22.5812425.png
intersection,connectedness,movement,positive,202212_113.8545892_22.5812425.png
space,possibility,observation,positive,202212_113.8545892_22.5812425.png
intersection,sense of freedom,explore in various directions,positive,202212_113.8580102_22.7474771.png
overpass,feeling of vastness,move freely,positive,202212_113.8580102_22.7474771.png
layout,open space,navigate without constraints,positive,202212_113.8580102_22.7474771.png
intersection,possibilities for movement,exploration,positive,202212_113.8597812_22.757076.png
infrastructure,limited feeling of freedom,restricted movement,negative,202212_113.8597812_22.757076.png
traffic,limited exploration,hesitation to move,negative,202212_113.8597812_22.757076.png
areas,sense of openness,encouraged movement,neutral,202212_113.8597812_22.757076.png
street,sense of openness,potential for exploration,positive,202212_113.8596866_22.584260100000005.png
buildings,significant spatial scale,encouragement to navigate,positive,202212_113.8596866_22.584260100000005.png
traffic,limited access,hesitation to cross,negative,202212_113.8596866_22.584260100000005.png
railings,barrier to movement,avoidance of certain areas,negative,202212_113.8596866_22.584260100000005.png
street,sense of movement,exploration,positive,202212_113.86139183326183_22.587593857146626.png
trees,sense of open space,relaxation,positive,202212_113.86139183326183_22.587593857146626.png
parking,sense of confinement,limited exploration,negative,202212_113.86139183326183_22.587593857146626.png
sidewalks,sense of restriction,limited movement,negative,202212_113.86139183326183_22.587593857146626.png
street,sense of exploration,explore the area,positive,202212_113.8636945_22.562847000000005.png
buildings,feeling of constraint,limit exploration,negative,202212_113.8636945_22.562847000000005.png
sidewalks,sense of safety,encourage walking,positive,202212_113.8636945_22.562847000000005.png
boundaries,feeling of confinement,restrict movement,negative,202212_113.8636945_22.562847000000005.png
sidewalks,limited exploration,restricted movement,negative,202212_113.8640649_22.567990099999996.png
buildings,constrained view,hesitant navigation,negative,202212_113.8640649_22.567990099999996.png
roads,barrier to freedom,cautious crossing,negative,202212_113.8640649_22.567990099999996.png
railings,sense of confinement,avoidance of exploration,negative,202212_113.8640649_22.567990099999996.png
street,limited exploration,restricted movement,negative,202212_113.86498786842455_22.57777518918295.png
buildings,sense of confinement,avoidance of exploration,negative,202212_113.86498786842455_22.57777518918295.png
fences,lack of freedom,hesitation to explore,negative,202212_113.86498786842455_22.57777518918295.png
roads,sense of openness,exploration,positive,202212_113.8632908_22.5739675.png
buildings,sense of confinement,limited exploration,negative,202212_113.8632908_22.5739675.png
infrastructure,clear navigation,movement,positive,202212_113.8632908_22.5739675.png
roads,potential for movement,exploration,positive,202212_113.86414052903964_22.586332519108115.png
sidewalks,sense of accessibility,movement,positive,202212_113.86414052903964_22.586332519108115.png
density,limitations on exploration,hesitation to explore,negative,202212_113.86414052903964_22.586332519108115.png
vehicles,imposed restrictions,caution in movement,negative,202212_113.86414052903964_22.586332519108115.png
buildings,feeling of confinement,reduced exploration,negative,202212_113.86414052903964_22.586332519108115.png
view,visual depth,appreciation of space,neutral,202212_113.86414052903964_22.586332519108115.png
vastness,lack of overwhelming space,limited exploration,negative,202212_113.86414052903964_22.586332519108115.png
road,moderate freedom,potential for travel,neutral,202212_113.86570061161206_22.794354983772386.png
buildings,limited exploration,structured movement,negative,202212_113.86570061161206_22.794354983772386.png
sidewalks,structured environment,directed movement,neutral,202212_113.86570061161206_22.794354983772386.png
trees,naturalistic expansion,enhanced experience,positive,202212_113.86570061161206_22.794354983772386.png
greenery,sense of nature,encouraged exploration,positive,202212_113.86570061161206_22.794354983772386.png
infrastructure,constrained freedom,limited exploration,negative,202212_113.86570061161206_22.794354983772386.png
street,sense of exploration,encourages movement,positive,202212_113.8657175_22.5720624.png
lanes,feeling of openness,invites discovery,positive,202212_113.8657175_22.5720624.png
roads,sense of connectivity,promotes navigation,positive,202212_113.8657175_22.5720624.png
buildings,urban familiarity,facilitates exploration,positive,202212_113.8657175_22.5720624.png
road,limited exploration,avoidance of movement,negative,202212_113.86693239299775_22.5059467417505.png
greenery,constrained freedom,hesitation to explore,negative,202212_113.86693239299775_22.5059467417505.png
trees,sense of confinement,restricted movement,negative,202212_113.86693239299775_22.5059467417505.png
construction,feeling of boundaries,discouragement from exploration,negative,202212_113.86693239299775_22.5059467417505.png
intersection,degree of openness,exploration,positive,202212_113.86692496876104_22.779669474003793.png
overpasses,imposed boundaries,restricted movement,negative,202212_113.86692496876104_22.779669474003793.png
buildings,dense urban development,limited exploration,negative,202212_113.86692496876104_22.779669474003793.png
roads,potential for movement,exploration,positive,202212_113.86692496876104_22.779669474003793.png
landscapes,limited expansive possibilities,reduced exploration,negative,202212_113.86692496876104_22.779669474003793.png
intersection,sense of openness,exploration,positive,202212_113.8680685_22.5560727.png
road,freedom of movement,movement in many directions,positive,202212_113.8680685_22.5560727.png
buildings,defined space,navigation,neutral,202212_113.8680685_22.5560727.png
urban landscape,potential for exploration,exploring the city,positive,202212_113.8680685_22.5560727.png
roads,openness and potential for exploration,movement and discovery,positive,202212_113.8678988863987_22.7557755812611.png
buildings,sense of urban context,navigation through the city,neutral,202212_113.8678988863987_22.7557755812611.png
intersection,sense of openness,potential for movement,positive,202212_113.8682293_22.500636199999995.png
overpass,implied exploration,exploration within framework,positive,202212_113.8682293_22.500636199999995.png
buildings,vast urban landscape,possibilities for exploration,positive,202212_113.8682293_22.500636199999995.png
road,limited exploration,restricted movement,negative,202212_113.8682293_22.500636199999995.png
intersection,sense of scale,exploration,positive,202212_113.86841_22.5698707.png
buildings,moderate exploration,movement along sidewalks,neutral,202212_113.86841_22.5698707.png
roads,clear boundaries,limited exploration,negative,202212_113.86841_22.5698707.png
sidewalks,defined pathways,walking,neutral,202212_113.86841_22.5698707.png
street,sense of connection,exploration,positive,202212_113.86833378117981_22.75753436225509.png
intersection,feeling of confinement,hesitation,negative,202212_113.86833378117981_22.75753436225509.png
buildings,urban density,avoidance,negative,202212_113.86833378117981_22.75753436225509.png
road,limited exploration,avoid movement,negative,202212_113.8695148_22.550518499999992.png
vehicles,constrained environment,hesitate to explore,negative,202212_113.8695148_22.550518499999992.png
foliage,lack of openness,restrict movement,negative,202212_113.8695148_22.550518499999992.png
structures,urban confinement,limit exploration,negative,202212_113.8695148_22.550518499999992.png
road,sense of scale,exploration,positive,202212_113.86893823759733_22.512196730888455.png
vehicles,limited exploration,avoidance,negative,202212_113.86893823759733_22.512196730888455.png
fences,restricted movement,hesitation,negative,202212_113.86893823759733_22.512196730888455.png
area,functional space,utilitarian use,neutral,202212_113.86893823759733_22.512196730888455.png
roads,sense of movement,exploration,positive,202212_113.8699438_22.493329299999992.png
structures,sense of enclosure,limited exploration,negative,202212_113.8699438_22.493329299999992.png
overpasses,feeling of confinement,impeded exploration,negative,202212_113.8699438_22.493329299999992.png
infrastructure,overwhelmed by scale,hesitation to explore,negative,202212_113.8699438_22.493329299999992.png
buildings,feeling of confinement,limited exploration,negative,202212_113.87025091027085_22.757214906927555.png
road,sense of direction,navigating pathways,neutral,202212_113.87025091027085_22.757214906927555.png
traffic barriers,awareness of boundaries,hesitation to venture,negative,202212_113.87025091027085_22.757214906927555.png
sidewalks,feeling of safety,walking along paths,positive,202212_113.87025091027085_22.757214906927555.png
intersection,sense of openness,movement and exploration,positive,202212_113.87041220000002_22.5580962.png
landscape,broad environment,exploration,positive,202212_113.87041220000002_22.5580962.png
roads,freedom of movement,navigating various directions,positive,202212_113.87041220000002_22.5580962.png
buildings,expansive view,exploring surroundings,positive,202212_113.87041220000002_22.5580962.png
vehicle,limited perspective,restricted exploration,negative,202212_113.87061531067916_22.501340995918188.png
road,bounded movement,hesitation to move,negative,202212_113.87061531067916_22.501340995918188.png
fences,clear boundaries,avoidance of exploration,negative,202212_113.87061531067916_22.501340995918188.png
buildings,constrained environment,limited engagement,negative,202212_113.87061531067916_22.501340995918188.png
trees,restricted nature,lack of interaction,negative,202212_113.87061531067916_22.501340995918188.png
intersection,opportunities for movement,exploration,positive,202212_113.8729224_22.555575599999997.png
skyline,larger environment,discovery,positive,202212_113.8729224_22.555575599999997.png
road,sense of openness,exploration,positive,202212_113.87181100000001_22.5878447.png
sky,sense of openness,exploration,positive,202212_113.87181100000001_22.5878447.png
buildings,limited exploration,restricted movement,negative,202212_113.87181100000001_22.5878447.png
roads,constrained movement,limited exploration,negative,202212_113.87181100000001_22.5878447.png
barriers,restricted perception,avoidance of exploration,negative,202212_113.87181100000001_22.5878447.png
infrastructure,feeling of confinement,hesitation to explore,negative,202212_113.87181100000001_22.5878447.png
access,reduced feeling of exploration,avoidance of movement,negative,202212_113.87181100000001_22.5878447.png
street,limited exploration,restricted movement,negative,202212_113.8707263_22.568021299999998.png
buildings,structured environment,navigating within boundaries,neutral,202212_113.8707263_22.568021299999998.png
sidewalks,potential for movement,walking,positive,202212_113.8707263_22.568021299999998.png
fencing,limitations on freedom,hesitation to explore,negative,202212_113.8707263_22.568021299999998.png
roads,opportunity for movement,driving,positive,202212_113.8707263_22.568021299999998.png
intersection,sense of openness,exploration,positive,202212_113.8740603_22.5500979.png
buildings,vastness of urban landscape,movement,positive,202212_113.8740603_22.5500979.png
roads,interconnected space,navigation,positive,202212_113.8740603_22.5500979.png
intersection,sense of considerable scope,movement in many directions,positive,202212_113.8741326_22.565286099999998.png
roads,sense of openness,exploration within the city,positive,202212_113.8741326_22.565286099999998.png
buildings,feeling of connectivity,navigating urban infrastructure,positive,202212_113.8741326_22.565286099999998.png
walkways,sense of safety,using pedestrian paths,positive,202212_113.8741326_22.565286099999998.png
crosswalks,awareness of pedestrian rights,crossing streets safely,positive,202212_113.8741326_22.565286099999998.png
buildings,limited exploration,restricted movement,negative,202212_113.87458380000001_22.582022299999995.png
traffic,stressful environment,hesitant walking,negative,202212_113.87458380000001_22.582022299999995.png
road,defined space,navigating pathways,neutral,202212_113.87458380000001_22.582022299999995.png
roads,sense of openness,potential for movement,positive,202212_113.875372_22.7684626.png
landscape,not overly constrained,exploration,positive,202212_113.875372_22.7684626.png
perspective,hints at possibilities,exploration,positive,202212_113.875372_22.7684626.png
intersection,potential for exploration,movement and discovery,positive,202212_113.8750762_22.7877928.png
buildings,feeling of constraint,limited movement,negative,202212_113.8750762_22.7877928.png
road,structured environment,navigation through the city,neutral,202212_113.8750762_22.7877928.png
intersection,moderate exploration,explore the area,neutral,202212_113.87583200000002_22.5712724.png
roads,sense of space,navigate through,positive,202212_113.87583200000002_22.5712724.png
buildings,bounded environment,limit exploration,negative,202212_113.87583200000002_22.5712724.png
paths,accessibility,walk freely,positive,202212_113.87583200000002_22.5712724.png
traffic,restricted movement,avoid crossing,negative,202212_113.87583200000002_22.5712724.png
infrastructure,constrained freedom,hesitate to explore,negative,202212_113.87583200000002_22.5712724.png
intersection,sense of openness,exploration,positive,202212_113.8767009_22.5506245.png
roads,degree of freedom,movement in various directions,positive,202212_113.8767009_22.5506245.png
roads,sense of openness,exploration,positive,202212_113.8757923_22.514260899999996.png
buildings,urban familiarity,navigation,positive,202212_113.8757923_22.514260899999996.png
overpass,heightened perspective,vantage point observation,positive,202212_113.8757923_22.514260899999996.png
intersection,sense of exploration,navigate various directions,positive,202212_113.8764399_22.5633237.png
buildings,feeling of urban scale,engage with the urban fabric,positive,202212_113.8764399_22.5633237.png
infrastructure,awareness of larger environment,explore surroundings,positive,202212_113.8764399_22.5633237.png
intersection,sense of openness,movement and exploration,positive,202212_113.87765440000001_22.775584799999997.png
roads,freedom of movement,navigating the space,positive,202212_113.87765440000001_22.775584799999997.png
buildings,urban density,engaging with the environment,neutral,202212_113.87765440000001_22.775584799999997.png
intersection,limited exploration,restricted movement,negative,202212_113.8790022_22.50900620000001.png
overpasses,sense of boundaries,discouraged exploration,negative,202212_113.8790022_22.50900620000001.png
fences,constrained freedom,avoided movement,negative,202212_113.8790022_22.50900620000001.png
traffic,busy environment,hesitant exploration,negative,202212_113.8790022_22.50900620000001.png
buildings,sense of openness,encourages exploration,positive,202212_113.8790194_22.5608856.png
roads,freedom of movement,facilitates navigation,positive,202212_113.8790194_22.5608856.png
sidewalks,comfort in walking,promotes walking,positive,202212_113.8790194_22.5608856.png
roads,limited exploration,restricted movement,negative,202212_113.879215_22.5202798.png
fences,feeling of confinement,avoidance of boundaries,negative,202212_113.879215_22.5202798.png
construction,sense of obstruction,hesitation to explore,negative,202212_113.879215_22.5202798.png
vehicles,overwhelmed by infrastructure,limited wandering,negative,202212_113.879215_22.5202798.png
space,lack of freedom,inhibition of exploration,negative,202212_113.879215_22.5202798.png
road,sense of openness,exploration,positive,202212_113.8823777_22.5221444.png
cityscape,feeling of potential,future planning,positive,202212_113.8823777_22.5221444.png
barriers,sense of confinement,hesitation to explore,negative,202212_113.8823777_22.5221444.png
construction,anticipation of change,curiosity,positive,202212_113.8823777_22.5221444.png
highway,implies movement,traveling,positive,202212_113.88112989451119_22.800107612098568.png
verge,suggests breadth,exploring,neutral,202212_113.88112989451119_22.800107612098568.png
trees,provides greenery,seeking shade,positive,202212_113.88112989451119_22.800107612098568.png
barriers,creates confinement,restricting movement,negative,202212_113.88112989451119_22.800107612098568.png
intersection,sense of openness,exploration and movement,positive,202212_113.8828072_22.5116265.png
buildings,feeling of being able to move about,navigating the environment,positive,202212_113.8828072_22.5116265.png
intersection,impression of vastness,exploration,positive,202212_113.881676_22.5046663.png
roads,clear visual lines,exploration,positive,202212_113.881676_22.5046663.png
buildings,sense of scale,exploration,positive,202212_113.881676_22.5046663.png
infrastructure,perceived boundaries,exploration,positive,202212_113.881676_22.5046663.png
intersection,sense of space,exploration,positive,202212_113.8831621_22.5645249.png
buildings,feeling of confinement,hesitation to explore,negative,202212_113.8831621_22.5645249.png
road,defined pathway,following the route,neutral,202212_113.8831621_22.5645249.png
street,opportunities for exploration,movement and exploration,positive,202212_113.8820283_22.786342899999998.png
sidewalks,sense of accessibility,walking and navigating,positive,202212_113.8820283_22.786342899999998.png
buildings,urban engagement,visiting businesses,positive,202212_113.8820283_22.786342899999998.png
roads,defined boundaries,driving and commuting,neutral,202212_113.8820283_22.786342899999998.png
buildings,limited exploration,avoidance of wandering,negative,202212_113.8839338_22.792216499999995.png
road,lack of vastness,restricted movement,negative,202212_113.8839338_22.792216499999995.png
barriers,sense of confinement,hesitation to explore,negative,202212_113.8839338_22.792216499999995.png
open spaces,desire for freedom,seeking exploration,positive,202212_113.8839338_22.792216499999995.png
intersection,sense of openness,exploration,positive,202212_113.8849908_22.5489006.png
buildings,limited possibilities,restricted movement,negative,202212_113.8849908_22.5489006.png
city,urban context,navigation,neutral,202212_113.8849908_22.5489006.png
street,sense of openness,exploration,positive,202212_113.8847561_22.7854292.png
sidewalks,sense of openness,exploration,positive,202212_113.8847561_22.7854292.png
barriers,limited exploration,hesitation,negative,202212_113.8847561_22.7854292.png
traffic,limited exploration,hesitation,negative,202212_113.8847561_22.7854292.png
roadway,sense of openness,exploration,positive,202212_113.88385370925388_22.501175719282536.png
highways,sense of enclosure,restricted movement,negative,202212_113.88385370925388_22.501175719282536.png
buildings,sense of enclosure,restricted movement,negative,202212_113.88385370925388_22.501175719282536.png
infrastructure,limited exploration,hesitation to travel,negative,202212_113.88385370925388_22.501175719282536.png
road,limited exploration,restricted movement,negative,202212_113.8850821_22.800133999999996.png
landscape,constrained possibilities,hesitant navigation,negative,202212_113.8850821_22.800133999999996.png
vehicle,transient experience,quick passage,neutral,202212_113.8850821_22.800133999999996.png
roads,sense of exploration,move in various directions,positive,202212_113.8850943_22.7812449.png
intersections,feeling of expansiveness,navigate through the city,positive,202212_113.8850943_22.7812449.png
buildings,impression of vastness,discover new destinations,positive,202212_113.8850943_22.7812449.png
street,sense of potential exploration,encourages movement,positive,202212_113.88602950000002_22.482492799999996.png
buildings,urban context implies possibilities,promotes navigation,positive,202212_113.88602950000002_22.482492799999996.png
trees,enhances visual breadth,invites exploration,positive,202212_113.88602950000002_22.482492799999996.png
traffic,dominance in immediate view,may deter movement,negative,202212_113.88602950000002_22.482492799999996.png
buildings,constrained exploration,limited exploration,negative,202212_113.8857684_22.813489699999998.png
road,confined environment,restricted movement,negative,202212_113.8857684_22.813489699999998.png
urban density,lack of openness,discouraged exploration,negative,202212_113.8857684_22.813489699999998.png
natural features,absence of expansiveness,reduced curiosity,negative,202212_113.8857684_22.813489699999998.png
street,limited sense of vastness,movement along paths,negative,202212_113.8871212311432_22.59073404108649.png
cars,constrained exploration,staying within boundaries,negative,202212_113.8871212311432_22.59073404108649.png
barriers,feeling of restriction,avoiding open spaces,negative,202212_113.8871212311432_22.59073404108649.png
sidewalks,sense of safety,walking in designated areas,positive,202212_113.8871212311432_22.59073404108649.png
buildings,limited sense of exploration,restricted movement,negative,202212_113.8862681_22.5508395.png
intersection,defined boundaries,focused navigation,negative,202212_113.8862681_22.5508395.png
paths,somewhat inviting,walking,positive,202212_113.8862681_22.5508395.png
roads,utilitarian,driving,neutral,202212_113.8862681_22.5508395.png
intersection,sense of possibility,navigating and discovering,positive,202212_113.8854323_22.554729599999998.png
buildings,expansive area,exploration,positive,202212_113.8854323_22.554729599999998.png
roads,suggests exploration,encourages movement,positive,202212_113.8873515_22.494999999999997.png
barriers,limits perceived freedom,reduces exploration,negative,202212_113.8873515_22.494999999999997.png
traffic,creates anxiety,discourages movement,negative,202212_113.8873515_22.494999999999997.png
buildings,feels constricted,limits exploration,negative,202212_113.8873515_22.494999999999997.png
landscapes,promotes openness,invites exploration,positive,202212_113.8873515_22.494999999999997.png
roads,sense of freedom,exploration,positive,202212_113.8864527_22.5249772.png
intersections,openness,movement,positive,202212_113.8864527_22.5249772.png
buildings,vastness,navigation,positive,202212_113.8864527_22.5249772.png
cityscape,curiosity,exploration,positive,202212_113.8864527_22.5249772.png
road,limited exploration,hesitation to explore,negative,202212_113.88794576517202_22.47006173226548.png
greenery,moderate openness,encouragement to engage,neutral,202212_113.88794576517202_22.47006173226548.png
barriers,constrained freedom,avoidance of certain areas,negative,202212_113.88794576517202_22.47006173226548.png
buildings,sense of potential,exploration,positive,202212_113.887967_22.552325399999997.png
roads,sense of movement,traversing,positive,202212_113.887967_22.552325399999997.png
sidewalks,sense of safety,walking,positive,202212_113.887967_22.552325399999997.png
cityscape,sense of discovery,exploration,positive,202212_113.887967_22.552325399999997.png
street,limited exploration,restricted movement,negative,202212_113.88941312771921_22.586060774361265.png
buildings,sense of confinement,cautious navigation,negative,202212_113.88941312771921_22.586060774361265.png
roads,some freedom,designated movement,neutral,202212_113.88941312771921_22.586060774361265.png
infrastructure,urban structure,functional use,neutral,202212_113.88941312771921_22.586060774361265.png
trucks,constrained view,discouraged exploration,negative,202212_113.8906631_22.5097598.png
road,limited spaciousness,reduced movement,negative,202212_113.8906631_22.5097598.png
background,suggestive of urban area,curiosity about surroundings,neutral,202212_113.8906631_22.5097598.png
foreground,lack of spaciousness,hesitation to explore,negative,202212_113.8906631_22.5097598.png
intersection,sense of freedom,navigate and move about,positive,202212_113.8889769_22.5227376.png
roads,ample room for movement,exploration,positive,202212_113.8889769_22.5227376.png
cityscape,vastness,engage with surroundings,positive,202212_113.8889769_22.5227376.png
pedestrian crossings,safety,crossing roads,positive,202212_113.8889769_22.5227376.png
road,sense of exploration,encourages walking,positive,202212_113.88988389932364_22.53406064010756.png
buildings,urban confinement,limits exploration,negative,202212_113.88988389932364_22.53406064010756.png
greenery,calming effect,invites relaxation,positive,202212_113.88988389932364_22.53406064010756.png
vehicles,sense of congestion,discourages movement,negative,202212_113.88988389932364_22.53406064010756.png
buildings,restricted exploration,limited wandering,negative,202212_113.8890628_22.783663699999995.png
roads,constrained movement,directed travel,negative,202212_113.8890628_22.783663699999995.png
sidewalks,somewhat safe,walking,neutral,202212_113.8890628_22.783663699999995.png
traffic,anxiety,cautious navigation,negative,202212_113.8890628_22.783663699999995.png
construction,disruption,avoidance,negative,202212_113.8890628_22.783663699999995.png
fencing,barrier,detour,negative,202212_113.8890628_22.783663699999995.png
roads,sense of exploration,venturing out,positive,202212_113.89013793409188_22.77905016065612.png
buildings,feeling of discovery,discovering new areas,positive,202212_113.89013793409188_22.77905016065612.png
spaces,broad possibilities,exploring the city,positive,202212_113.89013793409188_22.77905016065612.png
buildings,confined space,limited exploration,negative,202212_113.8895968_22.505542500000004.png
road,restricted movement,hesitation to explore,negative,202212_113.8895968_22.505542500000004.png
construction,sense of obstruction,avoidance of area,negative,202212_113.8895968_22.505542500000004.png
street,limited exploration,functional traversal,negative,202212_113.889295_22.4965517.png
sidewalks,perceived boundaries,restricted movement,negative,202212_113.889295_22.4965517.png
buildings,constrained freedom,minimal exploration,negative,202212_113.889295_22.4965517.png
traffic,sense of danger,avoidance of pathways,negative,202212_113.889295_22.4965517.png
urban,functional layout,direct movement,neutral,202212_113.889295_22.4965517.png
road,sense of openness,navigation,positive,202212_113.8901847_22.5280826.png
trees,feeling of nature,exploration,positive,202212_113.8901847_22.5280826.png
buildings,urban environment,transit,neutral,202212_113.8901847_22.5280826.png
signs,directional guidance,decision making,positive,202212_113.8901847_22.5280826.png
traffic,sense of congestion,caution,negative,202212_113.8901847_22.5280826.png
view,good sense of scope,opportunities for movement,positive,202212_113.89069028552879_22.521237535308856.png
roads,sense of exploration,exploration of the area,positive,202212_113.89069028552879_22.521237535308856.png
sidewalks,sense of accessibility,encouragement to walk,positive,202212_113.89069028552879_22.521237535308856.png
road,sense of openness,potential for exploration,positive,202212_113.8908356_22.50234199999999.png
trees,sense of openness,potential for exploration,positive,202212_113.8908356_22.50234199999999.png
buildings,impression of larger environment,implies movement through space,neutral,202212_113.8908356_22.50234199999999.png
road,limited exploration,avoid wandering,negative,202212_113.8909361_22.4762928.png
sidewalks,defined boundaries,restrict movement,negative,202212_113.8909361_22.4762928.png
infrastructure,constrained environment,discourage exploration,negative,202212_113.8909361_22.4762928.png
buildings,sense of enclosure,limit wandering,negative,202212_113.8909361_22.4762928.png
intersection,sense of spatial extent,moving in various directions,positive,202212_113.8914436_22.790544900000004.png
traffic,limited perceived freedom,hesitation to explore,negative,202212_113.8914436_22.790544900000004.png
buildings,moderate openness,cautious exploration,neutral,202212_113.8914436_22.790544900000004.png
boundaries,restricted exploration,avoidance of certain areas,negative,202212_113.8914436_22.790544900000004.png
buildings,feeling of enclosure,limited exploration,negative,202212_113.891474774064_22.785579979547432.png
sidewalks,sense of movement,navigating the space,neutral,202212_113.891474774064_22.785579979547432.png
roads,confined urban setting,restricted movement,negative,202212_113.891474774064_22.785579979547432.png
road,sense of exploration,encourages wandering,positive,202212_113.8925627_22.768965.png
sidewalks,comfort and safety,promotes walking,positive,202212_113.8925627_22.768965.png
green spaces,relaxation and tranquility,invites leisure activities,positive,202212_113.8925627_22.768965.png
cityscape,sense of vastness,stimulates curiosity,positive,202212_113.8925627_22.768965.png
intersection,sense of exploration,encourages navigation,positive,202212_113.8919451_22.504159799999996.png
buildings,urban density,promotes social interaction,positive,202212_113.8919451_22.504159799999996.png
roadways,freedom of movement,invites exploration,positive,202212_113.8919451_22.504159799999996.png
road,path for exploration,encouraged movement,positive,202212_113.8917504_22.5683063.png
trees,hint of areas beyond,curiosity to explore,positive,202212_113.8917504_22.5683063.png
sidewalks,suggested pathways,walking,positive,202212_113.8917504_22.5683063.png
barriers,limited exploration,hesitation to move forward,negative,202212_113.8917504_22.5683063.png
infrastructure,defined boundaries,restricted movement,negative,202212_113.8917504_22.5683063.png
street,sense of exploration,exploring various directions,positive,202212_113.89180624418951_22.79290449136687.png
pathways,feeling of movement,traversing the area,positive,202212_113.89180624418951_22.79290449136687.png
sidewalks,sense of safety,walking comfortably,positive,202212_113.89180624418951_22.79290449136687.png
lanes,freedom of movement,navigating traffic,positive,202212_113.89180624418951_22.79290449136687.png
buildings,sense of place,engaging with the environment,positive,202212_113.89180624418951_22.79290449136687.png
roads,expansive possibility,exploring further,positive,202212_113.89180624418951_22.79290449136687.png
streets,sense of scope,exploration,positive,202212_113.8915262_22.7874822.png
buildings,capacity for exploration,exploration,positive,202212_113.8915262_22.7874822.png
intersection,feeling of limitation,restricted movement,negative,202212_113.8915262_22.7874822.png
traffic,sense of restriction,hesitation to explore,negative,202212_113.8915262_22.7874822.png
commercial,boundaries of exploration,avoidance of certain areas,negative,202212_113.8915262_22.7874822.png
intersection,sense of openness,movement and exploration,positive,202212_113.8927901_22.761324599999995.png
roads,implied larger environment,exploration of possibilities,positive,202212_113.8927901_22.761324599999995.png
infrastructure,capacity for transit,reaching various directions,positive,202212_113.8927901_22.761324599999995.png
road,limited exploration,restricted movement,negative,202212_113.89288255776624_22.794407888931023.png
buildings,sense of confinement,avoidance of areas,negative,202212_113.89288255776624_22.794407888931023.png
sidewalks,lack of openness,hesitation to explore,negative,202212_113.89288255776624_22.794407888931023.png
barriers,feeling restricted,limited engagement,negative,202212_113.89288255776624_22.794407888931023.png
intersection,sense of openness,exploration,positive,202212_113.8930679_22.540563199999998.png
roads,potential for navigation,movement,positive,202212_113.8930679_22.540563199999998.png
buildings,hints at possibilities,discovery,positive,202212_113.8930679_22.540563199999998.png
pathways,varied structures,navigation,positive,202212_113.8930679_22.540563199999998.png
road,sense of openness,movement along its length,positive,202212_113.8930728_22.5107957.png
buildings,imposed boundaries,limited exploration,negative,202212_113.8930728_22.5107957.png
fences,imposed boundaries,limited exploration,negative,202212_113.8930728_22.5107957.png
urban development,restricted freedom,few opportunities for exploration,negative,202212_113.8930728_22.5107957.png
roads,sense of exploration,encourages movement,positive,202212_113.8931113_22.538090200000003.png
intersection,feeling of spaciousness,promotes navigation,positive,202212_113.8931113_22.538090200000003.png
skyline,impression of scale,invites curiosity,positive,202212_113.8931113_22.538090200000003.png
urban fabric,sense of potential,inspires exploration,positive,202212_113.8931113_22.538090200000003.png
roads,sense of exploration,movement in many directions,positive,202212_113.8943005_22.776301499999995.png
buildings,feeling of vastness,encouragement to explore,positive,202212_113.8943005_22.776301499999995.png
road,sense of breadth,movement and exploration,positive,202212_113.8936749_22.546827800000003.png
lanes,impression of scale,venturing in various directions,positive,202212_113.8936749_22.546827800000003.png
cityscape,feeling of openness,exploring the area,positive,202212_113.8936749_22.546827800000003.png
vistas,sense of possibility,encouragement to roam,positive,202212_113.8936749_22.546827800000003.png
buildings,limited exploration,avoidance of pathways,negative,202212_113.8970715_22.5647726.png
greenery,sense of confinement,reduced curiosity,negative,202212_113.8970715_22.5647726.png
roads,restricted movement,hesitation to explore,negative,202212_113.8970715_22.5647726.png
sidewalks,lack of openness,limited engagement,negative,202212_113.8970715_22.5647726.png
buildings,sense of enclosure,restricted movement,negative,202212_113.8968186_22.5829807.png
traffic,feeling of constraint,limited exploration,negative,202212_113.8968186_22.5829807.png
sidewalks,constrained possibilities,hesitant navigation,negative,202212_113.8968186_22.5829807.png
urban grid,restrictive environment,lack of exploration,negative,202212_113.8968186_22.5829807.png
road,limited exploration,avoidance of exploration,negative,202212_113.89762626150477_22.76805970185577.png
built,functional transit space,transit use,neutral,202212_113.89762626150477_22.76805970185577.png
areas,confined space,restricted movement,negative,202212_113.89762626150477_22.76805970185577.png
intersection,sense of openness,exploration,positive,202212_113.8954994_22.5238619.png
roads,feeling of spaciousness,move about freely,positive,202212_113.8954994_22.5238619.png
buildings,extended visual horizon,explore surroundings,positive,202212_113.8954994_22.5238619.png
infrastructure,interconnectedness,navigate larger networks,positive,202212_113.8954994_22.5238619.png
road,sense of exploration,encourages movement,positive,202212_113.8982409_22.550873.png
overpass,feeling of openness,promotes crossing,positive,202212_113.8982409_22.550873.png
sidewalks,comfort in navigation,facilitates walking,positive,202212_113.8982409_22.550873.png
street,awareness of space,invites exploration,positive,202212_113.8982409_22.550873.png
road,limited exploration,restricted movement,negative,202212_113.89803890000002_22.472269599999997.png
barriers,sense of confinement,avoidance of exploration,negative,202212_113.89803890000002_22.472269599999997.png
infrastructure,defined paths,following set routes,neutral,202212_113.89803890000002_22.472269599999997.png
greenery,visual depth,encouraged observation,positive,202212_113.89803890000002_22.472269599999997.png
street,limited exploration possibilities,hesitation to explore,negative,202212_113.89919588637308_22.514262033985645.png
sidewalks,potential areas to explore,encouragement to walk,positive,202212_113.89919588637308_22.514262033985645.png
fences,feeling of restriction,avoidance of certain areas,negative,202212_113.89919588637308_22.514262033985645.png
buildings,urban context,exploration of urban spaces,neutral,202212_113.89919588637308_22.514262033985645.png
street,limited exploration,hesitation to explore,negative,202212_113.89926574258234_22.584803084582735.png
greenery,potential for discovery,encouragement to explore,positive,202212_113.89926574258234_22.584803084582735.png
fences,restricted movement,avoidance of certain areas,negative,202212_113.89926574258234_22.584803084582735.png
buildings,defined pathways,following established routes,neutral,202212_113.89926574258234_22.584803084582735.png
intersection,sense of space,movement exploration,positive,202212_113.8993527_22.7867448.png
roads,potential for exploration,urban navigation,positive,202212_113.8993527_22.7867448.png
buildings,sense of enclosure,hesitation in movement,negative,202212_113.8993527_22.7867448.png
road,sense of openness,exploration,positive,202212_113.8994872_22.4809686.png
sidewalks,sense of openness,exploration,positive,202212_113.8994872_22.4809686.png
buildings,perceived boundaries,limited exploration,negative,202212_113.8994872_22.4809686.png
hills,sense of openness,exploration,positive,202212_113.8994872_22.4809686.png
infrastructure,perceived boundaries,limited exploration,negative,202212_113.8994872_22.4809686.png
housing,perceived boundaries,limited exploration,negative,202212_113.8994872_22.4809686.png
underpass,feeling of constraint,restricted movement,negative,202212_113.90004392649917_22.540017152868153.png
barriers,sense of limitation,avoidance of exploration,negative,202212_113.90004392649917_22.540017152868153.png
infrastructure,lack of openness,hesitation to engage,negative,202212_113.90004392649917_22.540017152868153.png
road,sense of broadness,movement and exploration,positive,202212_113.9007474100415_22.77763015527308.png
infrastructure,feeling of openness,navigating the space,positive,202212_113.9007474100415_22.77763015527308.png
sidewalk,constrained exploration,limited movement,negative,202212_113.90181678152064_22.55362767441567.png
road,restricted access,cautious navigation,negative,202212_113.90181678152064_22.55362767441567.png
buildings,clear boundaries,avoidance of areas,negative,202212_113.90181678152064_22.55362767441567.png
road,sense of openness,encourages movement,positive,202212_113.90203875985169_22.596490384445456.png
trees,feeling of tranquility,invites exploration,positive,202212_113.90203875985169_22.596490384445456.png
walkway,safety and accessibility,promotes walking,positive,202212_113.90203875985169_22.596490384445456.png
greenery,connection to nature,increases leisure activities,positive,202212_113.90203875985169_22.596490384445456.png
intersection,sense of scale,movement in various directions,positive,202212_113.90390698964444_22.774286045161404.png
roads,perceived freedom of exploration,limited exploration,negative,202212_113.90390698964444_22.774286045161404.png
traffic,implicit boundaries,slightly limiting exploration,negative,202212_113.90390698964444_22.774286045161404.png
intersection,moderate scope for exploration,move in various directions,neutral,202212_113.90245330000002_22.580992999999996.png
buildings,feels less open-ended,limited exploration,negative,202212_113.90245330000002_22.580992999999996.png
traffic,organized and dense,navigate carefully,negative,202212_113.90245330000002_22.580992999999996.png
sidewalks,pathways available,encourage movement,positive,202212_113.90245330000002_22.580992999999996.png
intersection,sense of expansiveness,move and explore,positive,202212_113.9032191_22.7853983.png
buildings,impression of scale,navigate urban area,positive,202212_113.9032191_22.7853983.png
roads,openness,travel in various directions,positive,202212_113.9032191_22.7853983.png
road,sense of openness,encourages exploration,positive,202212_113.90481946989334_22.537548032462794.png
landscape,feeling of vastness,promotes movement,positive,202212_113.90481946989334_22.537548032462794.png
structures,sense of limitation,restricts exploration,negative,202212_113.90481946989334_22.537548032462794.png
landscape,sense of exploration,encourages movement,positive,202212_113.9047575_22.5314773.png
roads,feeling of openness,invites navigation,positive,202212_113.9047575_22.5314773.png
buildings,impression of vastness,promotes curiosity,positive,202212_113.9047575_22.5314773.png
intersection,sense of connectivity,facilitates choice,positive,202212_113.9047575_22.5314773.png
road,openness for movement,exploration,positive,202212_113.904887_22.525975400000004.png
landscape,potential for exploration,broader exploration,positive,202212_113.904887_22.525975400000004.png
intersection,moderate exploration,navigate through space,neutral,202212_113.9048747_22.5351983.png
buildings,sense of confinement,limit movement,negative,202212_113.9048747_22.5351983.png
roads,restricted possibilities,hesitate to explore,negative,202212_113.9048747_22.5351983.png
urban,potential for discovery,encourage exploration,positive,202212_113.9048747_22.5351983.png
street,sense of exploration,navigate the area,positive,202212_113.90588_22.572369.png
buildings,feeling of spaciousness,explore surroundings,positive,202212_113.90588_22.572369.png
traffic,awareness of urban activity,move in various directions,neutral,202212_113.90588_22.572369.png
sidewalks,sense of safety,walk comfortably,positive,202212_113.90588_22.572369.png
road,limited exploration,restricted movement,negative,202212_113.9052629_22.544617799999997.png
buildings,sense of breadth,encouraged navigation,positive,202212_113.9052629_22.544617799999997.png
intersection,sense of openness,exploration,positive,202212_113.9071875_22.784018599999996.png
roads,feeling of connectivity,movement,positive,202212_113.9071875_22.784018599999996.png
sidewalks,sense of safety,discovery,positive,202212_113.9071875_22.784018599999996.png
cityscape,awe and curiosity,exploration,positive,202212_113.9071875_22.784018599999996.png
road,impression of expansiveness,explore and move,positive,202212_113.9079124_22.4861306.png
buildings,sense of scale,navigate urban fabric,positive,202212_113.9079124_22.4861306.png
intersection,sense of exploration,encourages movement,positive,202212_113.90703711639695_22.781499274355372.png
bridge,feeling of interconnectedness,promotes crossing,positive,202212_113.90703711639695_22.781499274355372.png
road,overwhelmed by traffic,hesitation to engage,negative,202212_113.90703711639695_22.781499274355372.png
urban setting,sense of vastness,inspires further exploration,positive,202212_113.90703711639695_22.781499274355372.png
street,sense of exploration,encourages movement,positive,202212_113.909758_22.487155499999997.png
shops,invitation to explore,promotes visiting,positive,202212_113.909758_22.487155499999997.png
traffic,awareness of activity,increases caution,neutral,202212_113.909758_22.487155499999997.png
sidewalks,feeling of safety,encourages walking,positive,202212_113.909758_22.487155499999997.png
street,limited sense of exploration,restricted movement,negative,202212_113.9090281_22.475081299999996.png
buildings,feeling of being in a work-in-progress area,hesitation to explore,negative,202212_113.9090281_22.475081299999996.png
barriers,obstruction of space,avoidance of area,negative,202212_113.9090281_22.475081299999996.png
roads,limited exploration,avoidance of movement,negative,202212_113.9088971_22.5624485.png
buildings,constrained environment,reduced curiosity,negative,202212_113.9088971_22.5624485.png
construction,disruption of space,hesitation to explore,negative,202212_113.9088971_22.5624485.png
roads,structured environment,limited exploration,negative,202212_113.9097868_22.4838288.png
buildings,defined landscape,restricted movement,negative,202212_113.9097868_22.4838288.png
green spaces,controlled nature,calmness,positive,202212_113.9097868_22.4838288.png
street,sense of confinement,limited exploration,negative,202212_113.9101582_22.5185216.png
environment,potential for exploration,encouraged exploration,positive,202212_113.9101582_22.5185216.png
barriers,sense of confinement,restricted movement,negative,202212_113.9101582_22.5185216.png
traffic,sense of confinement,restricted movement,negative,202212_113.9101582_22.5185216.png
infrastructure,limited possibilities,restricted exploration,negative,202212_113.9101582_22.5185216.png
avenue,sense of breadth,exploration,positive,202212_113.9101226_22.5151741.png
barriers,feeling of limitation,hesitation to explore,negative,202212_113.9101226_22.5151741.png
vehicles,sense of congestion,avoidance of movement,negative,202212_113.9101226_22.5151741.png
buildings,implied boundaries,restricted exploration,negative,202212_113.9101226_22.5151741.png
sidewalks,sense of structure,navigating the space,neutral,202212_113.9101226_22.5151741.png
street,possibility of exploration,move along the street,positive,202212_113.91085916435753_22.76927076485941.png
buildings,sense of boundaries,limited exploration,negative,202212_113.91085916435753_22.76927076485941.png
traffic,sense of confinement,restricted movement,negative,202212_113.91085916435753_22.76927076485941.png
urban park,opportunity for exploration,explore diverse directions,positive,202212_113.91085916435753_22.76927076485941.png
landscape,sense of openness,exploration,positive,202212_113.9114993_22.587506.png
roads,freedom of movement,navigation,positive,202212_113.9114993_22.587506.png
pathways,connectedness,engagement with environment,positive,202212_113.9114993_22.587506.png
structures,awe and inspiration,exploration,positive,202212_113.9114993_22.587506.png
street,limited exploration,restricted movement,negative,202212_113.9136098_22.531193499999997.png
barriers,feeling contained,hesitation to explore,negative,202212_113.9136098_22.531193499999997.png
infrastructure,sense of confinement,avoidance of movement,negative,202212_113.9136098_22.531193499999997.png
greenery,visually appealing,exploration,positive,202212_113.9112664_22.481579000000004.png
pathways,suggests direction,limited exploration,negative,202212_113.9112664_22.481579000000004.png
security gate,implies restriction,hesitation to enter,negative,202212_113.9112664_22.481579000000004.png
view,pleasant,enjoyment,positive,202212_113.9112664_22.481579000000004.png
street,limited exploration,avoidance of exploration,negative,202212_113.913214_22.49994269999999.png
traffic,defined boundaries,restricted movement,negative,202212_113.913214_22.49994269999999.png
sidewalks,sense of confinement,hesitation to explore,negative,202212_113.913214_22.49994269999999.png
buildings,lack of openness,discouragement from wandering,negative,202212_113.913214_22.49994269999999.png
intersection,sense of exploration,encouraging movement,positive,202212_113.9141295_22.584776300000005.png
streets,feeling of connectivity,navigating through space,positive,202212_113.9141295_22.584776300000005.png
sidewalks,sense of safety,promoting walking,positive,202212_113.9141295_22.584776300000005.png
development,sense of boundaries,restricting movement,negative,202212_113.9141295_22.584776300000005.png
roads,sense of openness,exploring further,positive,202212_113.9141295_22.584776300000005.png
road,limited exploration,restricted movement,negative,202212_113.91433130000001_22.5436095.png
fencing,sense of confinement,avoidance of exploration,negative,202212_113.91433130000001_22.5436095.png
buildings,defined boundaries,following a path,negative,202212_113.91433130000001_22.5436095.png
traffic,dangerous environment,cautious movement,negative,202212_113.91433130000001_22.5436095.png
sidewalks,limited exploration,hesitant movement,negative,202212_113.9144565_22.508373499999998.png
buildings,defined boundaries,restricted navigation,negative,202212_113.9144565_22.508373499999998.png
traffic,organized structure,controlled movement,neutral,202212_113.9144565_22.508373499999998.png
areas,lack of openness,limited exploration,negative,202212_113.9144565_22.508373499999998.png
road,sense of freedom,exploration,positive,202212_113.9154625_22.5104906.png
crosswalks,safety and accessibility,movement,positive,202212_113.9154625_22.5104906.png
view,awe and inspiration,navigating,positive,202212_113.9154625_22.5104906.png
buildings,scale and grandeur,discovery,positive,202212_113.9154625_22.5104906.png
infrastructure,connectedness,exploring different areas,positive,202212_113.9154625_22.5104906.png
street,sense of openness,exploration,positive,202212_113.9148524_22.517607299999998.png
buildings,sense of enclosure,limited movement,negative,202212_113.9148524_22.517607299999998.png
vehicles,constrained freedom,hesitation to explore,negative,202212_113.9148524_22.517607299999998.png
infrastructure,restricted access,avoidance of certain areas,negative,202212_113.9148524_22.517607299999998.png
street,sense of exploration,encourages movement,positive,202212_113.9167425_22.5385963.png
buildings,urban confinement,limits exploration,negative,202212_113.9167425_22.5385963.png
traffic,sense of caution,promotes careful navigation,negative,202212_113.9167425_22.5385963.png
intersection,sense of spaciousness,potential for movement,positive,202212_113.9169587_22.503296799999998.png
lanes,sense of spaciousness,potential for movement,positive,202212_113.9169587_22.503296799999998.png
development,sense of spaciousness,potential for movement,positive,202212_113.9169587_22.503296799999998.png
traffic,limited exploration,caution in movement,negative,202212_113.9169587_22.503296799999998.png
sidewalks,limited exploration,caution in movement,negative,202212_113.9169587_22.503296799999998.png
landscape,broad view,encouragement to explore,positive,202212_113.9169587_22.503296799999998.png
intersection,moderate sense of scope,limited exploration,neutral,202212_113.9172702_22.5816745.png
traffic,controlled environment,restricted movement,negative,202212_113.9172702_22.5816745.png
boundaries,feeling of limitation,discouraged exploration,negative,202212_113.9172702_22.5816745.png
road,sense of openness,movement in multiple directions,positive,202212_113.9175375_22.5687916.png
buildings,boundaries presented,exploration within the urban landscape,neutral,202212_113.9175375_22.5687916.png
cityscape,part of a larger urban network,potential for exploration,positive,202212_113.9175375_22.5687916.png
structures,distant presence,encouragement to explore,positive,202212_113.9175375_22.5687916.png
shops,opportunities for exploration,encouraging movement,positive,202212_113.9169837_22.524702500000004.png
vehicles,limitations on movement,restricting exploration,negative,202212_113.9169837_22.524702500000004.png
buildings,urban expanse,inviting exploration,neutral,202212_113.9169837_22.524702500000004.png
street,sense of exploration,exploring the area,positive,202212_113.9185767_22.7716986.png
buildings,feeling of confinement,staying within limits,negative,202212_113.9185767_22.7716986.png
median,aesthetic appreciation,engaging with the environment,positive,202212_113.9185767_22.7716986.png
buildings,constrained exploration,limited movement,negative,202212_113.9181364_22.5882418.png
greenery,sense of calm,encouraged relaxation,positive,202212_113.9181364_22.5882418.png
traffic,stressful environment,avoidance behavior,negative,202212_113.9181364_22.5882418.png
road,defined boundaries,restricted exploration,negative,202212_113.9181364_22.5882418.png
road,limited exploration,restricted movement,negative,202212_113.91857970000001_22.56204509999999.png
sidewalks,constrained freedom,hesitant walking,negative,202212_113.91857970000001_22.56204509999999.png
fences,feeling of confinement,avoidance of exploration,negative,202212_113.91857970000001_22.56204509999999.png
traffic,sense of danger,cautious navigation,negative,202212_113.91857970000001_22.56204509999999.png
buildings,restricted view,limited discovery,negative,202212_113.91857970000001_22.56204509999999.png
highway,feeling of vastness,exploration,positive,202212_113.918782_22.507989899999995.png
intersection,sense of scale,movement,positive,202212_113.918782_22.507989899999995.png
buildings,urban density,navigating space,positive,202212_113.918782_22.507989899999995.png
roads,broad possibilities,exploring options,positive,202212_113.918782_22.507989899999995.png
view,sense of spaciousness,exploration of environment,positive,202212_113.9191287_22.543243499999996.png
roads,potential for movement,navigation through urban area,positive,202212_113.9191287_22.543243499999996.png
infrastructure,focus on transportation,utilization of urban facilities,neutral,202212_113.9191287_22.543243499999996.png
buildings,scale of environment,exploration of large spaces,positive,202212_113.9191287_22.543243499999996.png
street,sense of openness,exploration,positive,202212_113.9195267_22.530506399999997.png
buildings,sense of boundary,limited exploration,negative,202212_113.9195267_22.530506399999997.png
cityscape,feeling of vastness,curiosity,neutral,202212_113.9195267_22.530506399999997.png
intersection,sense of exploration,movement in various directions,positive,202212_113.9191967_22.505651799999995.png
buildings,broader urban context,engagement with surroundings,positive,202212_113.9191967_22.505651799999995.png
trees,enhanced environment,appreciation of nature,positive,202212_113.9191967_22.505651799999995.png
intersection,sense of exploration,exploring the area,positive,202212_113.9200199_22.4932087.png
buildings,feeling of confinement,hesitation to explore,negative,202212_113.9200199_22.4932087.png
traffic,structured environment,limited movement,negative,202212_113.9200199_22.4932087.png
road,constrained exploration,limited movement,negative,202212_113.919858_22.502453599999996.png
buildings,restricted openness,avoidance of exploration,negative,202212_113.919858_22.502453599999996.png
traffic,stressful environment,hesitation to engage,negative,202212_113.919858_22.502453599999996.png
construction,disruption of space,withdrawal from area,negative,202212_113.919858_22.502453599999996.png
streets,possibilities for movement,exploration,positive,202212_113.919993_22.5354385.png
buildings,imposed boundaries,limited exploration,negative,202212_113.919993_22.5354385.png
intersection,sense of urban expanse,navigation,neutral,202212_113.919993_22.5354385.png
road,sense of openness,move along the road,positive,202212_113.9207442_22.585634100000004.png
horizons,feeling of expansive exploration,explore the area,positive,202212_113.9207442_22.585634100000004.png
infrastructure,limited feeling of exploration,hesitate to explore,negative,202212_113.9207442_22.585634100000004.png
barriers,restricted feeling of movement,avoid certain areas,negative,202212_113.9207442_22.585634100000004.png
environment,implicit boundaries,stay within limits,negative,202212_113.9207442_22.585634100000004.png
road,contained environment,limited exploration,negative,202212_113.9219362_22.502629899999995.png
building,structured area,restricted movement,negative,202212_113.9219362_22.502629899999995.png
intersection,impression of order,navigating paths,neutral,202212_113.9219362_22.502629899999995.png
sidewalk,sense of safety,walking,positive,202212_113.9219362_22.502629899999995.png
streets,sense of expansiveness,exploration,positive,202212_113.9220025_22.517857700000004.png
buildings,implied possibilities,urban exploration,positive,202212_113.9220025_22.517857700000004.png
traffic,sense of limitation,hesitation to explore,negative,202212_113.9220025_22.517857700000004.png
infrastructure,sense of confinement,avoidance of exploration,negative,202212_113.9220025_22.517857700000004.png
street,sense of openness,encouraged exploration,positive,202212_113.9199595_22.5193042.png
pathways,feeling of accessibility,increased pedestrian activity,positive,202212_113.9199595_22.5193042.png
barriers,sense of restriction,hesitation to explore,negative,202212_113.9199595_22.5193042.png
buildings,sense of confinement,limited movement,negative,202212_113.9199595_22.5193042.png
walkways,feeling of connection,facilitated navigation,positive,202212_113.9199595_22.5193042.png
street,sense of openness,movement and exploration,positive,202212_113.9224188_22.538887600000006.png
lanes,feeling of safety,crossing roads,positive,202212_113.9224188_22.538887600000006.png
crosswalks,awareness of surroundings,navigating the area,positive,202212_113.9224188_22.538887600000006.png
roads,sense of connectivity,exploring further,positive,202212_113.9224188_22.538887600000006.png
streets,limited exploration possibilities,restricted movement,negative,202212_113.92298935213402_22.551725246566924.png
buildings,sense of being contained,avoidance of exploration,negative,202212_113.92298935213402_22.551725246566924.png
structures,feeling of confinement,decreased engagement,negative,202212_113.92298935213402_22.551725246566924.png
street,sense of possibility,movement and discovery,positive,202212_113.9232015_22.533973500000002.png
sidewalks,opportunities for exploration,exploration,positive,202212_113.9232015_22.533973500000002.png
green spaces,sufficient space,movement,positive,202212_113.9232015_22.533973500000002.png
road,sense of openness,movement and exploration,positive,202212_113.92403650000001_22.7635856.png
fences,limited perceived scope,restricted exploration,negative,202212_113.92403650000001_22.7635856.png
green areas,sense of openness,movement and exploration,positive,202212_113.92403650000001_22.7635856.png
urban structures,limited perceived scope,restricted exploration,negative,202212_113.92403650000001_22.7635856.png
roads,sense of openness,exploration,positive,202212_113.9235709_22.507961199999997.png
buildings,urban familiarity,navigation,positive,202212_113.9235709_22.507961199999997.png
greenery,calming effect,relaxation,positive,202212_113.9235709_22.507961199999997.png
street,sense of exploration,movement through space,positive,202212_113.9238439_22.4897914.png
buildings,feeling of urban density,limited exploration,negative,202212_113.9238439_22.4897914.png
traffic,sense of restriction,hesitation to explore,negative,202212_113.9238439_22.4897914.png
sidewalks,facilitation of movement,walking,positive,202212_113.9238439_22.4897914.png
roads,sense of exploration,encourages movement,positive,202212_113.9242124_22.519510999999998.png
sidewalks,sense of openness,promotes walking,positive,202212_113.9242124_22.519510999999998.png
buildings,curiosity about surroundings,invites entry,positive,202212_113.9242124_22.519510999999998.png
landscape,feeling of vastness,inspires exploration,positive,202212_113.9242124_22.519510999999998.png
intersection,sense of enclosure,limited exploration,negative,202212_113.9239898_22.504820799999997.png
buildings,moderate perception of exploration,cautious movement,neutral,202212_113.9239898_22.504820799999997.png
roads,feeling of boundless exploration,restricted navigation,negative,202212_113.9239898_22.504820799999997.png
walkways,possibility of movement,encouraged walking,positive,202212_113.9239898_22.504820799999997.png
street,moderate openness,limited exploration,negative,202212_113.9234315_22.765904799999998.png
buildings,sense of confinement,restricted movement,negative,202212_113.9234315_22.765904799999998.png
greenery,slight comfort,encouraged relaxation,positive,202212_113.9234315_22.765904799999998.png
fences,defined boundaries,discouraged exploration,negative,202212_113.9234315_22.765904799999998.png
roads,structured environment,navigational focus,neutral,202212_113.9234315_22.765904799999998.png
road,sense of forward movement,traveling,positive,202212_113.9264576_22.542926699999995.png
buildings,clear boundaries,staying within limits,negative,202212_113.9264576_22.542926699999995.png
landscape,lack of vastness,limited exploration,negative,202212_113.9264576_22.542926699999995.png
roadway,sense of exploration,encouragement to explore,positive,202212_113.9270181_22.5401367.png
sidewalks,openness to movement,invitation to walk,positive,202212_113.9270181_22.5401367.png
pathways,opportunity for discovery,urge to discover,positive,202212_113.9270181_22.5401367.png
grassy areas,comfort and relaxation,desire to linger,positive,202212_113.9270181_22.5401367.png
road,sense of containment,limited exploration,negative,202212_113.9244485_22.5285296.png
greenery,suggests vastness,encourages exploration,positive,202212_113.9244485_22.5285296.png
buildings,sense of containment,limited movement,negative,202212_113.9244485_22.5285296.png
highways,sense of containment,restricted exploration,negative,202212_113.9244485_22.5285296.png
street,limited sense of exploration,restricted movement,negative,202212_113.9272727_22.510836999999995.png
buildings,structured environment,guided navigation,neutral,202212_113.9272727_22.510836999999995.png
roads,defined boundaries,constrained exploration,negative,202212_113.9272727_22.510836999999995.png
pathways,limited directions,restricted choices,negative,202212_113.9272727_22.510836999999995.png
roads,sense of movement,exploration,positive,202212_113.9274017_22.4976544.png
paths,sense of safety,walking and cycling,positive,202212_113.9274017_22.4976544.png
buildings,sense of connection,navigating the area,positive,202212_113.9274017_22.4976544.png
network,sense of scope,exploring urban area,positive,202212_113.9274017_22.4976544.png
street,limited exploration,restricted movement,negative,202212_113.9276643_22.528331500000004.png
cars,constrained freedom,hesitant navigation,negative,202212_113.9276643_22.528331500000004.png
buildings,functional environment,practical use,neutral,202212_113.9276643_22.528331500000004.png
sidewalks,potential for movement,encouraged walking,positive,202212_113.9276643_22.528331500000004.png
intersection,sense of openness,exploration,positive,202212_113.9273794_22.5460211.png
greenery,calming effect,lingering,positive,202212_113.9273794_22.5460211.png
buildings,urban density,navigation,neutral,202212_113.9273794_22.5460211.png
sidewalks,inviting atmosphere,walking,positive,202212_113.9273794_22.5460211.png
intersection,sense of openness,exploration,positive,202212_113.9300666_22.484872799999998.png
buildings,sense of containment,navigation,neutral,202212_113.9300666_22.484872799999998.png
greenery,hint of potential routes,exploration,positive,202212_113.9300666_22.484872799999998.png
street,constrained exploration,limited movement,negative,202212_113.9281393_22.7900159.png
sidewalks,defined boundaries,following pathways,negative,202212_113.9281393_22.7900159.png
buildings,sense of enclosure,restricted navigation,negative,202212_113.9281393_22.7900159.png
roads,urban context,directed movement,neutral,202212_113.9281393_22.7900159.png
public spaces,opportunity for interaction,engaging with others,positive,202212_113.9281393_22.7900159.png
street,sense of exploration,encourages movement,positive,202212_113.9303129_22.7637627.png
buildings,sense of possibility,promotes discovery,positive,202212_113.9303129_22.7637627.png
spaces,sense of openness,invites exploration,positive,202212_113.9303129_22.7637627.png
intersection,sense of openness,movement and exploration,positive,202212_113.9301571_22.5029952.png
street,invitation to explore,navigate and discover,positive,202212_113.9301571_22.5029952.png
roads,freedom of choice,navigate freely,positive,202212_113.9301571_22.5029952.png
paths,sense of direction,explore surroundings,positive,202212_113.9301571_22.5029952.png
buildings,typical urban impression,limited exploration,negative,202212_113.9297827_22.5814899.png
trees,lack of vastness,restricted movement,negative,202212_113.9297827_22.5814899.png
road,defined pathways,constrained navigation,negative,202212_113.9297827_22.5814899.png
greenery,minimal openness,discouraged exploration,negative,202212_113.9297827_22.5814899.png
road,sense of exploration,move about,positive,202212_113.9307835_22.518959599999995.png
vehicles,sense of activity,observe activities,positive,202212_113.9307835_22.518959599999995.png
buildings,sense of modernity,discover new areas,positive,202212_113.9307835_22.518959599999995.png
avenues,sense of openness,explore surroundings,positive,202212_113.9307835_22.518959599999995.png
trees,sense of tranquility,enjoy nature,positive,202212_113.9307835_22.518959599999995.png
intersection,sense of openness,exploration,positive,202212_113.93087370000002_22.545790199999995.png
roads,sense of broadness,navigating paths,positive,202212_113.93087370000002_22.545790199999995.png
greenery,feeling of nature,engagement with environment,positive,202212_113.93087370000002_22.545790199999995.png
infrastructure,sense of boundaries,caution in movement,negative,202212_113.93087370000002_22.545790199999995.png
roads,limited freedom of movement,hesitation to explore,negative,202212_113.931886_22.7478105.png
buildings,sense of urban expanse,encouragement to navigate,positive,202212_113.931886_22.7478105.png
intersection,confusion in direction,cautious movement,negative,202212_113.931886_22.7478105.png
road,sense of openness,potential for exploration,positive,202212_113.93193850904419_22.576194066026474.png
buildings,urban context awareness,movement in different directions,neutral,202212_113.93193850904419_22.576194066026474.png
trees,enhanced environment,encouragement to traverse,positive,202212_113.93193850904419_22.576194066026474.png
road,sense of openness,further exploration,positive,202212_113.93228114603475_22.79179135641364.png
buildings,feeling of vastness,navigating the area,positive,202212_113.93228114603475_22.79179135641364.png
roads,limited freedom of movement,navigating the street network,negative,202212_113.9311179_22.517039299999997.png
buildings,sense of confinement,staying on sidewalks,negative,202212_113.9311179_22.517039299999997.png
road,potential for exploration,exploring the area,positive,202212_113.932972_22.505377099999997.png
buildings,sense of limitation,restricted exploration,negative,202212_113.932972_22.505377099999997.png
thoroughfare,limited opportunities,avoiding exploration,negative,202212_113.932972_22.505377099999997.png
roads,sense of openness,encouragement to explore,positive,202212_113.9329528_22.5130839.png
sidewalks,feeling of safety,walking and moving freely,positive,202212_113.9329528_22.5130839.png
green areas,calming effect,engaging with nature,positive,202212_113.9329528_22.5130839.png
intersection,moderate scope for exploration,structured movement,neutral,202212_113.9325175_22.522305099999997.png
buildings,limited immediate view,restricted exploration,negative,202212_113.9325175_22.522305099999997.png
road,sense of openness,encouraged movement,positive,202212_113.9325175_22.522305099999997.png
sky,sense of openness,encouraged movement,positive,202212_113.9325175_22.522305099999997.png
traffic lights,structured movement,controlled navigation,neutral,202212_113.9325175_22.522305099999997.png
sidewalks,structured movement,controlled navigation,neutral,202212_113.9325175_22.522305099999997.png
intersection,sense of exploration,encourages movement,positive,202212_113.9340142_22.516298099999997.png
roads,openness to possibilities,invites exploration,positive,202212_113.9340142_22.516298099999997.png
buildings,urban scale awareness,promotes navigation,positive,202212_113.9340142_22.516298099999997.png
intersection,sense of openness,exploration,positive,202212_113.9341788_22.527984300000004.png
buildings,feeling of confinement,hesitation to explore,negative,202212_113.9341788_22.527984300000004.png
road,awareness of traffic,cautious movement,neutral,202212_113.9341788_22.527984300000004.png
street,sense of openness,explore visually,positive,202212_113.93446830000002_22.5181941.png
cityscape,vast area to explore,movement and direction,positive,202212_113.93446830000002_22.5181941.png
buildings,ample possibilities,navigate freely,positive,202212_113.93446830000002_22.5181941.png
road,visible extent,choose paths,positive,202212_113.93446830000002_22.5181941.png
roads,sense of openness,movement and exploration,positive,202212_113.9345955_22.4965955.png
buildings,feeling of interconnectedness,exploration of area,positive,202212_113.9345955_22.4965955.png
buildings,sense of freedom,exploration and movement,positive,202212_113.9356375_22.5753551.png
roads,sense of discovery,movement in multiple directions,positive,202212_113.9356375_22.5753551.png
intersection,sense of openness,exploration,positive,202212_113.9365131_22.5279406.png
buildings,feeling of security,movement,positive,202212_113.9365131_22.5279406.png
road,sense of openness,movement and exploration,positive,202212_113.9355131_22.5427938.png
trees,sense of openness,movement and exploration,positive,202212_113.9355131_22.5427938.png
buildings,sense of openness,movement and exploration,positive,202212_113.9355131_22.5427938.png
pathways,sense of direction,movement and exploration,positive,202212_113.9355131_22.5427938.png
walkways,sense of safety,walking,positive,202212_113.9355131_22.5427938.png
road,sense of breadth,opportunities for movement,positive,202212_113.93686530000001_22.496623499999995.png
streets,potential for exploration,discovery,positive,202212_113.93686530000001_22.496623499999995.png
pathways,ample opportunities,movement,positive,202212_113.93686530000001_22.496623499999995.png
landscape,sense of possibility,exploration,positive,202212_113.93686530000001_22.496623499999995.png
buildings,limited exploration,avoidance of paths,negative,202212_113.9363267_22.505489500000003.png
road,lack of freedom,restricted movement,negative,202212_113.9363267_22.505489500000003.png
streets,sense of vastness,exploration,positive,202212_113.9370477_22.5107985.png
sidewalks,sense of openness,movement,positive,202212_113.9370477_22.5107985.png
sky,feeling of freedom,discovery,positive,202212_113.9370477_22.5107985.png
barriers,lack of constraints,exploration,positive,202212_113.9370477_22.5107985.png
network,sense of connectivity,navigation,positive,202212_113.9370477_22.5107985.png
street,sense of spaciousness,encourages movement,positive,202212_113.9377818_22.757183499999996.png
sidewalks,feeling of safety,promotes walking,positive,202212_113.9377818_22.757183499999996.png
infrastructure,sense of complexity,limits exploration,negative,202212_113.9377818_22.757183499999996.png
walkways,connectedness,facilitates navigation,positive,202212_113.9377818_22.757183499999996.png
urban fabric,feeling of confinement,discourages exploration,negative,202212_113.9377818_22.757183499999996.png
road,sense of boundaries,restricted exploration,negative,202212_113.93705539747813_22.55130023242226.png
trees,limited openness,defined path,negative,202212_113.93705539747813_22.55130023242226.png
buildings,constrained perspective,lack of freedom,negative,202212_113.93705539747813_22.55130023242226.png
traffic,urban confinement,avoidance of exploration,negative,202212_113.93705539747813_22.55130023242226.png
vehicle,restricted viewpoint,limited engagement,negative,202212_113.93705539747813_22.55130023242226.png
road,moderate sense of scope,limited exploration,negative,202212_113.9384694_22.50815679999999.png
buildings,implies large area,encourages movement,positive,202212_113.9384694_22.50815679999999.png
sidewalks,suggests considerable extent,promotes walking,positive,202212_113.9384694_22.50815679999999.png
road,functional urban artery,move about,neutral,202212_113.9391332_22.4966602.png
buildings,urban expanse,explore,negative,202212_113.9391332_22.4966602.png
greenery,limited exploration,observe,negative,202212_113.9391332_22.4966602.png
sidewalks,opportunities to move,navigate,positive,202212_113.9391332_22.4966602.png
street,sense of openness,exploration,positive,202212_113.9397023_22.516917099999993.png
buildings,urban familiarity,navigation,positive,202212_113.9397023_22.516917099999993.png
hills,aesthetic appreciation,leisure activities,positive,202212_113.9397023_22.516917099999993.png
truck,distraction,avoidance,negative,202212_113.9397023_22.516917099999993.png
streets,feeling of exploration,encourages navigation,positive,202212_113.9402644_22.519026199999995.png
buildings,sense of vastness,promotes wandering,positive,202212_113.9402644_22.519026199999995.png
traffic,limited exploration,restricts movement,negative,202212_113.9402644_22.519026199999995.png
construction,feeling of confinement,discourages exploration,negative,202212_113.9402644_22.519026199999995.png
urban development,sense of density,creates hesitation,negative,202212_113.9402644_22.519026199999995.png
sidewalks,sense of openness,opportunities for movement,positive,202212_113.93948100000001_22.543091199999996.png
green spaces,explorable area,encouragement to explore,positive,202212_113.93948100000001_22.543091199999996.png
road,potential limitations,restricted movement,negative,202212_113.93948100000001_22.543091199999996.png
urban setting,limited perception of vastness,hesitation to explore,negative,202212_113.93948100000001_22.543091199999996.png
road,sense of vastness,exploration,positive,202212_113.9398151_22.524065299999993.png
buildings,feeling of limitation,restricted movement,negative,202212_113.9398151_22.524065299999993.png
pathways,lack of options,minimal engagement,negative,202212_113.9398151_22.524065299999993.png
intersection,sense of openness,exploration,positive,202212_113.9406368_22.535663900000003.png
buildings,expansive view,movement,positive,202212_113.9406368_22.535663900000003.png
sky,broad scope,inspiration,positive,202212_113.9406368_22.535663900000003.png
road,immediate area,navigation,neutral,202212_113.9406368_22.535663900000003.png
urban,sense of possibility,exploration,positive,202212_113.9406368_22.535663900000003.png
roads,sense of constraint,limited exploration,negative,202212_113.94082000000002_22.748110899999997.png
buildings,feeling of confinement,restricted movement,negative,202212_113.94082000000002_22.748110899999997.png
traffic,sense of chaos,avoidance of areas,negative,202212_113.94082000000002_22.748110899999997.png
buildings,limited exploration,restricted movement,negative,202212_113.9430205_22.530012400000004.png
traffic,constrained environment,hesitation to explore,negative,202212_113.9430205_22.530012400000004.png
road,defined area,following paths,neutral,202212_113.9430205_22.530012400000004.png
roads,sense of spaciousness,movement and exploration,positive,202212_113.94107680706209_22.530103987263914.png
buildings,impression of expansiveness,travel and explore,positive,202212_113.94107680706209_22.530103987263914.png
construction,sense of boundaries,limited exploration,negative,202212_113.94107680706209_22.530103987263914.png
road,sense of openness,potential for movement,positive,202212_113.9410612_22.507190699999992.png
buildings,feeling of exploration,navigating urban space,positive,202212_113.9410612_22.507190699999992.png
sidewalks,sense of connectivity,walking and interacting,positive,202212_113.9410612_22.507190699999992.png
traffic,dynamic environment,engaging with urban life,positive,202212_113.9410612_22.507190699999992.png
intersection,sense of exploration,encouraged movement,positive,202212_113.9430714_22.527387.png
landscape,feeling of openness,increased mobility,positive,202212_113.9430714_22.527387.png
roads,opportunity for adventure,exploration,positive,202212_113.9430714_22.527387.png
buildings,urban density,navigating the area,neutral,202212_113.9430714_22.527387.png
crosswalks,safety in movement,crossing streets,positive,202212_113.9430714_22.527387.png
roads,sense of openness,encourages exploration,positive,202212_113.9436688_22.539266799999996.png
intersections,awareness of space,facilitates movement,positive,202212_113.9436688_22.539266799999996.png
buildings,urban density,invites interaction,positive,202212_113.9436688_22.539266799999996.png
crosswalks,safety and accessibility,promotes pedestrian activity,positive,202212_113.9436688_22.539266799999996.png
road,sense of confinement,restricted movement,negative,202212_113.9437139_22.7347301.png
fences,sense of confinement,restricted exploration,negative,202212_113.9437139_22.7347301.png
construction,sense of confinement,limited exploration,negative,202212_113.9437139_22.7347301.png
buildings,sense of confinement,restricted movement,negative,202212_113.9437139_22.7347301.png
roads,sense of scope,exploration,positive,202212_113.9448364_22.5462337.png
buildings,expansive city,movement,positive,202212_113.9448364_22.5462337.png
streets,possibilities for exploration,navigating urban area,positive,202212_113.9448364_22.5462337.png
intersection,sense of openness,exploration,positive,202212_113.9450404_22.535707799999997.png
buildings,broad possibilities,movement,positive,202212_113.9450404_22.535707799999997.png
avenues,feeling of space,navigation,positive,202212_113.9450404_22.535707799999997.png
road,sense of freedom,exploration,positive,202212_113.9450404_22.535707799999997.png
street,constrained exploration,limited movement,negative,202212_113.9450831_22.532614599999995.png
buildings,feeling of confinement,restricted exploration,negative,202212_113.9450831_22.532614599999995.png
construction,disruption of flow,avoidance of areas,negative,202212_113.9450831_22.532614599999995.png
traffic,sense of danger,cautious navigation,negative,202212_113.9450831_22.532614599999995.png
street,limited exploration,restricted movement,negative,202212_113.9470978_22.576772299999995.png
traffic,sense of danger,avoidance of areas,negative,202212_113.9470978_22.576772299999995.png
buildings,confinement,hesitation to explore,negative,202212_113.9470978_22.576772299999995.png
intersection,sense of openness,explore the area,positive,202212_113.9459821_22.5082536.png
bridge,impression of scale,traverse the space,positive,202212_113.9459821_22.5082536.png
roads,feeling of movement,navigate through the network,positive,202212_113.9459821_22.5082536.png
road,sense of openness,potential for exploration,positive,202212_113.94629651068989_22.542967760048658.png
infrastructure,implied boundaries,directed path,negative,202212_113.94629651068989_22.542967760048658.png
streets,opportunities for exploration,movement within the city,positive,202212_113.94745420000001_22.5326484.png
buildings,sense of discovery,exploring various parts of the city,positive,202212_113.94745420000001_22.5326484.png
paths,freedom of movement,navigating the urban environment,positive,202212_113.94745420000001_22.5326484.png
roads,sense of openness,movement and exploration,positive,202212_113.9494489_22.5835412.png
buildings,potential discovery,exploration,positive,202212_113.9494489_22.5835412.png
streets,ample opportunities,movement,positive,202212_113.9494489_22.5835412.png
pedestrian areas,expanded perception,interaction,positive,202212_113.9494489_22.5835412.png
road,sense of expansiveness,exploration,positive,202212_113.9492952_22.578552499999997.png
greenery,calming effect,leisure activities,positive,202212_113.9492952_22.578552499999997.png
city,urban excitement,movement,positive,202212_113.9492952_22.578552499999997.png
intersection,sense of scope,movement and exploration,positive,202212_113.9498905_22.530109799999998.png
buildings,sense of enclosure,navigation,neutral,202212_113.9498905_22.530109799999998.png
greenery,calming effect,lingering,positive,202212_113.9498905_22.530109799999998.png
street,sense of direction,exploration,positive,202212_113.94775846119718_22.530135360848515.png
buildings,suggested boundaries,hesitation,negative,202212_113.94775846119718_22.530135360848515.png
sidewalks,sense of possibility,movement,positive,202212_113.94775846119718_22.530135360848515.png
greenery,inviting atmosphere,exploration,positive,202212_113.94775846119718_22.530135360848515.png
roads,suggests movement,move along the street,positive,202212_113.9499065_22.586730500000005.png
buildings,sense of confinement,limited exploration,negative,202212_113.9499065_22.586730500000005.png
traffic,creates boundaries,restricted movement,negative,202212_113.9499065_22.586730500000005.png
street,sense of potential movement,exploration,positive,202212_113.9490199_22.546030899999998.png
walkway,sense of accessibility,walking,positive,202212_113.9490199_22.546030899999998.png
buildings,sense of urban environment,navigating,neutral,202212_113.9490199_22.546030899999998.png
road,sense of direction,traveling,positive,202212_113.9490199_22.546030899999998.png
intersection,sense of freedom,exploration,positive,202212_113.9500057105782_22.531911222888294.png
road,sense of openness,movement,positive,202212_113.9500057105782_22.531911222888294.png
cityscape,large environment,exploration,positive,202212_113.9500057105782_22.531911222888294.png
road,sense of exploration,exploring different destinations,positive,202212_113.957409_22.523398700000005.png
bridge,sense of connectivity,moving between areas,positive,202212_113.957409_22.523398700000005.png
trees,feeling of openness,engaging with nature,positive,202212_113.957409_22.523398700000005.png
sky,sense of possibility,contemplating future paths,positive,202212_113.957409_22.523398700000005.png
roads,sense of openness,potential for exploration,positive,202212_113.9586343818181_22.526308153355252.png
greenery,sense of openness,potential for exploration,positive,202212_113.9586343818181_22.526308153355252.png
buildings,suggestion of further areas to explore,encouragement to explore,positive,202212_113.9586343818181_22.526308153355252.png
street,suggestion of further areas to explore,encouragement to explore,positive,202212_113.9586343818181_22.526308153355252.png
road,limited exploration,transit movement,negative,202212_113.9545483_22.523418799999998.png
sidewalks,functional environment,walking,neutral,202212_113.9545483_22.523418799999998.png
buildings,defined boundaries,navigation,negative,202212_113.9545483_22.523418799999998.png
traffic,constrained movement,cautious crossing,negative,202212_113.9545483_22.523418799999998.png
intersection,sense of urban expanse,limited exploration,negative,202212_113.95960670000001_22.543149499999995.png
traffic,constrained movement,restricted discovery,negative,202212_113.95960670000001_22.543149499999995.png
buildings,implicit boundaries,feeling of confinement,negative,202212_113.95960670000001_22.543149499999995.png
roads,feeling of scale,exploration,neutral,202212_113.9620767_22.533686399999997.png
buildings,feeling of enclosure,limited exploration,negative,202212_113.9620767_22.533686399999997.png
infrastructure,feeling of boundaries,restricted movement,negative,202212_113.9620767_22.533686399999997.png
urban development,density perception,limited possibilities,negative,202212_113.9620767_22.533686399999997.png
road,sense of constraint,limited exploration,negative,202212_113.95892840000002_22.530997099999993.png
buildings,feeling of confinement,restricted movement,negative,202212_113.95892840000002_22.530997099999993.png
traffic,increased anxiety,hesitation to move,negative,202212_113.95892840000002_22.530997099999993.png
road,sense of openness,further exploration,positive,202212_113.9622251_22.525877099999995.png
sky,sense of openness,further exploration,positive,202212_113.9622251_22.525877099999995.png
buildings,sense of enclosure,movement within space,neutral,202212_113.9622251_22.525877099999995.png
trees,sense of nature,movement within space,positive,202212_113.9622251_22.525877099999995.png
intersection,sense of openness,exploration,positive,202212_113.9620692_22.54229159999999.png
buildings,urban density,movement,neutral,202212_113.9620692_22.54229159999999.png
pathways,safety and accessibility,walking,positive,202212_113.9620692_22.54229159999999.png
road,connectivity,traveling,positive,202212_113.9620692_22.54229159999999.png
street,sense of exploration,encouraged to explore,positive,202212_113.96385619829_22.528218699192326.png
cars,perceived limitations,restricted movement,negative,202212_113.96385619829_22.528218699192326.png
infrastructure,feeling of confinement,hesitation to move freely,negative,202212_113.96385619829_22.528218699192326.png
landscape,sense of openness,exploration,positive,202212_113.9657473_22.531024799999994.png
streets,connectedness,movement,positive,202212_113.9657473_22.531024799999994.png
buildings,impression of space,navigation,positive,202212_113.9657473_22.531024799999994.png
fencing,limited freedom,restricted movement,negative,202212_113.9673397_22.5402911.png
sidewalks,constrained exploration,following a path,negative,202212_113.9673397_22.5402911.png
bridge,sense of connection,crossing over,neutral,202212_113.9673397_22.5402911.png
road,lack of vastness,limited direction choice,negative,202212_113.9673397_22.5402911.png
street,sense of scale,exploration,positive,202212_113.9694544_22.528250199999995.png
traffic,sense of confinement,restricted movement,negative,202212_113.9694544_22.528250199999995.png
sky,feeling of openness,unrestricted movement,positive,202212_113.9694544_22.528250199999995.png
infrastructure,limited exploration,hesitation,negative,202212_113.9694544_22.528250199999995.png
buildings,sense of enclosure,avoidance,negative,202212_113.9694544_22.528250199999995.png
roads,moderate representation,navigation,neutral,202212_113.9699617_22.5669829.png
pathways,potential for exploration,exploration,positive,202212_113.9699617_22.5669829.png
traffic,implicit boundaries,caution,negative,202212_113.9699617_22.5669829.png
infrastructure,organized environment,movement,neutral,202212_113.9699617_22.5669829.png
vehicles,limited exploration,avoidance,negative,202212_113.9699617_22.5669829.png
road,sense of openness,exploring further,positive,202212_113.9707424_22.556888399999995.png
green spaces,feeling of freedom,movement within urban context,positive,202212_113.9707424_22.556888399999995.png
buildings,defined boundaries,limited exploration,negative,202212_113.9707424_22.556888399999995.png
roads,sense of openness,exploration,positive,202212_113.9777356_22.525999399999996.png
pathways,clarity and organization,movement,positive,202212_113.9777356_22.525999399999996.png
landscape,awe and curiosity,discovery,positive,202212_113.9777356_22.525999399999996.png
structures,balance between built and natural,engagement,positive,202212_113.9777356_22.525999399999996.png
spaces,freedom of movement,exploration,positive,202212_113.9777356_22.525999399999996.png
path,limited exploration,hesitation to explore,negative,202212_113.9763109_22.537413099999995.png
greenery,some openness,curiosity to explore,neutral,202212_113.9763109_22.537413099999995.png
roads,constrained space,avoidance of exploration,negative,202212_113.9763109_22.537413099999995.png
buildings,enclosed feeling,reduced willingness to explore,negative,202212_113.9763109_22.537413099999995.png
intersection,moderate openness,exploration,neutral,202212_113.9776265_22.5282479.png
sidewalks,limited exploration,hesitation,negative,202212_113.9776265_22.5282479.png
fencing,restricted view,avoidance,negative,202212_113.9776265_22.5282479.png
tree,sense of enclosure,withdrawal,negative,202212_113.9776265_22.5282479.png
skyscrapers,hint of vastness,curiosity,positive,202212_113.9776265_22.5282479.png
road,focus on immediate surroundings,navigation,neutral,202212_113.9776265_22.5282479.png
sidewalk,ample space for exploration,encourages exploration,positive,202212_113.9781346_22.541591999999998.png
road,possibilities for movement,invites discovery,positive,202212_113.9781346_22.541591999999998.png
trees,framed view,limits immediate perspective,negative,202212_113.9781346_22.541591999999998.png
road,restricted exploration,confined movement,negative,202212_113.97205731173776_22.525946144985248.png
barriers,limited freedom,hesitant navigation,negative,202212_113.97205731173776_22.525946144985248.png
sidewalks,structured paths,directed walking,neutral,202212_113.97205731173776_22.525946144985248.png
infrastructure,urban confinement,restricted exploration,negative,202212_113.97205731173776_22.525946144985248.png
road,sense of limitation,restrict exploration,negative,202212_113.9784782_22.546958099999998.png
greenery,feeling of openness,encourage exploration,positive,202212_113.9784782_22.546958099999998.png
signs,sense of direction,promote navigation,positive,202212_113.9784782_22.546958099999998.png
highway,limited exploration,restricted movement,negative,202212_113.9796876_22.550089899999996.png
buildings,sense of scale,potential for exploration,neutral,202212_113.9796876_22.550089899999996.png
road,constrained freedom,vehicular transit,negative,202212_113.9796876_22.550089899999996.png
highway,sense of scale,encourages exploration,positive,202212_113.983475_22.5611423.png
buildings,urban context,implies movement,neutral,202212_113.983475_22.5611423.png
road,sense of openness,exploration,positive,202212_113.9847278_22.5463916.png
trees,calming effect,relaxation,positive,202212_113.9847278_22.5463916.png
buildings,urban excitement,engagement,positive,202212_113.9847278_22.5463916.png
road,feeling of movement,exploration,positive,202212_113.9864589_22.5384042.png
trees,sense of openness,discovery,positive,202212_113.9864589_22.5384042.png
buildings,modernity,attraction,positive,202212_113.9864589_22.5384042.png
road,limited exploration,walking along the path,negative,202212_113.9874362_22.5298992.png
buildings,urban environment,observing surroundings,positive,202212_113.9874362_22.5298992.png
trees,sense of nature,seeking shade,positive,202212_113.9874362_22.5298992.png
buildings,sense of breadth,exploring freely,positive,202212_113.9878482_22.594933299999997.png
traffic,limited perception of space,hesitation to explore,negative,202212_113.9878482_22.594933299999997.png
barriers,implied boundaries,restricted movement,negative,202212_113.9878482_22.594933299999997.png
street,defined pathways,following routes,neutral,202212_113.9878482_22.594933299999997.png
greenery,inviting atmosphere,engaging with nature,positive,202212_113.9878482_22.594933299999997.png
road,sense of exploration,encourages movement,positive,202212_113.99163940000001_22.541493000000003.png
buildings,feeling of safety,promotes navigation,positive,202212_113.99163940000001_22.541493000000003.png
trees,aesthetic enjoyment,invites leisure activities,positive,202212_113.99163940000001_22.541493000000003.png
paths,clarity in movement,facilitates exploration,positive,202212_113.99163940000001_22.541493000000003.png
crossing,awareness of safety,encourages crossing,positive,202212_113.99163940000001_22.541493000000003.png
road,sense of exploration,encourages movement,positive,202212_113.99079950000001_22.530676999999994.png
flyover,urban scale awareness,promotes curiosity,positive,202212_113.99079950000001_22.530676999999994.png
buildings,feeling of boundaries,limits exploration,negative,202212_113.99079950000001_22.530676999999994.png
curbs,sense of restriction,discourages movement,negative,202212_113.99079950000001_22.530676999999994.png
traffic,sense of danger,caution in movement,negative,202212_113.99079950000001_22.530676999999994.png
roads,sense of exploration,movement in various directions,positive,202212_113.992758_22.535601.png
lanes,sense of openness,encouragement to navigate,positive,202212_113.992758_22.535601.png
flyover,broad perspective,increased mobility,positive,202212_113.992758_22.535601.png
signs,guidance and clarity,following directions,positive,202212_113.992758_22.535601.png
landscape,sense of vastness,exploration of surroundings,positive,202212_113.992758_22.535601.png
street,sense of size,potential for movement,positive,202212_113.99192240405_22.53970759280385.png
lanes,possibility for exploration,exploration along the road,positive,202212_113.99192240405_22.53970759280385.png
sidewalks,limited exploration,restricted movement,negative,202212_113.99192240405_22.53970759280385.png
surroundings,lack of vastness,feeling confined,negative,202212_113.99192240405_22.53970759280385.png
street,sense of openness,exploration,positive,202212_113.9877001_22.541408800000003.png
median,large urban context,connectedness,positive,202212_113.9877001_22.541408800000003.png
fences,restricted access,hesitation to explore,negative,202212_113.9877001_22.541408800000003.png
pedestrian access,bounded exploration,limited movement,negative,202212_113.9877001_22.541408800000003.png
roads,sense of breadth,exploration,neutral,202212_113.9934075_22.5302353.png
buildings,limited exploration,avoidance of traffic,negative,202212_113.9934075_22.5302353.png
sky,open area,enjoyment of space,positive,202212_113.9934075_22.5302353.png
road,sense of expanse,movement in a linear direction,positive,202212_113.9951153_22.593116599999995.png
buildings,feeling of confinement,limited exploration,negative,202212_113.9951153_22.593116599999995.png
greenery,sense of nature,encouraged relaxation,positive,202212_113.9951153_22.593116599999995.png
sidewalks,sense of restriction,hesitation to explore,negative,202212_113.9951153_22.593116599999995.png
road,sense of openness,exploration,positive,202212_113.997421_22.5492356.png
buildings,limitations on exploration,restricted movement,negative,202212_113.997421_22.5492356.png
construction,sense of confinement,hesitation to move,negative,202212_113.997421_22.5492356.png
cars,sense of confinement,limited exploration,negative,202212_114.0005612_22.5402458.png
buildings,urban density,restricted movement,negative,202212_114.0005612_22.5402458.png
pathway,navigable space,encouraged walking,positive,202212_114.0005612_22.5402458.png
greenery,calming effect,desire to linger,positive,202212_114.0005612_22.5402458.png
roads,sense of openness,exploration,positive,202212_114.006174_22.5489483.png
buildings,curiosity,observation,positive,202212_114.006174_22.5489483.png
greenery,calmness,relaxation,positive,202212_114.006174_22.5489483.png
environment,freedom of movement,exploration,positive,202212_114.006174_22.5489483.png
roads,moderate scope for exploration,potential for movement,positive,202212_114.0018772_22.597864999999995.png
buildings,sense of boundaries,limited exploration,negative,202212_114.0018772_22.597864999999995.png
greenery,visual expanse,encouragement to explore,positive,202212_114.0018772_22.597864999999995.png
intersection,sense of breadth,navigating the environment,positive,202212_114.003756_22.5330749.png
pathways,ample space for exploration,exploration and movement,positive,202212_114.003756_22.5330749.png
greenery,connection to nature,engaging with the environment,positive,202212_114.003756_22.5330749.png
roads,openness,movement,positive,202212_114.003756_22.5330749.png
buildings,sense of possibility,exploration,positive,202212_114.003756_22.5330749.png
road,sense of potential for exploration,encourages exploration,positive,202212_114.0109223_22.545793100000004.png
buildings,large-scale environment,invites further exploration,positive,202212_114.0109223_22.545793100000004.png
greenery,expansive feel,promotes wandering,positive,202212_114.0109223_22.545793100000004.png
road,sense of scope,exploration,positive,202212_114.0100024_22.550471099999996.png
buildings,urban expanse,movement,positive,202212_114.0100024_22.550471099999996.png
buildings,constrained exploration,limited movement,negative,202212_114.0092385_22.547819099999998.png
roads,lack of vastness,restricted exploration,negative,202212_114.0092385_22.547819099999998.png
pathways,orderly environment,structured navigation,neutral,202212_114.0092385_22.547819099999998.png
buildings,sense of openness,exploration,positive,202212_114.0212141_22.539334000000004.png
roads,sense of potential,exploration,positive,202212_114.0212141_22.539334000000004.png
infrastructure,sense of interconnectedness,navigation,positive,202212_114.0212141_22.539334000000004.png
road,sense of openness,exploration,positive,202212_114.0250293_22.545575599999992.png
greenery,feeling of spaciousness,movement,positive,202212_114.0250293_22.545575599999992.png
road,sense of connectivity,crossing the road,positive,202212_114.0287734_22.528464199999995.png
sidewalks,limited exploration,hesitation to explore,negative,202212_114.0287734_22.528464199999995.png
buildings,urban density,navigating through the area,neutral,202212_114.0287734_22.528464199999995.png
fencing,sense of restriction,avoiding the area,negative,202212_114.0287734_22.528464199999995.png
bridge,opportunity for crossing,using the bridge,positive,202212_114.0287734_22.528464199999995.png
intersection,possibilities for exploration,exploration within the city,positive,202212_114.0326051_22.526367499999996.png
roads,imposed boundaries,limited physical exploration,negative,202212_114.0326051_22.526367499999996.png
buildings,urban landscape,engagement with the environment,neutral,202212_114.0326051_22.526367499999996.png
road,sense of openness,exploring various directions,positive,202212_114.0259265_22.5980184.png
greenery,feeling of freedom,moving freely,positive,202212_114.0259265_22.5980184.png
roads,sense of openness,freedom to move,positive,202212_114.0252357_22.602827799999996.png
buildings,sense of spaciousness,exploration possibilities,positive,202212_114.0252357_22.602827799999996.png
urban setting,imposed boundaries,limited exploration,negative,202212_114.0252357_22.602827799999996.png
roads,sense of movement,exploration,positive,202212_114.03322900000002_22.5227111.png
sidewalks,sense of safety,walking,positive,202212_114.03322900000002_22.5227111.png
landscape,sense of scale,navigation,positive,202212_114.03322900000002_22.5227111.png
grid,sense of potential,exploration,positive,202212_114.03322900000002_22.5227111.png
sidewalks,moderate exploration,limited movement,negative,202212_114.0402002_22.618895599999995.png
buildings,perceived boundaries,restricted exploration,negative,202212_114.0402002_22.618895599999995.png
roads,functional urban thoroughfare,directed movement,neutral,202212_114.0402002_22.618895599999995.png
sidewalks,limited exploration,move along street,negative,202212_114.0464825_22.604190899999995.png
buildings,restricted boundaries,avoid exploration,negative,202212_114.0464825_22.604190899999995.png
fences,sense of confinement,hesitate to explore,negative,202212_114.0464825_22.604190899999995.png
cars,obstructed movement,navigate around,negative,202212_114.0464825_22.604190899999995.png
sidewalks,sense of safety,walking,positive,202212_114.0413393_22.5522922.png
buildings,urban confinement,limited exploration,negative,202212_114.0413393_22.5522922.png
green areas,relaxation,staying,positive,202212_114.0413393_22.5522922.png
roads,defined movement,commuting,neutral,202212_114.0413393_22.5522922.png
street,suggests exploration,urban exploration,positive,202212_114.048521_22.5232585.png
boundaries,limits perception,restricted movement,negative,202212_114.048521_22.5232585.png
traffic,creates congestion,hesitation to move,negative,202212_114.048521_22.5232585.png
sidewalks,provides structure,encourages walking,positive,202212_114.048521_22.5232585.png
buildings,creates enclosure,limits exploration,negative,202212_114.048521_22.5232585.png
road,sense of enclosure,restricted movement,negative,202212_114.05129640000001_22.540006999999996.png
buildings,sense of enclosure,restricted movement,negative,202212_114.05129640000001_22.540006999999996.png
green spaces,limited exploration,hesitation to explore,negative,202212_114.05129640000001_22.540006999999996.png
pathways,defined boundaries,constrained navigation,negative,202212_114.05129640000001_22.540006999999996.png
road,sense of openness,possibility for exploration,positive,202212_114.0580411_22.544623600000005.png
greenery,sense of openness,possibility for exploration,positive,202212_114.0580411_22.544623600000005.png
structures,sense of openness,possibility for exploration,positive,202212_114.0580411_22.544623600000005.png
roads,sense of openness,exploration,positive,202212_114.0551493_22.518495400000003.png
buildings,feeling of confinement,hesitation to explore,negative,202212_114.0551493_22.518495400000003.png
greenery,calming effect,lingering,positive,202212_114.0551493_22.518495400000003.png
overpass,sense of scale,awareness of surroundings,neutral,202212_114.0551493_22.518495400000003.png
street,limited sense of exploration,hesitation to explore,negative,202212_114.0575884_22.571086199999996.png
buildings,urban confinement,avoidance of open spaces,negative,202212_114.0575884_22.571086199999996.png
roads,sense of freedom,exploring pathways,positive,202212_114.05453050881874_22.531582946106884.png
development,potential for discovery,seeking new experiences,positive,202212_114.05453050881874_22.531582946106884.png
barriers,unrestricted movement,navigating freely,positive,202212_114.05453050881874_22.531582946106884.png
road,feeling of openness,exploration,positive,202212_114.05647290249271_22.531616134751285.png
greenery,sense of space,movement,positive,202212_114.05647290249271_22.531616134751285.png
buildings,impression of vastness,navigation,positive,202212_114.05647290249271_22.531616134751285.png
view,sense of openness,encourages exploration,positive,202212_114.05823080000002_22.540602100000005.png
roads,feeling of connectivity,promotes movement,positive,202212_114.05823080000002_22.540602100000005.png
sidewalks,invitation to wander,inspires discovery,positive,202212_114.05823080000002_22.540602100000005.png
landscape,sense of freedom,facilitates exploration,positive,202212_114.05823080000002_22.540602100000005.png
intersection,sense of exploration,exploring the area,positive,202212_114.0640476_22.537566699999996.png
streets,sense of freedom,moving freely,positive,202212_114.0640476_22.537566699999996.png
buildings,sense of openness,navigating the environment,positive,202212_114.0640476_22.537566699999996.png
roads,sense of connectivity,exploring different paths,positive,202212_114.0640476_22.537566699999996.png
pathways,sense of accessibility,walking around,positive,202212_114.0640476_22.537566699999996.png
road,sense of wider environment,exploration,positive,202212_114.062747_22.5450923.png
cityscape,implies boundaries,restricted movement,negative,202212_114.062747_22.5450923.png
traffic,limited freedom,avoidance of exploration,negative,202212_114.062747_22.5450923.png
construction,sense of restriction,hesitation to engage,negative,202212_114.062747_22.5450923.png
highway,limited exploration,transit only,negative,202212_114.0657653_22.5240759.png
vehicle,restricted movement,stay in lanes,negative,202212_114.0657653_22.5240759.png
barriers,limited openness,reduced exploration,negative,202212_114.0658167_22.534223299999994.png
tents,restricted possibilities,decreased engagement,negative,202212_114.0658167_22.534223299999994.png
campus,reduced freedom,inhibited movement,negative,202212_114.0658167_22.534223299999994.png
street,limited sense of openness,constrained exploration,negative,202212_114.0749288_22.531381700000004.png
cars,feeling of obstruction,reduced movement,negative,202212_114.0749288_22.531381700000004.png
buildings,sense of confinement,hesitation to explore,negative,202212_114.0749288_22.531381700000004.png
buildings,sense of enclosure,limited exploration,negative,202212_114.074178_22.542958200000005.png
road,wide space,potential movement,neutral,202212_114.074178_22.542958200000005.png
cityscape,defined boundaries,lack of direction,negative,202212_114.074178_22.542958200000005.png
park,pleasant environment,exploration,positive,202212_114.0681073_22.5504569.png
road,sense of limitation,hesitation to explore,negative,202212_114.0681073_22.5504569.png
cityscape,constrained view,reduced curiosity,negative,202212_114.0681073_22.5504569.png
intersection,sense of spaciousness,invites exploration,positive,202212_114.0693242600068_22.531683667678653.png
roads,freedom of movement,moving about freely,positive,202212_114.0693242600068_22.531683667678653.png
crosswalks,safety and accessibility,encourages crossing,positive,202212_114.0693242600068_22.531683667678653.png
buildings,exploratory potential,creates curiosity,positive,202212_114.0693242600068_22.531683667678653.png
road,sense of forward movement,traveling,positive,202212_114.0682546_22.529498600000004.png
buildings,limited exploration,hesitation to explore,negative,202212_114.0682546_22.529498600000004.png
trees,sense of nature,seeking relaxation,positive,202212_114.0682546_22.529498600000004.png
street,sense of breadth,exploration,neutral,202212_114.0770361_22.5528905.png
traffic,feeling of congestion,avoidance,negative,202212_114.0770361_22.5528905.png
vehicles,sense of limitation,restriction of movement,negative,202212_114.0770361_22.5528905.png
buildings,urban environment,engagement with city life,positive,202212_114.0770361_22.5528905.png
buildings,sense of enclosure,limited exploration,negative,202212_114.0773676_22.536894000000004.png
sidewalks,sense of enclosure,walking,neutral,202212_114.0773676_22.536894000000004.png
street,sense of enclosure,traveling,negative,202212_114.0773676_22.536894000000004.png
roads,sense of exploration,encourages navigation,positive,202212_114.0792369_22.545414399999995.png
landscape,feeling of openness,promotes movement,positive,202212_114.0792369_22.545414399999995.png
buildings,sense of scale,invites discovery,positive,202212_114.0792369_22.545414399999995.png
intersections,awareness of choices,facilitates decision-making,positive,202212_114.0792369_22.545414399999995.png
pathways,feeling of connectivity,encourages exploration,positive,202212_114.0792369_22.545414399999995.png
road,sense of openness,exploration,positive,202212_114.0804019_22.536471599999995.png
buildings,urban density,navigation,neutral,202212_114.0804019_22.536471599999995.png
road,desire for movement,increased mobility,positive,202212_114.0815082_22.551580299999998.png
buildings,imposing presence,limited exploration,negative,202212_114.0815082_22.551580299999998.png
barriers,restricted view,decreased curiosity,negative,202212_114.0815082_22.551580299999998.png
overpass,sense of scale,encouraged navigation,positive,202212_114.0815082_22.551580299999998.png
buildings,sense of scale,exploration,positive,202212_114.08547860000002_22.545569100000005.png
streets,perceived boundaries,navigation,neutral,202212_114.08547860000002_22.545569100000005.png
landscape,scope for exploration,exploration,positive,202212_114.08547860000002_22.545569100000005.png
street,sense of enclosure,limited exploration,negative,202212_114.0888418_22.549250199999996.png
buildings,sense of enclosure,limited exploration,negative,202212_114.0888418_22.549250199999996.png
trees,lack of vastness,reduced engagement,negative,202212_114.0888418_22.549250199999996.png
crosswalks,sense of structure,navigating safely,neutral,202212_114.0888418_22.549250199999996.png
sidewalks,sense of structure,navigating safely,neutral,202212_114.0888418_22.549250199999996.png
street,limited exploration,restricted movement,negative,202212_114.0864988_22.5573059.png
sidewalks,defined space,encouraged walking,positive,202212_114.0864988_22.5573059.png
barricades,contained feeling,avoidance of area,negative,202212_114.0864988_22.5573059.png
trees,sense of nature,seeking relaxation,positive,202212_114.0864988_22.5573059.png
city,bounded environment,limited exploration,negative,202212_114.0864988_22.5573059.png
intersection,sense of freedom,explore space,positive,202212_114.08602951132886_22.537348600226945.png
walkways,openness,move freely,positive,202212_114.08602951132886_22.537348600226945.png
road,potential for travel,navigate area,positive,202212_114.08602951132886_22.537348600226945.png
buildings,sense of constraint,limited exploration,negative,202212_114.0888882_22.555174399999995.png
shops,sense of observation,engagement with environment,neutral,202212_114.0888882_22.555174399999995.png
road,focus on surroundings,movement,neutral,202212_114.0888882_22.555174399999995.png
traffic,sense of constraint,restricted movement,negative,202212_114.0888882_22.555174399999995.png
barriers,sense of constraint,limited exploration,negative,202212_114.0888882_22.555174399999995.png
road,sense of openness,exploration,positive,202212_114.0865741_22.540655199999996.png
buildings,feeling of confinement,limited exploration,negative,202212_114.0865741_22.540655199999996.png
vehicles,sense of confinement,limited exploration,negative,202212_114.0865741_22.540655199999996.png
infrastructure,lack of expansive possibilities,reduced exploration,negative,202212_114.0865741_22.540655199999996.png
intersection,sense of exploration,encourages movement,positive,202212_114.0908997_22.5583526.png
roads,feeling of connectivity,promotes navigation,positive,202212_114.0908997_22.5583526.png
buildings,urban density,stimulates curiosity,positive,202212_114.0908997_22.5583526.png
roads,moderate sense of scope,exploration,positive,202212_114.0946319_22.559820999999996.png
buildings,sense of defined boundaries,limited exploration,negative,202212_114.0946319_22.559820999999996.png
streets,possibilities for movement,exploration,positive,202212_114.0946319_22.559820999999996.png
street,sense of openness,exploration,positive,202212_114.0910387431752_22.549649716591308.png
buildings,urban density,navigation,neutral,202212_114.0910387431752_22.549649716591308.png
sidewalks,safety,walking,positive,202212_114.0910387431752_22.549649716591308.png
landscaping,aesthetic appeal,lingering,positive,202212_114.0910387431752_22.549649716591308.png
traffic,busy environment,caution,negative,202212_114.0910387431752_22.549649716591308.png
street,sense of scale,exploration,positive,202212_114.09609029793786_22.563386597747023.png
environment,perceived boundaries,restricted movement,negative,202212_114.09609029793786_22.563386597747023.png
infrastructure,limited exploration,hesitation to explore,negative,202212_114.09609029793786_22.563386597747023.png
road,limited exploration,avoidance of movement,negative,202212_114.09686669419649_22.53823779479983.png
buildings,constrained environment,reduced curiosity,negative,202212_114.09686669419649_22.53823779479983.png
traffic barriers,restricted openness,hesitation to explore,negative,202212_114.09686669419649_22.53823779479983.png
road,sense of expansiveness,exploration,positive,202212_114.0995911_22.547427900000002.png
buildings,urban confinement,limited movement,negative,202212_114.0995911_22.547427900000002.png
trees,natural relief,encouragement to explore,positive,202212_114.0995911_22.547427900000002.png
roadway,limited exploration,avoidance of boundaries,negative,202212_114.0992364_22.5675924.png
traffic,restricted freedom,hesitation to move,negative,202212_114.0992364_22.5675924.png
barriers,sense of confinement,reduced exploration,negative,202212_114.0992364_22.5675924.png
urban structures,feeling of thoroughfare,lack of engagement,negative,202212_114.0992364_22.5675924.png
streets,sense of exploration,encourages wandering,positive,202212_114.10168900000001_22.5615177.png
landscape,feeling of openness,promotes movement,positive,202212_114.10168900000001_22.5615177.png
grid,sense of organization,facilitates navigation,positive,202212_114.10168900000001_22.5615177.png
density,feeling of confinement,limits exploration,negative,202212_114.10168900000001_22.5615177.png
road,limited exploration,avoidance of movement,negative,202212_114.1057477_22.5868114.png
buildings,constrained environment,hesitation to explore,negative,202212_114.1057477_22.5868114.png
intersection,sense of openness,exploration,positive,202212_114.1040977_22.558683299999995.png
sidewalks,freedom of movement,walking,positive,202212_114.1040977_22.558683299999995.png
skyscrapers,awe and inspiration,gazing,positive,202212_114.1040977_22.558683299999995.png
cityscape,vastness,exploring surroundings,positive,202212_114.1040977_22.558683299999995.png
roadway,sense of openness,exploration,positive,202212_114.0995213_22.5434379.png
buildings,implied vastness,navigating the area,positive,202212_114.0995213_22.5434379.png
intersection,constrained exploration,caution in movement,negative,202212_114.0995213_22.5434379.png
roads,sense of confinement,functional transit,negative,202212_114.1080003_22.547008299999998.png
buildings,sense of confinement,functional transit,negative,202212_114.1080003_22.547008299999998.png
sidewalks,moderate exploration,pedestrian movement,neutral,202212_114.1080003_22.547008299999998.png
crossings,moderate exploration,pedestrian movement,neutral,202212_114.1080003_22.547008299999998.png
street,limited exploration,restricted movement,negative,202212_114.1073357_22.551541099999998.png
buildings,confining environment,lack of exploration,negative,202212_114.1073357_22.551541099999998.png
traffic,stressful atmosphere,hesitation to explore,negative,202212_114.1073357_22.551541099999998.png
vehicles,obstructed pathways,limited movement options,negative,202212_114.1073357_22.551541099999998.png
sidewalks,somewhat accessible,cautious exploration,neutral,202212_114.1073357_22.551541099999998.png
buildings,sense of confinement,restrict exploration,negative,202212_114.1136781_22.5459787.png
bridges,possibilities for movement,encourage exploration,positive,202212_114.1136781_22.5459787.png
roads,urban density,limit perception of unboundedness,negative,202212_114.1136781_22.5459787.png
sidewalks,sense of movement,encourages walking,positive,202212_114.11459180000001_22.55045009999999.png
traffic,feeling of congestion,restricts exploration,negative,202212_114.11459180000001_22.55045009999999.png
buildings,sense of enclosure,limits visibility,negative,202212_114.11459180000001_22.55045009999999.png
railway,perception of barriers,discourages movement,negative,202212_114.11459180000001_22.55045009999999.png
city,connectedness,promotes navigation,positive,202212_114.11459180000001_22.55045009999999.png
intersection,sense of openness,exploration and movement,positive,202212_114.115885_22.542810800000005.png
buildings,feeling of vastness,navigation within the landscape,positive,202212_114.115885_22.542810800000005.png
intersection,sense of open possibilities,exploration,positive,202212_114.1155962_22.578588599999996.png
roads,impression of vastness,movement in multiple directions,positive,202212_114.1155962_22.578588599999996.png
buildings,feeling of limited boundaries,navigating space,positive,202212_114.1155962_22.578588599999996.png
road,sense of openness,exploration,positive,202212_114.12189830000001_22.547177099999995.png
infrastructure,predefined pathways,limited exploration,negative,202212_114.12189830000001_22.547177099999995.png
buildings,sense of boundaries,restricted movement,negative,202212_114.12189830000001_22.547177099999995.png
traffic,constrained possibilities,cautious navigation,negative,202212_114.12189830000001_22.547177099999995.png
streetscape,sense of scope for exploration,imagine moving along the street,positive,202212_114.1221424_22.5430785.png
traffic,implied limitations,restrict movement,negative,202212_114.1221424_22.5430785.png
pathways,positive contribution to exploration,move in multiple directions,positive,202212_114.1221424_22.5430785.png
street,structured environment,limited exploration,negative,202212_114.11790390000002_22.574163199999994.png
buildings,imposing presence,restricted movement,negative,202212_114.11790390000002_22.574163199999994.png
sidewalks,defined paths,navigating space,positive,202212_114.11790390000002_22.574163199999994.png
greenery,inviting atmosphere,encouraging relaxation,positive,202212_114.11790390000002_22.574163199999994.png
buildings,restricted exploration,limited movement,negative,202212_114.12220825245038_22.563703360607565.png
fences,constrained possibilities,avoidance of discovery,negative,202212_114.12220825245038_22.563703360607565.png
traffic,sense of confinement,hesitation to explore,negative,202212_114.12220825245038_22.563703360607565.png
street,sense of openness,exploring surroundings,positive,202212_114.12250510000001_22.569388200000002.png
buildings,feeling of confinement,limited exploration,negative,202212_114.12250510000001_22.569388200000002.png
sidewalks,sense of safety,walking,positive,202212_114.12250510000001_22.569388200000002.png
traffic,stress and anxiety,hesitation to engage,negative,202212_114.12250510000001_22.569388200000002.png
roads,sense of exploration,encourages movement,positive,202212_114.1259666_22.5495058.png
intersection,feeling of openness,invites discovery,positive,202212_114.1259666_22.5495058.png
streets,expansive perspective,promotes wandering,positive,202212_114.1259666_22.5495058.png
pathways,freedom of choice,facilitates exploration,positive,202212_114.1259666_22.5495058.png
streetscape,sense of spaciousness,movement along the road,positive,202212_114.124049_22.5739252.png
buildings,sense of enclosure,limited exploration,negative,202212_114.124049_22.5739252.png
sidewalks,sense of boundaries,restricted movement,negative,202212_114.124049_22.5739252.png
intersection,sense of limitation,reduced exploration,negative,202212_114.1282478_22.556577899999997.png
buildings,lack of opportunity,minimal engagement,negative,202212_114.1282478_22.556577899999997.png
street,moderate openness,cautious navigation,neutral,202212_114.1282478_22.556577899999997.png
road,sense of movement,exploration,positive,202212_114.12949016241659_22.558269175576793.png
barriers,feeling of constraint,restricted movement,negative,202212_114.12949016241659_22.558269175576793.png
traffic,sense of danger,hesitation to move freely,negative,202212_114.12949016241659_22.558269175576793.png
structures,feeling of confinement,avoidance of exploration,negative,202212_114.12949016241659_22.558269175576793.png
intersection,sense of exploration,navigate the area,positive,202212_114.13172_22.5619088.png
infrastructure,feeling of structure,follow defined paths,positive,202212_114.13172_22.5619088.png
buildings,urban density,engage with surroundings,positive,202212_114.13172_22.5619088.png
streets,boundaries of movement,stay within limits,neutral,202212_114.13172_22.5619088.png
sidewalks,safety in movement,walk comfortably,positive,202212_114.13172_22.5619088.png
streets,moderate exploration potential,movement along pathways,neutral,202212_114.1260223_22.545151.png
sidewalks,limited feeling of vastness,restricted exploration,negative,202212_114.1260223_22.545151.png
buildings,substantial urban expanse,navigating urban space,positive,202212_114.1260223_22.545151.png
pathways,implicit boundaries,constrained movement,negative,202212_114.1260223_22.545151.png
street,sense of potential movement,exploration of the city,positive,202212_114.1347298_22.5653844.png
buildings,feeling of urban density,encouragement to discover,positive,202212_114.1347298_22.5653844.png
sidewalks,sense of safety,walking and interacting,positive,202212_114.1347298_22.5653844.png
roads,sense of exploration,encourages walking,positive,202212_114.2485962_22.597206699999997.png
sidewalks,sense of openness,promotes social interaction,positive,202212_114.2485962_22.597206699999997.png
buildings,broader urban landscape,invites exploration,positive,202212_114.2485962_22.597206699999997.png
cars,limited exploration,restricts movement,negative,202212_114.2485962_22.597206699999997.png
construction,disruption of space,creates avoidance,negative,202212_114.2485962_22.597206699999997.png
intersection,sense of confinement,limited exploration,negative,202212_114.1380678_22.544122199999997.png
roads,moderate openness,navigating pathways,neutral,202212_114.1380678_22.544122199999997.png
buildings,urban density,social interaction,positive,202212_114.1380678_22.544122199999997.png
sidewalks,invitation to walk,pedestrian movement,positive,202212_114.1380678_22.544122199999997.png
natural elements,refreshing contrast,seeking respite,positive,202212_114.1380678_22.544122199999997.png
sidewalks,restricted exploration,limited movement,negative,202212_114.1399675_22.587510199999997.png
roads,restricted exploration,limited movement,negative,202212_114.1399675_22.587510199999997.png
fencing,feeling of confinement,avoidance of exploration,negative,202212_114.1399675_22.587510199999997.png
barriers,feeling of confinement,avoidance of exploration,negative,202212_114.1399675_22.587510199999997.png
development,limited possibilities,hesitation to explore,negative,202212_114.1399675_22.587510199999997.png
urban setting,imposed boundaries,constrained movement,negative,202212_114.1399675_22.587510199999997.png
view,sense of openness,exploration,positive,202212_114.2486637_22.5930944.png
roads,freedom of movement,navigation,positive,202212_114.2486637_22.5930944.png
buildings,scale of environment,engagement with surroundings,positive,202212_114.2486637_22.5930944.png
landscape,vastness,exploration,positive,202212_114.2486637_22.5930944.png
buildings,constrained exploration,limited movement,negative,202212_114.2528768_22.592105399999994.png
traffic,sense of restriction,hesitation to explore,negative,202212_114.2528768_22.592105399999994.png
road,connectedness,encouraged navigation,positive,202212_114.2528768_22.592105399999994.png
construction,disruption,avoidance of areas,negative,202212_114.2528768_22.592105399999994.png
cars,limited exploration,restricted movement,negative,202212_114.2544329_22.595808399999996.png
fences,constrained space,avoidance of exploration,negative,202212_114.2544329_22.595808399999996.png
structures,lack of openness,minimal engagement,negative,202212_114.2544329_22.595808399999996.png
road,functional pathway,utilitarian movement,neutral,202212_114.2544329_22.595808399999996.png
elements,inviting directions,exploration desire,negative,202212_114.2544329_22.595808399999996.png
road,constrained experience,avoidance of pedestrian activity,negative,202212_114.2643742_22.586968899999995.png
vehicles,crowded environment,hesitation to explore,negative,202212_114.2643742_22.586968899999995.png
structures,overwhelming presence,reduction in outdoor engagement,negative,202212_114.2643742_22.586968899999995.png
pathways,lack of exploration,limited movement,negative,202212_114.2643742_22.586968899999995.png
street,sense of vastness,opportunities for exploration,positive,202212_114.2606373_22.731686.png
buildings,impression of a large city,potential for movement,positive,202212_114.2606373_22.731686.png
road,defined surroundings,navigation through space,neutral,202212_114.2606373_22.731686.png
intersection,sense of movement,exploring the area,positive,202212_114.3044076_22.602801.png
buildings,urban density,navigating through the city,neutral,202212_114.3044076_22.602801.png
roads,openness to possibilities,choosing directions,positive,202212_114.3044076_22.602801.png
parking,limited exploration,restricted movement,negative,202212_114.266971_22.582969499999997.png
highway,confined environment,discouraged exploration,negative,202212_114.266971_22.582969499999997.png
buildings,sense of enclosure,avoidance of space,negative,202212_114.266971_22.582969499999997.png
road,sense of openness,exploration,positive,202212_114.3161841_22.598858599999993.png
barriers,feeling of confinement,limited exploration,negative,202212_114.3161841_22.598858599999993.png
vegetation,sense of enclosure,staying close,negative,202212_114.3161841_22.598858599999993.png
